camera,sequence,pts_us,status,drop_reason,encoded_bytes,keyframe
A,0,301455,dropped,camera_frame_error,,
B,0,578035,dropped,camera_frame_error,,
A,1,334790,encoded,,66588,True
A,2,601462,encoded,,299,False
B,1,611367,encoded,,77628,True
A,3,634796,encoded,,1776,False
B,2,644701,encoded,,53,False
B,3,678036,encoded,,325,False
A,4,668129,encoded,,55319,False
A,5,701464,encoded,,471,False
A,6,734799,encoded,,9546,False
B,4,711375,encoded,,55881,False
B,5,744720,encoded,,458,False
A,7,768128,encoded,,18428,False
B,6,778040,encoded,,14241,False
A,8,801462,encoded,,3145,False
B,7,811371,encoded,,13301,False
A,9,834806,encoded,,25150,False
B,8,844705,encoded,,13147,False
A,10,868146,encoded,,899,False
B,9,878039,encoded,,16125,False
A,11,901484,encoded,,14861,False
B,10,911373,encoded,,4627,False
A,12,934811,encoded,,4554,False
B,11,944707,encoded,,21981,False
A,13,968127,encoded,,3296,False
B,12,978043,encoded,,5157,False
A,14,1001473,encoded,,17500,False
A,15,1034794,encoded,,5702,False
B,13,1011381,encoded,,14225,False
B,14,1044709,encoded,,5252,False
A,16,1068136,encoded,,14826,False
B,15,1078041,encoded,,3865,False
A,17,1101464,encoded,,16667,False
B,16,1111377,encoded,,16582,False
A,18,1134802,encoded,,16666,False
B,17,1144710,encoded,,5170,False
A,19,1168139,encoded,,16667,False
B,18,1178064,encoded,,7675,False
A,20,1201463,encoded,,16667,False
B,19,1211386,encoded,,16667,False
A,21,1234804,encoded,,16666,False
B,20,1244708,encoded,,40335,False
A,22,1268150,encoded,,16667,False
B,21,1278056,encoded,,1371,False
A,23,1301475,encoded,,16667,False
B,22,1311377,encoded,,8294,False
A,24,1334808,encoded,,16666,False
B,23,1344709,encoded,,16667,False
A,25,1368131,encoded,,16667,False
B,24,1378043,encoded,,16666,False
A,26,1401497,encoded,,16667,False
B,25,1411380,encoded,,16667,False
A,27,1434809,encoded,,16666,False
B,26,1444709,encoded,,16667,False
A,28,1468138,encoded,,16667,False
B,27,1478042,encoded,,16666,False
A,29,1501472,encoded,,16667,False
B,28,1511381,encoded,,16667,False
A,30,1534797,encoded,,16666,False
B,29,1544719,encoded,,16667,False
A,31,1568133,encoded,,115892,True
B,30,1578045,encoded,,16666,False
A,32,1601466,encoded,,31751,False
B,31,1611392,encoded,,123640,True
A,33,1634812,encoded,,197,False
B,32,1644725,encoded,,29599,False
A,34,1668143,encoded,,2154,False
B,33,1678067,encoded,,344,False
A,35,1701480,encoded,,6191,False
B,34,1711388,encoded,,1294,False
A,36,1734813,encoded,,2959,False
B,35,1744730,encoded,,3807,False
A,37,1768136,encoded,,7874,False
B,36,1778066,encoded,,14233,False
A,38,1801469,encoded,,3897,False
B,37,1811391,encoded,,5380,False
A,39,1834801,encoded,,19353,False
B,38,1844728,encoded,,18442,False
A,40,1868135,encoded,,7955,False
B,39,1878066,encoded,,7816,False
A,41,1901476,encoded,,6500,False
B,40,1911392,encoded,,6000,False
A,42,1934806,encoded,,5549,False
B,41,1944715,encoded,,4927,False
A,43,1968145,encoded,,6395,False
B,42,1978048,encoded,,4239,False
A,44,2001486,encoded,,16667,False
B,43,2011381,encoded,,3879,False
A,45,2034812,encoded,,26727,False
B,44,2044713,encoded,,18171,False
A,46,2068142,encoded,,6606,False
B,45,2078047,encoded,,37259,False
A,47,2101471,encoded,,16667,False
B,46,2111382,encoded,,519,False
A,48,2134803,encoded,,16666,False
B,47,2144717,encoded,,3785,False
A,49,2168146,encoded,,16667,False
B,48,2178048,encoded,,16666,False
A,50,2201477,encoded,,16667,False
B,49,2211380,encoded,,16667,False
A,51,2234801,encoded,,16666,False
B,50,2244714,encoded,,16667,False
A,52,2268136,encoded,,16667,False
B,51,2278058,encoded,,16666,False
A,53,2301472,encoded,,16667,False
B,52,2311400,encoded,,16667,False
A,54,2334817,encoded,,16666,False
B,53,2344720,encoded,,16667,False
A,55,2368145,encoded,,16667,False
B,54,2378072,encoded,,16666,False
A,56,2401477,encoded,,16667,False
B,55,2411387,encoded,,16667,False
A,57,2434805,encoded,,16666,False
B,56,2444719,encoded,,16667,False
A,58,2468136,encoded,,16667,False
B,57,2478056,encoded,,16666,False
A,59,2501480,encoded,,16667,False
B,58,2511386,encoded,,16667,False
A,60,2534807,encoded,,16666,False
B,59,2544718,encoded,,16667,False
A,61,2568143,encoded,,116071,True
B,60,2578054,encoded,,16666,False
A,62,2601478,encoded,,25673,False
B,61,2611385,encoded,,123683,True
A,63,2634813,encoded,,3624,False
B,62,2644718,encoded,,14153,False
A,64,2668155,encoded,,10486,False
B,63,2678052,encoded,,9151,False
A,65,2701497,encoded,,27626,False
A,66,2734817,encoded,,9533,False
B,64,2711385,encoded,,22571,False
A,67,2768158,encoded,,7161,False
B,65,2744718,encoded,,23296,False
A,68,2801473,encoded,,13893,False
B,66,2778053,encoded,,8437,False
A,69,2834808,encoded,,8438,False
B,67,2811386,encoded,,6281,False
B,68,2844732,encoded,,18914,False
A,70,2868144,encoded,,7251,False
B,69,2878071,encoded,,8860,False
A,71,2901482,encoded,,6452,False
A,72,2934808,encoded,,5708,False
B,70,2911401,encoded,,7028,False
B,71,2944735,encoded,,5883,False
A,73,2968143,encoded,,5442,False
B,72,2978063,encoded,,5400,False
A,74,3001475,encoded,,19740,False
B,73,3011404,encoded,,5030,False
A,75,3034817,encoded,,10289,False
B,74,3044734,encoded,,29288,False
A,76,3068142,encoded,,8385,False
B,75,3078057,encoded,,1498,False
A,77,3101478,encoded,,7567,False
B,76,3111390,encoded,,14558,False
A,78,3134808,encoded,,6661,False
B,77,3144727,encoded,,9427,False
A,79,3168143,encoded,,16667,False
B,78,3178080,encoded,,7784,False
A,80,3201484,encoded,,37090,False
B,79,3211396,encoded,,6602,False
A,81,3234812,encoded,,2212,False
B,80,3244734,encoded,,6396,False
A,82,3268158,encoded,,10698,False
B,81,3278073,encoded,,15760,False
A,83,3301502,encoded,,16667,False
B,82,3311406,encoded,,39435,False
A,84,3334816,encoded,,16666,False
B,83,3344736,encoded,,1812,False
A,85,3368151,encoded,,16667,False
B,84,3378057,encoded,,8753,False
A,86,3401482,encoded,,16667,False
B,85,3411392,encoded,,16667,False
A,87,3434820,encoded,,16666,False
B,86,3444730,encoded,,16667,False
A,88,3468154,encoded,,16667,False
B,87,3478058,encoded,,16666,False
A,89,3501498,encoded,,16667,False
B,88,3511391,encoded,,16667,False
A,90,3534811,encoded,,16666,False
B,89,3544724,encoded,,16667,False
A,91,3568161,encoded,,115939,True
B,90,3578063,encoded,,16666,False
A,92,3601498,encoded,,22440,False
B,91,3611395,encoded,,123781,True
A,93,3634812,encoded,,6762,False
B,92,3644728,encoded,,31965,False
A,94,3668147,encoded,,18184,False
B,93,3678062,encoded,,7655,False
A,95,3701481,encoded,,12235,False
B,94,3711393,encoded,,12827,False
A,96,3734817,encoded,,25233,False
B,95,3744733,encoded,,16403,False
A,97,3768146,encoded,,10070,False
B,96,3778060,encoded,,21416,False
A,98,3801489,encoded,,8036,False
B,97,3811399,encoded,,9459,False
A,99,3834821,encoded,,24121,False
B,98,3844743,encoded,,7110,False
A,100,3868146,encoded,,11869,False
B,99,3878074,encoded,,22471,False
A,101,3901492,encoded,,9367,False
B,100,3911412,encoded,,21361,False
A,102,3934820,encoded,,8412,False
B,101,3944740,encoded,,1627,False
A,103,3968150,encoded,,7128,False
B,102,3978078,encoded,,13730,False
A,104,4001481,encoded,,7312,False
B,103,4011418,encoded,,8890,False
A,105,4034826,encoded,,6485,False
B,104,4044743,encoded,,7029,False
A,106,4068145,encoded,,6419,False
B,105,4078073,encoded,,6534,False
A,107,4101487,encoded,,5695,False
B,106,4111408,encoded,,5943,False
A,108,4134821,encoded,,5877,False
B,107,4144743,encoded,,5538,False
A,109,4168196,encoded,,5192,False
B,108,4178062,encoded,,5014,False
A,110,4201496,encoded,,17608,False
B,109,4211413,encoded,,4873,False
A,111,4234828,encoded,,50099,False
B,110,4244731,encoded,,4551,False
A,112,4268159,encoded,,1417,False
B,111,4278066,encoded,,11823,False
A,113,4301507,encoded,,2015,False
B,112,4311405,encoded,,36423,False
A,114,4334837,encoded,,12085,False
B,113,4344733,encoded,,14066,False
A,115,4368167,encoded,,16667,False
B,114,4378064,encoded,,6559,False
A,116,4401507,encoded,,16667,False
B,115,4411399,encoded,,9619,False
A,117,4434830,encoded,,16666,False
B,116,4444731,encoded,,16667,False
A,118,4468149,encoded,,16667,False
B,117,4478068,encoded,,16666,False
A,119,4501488,encoded,,16667,False
B,118,4511400,encoded,,16667,False
A,120,4534822,encoded,,16666,False
B,119,4544744,encoded,,16667,False
A,121,4568152,encoded,,125626,True
B,120,4578084,encoded,,16666,False
A,122,4601484,encoded,,9570,False
B,121,4611414,encoded,,123840,True
A,123,4634824,encoded,,14922,False
B,122,4644744,encoded,,29890,False
A,124,4668154,encoded,,26742,False
B,123,4678083,encoded,,2677,False
A,125,4701484,encoded,,19251,False
B,124,4711399,encoded,,22991,False
A,126,4734846,encoded,,10220,False
B,125,4744736,encoded,,17775,False
A,127,4768173,encoded,,27106,False
B,126,4778084,encoded,,14822,False
A,128,4801507,encoded,,12639,False
B,127,4811404,encoded,,30032,False
A,129,4834833,encoded,,9769,False
B,128,4844733,encoded,,13472,False
A,130,4868160,encoded,,8623,False
B,129,4878068,encoded,,11171,False
A,131,4901491,encoded,,7553,False
B,130,4911402,encoded,,17338,False
A,132,4934837,encoded,,6983,False
B,131,4944735,encoded,,9351,False
A,133,4968154,encoded,,6807,False
A,134,5001495,encoded,,6055,False
B,132,4978069,encoded,,7828,False
A,135,5034824,encoded,,5749,False
B,133,5011406,encoded,,6811,False
A,136,5068167,encoded,,5598,False
B,134,5044735,encoded,,6057,False
A,137,5101513,encoded,,5145,False
B,135,5078069,encoded,,6214,False
A,138,5134827,encoded,,23915,False
B,136,5111406,encoded,,5676,False
A,139,5168156,encoded,,2764,False
B,137,5144752,encoded,,5131,False
A,140,5201487,encoded,,15795,False
B,138,5178084,encoded,,11865,False
B,139,5211404,encoded,,8234,False
A,141,5234838,encoded,,11303,False
B,140,5244744,encoded,,7146,False
A,142,5268157,encoded,,10060,False
B,141,5278070,encoded,,6457,False
B,142,5344767,encoded,,6122,False
A,143,5301513,encoded,,11139,False
A,144,5334830,encoded,,16666,False
B,143,5378082,encoded,,12434,False
A,145,5368165,encoded,,16667,False
B,144,5411425,encoded,,16666,False
A,146,5401494,encoded,,16667,False
B,145,5444742,encoded,,19692,False
A,147,5468163,encoded,,16666,False
B,146,5478074,encoded,,13642,False
A,148,5501504,encoded,,16667,False
B,147,5511420,encoded,,16666,False
A,149,5534826,encoded,,16667,False
B,148,5544740,encoded,,16667,False
A,150,5568176,encoded,,16666,False
B,149,5578080,encoded,,16667,False
A,151,5601507,encoded,,125681,True
B,150,5611410,encoded,,16666,False
A,152,5634838,encoded,,26813,False
B,151,5644742,encoded,,123520,True
A,153,5668174,encoded,,6853,False
B,152,5678073,encoded,,22924,False
A,154,5701493,encoded,,18846,False
B,153,5711407,encoded,,11832,False
A,155,5734836,encoded,,17350,False
B,154,5744742,encoded,,14974,False
A,156,5768161,encoded,,9681,False
B,155,5778082,encoded,,23095,False
A,157,5801525,encoded,,26487,False
B,156,5811409,encoded,,26622,False
A,158,5834833,encoded,,12435,False
B,157,5844749,encoded,,17934,False
A,159,5868159,encoded,,10999,False
B,158,5878081,encoded,,16615,False
A,160,5901495,encoded,,8720,False
B,159,5911420,encoded,,10698,False
A,161,5934829,encoded,,7739,False
B,160,5944756,encoded,,16801,False
A,162,5968167,encoded,,7071,False
B,161,5978090,encoded,,8765,False
A,163,6001507,encoded,,6521,False
B,162,6011416,encoded,,7313,False
A,164,6034840,encoded,,6480,False
B,163,6044757,encoded,,6527,False
B,164,6078087,encoded,,5774,False
A,165,6068176,encoded,,25801,False
A,166,6101496,encoded,,2565,False
B,165,6111423,encoded,,5717,False
A,167,6134834,encoded,,17144,False
B,166,6144752,encoded,,5076,False
A,168,6168190,encoded,,11479,False
B,167,6178081,encoded,,11912,False
A,169,6201526,encoded,,10342,False
B,168,6244749,encoded,,8392,False
A,170,6234831,encoded,,9260,False
B,169,6278082,encoded,,7418,False
A,171,6268173,encoded,,9658,False
B,170,6311417,encoded,,6247,False
A,172,6301537,encoded,,9166,False
B,171,6344745,encoded,,6156,False
A,173,6334830,encoded,,8651,False
B,172,6378079,encoded,,5574,False
A,174,6401499,encoded,,7930,False
B,173,6411414,encoded,,13448,False
A,175,6434829,encoded,,12995,False
B,174,6444745,encoded,,37461,False
A,176,6468170,encoded,,16667,False
B,175,6478083,encoded,,11282,False
A,177,6501496,encoded,,18511,False
A,178,6534836,encoded,,14822,False
B,176,6511424,encoded,,1780,False
A,179,6568167,encoded,,16667,False
B,177,6544766,encoded,,16143,False
A,180,6601534,encoded,,16666,False
B,178,6578081,encoded,,16667,False
A,181,6634836,encoded,,125636,True
B,179,6611413,encoded,,16667,False
B,180,6644750,encoded,,16666,False
A,182,6668182,encoded,,26935,False
B,181,6678083,encoded,,123688,True
A,183,6701520,encoded,,6940,False
B,182,6711431,encoded,,22259,False
A,184,6734846,encoded,,18980,False
B,183,6744766,encoded,,6372,False
A,185,6768171,encoded,,16975,False
B,184,6778126,encoded,,13705,False
A,186,6801516,encoded,,21305,False
B,185,6811428,encoded,,18893,False
B,186,6844755,encoded,,13259,False
A,187,6834838,encoded,,19030,False
A,188,6868179,encoded,,11087,False
B,187,6878083,encoded,,25570,False
A,189,6901502,encoded,,9644,False
B,188,6911415,encoded,,13472,False
A,190,6934851,encoded,,8049,False
B,189,6944756,encoded,,13990,False
A,191,6968185,encoded,,7836,False
B,190,6978087,encoded,,18308,False
A,192,7001523,encoded,,6880,False
B,191,7011420,encoded,,15678,False
B,192,7044754,encoded,,8347,False
A,193,7034859,encoded,,7189,False
B,193,7078082,encoded,,7017,False
A,194,7068182,encoded,,27079,False
B,194,7111419,encoded,,6208,False
A,195,7101514,encoded,,2651,False
B,195,7144753,encoded,,5783,False
A,196,7134834,encoded,,16820,False
B,196,7178087,encoded,,13070,False
A,197,7168181,encoded,,11727,False
B,197,7211420,encoded,,8992,False
A,198,7201518,encoded,,10468,False
B,198,7244752,encoded,,7493,False
A,199,7234842,encoded,,9669,False
B,199,7278095,encoded,,6974,False
A,200,7268167,encoded,,9625,False
B,200,7311418,encoded,,6426,False
A,201,7301508,encoded,,8782,False
B,201,7344751,encoded,,5962,False
A,202,7334843,encoded,,8949,False
B,202,7378087,encoded,,5396,False
A,203,7368171,encoded,,8310,False
B,203,7411429,encoded,,16472,False
A,204,7401528,encoded,,8630,False
B,204,7444767,encoded,,42717,False
A,205,7434843,encoded,,7802,False
B,205,7478092,encoded,,2094,False
A,206,7468170,encoded,,16336,False
B,206,7511427,encoded,,5189,False
A,207,7501525,encoded,,38112,False
B,207,7544765,encoded,,16666,False
A,208,7534843,encoded,,3970,False
B,208,7578101,encoded,,16667,False
A,209,7568182,encoded,,7918,False
B,209,7611421,encoded,,16667,False
B,210,7644756,encoded,,16666,False
A,210,7601509,encoded,,16666,False
B,211,7678101,encoded,,123639,True
A,211,7634839,encoded,,125719,True
B,212,7711424,encoded,,8454,False
A,212,7668175,encoded,,10393,False
A,213,7701504,encoded,,14652,False
B,213,7744759,encoded,,19733,False
A,214,7734838,encoded,,26103,False
B,214,7778099,encoded,,14932,False
A,215,7768180,encoded,,20212,False
B,215,7811424,encoded,,18678,False
A,216,7801507,encoded,,28783,False
B,216,7844759,encoded,,26657,False
A,217,7834847,encoded,,13015,False
B,217,7878092,encoded,,13382,False
A,218,7868197,encoded,,10395,False
B,218,7911423,encoded,,14676,False
A,219,7901508,encoded,,8746,False
B,219,7944769,encoded,,16981,False
A,220,7934846,encoded,,7854,False
B,220,7978097,encoded,,22540,False
A,221,7968174,encoded,,7162,False
B,221,8011425,encoded,,8699,False
A,222,8001513,encoded,,27915,False
A,223,8034853,encoded,,2795,False
B,222,8044762,encoded,,7122,False
A,224,8068176,encoded,,17569,False
B,223,8078099,encoded,,6197,False
A,225,8101525,encoded,,11679,False
B,224,8111431,encoded,,6295,False
A,226,8134862,encoded,,11033,False
B,225,8144758,encoded,,5428,False
A,227,8168195,encoded,,9911,False
B,226,8211442,encoded,,13132,False
A,228,8201513,encoded,,9503,False
B,227,8244760,encoded,,8452,False
A,229,8234847,encoded,,9400,False
B,228,8278103,encoded,,7304,False
A,230,8268182,encoded,,8652,False
B,229,8311427,encoded,,6778,False
A,231,8334857,encoded,,8279,False
B,230,8344761,encoded,,5960,False
A,232,8368191,encoded,,8468,False
B,231,8378093,encoded,,5597,False
A,233,8401524,encoded,,7911,False
B,232,8411430,encoded,,6031,False
A,234,8434847,encoded,,7766,False
B,233,8444766,encoded,,16667,False
A,235,8468195,encoded,,7478,False
B,234,8478098,encoded,,41993,False
A,236,8501512,encoded,,11941,False
B,235,8511447,encoded,,1874,False
A,237,8534851,encoded,,16666,False
B,236,8544761,encoded,,6133,False
A,238,8568180,encoded,,17921,False
B,237,8578099,encoded,,16666,False
A,239,8601519,encoded,,15413,False
B,238,8611446,encoded,,16667,False
A,240,8634847,encoded,,16666,False
B,239,8644778,encoded,,16667,False
A,241,8668182,encoded,,125783,True
B,240,8678117,encoded,,16666,False
A,242,8701524,encoded,,27023,False
B,241,8711453,encoded,,123605,True
A,243,8734854,encoded,,6953,False
B,242,8744774,encoded,,12281,False
A,244,8768187,encoded,,15211,False
B,243,8778106,encoded,,29952,False
A,245,8801518,encoded,,16641,False
B,244,8811430,encoded,,22411,False
A,246,8834853,encoded,,21042,False
B,245,8844764,encoded,,25443,False
B,246,8878102,encoded,,9956,False
A,247,8868202,encoded,,22529,False
B,247,8911435,encoded,,24227,False
A,248,8901543,encoded,,11468,False
B,248,8944766,encoded,,10845,False
A,249,8934859,encoded,,9177,False
B,249,8978121,encoded,,10349,False
A,250,8968183,encoded,,7968,False
A,251,9001516,encoded,,7531,False
B,250,9044776,encoded,,16677,False
B,251,9078117,encoded,,9017,False
A,252,9034850,encoded,,28526,False
B,252,9111463,encoded,,7336,False
A,253,9068195,encoded,,3168,False
B,253,9144783,encoded,,6413,False
A,254,9134851,encoded,,17952,False
B,254,9178104,encoded,,14576,False
A,255,9168185,encoded,,12126,False
A,256,9201516,encoded,,10528,False
B,255,9211433,encoded,,9364,False
A,257,9234856,encoded,,10690,False
B,256,9244766,encoded,,8427,False
A,258,9268192,encoded,,9690,False
B,257,9278102,encoded,,7176,False
A,259,9301537,encoded,,9303,False
B,258,9311434,encoded,,6327,False
A,260,9334857,encoded,,8844,False
B,259,9344769,encoded,,6173,False
A,261,9368188,encoded,,8333,False
B,260,9378122,encoded,,5600,False
A,262,9401527,encoded,,8317,False
B,261,9411457,encoded,,5502,False
A,263,9434854,encoded,,8747,False
B,262,9444779,encoded,,5120,False
A,264,9468190,encoded,,7881,False
B,263,9478105,encoded,,6557,False
A,265,9501528,encoded,,7905,False
B,264,9511437,encoded,,16666,False
A,266,9534868,encoded,,9998,False
B,265,9544773,encoded,,41075,False
A,267,9568204,encoded,,16666,False
B,266,9578106,encoded,,1617,False
A,268,9601544,encoded,,18627,False
B,267,9611440,encoded,,7308,False
A,269,9634872,encoded,,14707,False
B,268,9644774,encoded,,16667,False
A,270,9668200,encoded,,16666,False
B,269,9678107,encoded,,16667,False
A,271,9701529,encoded,,125826,True
B,270,9711445,encoded,,16666,False
A,272,9734871,encoded,,14602,False
B,271,9744770,encoded,,123591,True
A,273,9768223,encoded,,9800,False
B,272,9778107,encoded,,8144,False
A,274,9801533,encoded,,24724,False
B,273,9811440,encoded,,26268,False
A,275,9834855,encoded,,18143,False
B,274,9844772,encoded,,21543,False
A,276,9868186,encoded,,24665,False
B,275,9878107,encoded,,25258,False
A,277,9901531,encoded,,20314,False
B,276,9911441,encoded,,32589,False
A,278,9934861,encoded,,11727,False
B,277,9944774,encoded,,5368,False
A,279,9968195,encoded,,9618,False
A,280,10001521,encoded,,8166,False
B,278,9978122,encoded,,13740,False
A,281,10034857,encoded,,7676,False
B,279,10011441,encoded,,10469,False
A,282,10068193,encoded,,28913,False
B,280,10044778,encoded,,17110,False
B,281,10078110,encoded,,9243,False
A,283,10101524,encoded,,2968,False
B,282,10111441,encoded,,7431,False
A,284,10134856,encoded,,17926,False
B,283,10144775,encoded,,16300,False
A,285,10168195,encoded,,12385,False
B,284,10178108,encoded,,10442,False
A,286,10201525,encoded,,10571,False
B,285,10211444,encoded,,8606,False
A,287,10234861,encoded,,9874,False
B,286,10244777,encoded,,8156,False
A,288,10268195,encoded,,9353,False
B,287,10278107,encoded,,7125,False
A,289,10301524,encoded,,9203,False
B,288,10311443,encoded,,6813,False
A,290,10334868,encoded,,8687,False
B,289,10344778,encoded,,6524,False
A,291,10368200,encoded,,8688,False
B,290,10378113,encoded,,6049,False
A,292,10401523,encoded,,8033,False
B,291,10411456,encoded,,5648,False
A,293,10434863,encoded,,8568,False
B,292,10444780,encoded,,5453,False
A,294,10468197,encoded,,8419,False
B,293,10511449,encoded,,5900,False
A,295,10501524,encoded,,7736,False
B,294,10544778,encoded,,12230,False
A,296,10534866,encoded,,7294,False
B,295,10578119,encoded,,21370,False
A,297,10601536,encoded,,16121,False
B,296,10611455,encoded,,11964,False
A,298,10634863,encoded,,36917,False
B,297,10644805,encoded,,16666,False
A,299,10668193,encoded,,3830,False
B,298,10678127,encoded,,16667,False
A,300,10701527,encoded,,9253,False
B,299,10711447,encoded,,16667,False
A,301,10734859,encoded,,125630,True
B,300,10744777,encoded,,16666,False
A,302,10768204,encoded,,17838,False
B,301,10778114,encoded,,123670,True
A,303,10801553,encoded,,6921,False
B,302,10811448,encoded,,18137,False
A,304,10834868,encoded,,25100,False
B,303,10844784,encoded,,24435,False
A,305,10868206,encoded,,17410,False
A,306,10901549,encoded,,24145,False
B,304,10878119,encoded,,24460,False
B,305,10911448,encoded,,25982,False
A,307,10934871,encoded,,20155,False
B,306,10944782,encoded,,9877,False
A,308,10968213,encoded,,11784,False
B,307,10978114,encoded,,8861,False
A,309,11001530,encoded,,9435,False
B,308,11011458,encoded,,22562,False
A,310,11034868,encoded,,8424,False
B,309,11044798,encoded,,11230,False
A,311,11068197,encoded,,7864,False
B,310,11078124,encoded,,18460,False
A,312,11101535,encoded,,28849,False
B,311,11111470,encoded,,10068,False
A,313,11134877,encoded,,2896,False
B,312,11144784,encoded,,8988,False
A,314,11168199,encoded,,18031,False
B,313,11178134,encoded,,7517,False
A,315,11201530,encoded,,12302,False
B,314,11211454,encoded,,15564,False
A,316,11234866,encoded,,11509,False
B,315,11244800,encoded,,10608,False
A,317,11268198,encoded,,10034,False
B,316,11278131,encoded,,8525,False
A,318,11301540,encoded,,9511,False
B,317,11311457,encoded,,7875,False
A,319,11334867,encoded,,8991,False
B,318,11344802,encoded,,7419,False
A,320,11368212,encoded,,8348,False
B,319,11378117,encoded,,6816,False
A,321,11401563,encoded,,7976,False
A,322,11434882,encoded,,8101,False
B,320,11411449,encoded,,6114,False
B,321,11444783,encoded,,5933,False
A,323,11468199,encoded,,8189,False
B,322,11478124,encoded,,5672,False
A,324,11501537,encoded,,8294,False
B,323,11511465,encoded,,5376,False
A,325,11534871,encoded,,8128,False
B,324,11544793,encoded,,5851,False
A,326,11568207,encoded,,7469,False
B,325,11578128,encoded,,16667,False
A,327,11601550,encoded,,16666,False
B,326,11611457,encoded,,41624,False
A,328,11634879,encoded,,36290,False
B,327,11678132,encoded,,2064,False
A,329,11668204,encoded,,3978,False
B,328,11711464,encoded,,6312,False
A,330,11701539,encoded,,9732,False
B,329,11744793,encoded,,16667,False
B,330,11778128,encoded,,16666,False
A,331,11768206,encoded,,125496,True
A,332,11801534,encoded,,18181,False
B,331,11811452,encoded,,123648,True
A,333,11834874,encoded,,6670,False
B,332,11844795,encoded,,18346,False
A,334,11868209,encoded,,24716,False
B,333,11878120,encoded,,24106,False
A,335,11901547,encoded,,17307,False
B,334,11911457,encoded,,24148,False
A,336,11934876,encoded,,24762,False
B,335,11944788,encoded,,25597,False
B,336,11978122,encoded,,10033,False
A,337,11968203,encoded,,20354,False
B,337,12011472,encoded,,13640,False
A,338,12001541,encoded,,11459,False
B,338,12044793,encoded,,20185,False
A,339,12034873,encoded,,9163,False
B,339,12078124,encoded,,10952,False
A,340,12068223,encoded,,8423,False
B,340,12111460,encoded,,16086,False
A,341,12101574,encoded,,7478,False
A,342,12134894,encoded,,20196,False
B,341,12144792,encoded,,20888,False
A,343,12168220,encoded,,19347,False
B,342,12178130,encoded,,5339,False
A,344,12201547,encoded,,13238,False
B,343,12211461,encoded,,13292,False
A,345,12234875,encoded,,11989,False
B,344,12244794,encoded,,9282,False
A,346,12268217,encoded,,10459,False
B,345,12278127,encoded,,8056,False
A,347,12301544,encoded,,9881,False
B,346,12311461,encoded,,7203,False
A,348,12334880,encoded,,9286,False
B,347,12344792,encoded,,6877,False
A,349,12368205,encoded,,8838,False
B,348,12378128,encoded,,6074,False
A,350,12401540,encoded,,8375,False
B,349,12411475,encoded,,6330,False
A,351,12434878,encoded,,8277,False
B,350,12444793,encoded,,5506,False
A,352,12468213,encoded,,8217,False
B,351,12478136,encoded,,5300,False
A,353,12501540,encoded,,8193,False
B,352,12511465,encoded,,5385,False
A,354,12534879,encoded,,8074,False
B,353,12544805,encoded,,5130,False
A,355,12568209,encoded,,8012,False
B,354,12578147,encoded,,8597,False
A,356,12601540,encoded,,7255,False
B,355,12611467,encoded,,16667,False
A,357,12634877,encoded,,16354,False
B,356,12678128,encoded,,37526,False
A,358,12668215,encoded,,24318,False
B,357,12711460,encoded,,6894,False
A,359,12701554,encoded,,9016,False
B,358,12744794,encoded,,7128,False
A,360,12734898,encoded,,16666,False
B,359,12778128,encoded,,15119,False
A,361,12768228,encoded,,125648,True
B,360,12811466,encoded,,16666,False
A,362,12801546,encoded,,8059,False
B,361,12844800,encoded,,123485,True
A,363,12868235,encoded,,15218,False
B,362,12878155,encoded,,31457,False
A,364,12901546,encoded,,24926,False
B,363,12911462,encoded,,9854,False
B,364,12944822,encoded,,16811,False
A,365,12934886,encoded,,17707,False
B,365,12978142,encoded,,10628,False
A,366,12968210,encoded,,24509,False
A,367,13001546,encoded,,20081,False
B,366,13011465,encoded,,23221,False
A,368,13034881,encoded,,11206,False
B,367,13044796,encoded,,12162,False
A,369,13068215,encoded,,9629,False
B,368,13078143,encoded,,11328,False
A,370,13101551,encoded,,7955,False
B,369,13111464,encoded,,16968,False
A,371,13134881,encoded,,7570,False
B,370,13144798,encoded,,19735,False
A,372,13168218,encoded,,29104,False
B,371,13178138,encoded,,20448,False
A,373,13201545,encoded,,3088,False
B,372,13211466,encoded,,5978,False
A,374,13234878,encoded,,17695,False
B,373,13244799,encoded,,13199,False
A,375,13268217,encoded,,12570,False
B,374,13278133,encoded,,9291,False
A,376,13301543,encoded,,11187,False
B,375,13311469,encoded,,7959,False
B,376,13344801,encoded,,6938,False
A,377,13334896,encoded,,10130,False
A,378,13368211,encoded,,9424,False
B,377,13378137,encoded,,6775,False
A,379,13401546,encoded,,8840,False
B,378,13411468,encoded,,6063,False
A,380,13434880,encoded,,8398,False
B,379,13444802,encoded,,5347,False
A,381,13468220,encoded,,8113,False
B,380,13478133,encoded,,5360,False
A,382,13501559,encoded,,8154,False
B,381,13511468,encoded,,5178,False
A,383,13534881,encoded,,7807,False
B,382,13544802,encoded,,4871,False
A,384,13568214,encoded,,7869,False
B,383,13578138,encoded,,10278,False
A,385,13601561,encoded,,7559,False
B,384,13611470,encoded,,16666,False
A,386,13634885,encoded,,10888,False
B,385,13644804,encoded,,38513,False
A,387,13668220,encoded,,16666,False
B,386,13678143,encoded,,1625,False
A,388,13701570,encoded,,18763,False
B,387,13711471,encoded,,9862,False
A,389,13734881,encoded,,14571,False
B,388,13744804,encoded,,16667,False
A,390,13768220,encoded,,16666,False
B,389,13778140,encoded,,16667,False
A,391,13801552,encoded,,125615,True
B,390,13811471,encoded,,16666,False
A,392,13834887,encoded,,8569,False
B,391,13878137,encoded,,138305,True
A,393,13868217,encoded,,13752,False
B,392,13911471,encoded,,20162,False
A,394,13901566,encoded,,26212,False
B,393,13944803,encoded,,6315,False
A,395,13934897,encoded,,17723,False
B,394,13978143,encoded,,25153,False
A,396,13968222,encoded,,24187,False
B,395,14011471,encoded,,13900,False
A,397,14001550,encoded,,20367,False
B,396,14044810,encoded,,29169,False
A,398,14034893,encoded,,11195,False
B,397,14078139,encoded,,12639,False
A,399,14068223,encoded,,9693,False
B,398,14111478,encoded,,11555,False
A,400,14101569,encoded,,8484,False
B,399,14144820,encoded,,15981,False
B,400,14178170,encoded,,20169,False
A,401,14134890,encoded,,8282,False
B,401,14211497,encoded,,4862,False
A,402,14201557,encoded,,7299,False
B,402,14244824,encoded,,12819,False
A,403,14234887,encoded,,6619,False
B,403,14278140,encoded,,9089,False
A,404,14268227,encoded,,26481,False
B,404,14311472,encoded,,7936,False
A,405,14301555,encoded,,14639,False
B,405,14344823,encoded,,6902,False
A,406,14334896,encoded,,12051,False
B,406,14378154,encoded,,6582,False
A,407,14368218,encoded,,10992,False
B,407,14411478,encoded,,5998,False
A,408,14401560,encoded,,9847,False
B,408,14444808,encoded,,6035,False
A,409,14434890,encoded,,9461,False
B,409,14478143,encoded,,5735,False
A,410,14468220,encoded,,8959,False
B,410,14511483,encoded,,5294,False
A,411,14501568,encoded,,8623,False
B,411,14544810,encoded,,5321,False
A,412,14534916,encoded,,8640,False
B,412,14578146,encoded,,4534,False
A,413,14568226,encoded,,8389,False
B,413,14611481,encoded,,8879,False
A,414,14601564,encoded,,7979,False
B,414,14644814,encoded,,16666,False
A,415,14634888,encoded,,7675,False
B,415,14678151,encoded,,35464,False
B,416,14711484,encoded,,6477,False
A,416,14668223,encoded,,11601,False
B,417,14744808,encoded,,8059,False
A,417,14701557,encoded,,16666,False
B,418,14778151,encoded,,16667,False
A,418,14734900,encoded,,19118,False
B,419,14811484,encoded,,16667,False
A,419,14768224,encoded,,14216,False
B,420,14844812,encoded,,16666,False
A,420,14801557,encoded,,16666,False
B,421,14878146,encoded,,123534,True
A,421,14834894,encoded,,125620,True
B,422,14911478,encoded,,22877,False
A,422,14901559,encoded,,7819,False
B,423,14944820,encoded,,6430,False
A,423,14934898,encoded,,15121,False
B,424,14978152,encoded,,24521,False
A,424,14968228,encoded,,26323,False
B,425,15011490,encoded,,10233,False
A,425,15001558,encoded,,17338,False
B,426,15044837,encoded,,24469,False
A,426,15034898,encoded,,24008,False
B,427,15078154,encoded,,14615,False
A,427,15068237,encoded,,20930,False
B,428,15111482,encoded,,14116,False
A,428,15101558,encoded,,11740,False
B,429,15144832,encoded,,15018,False
A,429,15134893,encoded,,9378,False
A,430,15168238,encoded,,8326,False
B,430,15178147,encoded,,15947,False
A,431,15201559,encoded,,7500,False
B,431,15211484,encoded,,14930,False
A,432,15234893,encoded,,6987,False
B,432,15244818,encoded,,21354,False
A,433,15268249,encoded,,27750,False
B,433,15278151,encoded,,9850,False
A,434,15301577,encoded,,14141,False
B,434,15311482,encoded,,8156,False
A,435,15334900,encoded,,11849,False
B,435,15344816,encoded,,8037,False
B,436,15378152,encoded,,7164,False
A,436,15368229,encoded,,11640,False
B,437,15411506,encoded,,6526,False
A,437,15401561,encoded,,10202,False
B,438,15444828,encoded,,6193,False
A,438,15434900,encoded,,9461,False
B,439,15478172,encoded,,5356,False
A,439,15468232,encoded,,9829,False
B,440,15511485,encoded,,4823,False
A,440,15501561,encoded,,8878,False
A,441,15534902,encoded,,8556,False
B,441,15544819,encoded,,4936,False
A,442,15568244,encoded,,8697,False
B,442,15578150,encoded,,4695,False
A,443,15601570,encoded,,8193,False
B,443,15611486,encoded,,9554,False
A,444,15634900,encoded,,7968,False
B,444,15644818,encoded,,16666,False
A,445,15668244,encoded,,7582,False
B,445,15678152,encoded,,35573,False
A,446,15701575,encoded,,7846,False
B,446,15711486,encoded,,1715,False
A,447,15734901,encoded,,16318,False
B,447,15778156,encoded,,12712,False
A,448,15768238,encoded,,27805,False
B,448,15811490,encoded,,16667,False
A,449,15801579,encoded,,5529,False
B,449,15844818,encoded,,16667,False
A,450,15834910,encoded,,16666,False
B,450,15878155,encoded,,16666,False
A,451,15868242,encoded,,116443,True
A,452,15901581,encoded,,24266,False
B,451,15911488,encoded,,123495,True
B,452,15944825,encoded,,22690,False
A,453,15934899,encoded,,15016,False
B,453,15978160,encoded,,7938,False
A,454,16001565,encoded,,22160,False
B,454,16011491,encoded,,25195,False
A,455,16034923,encoded,,18217,False
B,455,16044823,encoded,,10893,False
A,456,16068251,encoded,,25009,False
B,456,16078157,encoded,,25258,False
A,457,16101576,encoded,,19653,False
B,457,16111493,encoded,,17422,False
A,458,16134921,encoded,,11418,False
B,458,16144824,encoded,,14659,False
A,459,16168238,encoded,,9422,False
B,459,16178160,encoded,,13386,False
A,460,16201571,encoded,,8151,False
B,460,16211489,encoded,,20384,False
A,461,16234905,encoded,,7586,False
B,461,16244825,encoded,,8252,False
A,462,16268234,encoded,,7519,False
A,463,16301574,encoded,,6311,False
B,462,16278171,encoded,,7004,False
A,464,16334901,encoded,,26538,False
B,463,16311502,encoded,,14858,False
A,465,16368252,encoded,,14137,False
B,464,16344840,encoded,,10059,False
A,466,16401576,encoded,,12138,False
B,465,16378170,encoded,,8515,False
A,467,16434912,encoded,,10976,False
B,466,16411504,encoded,,7229,False
A,468,16468237,encoded,,10155,False
B,467,16444827,encoded,,6513,False
A,469,16501589,encoded,,9876,False
B,468,16478175,encoded,,6295,False
A,470,16534915,encoded,,9016,False
B,469,16511507,encoded,,5551,False
A,471,16568240,encoded,,8747,False
B,470,16544835,encoded,,5434,False
A,472,16601570,encoded,,8414,False
B,471,16578171,encoded,,5347,False
A,473,16634903,encoded,,8125,False
B,472,16611504,encoded,,4944,False
A,474,16668245,encoded,,7886,False
B,473,16644836,encoded,,12013,False
A,475,16701577,encoded,,7760,False
B,474,16678158,encoded,,21773,False
A,476,16734914,encoded,,8395,False
B,475,16711511,encoded,,32543,False
A,477,16768255,encoded,,16666,False
B,476,16744827,encoded,,1636,False
B,477,16778163,encoded,,10714,False
A,478,16801574,encoded,,37198,False
B,478,16811494,encoded,,16667,False
A,479,16834910,encoded,,3855,False
B,479,16844828,encoded,,16667,False
A,480,16868247,encoded,,8947,False
B,480,16878167,encoded,,16666,False
A,481,16901576,encoded,,125724,True
B,481,16911498,encoded,,123621,True
A,482,16934913,encoded,,18097,False
B,482,16944830,encoded,,29070,False
A,483,16968243,encoded,,7076,False
B,483,16978171,encoded,,14570,False
A,484,17001582,encoded,,24139,False
B,484,17011496,encoded,,21631,False
A,485,17034926,encoded,,16982,False
B,485,17044832,encoded,,25495,False
A,486,17068247,encoded,,24743,False
B,486,17078165,encoded,,9860,False
A,487,17101575,encoded,,20997,False
B,487,17111500,encoded,,24826,False
A,488,17134913,encoded,,11608,False
B,488,17144831,encoded,,11279,False
A,489,17168244,encoded,,9345,False
B,489,17178164,encoded,,10402,False
A,490,17201576,encoded,,8333,False
B,490,17211504,encoded,,16002,False
A,491,17234927,encoded,,7240,False
B,491,17278171,encoded,,9120,False
A,492,17268260,encoded,,28620,False
B,492,17311499,encoded,,18557,False
A,493,17301594,encoded,,2978,False
B,493,17344840,encoded,,11118,False
A,494,17334910,encoded,,17493,False
B,494,17378167,encoded,,8682,False
A,495,17368249,encoded,,12480,False
B,495,17411507,encoded,,7999,False
A,496,17434908,encoded,,11147,False
B,496,17444841,encoded,,7384,False
A,497,17468252,encoded,,10220,False
A,498,17501586,encoded,,9460,False
B,497,17478169,encoded,,6746,False
A,499,17534911,encoded,,9045,False
B,498,17511503,encoded,,5751,False
A,500,17568243,encoded,,8563,False
B,499,17544833,encoded,,5614,False
A,501,17601579,encoded,,8082,False
B,500,17578173,encoded,,5589,False
A,502,17634933,encoded,,8587,False
B,501,17611509,encoded,,5258,False
A,503,17668246,encoded,,8128,False
B,502,17644845,encoded,,4757,False
A,504,17701592,encoded,,7907,False
B,503,17678170,encoded,,4457,False
A,505,17734915,encoded,,7825,False
B,504,17711503,encoded,,16544,False
A,506,17768259,encoded,,8515,False
B,505,17744836,encoded,,29504,False
B,506,17778174,encoded,,2551,False
A,507,17801602,encoded,,16666,False
B,507,17811504,encoded,,13613,False
A,508,17834930,encoded,,28585,False
B,508,17844849,encoded,,16667,False
A,509,17868251,encoded,,4749,False
B,509,17878202,encoded,,16667,False
A,510,17901585,encoded,,16666,False
B,510,17911513,encoded,,16666,False
A,511,17934914,encoded,,125716,True
B,511,17944844,encoded,,123438,True
A,512,17968250,encoded,,27166,False
B,512,17978173,encoded,,22336,False
A,513,18001591,encoded,,6878,False
B,513,18011505,encoded,,7933,False
A,514,18034918,encoded,,24218,False
B,514,18044840,encoded,,24975,False
A,515,18068258,encoded,,14385,False
B,515,18078174,encoded,,18341,False
A,516,18101597,encoded,,21352,False
B,516,18111510,encoded,,27543,False
A,517,18134923,encoded,,18149,False
B,517,18144844,encoded,,20818,False
A,518,18168248,encoded,,10972,False
B,518,18178184,encoded,,13744,False
A,519,18201580,encoded,,8993,False
B,519,18211508,encoded,,16679,False
A,520,18234915,encoded,,8115,False
B,520,18244843,encoded,,8897,False
A,521,18268255,encoded,,7138,False
B,521,18278176,encoded,,7551,False
A,522,18301584,encoded,,19835,False
B,522,18311513,encoded,,15807,False
A,523,18334926,encoded,,20037,False
B,523,18344842,encoded,,9971,False
A,524,18368255,encoded,,13356,False
B,524,18378178,encoded,,8347,False
A,525,18401593,encoded,,2786,False
B,525,18411513,encoded,,7479,False
A,526,18434920,encoded,,14620,False
B,526,18444845,encoded,,6892,False
A,527,18468254,encoded,,10851,False
B,527,18478176,encoded,,6065,False
A,528,18501585,encoded,,9837,False
B,528,18511521,encoded,,5608,False
A,529,18534939,encoded,,8969,False
B,529,18544845,encoded,,5166,False
A,530,18568269,encoded,,8642,False
B,530,18578177,encoded,,5168,False
A,531,18601594,encoded,,8238,False
B,531,18644848,encoded,,5011,False
A,532,18634927,encoded,,7939,False
B,532,18678187,encoded,,4692,False
A,533,18668268,encoded,,7908,False
B,533,18711514,encoded,,10873,False
A,534,18701602,encoded,,7568,False
B,534,18744851,encoded,,16666,False
A,535,18768253,encoded,,7715,False
B,535,18778179,encoded,,38964,False
A,536,18801591,encoded,,11951,False
B,536,18811512,encoded,,1836,False
A,537,18834928,encoded,,16666,False
B,537,18844860,encoded,,9200,False
A,538,18868254,encoded,,18609,False
B,538,18878193,encoded,,16667,False
A,539,18901588,encoded,,14725,False
B,539,18911515,encoded,,16667,False
A,540,18934927,encoded,,16666,False
B,540,18944860,encoded,,16666,False
A,541,18968259,encoded,,125705,True
B,541,18978199,encoded,,123431,True
A,542,19001598,encoded,,8706,False
B,542,19011527,encoded,,31717,False
A,543,19034928,encoded,,13948,False
B,543,19044857,encoded,,9917,False
A,544,19068267,encoded,,26410,False
B,544,19078189,encoded,,9893,False
A,545,19101589,encoded,,17144,False
B,545,19111533,encoded,,15172,False
A,546,19134929,encoded,,25160,False
B,546,19144847,encoded,,24907,False
A,547,19168258,encoded,,20266,False
B,547,19178197,encoded,,17548,False
A,548,19201592,encoded,,11850,False
B,548,19211519,encoded,,16271,False
A,549,19234934,encoded,,9265,False
B,549,19244850,encoded,,15432,False
A,550,19268276,encoded,,8628,False
B,550,19278186,encoded,,18525,False
A,551,19301591,encoded,,7475,False
B,551,19311516,encoded,,9335,False
A,552,19334927,encoded,,28960,False
A,553,19368263,encoded,,3119,False
B,552,19344860,encoded,,7991,False
B,553,19378195,encoded,,15704,False
A,554,19401608,encoded,,17811,False
B,554,19411529,encoded,,10124,False
A,555,19434933,encoded,,12866,False
B,555,19444866,encoded,,8499,False
A,556,19468267,encoded,,11302,False
B,556,19478209,encoded,,7543,False
A,557,19501600,encoded,,9879,False
B,557,19511517,encoded,,6498,False
A,558,19534930,encoded,,9906,False
B,558,19544850,encoded,,6190,False
A,559,19568260,encoded,,8778,False
B,559,19578185,encoded,,5844,False
A,560,19601592,encoded,,9218,False
B,560,19611521,encoded,,5253,False
A,561,19634950,encoded,,9101,False
B,561,19644855,encoded,,5312,False
A,562,19668280,encoded,,7623,False
B,562,19678197,encoded,,4802,False
A,563,19701614,encoded,,8927,False
B,563,19711526,encoded,,7426,False
A,564,19734934,encoded,,7842,False
B,564,19744864,encoded,,16666,False
A,565,19768268,encoded,,7569,False
B,565,19778189,encoded,,39252,False
A,566,19801603,encoded,,7504,False
B,566,19811519,encoded,,1740,False
A,567,19834943,encoded,,15038,False
B,567,19878187,encoded,,9008,False
A,568,19868269,encoded,,18849,False
B,568,19911540,encoded,,16667,False
A,569,19901603,encoded,,14485,False
B,569,19944859,encoded,,16667,False
A,570,19934938,encoded,,16666,False
B,570,19978192,encoded,,16666,False
A,571,19968265,encoded,,125791,True
B,571,20011521,encoded,,123580,True
A,572,20001604,encoded,,8250,False
B,572,20044857,encoded,,13431,False
A,573,20034931,encoded,,14762,False
B,573,20078203,encoded,,29142,False
A,574,20068263,encoded,,25973,False
B,574,20111532,encoded,,22679,False
A,575,20101604,encoded,,17175,False
B,575,20144862,encoded,,25333,False
B,576,20178209,encoded,,9642,False
A,576,20134931,encoded,,23997,False
B,577,20211546,encoded,,24818,False
A,577,20168271,encoded,,19780,False
B,578,20244855,encoded,,11518,False
A,578,20234946,encoded,,11828,False
A,579,20268265,encoded,,9833,False
B,579,20278193,encoded,,18305,False
A,580,20301598,encoded,,8513,False
B,580,20311523,encoded,,9681,False
A,581,20334943,encoded,,7642,False
B,581,20344859,encoded,,18828,False
A,582,20368270,encoded,,19993,False
B,582,20378193,encoded,,11385,False
A,583,20401606,encoded,,4726,False
B,583,20411527,encoded,,9290,False
A,584,20434947,encoded,,21872,False
B,584,20444862,encoded,,8469,False
A,585,20468293,encoded,,12738,False
B,585,20478192,encoded,,7127,False
A,586,20501630,encoded,,11265,False
B,586,20511527,encoded,,6493,False
A,587,20534936,encoded,,10062,False
B,587,20544875,encoded,,5969,False
A,588,20568269,encoded,,9785,False
B,588,20578222,encoded,,5695,False
A,589,20601618,encoded,,9195,False
B,589,20611528,encoded,,5642,False
A,590,20634950,encoded,,8698,False
B,590,20644859,encoded,,5179,False
A,591,20668271,encoded,,8695,False
B,591,20678197,encoded,,4835,False
A,592,20701612,encoded,,8160,False
B,592,20711528,encoded,,4585,False
A,593,20734935,encoded,,7913,False
B,593,20744874,encoded,,4399,False
A,594,20768275,encoded,,7689,False
B,594,20778216,encoded,,17489,False
A,595,20801605,encoded,,7340,False
B,595,20811547,encoded,,45385,False
A,596,20834956,encoded,,11659,False
B,596,20844874,encoded,,2261,False
A,597,20868293,encoded,,16666,False
B,597,20878218,encoded,,2502,False
B,598,20911537,encoded,,13005,False
A,598,20901654,encoded,,18184,False
B,599,20944862,encoded,,16667,False
A,599,20934953,encoded,,15150,False
B,600,20978197,encoded,,16666,False
A,600,20968314,encoded,,16666,False
B,601,21011529,encoded,,123402,True
A,601,21001606,encoded,,125719,True
B,602,21044869,encoded,,22944,False
A,602,21034942,encoded,,27083,False
B,603,21078206,encoded,,6648,False
A,603,21068274,encoded,,7019,False
A,604,21101605,encoded,,15286,False
B,604,21111547,encoded,,10066,False
A,605,21134939,encoded,,17159,False
B,605,21144877,encoded,,28002,False
A,606,21168274,encoded,,24010,False
B,606,21178200,encoded,,30581,False
A,607,21201607,encoded,,19996,False
B,607,21211544,encoded,,18211,False
A,608,21234939,encoded,,11812,False
B,608,21244877,encoded,,18009,False
A,609,21268275,encoded,,9409,False
B,609,21311536,encoded,,15561,False
A,610,21301621,encoded,,8191,False
B,610,21344868,encoded,,11083,False
A,611,21368277,encoded,,20896,False
B,611,21378201,encoded,,7701,False
A,612,21401609,encoded,,4567,False
B,612,21411538,encoded,,16181,False
A,613,21434943,encoded,,22314,False
B,613,21444880,encoded,,10475,False
A,614,21468288,encoded,,13357,False
B,614,21478221,encoded,,8963,False
A,615,21501610,encoded,,11164,False
B,615,21511536,encoded,,7972,False
A,616,21534943,encoded,,10435,False
B,616,21544870,encoded,,7170,False
A,617,21568283,encoded,,10713,False
B,617,21578205,encoded,,6485,False
A,618,21601617,encoded,,10209,False
B,618,21611538,encoded,,6193,False
A,619,21634960,encoded,,9187,False
B,619,21644870,encoded,,5818,False
A,620,21668287,encoded,,9068,False
B,620,21678204,encoded,,5718,False
A,621,21701613,encoded,,7981,False
B,621,21711549,encoded,,5674,False
A,622,21734955,encoded,,8231,False
B,622,21744869,encoded,,5075,False
A,623,21768278,encoded,,7915,False
B,623,21778209,encoded,,5402,False
A,624,21801622,encoded,,7372,False
B,624,21811538,encoded,,16666,False
A,625,21834963,encoded,,7326,False
B,625,21844877,encoded,,34435,False
A,626,21868303,encoded,,7593,False
B,626,21878214,encoded,,2229,False
A,627,21901634,encoded,,15988,False
B,627,21911542,encoded,,13336,False
A,628,21934965,encoded,,16667,False
B,628,21944874,encoded,,16667,False
A,629,21968277,encoded,,16667,False
B,629,21978205,encoded,,16667,False
A,630,22001624,encoded,,16666,False
B,630,22011562,encoded,,16666,False
A,631,22034946,encoded,,125701,True
B,631,22044889,encoded,,123469,True
A,632,22068281,encoded,,27825,False
B,632,22078271,encoded,,22204,False
A,633,22101619,encoded,,7075,False
B,633,22111559,encoded,,6582,False
A,634,22134949,encoded,,14948,False
B,634,22144890,encoded,,15994,False
A,635,22168279,encoded,,16714,False
B,635,22178219,encoded,,16791,False
A,636,22201640,encoded,,23820,False
B,636,22211548,encoded,,27075,False
A,637,22234956,encoded,,19658,False
B,637,22244901,encoded,,13480,False
A,638,22268292,encoded,,11100,False
B,638,22278220,encoded,,12900,False
A,639,22301632,encoded,,9424,False
B,639,22311543,encoded,,13627,False
A,640,22334965,encoded,,8240,False
B,640,22378210,encoded,,18129,False
B,641,22411546,encoded,,15783,False
A,641,22368306,encoded,,20809,False
A,642,22401671,encoded,,4786,False
B,642,22444878,encoded,,8266,False
A,643,22434958,encoded,,22686,False
B,643,22478210,encoded,,15902,False
A,644,22468289,encoded,,13256,False
B,644,22511555,encoded,,10575,False
A,645,22534958,encoded,,12226,False
B,645,22544888,encoded,,8422,False
A,646,22568283,encoded,,11051,False
B,646,22578220,encoded,,7402,False
A,647,22601618,encoded,,9655,False
B,647,22611562,encoded,,6859,False
A,648,22634951,encoded,,9637,False
B,648,22644899,encoded,,6549,False
A,649,22668282,encoded,,8900,False
B,649,22678221,encoded,,5807,False
A,650,22701616,encoded,,8918,False
B,650,22711546,encoded,,6001,False
A,651,22734954,encoded,,8481,False
B,651,22744899,encoded,,5460,False
A,652,22768285,encoded,,8398,False
B,652,22778228,encoded,,5228,False
A,653,22801642,encoded,,7851,False
B,653,22811550,encoded,,10829,False
A,654,22834976,encoded,,7876,False
B,654,22844878,encoded,,16666,False
A,655,22868289,encoded,,8439,False
B,655,22878217,encoded,,38876,False
A,656,22901629,encoded,,7287,False
B,656,22911557,encoded,,1579,False
A,657,22934965,encoded,,15239,False
B,657,22944884,encoded,,9545,False
A,658,22968303,encoded,,19252,False
B,658,22978215,encoded,,16667,False
A,659,23001640,encoded,,14082,False
B,659,23011546,encoded,,16667,False
A,660,23034969,encoded,,16666,False
B,660,23044882,encoded,,16666,False
A,661,23068301,encoded,,125453,True
B,661,23078214,encoded,,123465,True
A,662,23101623,encoded,,9931,False
B,662,23111553,encoded,,12056,False
A,663,23134977,encoded,,26428,False
B,663,23144884,encoded,,17111,False
A,664,23168298,encoded,,22278,False
B,664,23178219,encoded,,17456,False
A,665,23201631,encoded,,13983,False
B,665,23211553,encoded,,17107,False
A,666,23234969,encoded,,21914,False
B,666,23244884,encoded,,14401,False
A,667,23268292,encoded,,18514,False
B,667,23278219,encoded,,30129,False
A,668,23301623,encoded,,11289,False
A,669,23334960,encoded,,9210,False
B,668,23311557,encoded,,18208,False
A,670,23368300,encoded,,8135,False
B,669,23344898,encoded,,16030,False
B,670,23378229,encoded,,17328,False
A,671,23401623,encoded,,29976,False
B,671,23411562,encoded,,8836,False
A,672,23434962,encoded,,3030,False
B,672,23444896,encoded,,7529,False
A,673,23468296,encoded,,18323,False
B,673,23478219,encoded,,15969,False
A,674,23501634,encoded,,12181,False
B,674,23511557,encoded,,9960,False
A,675,23534960,encoded,,10970,False
B,675,23544885,encoded,,8188,False
A,676,23568323,encoded,,10470,False
B,676,23578219,encoded,,7102,False
A,677,23601638,encoded,,9471,False
B,677,23611555,encoded,,6737,False
A,678,23634982,encoded,,9297,False
B,678,23644889,encoded,,6320,False
A,679,23668306,encoded,,8806,False
B,679,23678220,encoded,,5621,False
A,680,23701649,encoded,,8581,False
B,680,23711557,encoded,,5435,False
A,681,23734973,encoded,,8512,False
B,681,23778224,encoded,,5399,False
A,682,23768316,encoded,,8310,False
B,682,23811558,encoded,,5040,False
A,683,23801651,encoded,,7928,False
B,683,23844890,encoded,,7907,False
A,684,23834969,encoded,,7732,False
B,684,23878225,encoded,,16666,False
A,685,23868300,encoded,,7371,False
B,685,23911559,encoded,,39618,False
A,686,23901627,encoded,,7382,False
B,686,23944892,encoded,,1413,False
A,687,23934971,encoded,,14525,False
B,687,23978223,encoded,,8969,False
A,688,24001636,encoded,,19675,False
B,688,24011557,encoded,,16667,False
A,689,24034970,encoded,,13659,False
B,689,24044893,encoded,,16667,False
A,690,24068306,encoded,,16666,False
B,690,24078237,encoded,,16666,False
A,691,24101635,encoded,,125536,True
B,691,24111573,encoded,,138122,True
A,692,24134968,encoded,,8600,False
B,692,24144892,encoded,,13202,False
A,693,24168306,encoded,,28131,False
B,693,24178231,encoded,,10764,False
A,694,24201635,encoded,,22429,False
B,694,24211557,encoded,,25423,False
A,695,24234973,encoded,,14592,False
B,695,24244894,encoded,,14177,False
A,696,24268297,encoded,,20987,False
B,696,24278228,encoded,,28786,False
A,697,24301642,encoded,,18180,False
B,697,24311564,encoded,,12216,False
A,698,24334980,encoded,,11062,False
B,698,24344896,encoded,,11424,False
A,699,24368311,encoded,,9092,False
B,699,24378231,encoded,,16611,False
A,700,24401644,encoded,,8352,False
B,700,24411560,encoded,,9152,False
A,701,24434965,encoded,,21275,False
B,701,24444907,encoded,,18034,False
A,702,24468305,encoded,,4551,False
B,702,24478237,encoded,,10818,False
A,703,24501636,encoded,,21862,False
B,703,24511561,encoded,,9091,False
B,704,24544898,encoded,,7761,False
A,704,24534965,encoded,,3164,False
A,705,24568299,encoded,,16018,False
B,705,24578226,encoded,,7138,False
A,706,24601632,encoded,,11489,False
B,706,24611573,encoded,,6761,False
A,707,24634967,encoded,,10334,False
B,707,24644907,encoded,,6245,False
A,708,24668308,encoded,,9718,False
B,708,24678232,encoded,,5784,False
A,709,24701639,encoded,,9024,False
B,709,24711566,encoded,,5411,False
A,710,24734986,encoded,,8366,False
B,710,24744898,encoded,,5208,False
A,711,24768303,encoded,,8123,False
B,711,24778234,encoded,,4881,False
A,712,24801643,encoded,,8067,False
B,712,24811566,encoded,,5274,False
A,713,24834975,encoded,,7862,False
B,713,24844898,encoded,,11051,False
A,714,24868316,encoded,,7472,False
B,714,24911567,encoded,,16666,False
A,715,24901637,encoded,,7643,False
B,715,24944897,encoded,,33724,False
A,716,24934971,encoded,,11405,False
B,716,24978233,encoded,,2456,False
A,717,24968302,encoded,,16666,False
B,717,25011566,encoded,,13820,False
A,718,25001636,encoded,,17736,False
B,718,25044899,encoded,,16667,False
A,719,25034971,encoded,,15598,False
B,719,25078234,encoded,,16667,False
A,720,25068317,encoded,,16666,False
B,720,25111571,encoded,,16666,False
A,721,25101636,encoded,,125640,True
B,721,25144913,encoded,,123451,True
A,722,25134975,encoded,,10456,False
B,722,25178236,encoded,,18377,False
A,723,25201658,encoded,,14940,False
B,723,25211572,encoded,,24379,False
A,724,25234977,encoded,,32566,False
B,724,25244902,encoded,,27153,False
A,725,25268320,encoded,,14265,False
B,725,25278236,encoded,,13133,False
A,726,25301639,encoded,,28546,False
B,726,25311568,encoded,,22861,False
A,727,25334980,encoded,,15455,False
B,727,25344902,encoded,,14210,False
A,728,25368306,encoded,,10585,False
B,728,25378258,encoded,,11055,False
A,729,25401642,encoded,,8518,False
B,729,25411569,encoded,,10625,False
A,730,25434975,encoded,,7949,False
B,730,25444909,encoded,,18245,False
A,731,25468312,encoded,,6973,False
B,731,25478256,encoded,,10469,False
A,732,25501652,encoded,,28068,False
B,732,25511591,encoded,,10549,False
A,733,25534983,encoded,,2841,False
B,733,25544943,encoded,,19408,False
A,734,25568314,encoded,,17462,False
B,734,25578251,encoded,,9553,False
A,735,25601652,encoded,,13394,False
B,735,25611570,encoded,,8017,False
A,736,25634983,encoded,,10823,False
B,736,25644912,encoded,,7249,False
A,737,25668331,encoded,,9824,False
B,737,25678237,encoded,,6461,False
A,738,25701688,encoded,,9851,False
B,738,25711572,encoded,,5822,False
A,739,25734991,encoded,,8988,False
B,739,25744906,encoded,,5554,False
A,740,25768331,encoded,,8458,False
B,740,25778246,encoded,,5525,False
A,741,25801661,encoded,,7726,False
B,741,25811575,encoded,,5230,False
A,742,25834978,encoded,,7944,False
B,742,25844907,encoded,,5121,False
A,743,25868318,encoded,,7920,False
B,743,25878244,encoded,,5222,False
A,744,25901646,encoded,,7560,False
B,744,25911587,encoded,,12331,False
A,745,25934980,encoded,,7476,False
B,745,25944923,encoded,,21111,False
A,746,25968316,encoded,,9106,False
B,746,25978262,encoded,,32353,False
A,747,26001649,encoded,,16666,False
B,747,26011578,encoded,,1650,False
A,748,26034987,encoded,,27764,False
B,748,26044913,encoded,,11553,False
A,749,26068312,encoded,,5570,False
B,749,26078245,encoded,,16667,False
A,750,26101650,encoded,,16666,False
B,750,26111574,encoded,,16666,False
A,751,26134995,encoded,,125879,True
B,751,26144912,encoded,,123130,True
A,752,26168331,encoded,,28084,False
B,752,26178243,encoded,,12578,False
A,753,26201657,encoded,,7310,False
B,753,26211576,encoded,,29664,False
A,754,26234979,encoded,,15073,False
B,754,26278246,encoded,,22545,False
A,755,26268311,encoded,,16714,False
B,755,26311577,encoded,,25118,False
A,756,26301661,encoded,,23862,False
B,756,26344917,encoded,,9419,False
A,757,26334983,encoded,,20227,False
B,757,26378246,encoded,,24402,False
A,758,26368316,encoded,,12006,False
B,758,26411582,encoded,,11637,False
A,759,26434986,encoded,,9278,False
B,759,26444928,encoded,,10550,False
A,760,26468317,encoded,,8102,False
B,760,26478247,encoded,,16024,False
A,761,26501659,encoded,,8012,False
A,762,26534983,encoded,,28591,False
B,761,26511581,encoded,,20231,False
A,763,26568320,encoded,,3260,False
B,762,26544922,encoded,,11708,False
A,764,26601649,encoded,,17674,False
B,763,26578251,encoded,,9414,False
B,764,26611596,encoded,,8290,False
A,765,26634982,encoded,,12524,False
B,765,26644914,encoded,,7435,False
A,766,26668331,encoded,,10565,False
B,766,26678251,encoded,,6845,False
A,767,26701684,encoded,,9675,False
B,767,26711589,encoded,,6443,False
A,768,26735002,encoded,,9565,False
B,768,26744926,encoded,,6026,False
A,769,26768325,encoded,,9427,False
B,769,26778265,encoded,,5472,False
A,770,26801681,encoded,,9446,False
B,770,26811583,encoded,,5592,False
A,771,26835001,encoded,,8790,False
B,771,26844915,encoded,,4971,False
A,772,26868335,encoded,,8420,False
B,772,26878249,encoded,,4861,False
A,773,26901658,encoded,,8176,False
B,773,26911586,encoded,,4615,False
A,774,26934991,encoded,,8128,False
B,774,26944916,encoded,,13030,False
A,775,26968321,encoded,,8194,False
B,775,26978249,encoded,,20518,False
A,776,27001660,encoded,,7537,False
B,776,27011584,encoded,,12816,False
A,777,27034995,encoded,,15481,False
B,777,27044917,encoded,,16666,False
A,778,27068320,encoded,,28688,False
B,778,27078251,encoded,,16667,False
A,779,27101662,encoded,,4646,False
B,779,27111586,encoded,,16667,False
A,780,27134992,encoded,,16666,False
B,780,27144935,encoded,,16666,False
A,781,27168320,encoded,,125755,True
B,781,27178252,encoded,,123431,True
A,782,27201665,encoded,,25258,False
B,782,27211594,encoded,,22441,False
A,783,27234989,encoded,,8640,False
B,783,27244917,encoded,,8237,False
A,784,27268324,encoded,,15859,False
B,784,27278251,encoded,,25367,False
A,785,27301655,encoded,,21448,False
B,785,27311600,encoded,,15981,False
A,786,27334989,encoded,,20539,False
B,786,27344920,encoded,,27476,False
A,787,27368324,encoded,,18806,False
B,787,27378252,encoded,,17186,False
A,788,27401658,encoded,,11143,False
B,788,27411587,encoded,,15767,False
A,789,27434988,encoded,,8815,False
B,789,27444919,encoded,,19895,False
A,790,27468323,encoded,,8269,False
B,790,27478253,encoded,,8897,False
A,791,27501657,encoded,,20800,False
B,791,27544924,encoded,,7894,False
A,792,27534997,encoded,,4546,False
B,792,27578257,encoded,,7391,False
A,793,27568339,encoded,,23671,False
B,793,27611590,encoded,,15221,False
A,794,27601672,encoded,,2729,False
B,794,27644923,encoded,,9744,False
A,795,27634999,encoded,,16216,False
B,795,27678261,encoded,,8197,False
A,796,27668326,encoded,,11745,False
B,796,27711591,encoded,,7221,False
A,797,27701682,encoded,,10236,False
B,797,27744925,encoded,,6996,False
A,798,27734999,encoded,,9743,False
B,798,27778258,encoded,,6223,False
A,799,27768331,encoded,,9345,False
B,799,27811595,encoded,,5981,False
A,800,27801660,encoded,,8375,False
B,800,27844928,encoded,,5633,False
A,801,27834994,encoded,,8142,False
B,801,27878262,encoded,,5149,False
A,802,27901672,encoded,,7898,False
B,802,27911593,encoded,,5072,False
A,803,27934995,encoded,,7779,False
B,803,27944924,encoded,,7934,False
A,804,27968326,encoded,,8168,False
B,804,27978260,encoded,,16666,False
A,805,28001660,encoded,,8896,False
B,805,28011594,encoded,,40891,False
A,806,28034997,encoded,,10513,False
B,806,28044934,encoded,,6740,False
A,807,28068341,encoded,,16666,False
B,807,28078263,encoded,,2369,False
A,808,28101676,encoded,,16667,False
B,808,28111596,encoded,,16667,False
A,809,28135013,encoded,,16667,False
B,809,28144925,encoded,,16667,False
A,810,28168340,encoded,,16666,False
B,810,28178259,encoded,,16666,False
A,811,28201679,encoded,,116616,True
B,811,28211595,encoded,,123294,True
A,812,28235012,encoded,,24512,False
B,812,28244930,encoded,,22741,False
A,813,28268333,encoded,,14573,False
B,813,28278271,encoded,,7708,False
A,814,28301668,encoded,,22698,False
B,814,28311615,encoded,,25215,False
A,815,28334998,encoded,,18054,False
B,815,28344940,encoded,,11118,False
A,816,28368333,encoded,,24015,False
B,816,28378263,encoded,,25878,False
A,817,28401663,encoded,,20703,False
B,817,28411598,encoded,,17546,False
A,818,28434997,encoded,,11783,False
B,818,28444946,encoded,,19371,False
A,819,28468331,encoded,,9825,False
B,819,28478277,encoded,,17365,False
A,820,28501671,encoded,,9029,False
A,821,28534999,encoded,,7524,False
B,820,28511600,encoded,,11130,False
A,822,28568342,encoded,,6758,False
B,821,28544945,encoded,,9347,False
A,823,28601667,encoded,,27702,False
B,822,28578282,encoded,,16819,False
A,824,28635000,encoded,,14252,False
B,823,28611609,encoded,,10556,False
A,825,28668335,encoded,,2643,False
B,824,28644932,encoded,,8890,False
A,826,28701677,encoded,,15211,False
B,825,28678269,encoded,,8203,False
B,826,28711604,encoded,,7133,False
A,827,28735006,encoded,,10818,False
A,828,28768342,encoded,,10338,False
B,827,28744934,encoded,,6529,False
B,828,28778266,encoded,,6418,False
A,829,28801673,encoded,,9553,False
B,829,28844934,encoded,,5988,False
A,830,28835010,encoded,,8702,False
B,830,28878269,encoded,,5496,False
A,831,28868335,encoded,,8581,False
B,831,28911604,encoded,,5010,False
A,832,28901669,encoded,,8823,False
B,832,28944934,encoded,,4861,False
B,833,28978268,encoded,,6718,False
A,833,28935017,encoded,,7996,False
A,834,28968346,encoded,,7671,False
B,834,29011605,encoded,,16666,False
A,835,29001679,encoded,,7702,False
B,835,29044938,encoded,,39791,False
B,836,29078286,encoded,,1764,False
A,836,29035012,encoded,,7541,False
B,837,29111611,encoded,,8445,False
A,837,29101673,encoded,,16377,False
B,838,29144938,encoded,,16667,False
A,838,29135016,encoded,,37250,False
B,839,29178271,encoded,,16667,False
A,839,29168345,encoded,,3957,False
B,840,29211604,encoded,,16666,False
A,840,29201679,encoded,,8793,False
B,841,29244937,encoded,,123477,True
A,841,29235004,encoded,,125712,True
B,842,29278270,encoded,,7447,False
A,842,29268342,encoded,,17981,False
B,843,29311605,encoded,,22643,False
A,843,29301685,encoded,,6748,False
B,844,29344937,encoded,,16709,False
A,844,29335020,encoded,,24572,False
B,845,29378273,encoded,,16824,False
A,845,29368362,encoded,,17390,False
B,846,29411606,encoded,,12415,False
A,846,29401696,encoded,,24454,False
B,847,29444939,encoded,,30851,False
B,848,29478278,encoded,,17329,False
A,847,29435019,encoded,,20703,False
B,849,29511607,encoded,,15670,False
A,848,29468359,encoded,,11695,False
B,850,29544955,encoded,,17976,False
A,849,29501690,encoded,,9351,False
B,851,29578271,encoded,,8744,False
A,850,29535009,encoded,,8527,False
B,852,29611606,encoded,,7838,False
A,851,29568340,encoded,,7405,False
A,852,29601674,encoded,,28861,False
B,853,29644942,encoded,,15584,False
A,853,29635018,encoded,,3167,False
B,854,29678275,encoded,,10149,False
A,854,29668346,encoded,,17805,False
B,855,29711607,encoded,,9016,False
A,855,29701676,encoded,,12319,False
B,856,29744941,encoded,,7261,False
A,856,29735010,encoded,,10846,False
A,857,29768345,encoded,,9814,False
B,857,29778279,encoded,,6788,False
B,858,29811627,encoded,,6298,False
A,858,29801683,encoded,,9676,False
B,859,29844942,encoded,,5485,False
A,859,29835023,encoded,,10026,False
B,860,29878283,encoded,,5469,False
A,860,29868354,encoded,,8919,False
A,861,29901677,encoded,,8525,False
B,861,29911617,encoded,,5111,False
A,862,29935022,encoded,,8126,False
B,862,29944952,encoded,,4684,False
A,863,29968357,encoded,,8154,False
B,863,29978303,encoded,,9566,False
A,864,30001677,encoded,,7912,False
B,864,30011628,encoded,,16666,False
A,865,30035015,encoded,,7739,False
B,865,30044954,encoded,,38966,False
A,866,30068348,encoded,,7513,False
B,866,30078290,encoded,,1792,False
A,867,30101687,encoded,,16060,False
B,867,30144945,encoded,,9242,False
A,868,30135023,encoded,,37523,False
B,868,30178278,encoded,,16667,False
A,869,30168351,encoded,,3948,False
B,869,30211616,encoded,,16667,False
A,870,30201686,encoded,,8529,False
B,870,30244950,encoded,,16666,False
A,871,30235013,encoded,,125651,True
B,871,30278283,encoded,,123401,True
A,872,30268350,encoded,,18165,False
B,872,30311616,encoded,,22342,False
A,873,30301691,encoded,,6885,False
B,873,30344971,encoded,,7868,False
A,874,30368348,encoded,,24398,False
B,874,30378291,encoded,,24555,False
A,875,30401686,encoded,,17236,False
B,875,30411649,encoded,,10710,False
A,876,30435015,encoded,,25074,False
B,876,30444965,encoded,,23808,False
A,877,30468355,encoded,,20819,False
B,877,30478281,encoded,,13909,False
A,878,30501682,encoded,,11568,False
A,879,30535021,encoded,,9430,False
B,878,30511614,encoded,,15960,False
A,880,30568355,encoded,,8328,False
B,879,30544954,encoded,,14430,False
A,881,30601688,encoded,,7396,False
B,880,30578282,encoded,,13676,False
A,882,30635024,encoded,,28767,False
B,881,30611619,encoded,,15081,False
A,883,30668355,encoded,,3252,False
B,882,30644958,encoded,,18308,False
A,884,30701708,encoded,,17717,False
B,883,30678286,encoded,,4892,False
B,884,30711622,encoded,,12128,False
A,885,30735043,encoded,,12426,False
B,885,30744952,encoded,,8782,False
A,886,30768360,encoded,,11185,False
B,886,30778286,encoded,,7520,False
A,887,30801686,encoded,,9916,False
B,887,30811620,encoded,,6782,False
A,888,30835028,encoded,,9399,False
B,888,30844952,encoded,,6421,False
A,889,30868356,encoded,,9254,False
B,889,30878313,encoded,,5881,False
A,890,30901698,encoded,,8811,False
B,890,30911618,encoded,,5676,False
A,891,30935018,encoded,,8348,False
B,891,30944954,encoded,,5439,False
A,892,30968358,encoded,,8050,False
B,892,30978285,encoded,,5447,False
A,893,31001694,encoded,,7972,False
B,893,31011632,encoded,,10318,False
A,894,31035024,encoded,,7415,False
B,894,31044961,encoded,,16666,False
A,895,31068353,encoded,,7354,False
B,895,31078307,encoded,,38717,False
A,896,31101688,encoded,,8518,False
B,896,31111635,encoded,,1444,False
A,897,31135021,encoded,,16666,False
B,897,31144955,encoded,,9839,False
A,898,31168359,encoded,,28739,False
B,898,31178305,encoded,,16667,False
A,899,31201688,encoded,,4595,False
B,899,31211661,encoded,,16667,False
A,900,31235028,encoded,,16666,False
B,900,31244968,encoded,,16666,False
A,901,31268363,encoded,,125630,True
B,901,31278290,encoded,,123515,True
A,902,31301696,encoded,,8659,False
B,902,31311628,encoded,,22712,False
A,903,31335020,encoded,,14261,False
B,903,31344957,encoded,,7749,False
A,904,31368373,encoded,,26330,False
B,904,31378291,encoded,,28646,False
A,905,31401708,encoded,,17945,False
B,905,31444957,encoded,,16116,False
A,906,31435042,encoded,,24368,False
B,906,31478292,encoded,,30836,False
A,907,31468378,encoded,,20039,False
B,907,31511623,encoded,,18484,False
A,908,31501707,encoded,,11542,False
B,908,31544961,encoded,,10567,False
A,909,31535024,encoded,,9323,False
B,909,31578296,encoded,,18936,False
A,910,31568365,encoded,,8599,False
B,910,31611627,encoded,,9228,False
A,911,31601697,encoded,,7510,False
B,911,31644974,encoded,,7929,False
A,912,31635030,encoded,,29303,False
B,912,31678293,encoded,,6795,False
A,913,31668377,encoded,,3307,False
B,913,31711632,encoded,,15137,False
A,914,31735025,encoded,,18404,False
B,914,31744963,encoded,,9859,False
A,915,31768364,encoded,,12852,False
B,915,31778297,encoded,,8467,False
A,916,31801696,encoded,,11380,False
B,916,31811648,encoded,,7574,False
A,917,31835036,encoded,,9674,False
B,917,31844988,encoded,,6448,False
A,918,31868360,encoded,,9511,False
B,918,31878318,encoded,,6318,False
A,919,31901702,encoded,,8995,False
B,919,31911630,encoded,,5829,False
A,920,31935029,encoded,,9121,False
B,920,31944964,encoded,,5572,False
A,921,31968366,encoded,,8318,False
B,921,31978303,encoded,,5465,False
A,922,32001700,encoded,,8150,False
B,922,32011632,encoded,,5063,False
A,923,32035041,encoded,,7915,False
B,923,32044963,encoded,,6089,False
A,924,32068383,encoded,,7703,False
B,924,32078295,encoded,,16666,False
A,925,32101708,encoded,,8188,False
B,925,32111634,encoded,,39849,False
A,926,32135042,encoded,,7978,False
B,926,32144967,encoded,,1620,False
A,927,32168384,encoded,,14995,False
B,927,32178297,encoded,,8531,False
A,928,32201697,encoded,,19831,False
B,928,32211635,encoded,,16667,False
A,929,32235038,encoded,,13503,False
B,929,32244964,encoded,,16667,False
A,930,32268362,encoded,,16666,False
B,930,32278319,encoded,,16666,False
A,931,32301702,encoded,,125910,True
B,931,32311636,encoded,,123285,True
A,932,32335039,encoded,,9477,False
B,932,32344981,encoded,,22264,False
A,933,32368365,encoded,,14309,False
B,933,32378311,encoded,,7997,False
A,934,32401703,encoded,,20008,False
B,934,32411652,encoded,,25425,False
A,935,32435040,encoded,,21406,False
B,935,32444977,encoded,,15038,False
A,936,32468373,encoded,,26473,False
B,936,32478312,encoded,,24351,False
A,937,32501703,encoded,,19770,False
B,937,32511663,encoded,,15078,False
A,938,32535036,encoded,,11833,False
B,938,32544988,encoded,,12527,False
A,939,32568369,encoded,,9584,False
B,939,32578302,encoded,,17399,False
A,940,32601718,encoded,,8105,False
B,940,32611650,encoded,,17319,False
A,941,32635050,encoded,,7465,False
B,941,32644984,encoded,,8519,False
A,942,32668379,encoded,,29367,False
B,942,32678305,encoded,,7776,False
A,943,32701718,encoded,,3041,False
B,943,32711638,encoded,,16340,False
A,944,32735052,encoded,,17695,False
B,944,32778309,encoded,,11006,False
A,945,32768390,encoded,,12482,False
B,945,32811636,encoded,,9148,False
A,946,32801702,encoded,,11498,False
B,946,32844984,encoded,,8027,False
A,947,32835038,encoded,,10355,False
B,947,32878317,encoded,,7637,False
A,948,32901702,encoded,,9388,False
B,948,32911650,encoded,,7582,False
A,949,32935044,encoded,,9488,False
B,949,32944974,encoded,,6832,False
A,950,32968420,encoded,,8788,False
B,950,32978308,encoded,,6683,False
B,951,33011639,encoded,,6478,False
A,951,33001704,encoded,,8460,False
B,952,33044975,encoded,,6229,False
A,952,33035047,encoded,,8198,False
B,953,33078309,encoded,,6249,False
A,953,33068386,encoded,,8235,False
B,954,33111643,encoded,,10811,False
A,954,33101722,encoded,,7910,False
B,955,33144978,encoded,,16667,False
A,955,33135043,encoded,,7755,False
A,956,33168375,encoded,,7567,False
B,956,33178315,encoded,,38158,False
A,957,33201716,encoded,,15433,False
B,957,33211646,encoded,,2704,False
A,958,33235050,encoded,,37677,False
B,958,33244977,encoded,,9138,False
A,959,33268380,encoded,,3868,False
B,959,33278313,encoded,,16667,False
A,960,33301714,encoded,,8455,False
B,960,33311642,encoded,,16666,False
A,961,33335046,encoded,,125914,True
B,961,33344981,encoded,,137871,True
A,962,33368375,encoded,,18113,False
B,962,33378308,encoded,,23992,False
A,963,33401707,encoded,,6945,False
B,963,33411640,encoded,,9294,False
A,964,33435047,encoded,,24801,False
B,964,33444989,encoded,,15771,False
A,965,33468375,encoded,,17371,False
B,965,33478394,encoded,,21880,False
A,966,33501709,encoded,,21057,False
B,966,33511659,encoded,,25681,False
A,967,33535046,encoded,,23088,False
B,967,33544996,encoded,,4450,False
A,968,33568376,encoded,,11538,False
B,968,33578309,encoded,,13593,False
A,969,33601709,encoded,,9619,False
B,969,33611647,encoded,,18826,False
A,970,33635041,encoded,,8249,False
B,970,33644978,encoded,,22023,False
A,971,33668376,encoded,,7368,False
B,971,33678311,encoded,,5167,False
A,972,33701716,encoded,,28658,False
B,972,33711658,encoded,,13129,False
A,973,33735042,encoded,,3031,False
B,973,33744988,encoded,,9742,False
A,974,33768375,encoded,,17706,False
B,974,33778316,encoded,,8284,False
A,975,33801717,encoded,,12248,False
B,975,33811661,encoded,,7477,False
A,976,33835044,encoded,,11383,False
B,976,33844991,encoded,,7110,False
A,977,33868385,encoded,,10191,False
A,978,33901719,encoded,,9526,False
B,977,33878331,encoded,,6429,False
A,979,33935050,encoded,,9522,False
B,978,33911659,encoded,,6135,False
A,980,33968380,encoded,,8998,False
B,979,33944986,encoded,,5982,False
A,981,34001731,encoded,,8317,False
B,980,33978329,encoded,,5426,False
A,982,34035060,encoded,,8141,False
B,981,34011660,encoded,,5059,False
A,983,34068393,encoded,,8079,False
B,982,34044999,encoded,,5115,False
A,984,34101729,encoded,,7924,False
B,983,34078317,encoded,,21724,False
A,985,34135058,encoded,,7765,False
B,984,34111649,encoded,,2997,False
A,986,34168385,encoded,,7782,False
B,985,34178315,encoded,,13510,False
A,987,34201716,encoded,,16666,False
B,986,34211665,encoded,,16667,False
A,988,34235062,encoded,,36640,False
B,987,34244998,encoded,,16666,False
A,989,34268395,encoded,,4912,False
B,988,34278329,encoded,,16667,False
A,990,34301720,encoded,,8448,False
B,989,34311668,encoded,,16667,False
A,991,34368381,encoded,,125632,True
B,990,34345003,encoded,,16666,False
A,992,34401717,encoded,,18120,False
B,991,34378325,encoded,,123313,True
A,993,34435059,encoded,,7067,False
B,992,34411650,encoded,,18153,False
B,993,34444994,encoded,,24167,False
A,994,34468386,encoded,,24785,False
B,994,34478322,encoded,,25117,False
A,995,34501727,encoded,,21643,False
B,995,34511657,encoded,,24521,False
A,996,34535057,encoded,,21450,False
B,996,34544985,encoded,,9672,False
A,997,34568390,encoded,,18974,False
B,997,34578319,encoded,,23860,False
B,998,34611654,encoded,,11580,False
A,998,34601730,encoded,,11258,False
B,999,34644993,encoded,,11680,False
A,999,34635067,encoded,,9151,False
A,1000,34668394,encoded,,8275,False
B,1000,34711669,encoded,,16021,False
A,1001,34701725,encoded,,7264,False
B,1001,34745012,encoded,,11229,False
A,1002,34735054,encoded,,20184,False
B,1002,34778322,encoded,,15612,False
A,1003,34768388,encoded,,20121,False
B,1003,34811659,encoded,,13069,False
B,1004,34844993,encoded,,9312,False
A,1004,34835052,encoded,,13138,False
B,1005,34878342,encoded,,8290,False
A,1005,34868387,encoded,,11417,False
B,1006,34911670,encoded,,7391,False
A,1006,34901724,encoded,,10332,False
B,1007,34944992,encoded,,7098,False
A,1007,34935056,encoded,,10069,False
B,1008,34978325,encoded,,6710,False
A,1008,34968386,encoded,,9434,False
B,1009,35011658,encoded,,6312,False
A,1009,35001739,encoded,,9156,False
B,1010,35045001,encoded,,5798,False
A,1010,35035067,encoded,,8960,False
B,1011,35078348,encoded,,5664,False
A,1011,35068389,encoded,,8471,False
B,1012,35111715,encoded,,5448,False
A,1012,35101728,encoded,,8120,False
B,1013,35144993,encoded,,4969,False
A,1013,35135060,encoded,,9035,False
B,1014,35178349,encoded,,20876,False
A,1014,35168410,encoded,,8418,False
B,1015,35211664,encoded,,2967,False
A,1015,35201726,encoded,,7583,False
A,1016,35235064,encoded,,7973,False
B,1016,35244992,encoded,,14505,False
A,1017,35268395,encoded,,13970,False
B,1017,35278329,encoded,,16666,False
A,1018,35301722,encoded,,18404,False
B,1018,35311658,encoded,,16667,False
A,1019,35335060,encoded,,14930,False
B,1019,35345006,encoded,,16667,False
A,1020,35368394,encoded,,16666,False
A,1021,35401731,encoded,,125836,True
B,1020,35378333,encoded,,16666,False
A,1022,35435066,encoded,,7509,False
B,1021,35411663,encoded,,123171,True
A,1023,35468390,encoded,,14935,False
B,1022,35444996,encoded,,29453,False
B,1023,35511661,encoded,,14693,False
A,1024,35501743,encoded,,26445,False
B,1024,35544997,encoded,,25932,False
A,1025,35568398,encoded,,18601,False
B,1025,35578341,encoded,,15258,False
A,1026,35601732,encoded,,24914,False
B,1026,35611680,encoded,,30113,False
B,1027,35645007,encoded,,5317,False
A,1027,35635059,encoded,,19411,False
B,1028,35678340,encoded,,13753,False
A,1028,35668398,encoded,,11445,False
B,1029,35711686,encoded,,11458,False
A,1029,35701728,encoded,,9228,False
A,1030,35735086,encoded,,8010,False
B,1030,35744996,encoded,,15389,False
A,1031,35768415,encoded,,7119,False
B,1031,35778336,encoded,,18031,False
A,1032,35801739,encoded,,28924,False
B,1032,35811666,encoded,,14117,False
A,1033,35835076,encoded,,2929,False
B,1033,35845002,encoded,,4669,False
A,1034,35868394,encoded,,17852,False
B,1034,35878344,encoded,,11528,False
A,1035,35901732,encoded,,12354,False
B,1035,35945001,encoded,,8497,False
A,1036,35935062,encoded,,11009,False
B,1036,35978336,encoded,,7251,False
A,1037,35968396,encoded,,10230,False
B,1037,36011668,encoded,,6421,False
A,1038,36001733,encoded,,9354,False
B,1038,36045007,encoded,,6087,False
A,1039,36068396,encoded,,9176,False
B,1039,36078337,encoded,,5613,False
A,1040,36101738,encoded,,8500,False
B,1040,36111721,encoded,,5150,False
A,1041,36135074,encoded,,9668,False
B,1041,36145002,encoded,,4787,False
A,1042,36168407,encoded,,8449,False
B,1042,36178340,encoded,,5258,False
A,1043,36201755,encoded,,8403,False
B,1043,36211673,encoded,,4579,False
A,1044,36235082,encoded,,7732,False
B,1044,36245007,encoded,,13475,False
A,1045,36268420,encoded,,7600,False
A,1046,36301731,encoded,,7701,False
B,1045,36278336,encoded,,31159,False
A,1047,36335067,encoded,,16666,False
B,1046,36311669,encoded,,21544,False
B,1047,36345022,encoded,,2008,False
A,1048,36368406,encoded,,27724,False
B,1048,36378353,encoded,,11956,False
A,1049,36401741,encoded,,5610,False
B,1049,36411686,encoded,,16667,False
A,1050,36435079,encoded,,16666,False
B,1050,36478340,encoded,,16666,False
A,1051,36468416,encoded,,125616,True
B,1051,36511670,encoded,,123351,True
A,1052,36501741,encoded,,9058,False
B,1052,36545012,encoded,,12984,False
A,1053,36535070,encoded,,14875,False
B,1053,36578353,encoded,,29430,False
A,1054,36601742,encoded,,24949,False
B,1054,36611679,encoded,,25506,False
A,1055,36635072,encoded,,17563,False
B,1055,36645015,encoded,,13196,False
A,1056,36668412,encoded,,21192,False
B,1056,36678351,encoded,,22678,False
A,1057,36701744,encoded,,15998,False
B,1057,36711680,encoded,,14672,False
A,1058,36735071,encoded,,16963,False
B,1058,36745021,encoded,,12665,False
A,1059,36768402,encoded,,10516,False
B,1059,36778350,encoded,,12691,False
A,1060,36801755,encoded,,8642,False
B,1060,36811672,encoded,,9836,False
A,1061,36835070,encoded,,7715,False
A,1062,36868409,encoded,,29110,False
B,1061,36845010,encoded,,21984,False
A,1063,36901745,encoded,,2870,False
B,1062,36878357,encoded,,14798,False
A,1064,36935079,encoded,,18147,False
B,1063,36911682,encoded,,9986,False
B,1064,36945017,encoded,,8432,False
A,1065,36968416,encoded,,12154,False
B,1065,36978342,encoded,,7834,False
A,1066,37001755,encoded,,10887,False
B,1066,37011676,encoded,,6848,False
A,1067,37035088,encoded,,9846,False
B,1067,37045015,encoded,,6410,False
A,1068,37068404,encoded,,9622,False
B,1068,37078343,encoded,,6299,False
A,1069,37101744,encoded,,9079,False
B,1069,37111678,encoded,,5886,False
A,1070,37135086,encoded,,8829,False
B,1070,37145011,encoded,,5809,False
A,1071,37168410,encoded,,8594,False
B,1071,37178357,encoded,,5393,False
A,1072,37201804,encoded,,7706,False
B,1072,37245012,encoded,,5120,False
A,1073,37268409,encoded,,7885,False
B,1073,37278346,encoded,,4692,False
A,1074,37301743,encoded,,7724,False
B,1074,37311685,encoded,,13500,False
A,1075,37335084,encoded,,7592,False
B,1075,37345013,encoded,,41333,False
A,1076,37368408,encoded,,10202,False
B,1076,37378349,encoded,,30422,False
A,1077,37401756,encoded,,16666,False
B,1077,37411681,encoded,,1283,False
B,1078,37445015,encoded,,1704,False
A,1078,37435082,encoded,,28857,False
A,1079,37468408,encoded,,4501,False
B,1079,37478348,encoded,,8592,False
A,1080,37501743,encoded,,16642,False
B,1080,37511689,encoded,,16666,False
A,1081,37535080,encoded,,125930,True
B,1081,37545019,encoded,,123234,True
A,1082,37568418,encoded,,27357,False
B,1082,37578348,encoded,,12461,False
A,1083,37601769,encoded,,6948,False
B,1083,37611691,encoded,,13307,False
A,1084,37635089,encoded,,15271,False
B,1084,37678349,encoded,,26638,False
A,1085,37668422,encoded,,17380,False
B,1085,37711692,encoded,,21922,False
A,1086,37701757,encoded,,24177,False
B,1086,37745020,encoded,,16323,False
A,1087,37735097,encoded,,20322,False
B,1087,37778350,encoded,,25418,False
A,1088,37768423,encoded,,11333,False
B,1088,37811689,encoded,,16349,False
A,1089,37801753,encoded,,9402,False
B,1089,37845036,encoded,,20643,False
A,1090,37868421,encoded,,8292,False
B,1090,37878354,encoded,,9956,False
A,1091,37901751,encoded,,7648,False
B,1091,37911703,encoded,,8193,False
A,1092,37935090,encoded,,28508,False
B,1092,37945019,encoded,,7101,False
A,1093,37968416,encoded,,2961,False
B,1093,37978356,encoded,,15377,False
A,1094,38001751,encoded,,17708,False
B,1094,38011706,encoded,,10269,False
A,1095,38035084,encoded,,11942,False
B,1095,38045033,encoded,,8589,False
A,1096,38068413,encoded,,11165,False
B,1096,38078361,encoded,,7266,False
A,1097,38101750,encoded,,10894,False
B,1097,38111701,encoded,,6470,False
A,1098,38135082,encoded,,10072,False
B,1098,38145021,encoded,,6033,False
A,1099,38168422,encoded,,9074,False
B,1099,38178354,encoded,,5926,False
A,1100,38201749,encoded,,8408,False
B,1100,38211688,encoded,,5406,False
A,1101,38235092,encoded,,8236,False
B,1101,38278359,encoded,,5229,False
A,1102,38268423,encoded,,8110,False
B,1102,38311689,encoded,,4718,False
A,1103,38301760,encoded,,7908,False
B,1103,38345029,encoded,,6506,False
A,1104,38368419,encoded,,7831,False
B,1104,38378360,encoded,,16666,False
A,1105,38401756,encoded,,7745,False
B,1105,38411694,encoded,,40211,False
A,1106,38435084,encoded,,8712,False
B,1106,38445028,encoded,,2160,False
A,1107,38468420,encoded,,16666,False
B,1107,38478361,encoded,,7629,False
A,1108,38501765,encoded,,36854,False
B,1108,38511691,encoded,,16667,False
A,1109,38535107,encoded,,4141,False
B,1109,38545030,encoded,,16667,False
A,1110,38568446,encoded,,9005,False
B,1110,38578363,encoded,,16666,False
A,1111,38601775,encoded,,125827,True
B,1111,38611694,encoded,,123046,True
A,1112,38635085,encoded,,17673,False
B,1112,38645025,encoded,,22676,False
A,1113,38668429,encoded,,7015,False
B,1113,38678359,encoded,,7551,False
A,1114,38701762,encoded,,18846,False
B,1114,38711697,encoded,,25370,False
A,1115,38735094,encoded,,21562,False
B,1115,38778360,encoded,,11174,False
A,1116,38768426,encoded,,26164,False
B,1116,38811704,encoded,,24046,False
A,1117,38801757,encoded,,20711,False
B,1117,38845026,encoded,,18857,False
A,1118,38835090,encoded,,11801,False
B,1118,38878363,encoded,,19366,False
A,1119,38868427,encoded,,9935,False
B,1119,38911697,encoded,,15628,False
A,1120,38901801,encoded,,8647,False
B,1120,38945028,encoded,,13999,False
A,1121,38968435,encoded,,7884,False
B,1121,38978376,encoded,,8288,False
A,1122,39001764,encoded,,7117,False
B,1122,39011719,encoded,,6687,False
A,1123,39035092,encoded,,28557,False
B,1123,39045044,encoded,,14870,False
A,1124,39068459,encoded,,2937,False
B,1124,39078364,encoded,,9501,False
A,1125,39101762,encoded,,17756,False
B,1125,39111697,encoded,,7924,False
A,1126,39135106,encoded,,12229,False
B,1126,39145034,encoded,,7191,False
A,1127,39168445,encoded,,10597,False
B,1127,39178364,encoded,,6648,False
A,1128,39201761,encoded,,10288,False
B,1128,39211734,encoded,,5950,False
A,1129,39235098,encoded,,9334,False
B,1129,39245044,encoded,,5612,False
A,1130,39268426,encoded,,9032,False
B,1130,39278378,encoded,,5366,False
A,1131,39301764,encoded,,8372,False
B,1131,39311711,encoded,,4917,False
A,1132,39335094,encoded,,8859,False
B,1132,39378374,encoded,,5063,False
A,1133,39368444,encoded,,8480,False
B,1133,39411701,encoded,,13604,False
A,1134,39401798,encoded,,8152,False
B,1134,39445038,encoded,,41921,False
A,1135,39435125,encoded,,8246,False
B,1135,39478366,encoded,,28951,False
A,1136,39468441,encoded,,7627,False
B,1136,39511709,encoded,,1152,False
A,1137,39535099,encoded,,16352,False
B,1137,39545039,encoded,,1613,False
A,1138,39568438,encoded,,27449,False
B,1138,39578381,encoded,,9696,False
A,1139,39601763,encoded,,5885,False
B,1139,39611714,encoded,,16667,False
A,1140,39635111,encoded,,16666,False
B,1140,39645035,encoded,,24948,False
A,1141,39668459,encoded,,125936,True
B,1141,39678370,encoded,,123058,True
A,1142,39701789,encoded,,27332,False
A,1143,39735111,encoded,,7216,False
B,1142,39711708,encoded,,31631,False
B,1143,39745042,encoded,,8978,False
A,1144,39768430,encoded,,15370,False
B,1144,39778377,encoded,,10287,False
A,1145,39801770,encoded,,16962,False
B,1145,39811718,encoded,,14093,False
A,1146,39835102,encoded,,23491,False
B,1146,39845056,encoded,,23953,False
A,1147,39868435,encoded,,20870,False
B,1147,39878370,encoded,,11901,False
A,1148,39901766,encoded,,11385,False
B,1148,39911706,encoded,,13223,False
A,1149,39935098,encoded,,9610,False
B,1149,39978372,encoded,,16907,False
A,1150,39968443,encoded,,8300,False
B,1150,40011706,encoded,,14205,False
A,1151,40001786,encoded,,7510,False
B,1151,40045039,encoded,,15112,False
A,1152,40035099,encoded,,28873,False
B,1152,40078378,encoded,,7909,False
A,1153,40068441,encoded,,2815,False
B,1153,40111706,encoded,,7304,False
A,1154,40135116,encoded,,17845,False
B,1154,40145058,encoded,,14914,False
A,1155,40168437,encoded,,12900,False
B,1155,40178390,encoded,,9653,False
A,1156,40201792,encoded,,10823,False
B,1156,40211720,encoded,,7994,False
A,1157,40235115,encoded,,9797,False
B,1157,40245048,encoded,,7050,False
A,1158,40268435,encoded,,9393,False
B,1158,40278392,encoded,,6535,False
A,1159,40301789,encoded,,9029,False
B,1159,40311708,encoded,,5767,False
A,1160,40335106,encoded,,8415,False
B,1160,40345057,encoded,,6046,False
A,1161,40368436,encoded,,8399,False
B,1161,40378374,encoded,,5428,False
A,1162,40401768,encoded,,8205,False
B,1162,40411721,encoded,,5432,False
A,1163,40435113,encoded,,8011,False
B,1163,40445047,encoded,,7672,False
A,1164,40468439,encoded,,7622,False
B,1164,40478398,encoded,,16666,False
A,1165,40501778,encoded,,8882,False
B,1165,40511730,encoded,,40158,False
A,1166,40535110,encoded,,8343,False
B,1166,40545055,encoded,,1649,False
A,1167,40568444,encoded,,16666,False
B,1167,40611710,encoded,,8193,False
A,1168,40601782,encoded,,27713,False
B,1168,40645046,encoded,,16667,False
A,1169,40635121,encoded,,5621,False
B,1169,40678382,encoded,,16667,False
A,1170,40668459,encoded,,16666,False
B,1170,40711737,encoded,,16666,False
A,1171,40735106,encoded,,116630,True
B,1171,40745066,encoded,,122863,True
A,1172,40768444,encoded,,14061,False
B,1172,40778388,encoded,,23156,False
A,1173,40801795,encoded,,22643,False
A,1174,40835106,encoded,,26189,False
B,1173,40811714,encoded,,8280,False
A,1175,40868441,encoded,,18346,False
B,1174,40845050,encoded,,24503,False
A,1176,40901777,encoded,,25272,False
B,1175,40878382,encoded,,11150,False
A,1177,40935110,encoded,,20570,False
B,1176,40911715,encoded,,26094,False
A,1178,40968444,encoded,,11977,False
B,1177,40945049,encoded,,18061,False
A,1179,41001783,encoded,,9455,False
B,1178,40978387,encoded,,17019,False
A,1180,41035132,encoded,,8557,False
B,1179,41011715,encoded,,14422,False
A,1181,41068453,encoded,,7661,False
B,1180,41045049,encoded,,17364,False
A,1182,41101775,encoded,,7021,False
B,1181,41078384,encoded,,8133,False
A,1183,41135107,encoded,,6629,False
B,1182,41111721,encoded,,7210,False
A,1184,41168450,encoded,,26290,False
B,1183,41145062,encoded,,15702,False
A,1185,41201782,encoded,,14499,False
B,1184,41178399,encoded,,10517,False
B,1185,41211730,encoded,,8925,False
A,1186,41235125,encoded,,12021,False
B,1186,41245050,encoded,,7571,False
A,1187,41268473,encoded,,11309,False
B,1187,41278398,encoded,,6851,False
A,1188,41301804,encoded,,9986,False
B,1188,41311719,encoded,,6227,False
A,1189,41335127,encoded,,9301,False
B,1189,41345053,encoded,,5934,False
A,1190,41368443,encoded,,8956,False
B,1190,41378392,encoded,,5565,False
A,1191,41401784,encoded,,8142,False
B,1191,41411730,encoded,,5373,False
A,1192,41435112,encoded,,8428,False
B,1192,41445058,encoded,,4766,False
A,1193,41468462,encoded,,8314,False
B,1193,41511723,encoded,,7648,False
A,1194,41501791,encoded,,8024,False
B,1194,41545057,encoded,,16666,False
A,1195,41568480,encoded,,7852,False
B,1195,41578392,encoded,,38816,False
A,1196,41601788,encoded,,7675,False
B,1196,41611725,encoded,,1535,False
A,1197,41635120,encoded,,14192,False
B,1197,41645061,encoded,,9649,False
A,1198,41668463,encoded,,19922,False
B,1198,41678390,encoded,,16667,False
A,1199,41701781,encoded,,13412,False
B,1199,41711724,encoded,,16667,False
A,1200,41735129,encoded,,16666,False
B,1200,41745058,encoded,,16666,False
B,1201,41778392,encoded,,123128,True
A,1201,41768464,encoded,,125776,True
B,1202,41811724,encoded,,10788,False
A,1202,41801807,encoded,,8884,False
B,1203,41845079,encoded,,10089,False
A,1203,41835119,encoded,,14559,False
B,1204,41878405,encoded,,14403,False
A,1204,41868476,encoded,,25997,False
B,1205,41911723,encoded,,17937,False
A,1205,41901790,encoded,,17824,False
B,1206,41945057,encoded,,37862,False
A,1206,41935134,encoded,,24035,False
A,1207,41968453,encoded,,20402,False
B,1207,41978392,encoded,,19912,False
A,1208,42001785,encoded,,11397,False
A,1209,42035119,encoded,,9677,False
B,1208,42011730,encoded,,21903,False
A,1210,42068459,encoded,,8431,False
B,1209,42045057,encoded,,13438,False
A,1211,42101784,encoded,,7421,False
B,1210,42111728,encoded,,10624,False
A,1212,42135132,encoded,,7117,False
B,1211,42145061,encoded,,7829,False
A,1213,42201792,encoded,,28006,False
B,1212,42178409,encoded,,6561,False
A,1214,42235118,encoded,,3021,False
B,1213,42211728,encoded,,14484,False
A,1215,42268457,encoded,,17515,False
B,1214,42245063,encoded,,9276,False
B,1215,42278398,encoded,,8052,False
A,1216,42301790,encoded,,11974,False
B,1216,42311746,encoded,,7135,False
A,1217,42335123,encoded,,10696,False
B,1217,42345062,encoded,,6224,False
A,1218,42368455,encoded,,9741,False
B,1218,42378394,encoded,,5854,False
A,1219,42401807,encoded,,9028,False
B,1219,42411731,encoded,,5677,False
A,1220,42435121,encoded,,8749,False
B,1220,42478401,encoded,,5694,False
B,1221,42511734,encoded,,5174,False
A,1221,42468464,encoded,,8813,False
A,1222,42501798,encoded,,8697,False
B,1222,42545094,encoded,,4828,False
A,1223,42568462,encoded,,8278,False
B,1223,42578431,encoded,,16462,False
A,1224,42601791,encoded,,7708,False
B,1224,42611751,encoded,,32705,False
A,1225,42635127,encoded,,7702,False
B,1225,42645066,encoded,,2564,False
A,1226,42668463,encoded,,11886,False
B,1226,42678397,encoded,,14731,False
A,1227,42701789,encoded,,16666,False
B,1227,42711731,encoded,,16666,False
A,1228,42735127,encoded,,19926,False
B,1228,42745066,encoded,,16667,False
A,1229,42768485,encoded,,13408,False
B,1229,42778405,encoded,,16667,False
A,1230,42801822,encoded,,16666,False
B,1230,42811733,encoded,,16666,False
A,1231,42835133,encoded,,125867,True
B,1231,42845065,encoded,,123078,True
A,1232,42868458,encoded,,8530,False
B,1232,42878418,encoded,,25439,False
A,1233,42901814,encoded,,14375,False
B,1233,42911750,encoded,,6752,False
B,1234,42945070,encoded,,23456,False
A,1234,42935132,encoded,,26171,False
B,1235,42978402,encoded,,10589,False
A,1235,42968477,encoded,,17803,False
B,1236,43011733,encoded,,24059,False
A,1236,43001798,encoded,,25074,False
B,1237,43045068,encoded,,13635,False
A,1237,43068471,encoded,,19443,False
B,1238,43078421,encoded,,13592,False
B,1239,43111740,encoded,,16475,False
A,1238,43101806,encoded,,11464,False
A,1239,43135139,encoded,,9357,False
B,1240,43145072,encoded,,14264,False
A,1240,43168467,encoded,,8523,False
B,1241,43178410,encoded,,15668,False
A,1241,43201796,encoded,,7565,False
B,1242,43211739,encoded,,18468,False
A,1242,43235136,encoded,,29284,False
B,1243,43245069,encoded,,11379,False
A,1243,43268477,encoded,,3177,False
B,1244,43278410,encoded,,9787,False
A,1244,43301803,encoded,,17831,False
B,1245,43311743,encoded,,7860,False
A,1245,43335144,encoded,,12260,False
B,1246,43345077,encoded,,7359,False
A,1246,43368469,encoded,,11002,False
B,1247,43411739,encoded,,6939,False
A,1247,43401823,encoded,,9952,False
B,1248,43445072,encoded,,6125,False
A,1248,43435145,encoded,,9575,False
B,1249,43478405,encoded,,5776,False
A,1249,43468477,encoded,,9112,False
B,1250,43511741,encoded,,5385,False
A,1250,43501807,encoded,,8823,False
B,1251,43545096,encoded,,4942,False
A,1251,43568464,encoded,,9401,False
B,1252,43578419,encoded,,4795,False
A,1252,43601800,encoded,,8510,False
B,1253,43611744,encoded,,7512,False
A,1253,43635137,encoded,,7902,False
B,1254,43645075,encoded,,16666,False
A,1254,43668471,encoded,,7817,False
B,1255,43678406,encoded,,37305,False
A,1255,43701806,encoded,,7555,False
B,1256,43711745,encoded,,6599,False
A,1256,43735138,encoded,,7657,False
B,1257,43745076,encoded,,6096,False
A,1257,43768467,encoded,,15970,False
B,1258,43778416,encoded,,16667,False
A,1258,43801810,encoded,,19810,False
B,1259,43811743,encoded,,16667,False
A,1259,43835146,encoded,,13524,False
B,1260,43845082,encoded,,16666,False
A,1260,43868469,encoded,,16666,False
B,1261,43878415,encoded,,137724,True
B,1262,43945081,encoded,,13153,False
A,1261,43901815,encoded,,126196,True
A,1262,43935156,encoded,,9310,False
B,1263,43978415,encoded,,10842,False
A,1263,43968495,encoded,,14087,False
B,1264,44011755,encoded,,24266,False
A,1264,44001807,encoded,,19711,False
B,1265,44045088,encoded,,14854,False
A,1265,44035139,encoded,,21338,False
B,1266,44078421,encoded,,29817,False
A,1266,44101802,encoded,,26479,False
B,1267,44111751,encoded,,12892,False
A,1267,44135134,encoded,,20232,False
B,1268,44145084,encoded,,11113,False
A,1268,44168479,encoded,,11433,False
B,1269,44178430,encoded,,15898,False
A,1269,44201822,encoded,,9723,False
B,1270,44211763,encoded,,9033,False
A,1270,44235158,encoded,,8415,False
B,1271,44245083,encoded,,17727,False
A,1271,44268504,encoded,,7889,False
B,1272,44278415,encoded,,11305,False
B,1273,44311754,encoded,,9198,False
A,1272,44301808,encoded,,29212,False
B,1274,44345104,encoded,,8024,False
A,1273,44335143,encoded,,3110,False
B,1275,44378418,encoded,,7019,False
A,1274,44368487,encoded,,17954,False
B,1276,44411766,encoded,,6868,False
A,1275,44401830,encoded,,11852,False
B,1277,44445098,encoded,,6425,False
A,1276,44435159,encoded,,11621,False
B,1278,44478444,encoded,,5717,False
A,1277,44468481,encoded,,10131,False
B,1279,44511774,encoded,,5459,False
A,1278,44501812,encoded,,9600,False
B,1280,44545086,encoded,,4921,False
A,1279,44535146,encoded,,9419,False
B,1281,44578443,encoded,,4971,False
A,1280,44568474,encoded,,8984,False
B,1282,44611756,encoded,,4778,False
A,1281,44601808,encoded,,8541,False
A,1282,44635142,encoded,,8358,False
B,1283,44645085,encoded,,11330,False
A,1283,44668480,encoded,,7940,False
B,1284,44678421,encoded,,20599,False
A,1284,44735149,encoded,,7618,False
B,1285,44745091,encoded,,32043,False
A,1285,44768480,encoded,,7507,False
B,1286,44778422,encoded,,1377,False
A,1286,44801810,encoded,,7511,False
B,1287,44811756,encoded,,12647,False
A,1287,44835151,encoded,,15829,False
B,1288,44845088,encoded,,16667,False
A,1288,44868483,encoded,,19296,False
B,1289,44878419,encoded,,16667,False
A,1289,44901816,encoded,,14038,False
B,1290,44911754,encoded,,16666,False
B,1291,44945095,encoded,,123113,True
A,1290,44935145,encoded,,16666,False
A,1291,44968478,encoded,,126108,True
B,1292,44978426,encoded,,12117,False
B,1293,45011754,encoded,,16263,False
A,1292,45001865,encoded,,9530,False
B,1294,45045092,encoded,,26386,False
A,1293,45035155,encoded,,13738,False
B,1295,45078421,encoded,,10048,False
A,1294,45068486,encoded,,28876,False
B,1296,45111770,encoded,,24135,False
A,1295,45101817,encoded,,18561,False
B,1297,45145091,encoded,,14003,False
A,1296,45135146,encoded,,31533,False
A,1297,45168484,encoded,,13045,False
B,1298,45178432,encoded,,15676,False
A,1298,45201815,encoded,,10311,False
B,1299,45211766,encoded,,14500,False
A,1299,45235154,encoded,,8907,False
B,1300,45245090,encoded,,13570,False
A,1300,45268487,encoded,,7972,False
B,1301,45278423,encoded,,15011,False
A,1301,45301822,encoded,,7044,False
B,1302,45311762,encoded,,8005,False
A,1302,45335157,encoded,,28567,False
B,1303,45345098,encoded,,16026,False
A,1303,45368499,encoded,,3100,False
B,1304,45378426,encoded,,9841,False
A,1304,45401826,encoded,,17665,False
B,1305,45445094,encoded,,8523,False
B,1306,45478428,encoded,,7627,False
A,1305,45435161,encoded,,12158,False
B,1307,45511762,encoded,,6532,False
A,1306,45501845,encoded,,10986,False
B,1308,45545095,encoded,,6455,False
A,1307,45535173,encoded,,10217,False
B,1309,45578427,encoded,,5974,False
A,1308,45568496,encoded,,9498,False
B,1310,45611762,encoded,,5620,False
A,1309,45601829,encoded,,9080,False
B,1311,45645096,encoded,,5157,False
A,1310,45635174,encoded,,8782,False
A,1311,45668503,encoded,,8289,False
B,1312,45678452,encoded,,5425,False
A,1312,45701846,encoded,,8827,False
B,1313,45711774,encoded,,13327,False
A,1313,45735161,encoded,,8568,False
B,1314,45745112,encoded,,32663,False
A,1314,45768486,encoded,,7971,False
B,1315,45778443,encoded,,15880,False
A,1315,45801817,encoded,,7968,False
B,1316,45811767,encoded,,2630,False
A,1316,45835158,encoded,,7547,False
B,1317,45878431,encoded,,15493,False
A,1317,45868487,encoded,,15152,False
B,1318,45911765,encoded,,16667,False
A,1318,45901824,encoded,,19684,False
B,1319,45945113,encoded,,16667,False
A,1319,45935155,encoded,,13650,False
B,1320,45978440,encoded,,16666,False
A,1320,46001820,encoded,,16666,False
B,1321,46011769,encoded,,122987,True
A,1321,46035154,encoded,,125849,True
B,1322,46045099,encoded,,18361,False
A,1322,46068495,encoded,,26430,False
B,1323,46078437,encoded,,23689,False
A,1323,46101836,encoded,,8561,False
B,1324,46111768,encoded,,23974,False
A,1324,46135157,encoded,,22892,False
B,1325,46145099,encoded,,25002,False
A,1325,46168499,encoded,,13653,False
B,1326,46178448,encoded,,9558,False
B,1327,46211767,encoded,,23991,False
A,1326,46201840,encoded,,19740,False
B,1328,46245102,encoded,,11061,False
A,1327,46235167,encoded,,19131,False
B,1329,46278434,encoded,,10856,False
B,1330,46311768,encoded,,16291,False
A,1328,46268494,encoded,,11028,False
B,1331,46345102,encoded,,8796,False
A,1329,46301826,encoded,,9187,False
B,1332,46378441,encoded,,17748,False
A,1334,46468510,dropped,capture_queue_full,,
A,1330,46335158,encoded,,8561,False
B,1333,46411770,encoded,,10800,False
A,1331,46368495,encoded,,7243,False
B,1334,46445104,encoded,,9082,False
A,1332,46401829,encoded,,28336,False
B,1335,46478438,encoded,,7891,False
A,1333,46435165,encoded,,2960,False
B,1336,46511770,encoded,,7198,False
A,1335,46501835,encoded,,5221,False
B,1337,46545107,encoded,,6726,False
A,1336,46535158,encoded,,19571,False
B,1338,46578435,encoded,,6009,False
A,1337,46568498,encoded,,12091,False
B,1339,46611789,encoded,,5720,False
A,1338,46601829,encoded,,10654,False
B,1340,46645110,encoded,,4934,False
A,1339,46635172,encoded,,9352,False
B,1341,46678446,encoded,,4885,False
A,1340,46668501,encoded,,10440,False
B,1342,46711773,encoded,,4816,False
A,1341,46701837,encoded,,9186,False
B,1343,46745106,encoded,,4791,False
A,1342,46735162,encoded,,8957,False
B,1344,46778456,encoded,,14834,False
A,1343,46768494,encoded,,8982,False
B,1345,46811795,encoded,,39426,False
A,1344,46801849,encoded,,7982,False
B,1346,46845122,encoded,,7116,False
A,1345,46835175,encoded,,8479,False
B,1347,46911773,encoded,,3458,False
A,1346,46868516,encoded,,8309,False
B,1348,46945105,encoded,,16667,False
A,1347,46901831,encoded,,10539,False
B,1349,46978455,encoded,,16667,False
A,1348,46935174,encoded,,16666,False
B,1350,47011777,encoded,,16666,False
A,1349,47001850,encoded,,19004,False
B,1351,47045128,encoded,,122926,True
A,1350,47035172,encoded,,14330,False
B,1352,47078446,encoded,,29159,False
A,1351,47068500,encoded,,16666,False
A,1352,47101853,encoded,,125753,True
B,1353,47111781,encoded,,14387,False
A,1353,47135176,encoded,,10472,False
B,1354,47145110,encoded,,21718,False
A,1354,47168515,encoded,,13589,False
B,1355,47178444,encoded,,25121,False
A,1355,47201831,encoded,,25507,False
B,1356,47211783,encoded,,9950,False
A,1356,47235166,encoded,,9027,False
B,1357,47245140,encoded,,23758,False
B,1358,47278453,encoded,,11481,False
A,1357,47268501,encoded,,26728,False
B,1359,47311779,encoded,,10873,False
A,1358,47301841,encoded,,24552,False
B,1360,47345134,encoded,,15223,False
A,1359,47335183,encoded,,12037,False
B,1361,47378450,encoded,,17799,False
A,1360,47368508,encoded,,9826,False
B,1362,47411785,encoded,,6379,False
A,1361,47401838,encoded,,8364,False
B,1363,47478447,encoded,,13907,False
A,1362,47435172,encoded,,7405,False
B,1364,47511779,encoded,,9944,False
A,1363,47501844,encoded,,28527,False
B,1365,47545117,encoded,,7852,False
A,1364,47535174,encoded,,2941,False
B,1366,47578451,encoded,,7250,False
A,1365,47568504,encoded,,18069,False
B,1367,47611780,encoded,,6580,False
A,1366,47601844,encoded,,12531,False
A,1367,47635173,encoded,,10997,False
B,1368,47645119,encoded,,5989,False
A,1368,47668504,encoded,,9931,False
B,1369,47678450,encoded,,5469,False
A,1369,47701854,encoded,,9800,False
B,1370,47711779,encoded,,5449,False
A,1370,47735169,encoded,,9131,False
B,1371,47745137,encoded,,5090,False
A,1371,47768506,encoded,,8479,False
B,1372,47778461,encoded,,4644,False
A,1372,47801850,encoded,,8618,False
B,1373,47811801,encoded,,4369,False
A,1373,47835196,encoded,,8600,False
B,1374,47845115,encoded,,17184,False
A,1374,47868515,encoded,,8448,False
B,1375,47911785,encoded,,19721,False
A,1375,47901857,encoded,,7728,False
B,1376,47945123,encoded,,11112,False
A,1376,47968507,encoded,,7647,False
B,1377,47978498,encoded,,16666,False
A,1377,48001849,encoded,,8627,False
B,1378,48011786,encoded,,16667,False
A,1378,48035179,encoded,,16666,False
B,1379,48045129,encoded,,16667,False
A,1379,48068509,encoded,,35938,False
B,1380,48078480,encoded,,16666,False
A,1380,48101849,encoded,,4439,False
B,1381,48111785,encoded,,123188,True
A,1381,48135178,encoded,,9623,False
B,1382,48145120,encoded,,12619,False
A,1382,48168515,encoded,,125896,True
B,1383,48178458,encoded,,22537,False
A,1383,48201851,encoded,,17699,False
B,1384,48211808,encoded,,27156,False
A,1384,48235184,encoded,,6736,False
B,1385,48245138,encoded,,15417,False
A,1385,48268511,encoded,,27433,False
B,1386,48278458,encoded,,25011,False
A,1386,48301850,encoded,,18909,False
B,1387,48311786,encoded,,21836,False
A,1387,48335178,encoded,,22768,False
B,1388,48345124,encoded,,20946,False
A,1388,48368516,encoded,,18808,False
B,1389,48378455,encoded,,9773,False
A,1389,48401847,encoded,,11752,False
B,1390,48411794,encoded,,8165,False
A,1390,48435192,encoded,,9240,False
B,1391,48478455,encoded,,7301,False
A,1391,48468525,encoded,,8439,False
B,1392,48511793,encoded,,15824,False
A,1392,48501872,encoded,,7828,False
B,1393,48545127,encoded,,9883,False
A,1393,48568518,encoded,,29040,False
B,1394,48578477,encoded,,8499,False
A,1394,48601846,encoded,,2864,False
B,1395,48611796,encoded,,7522,False
A,1395,48635179,encoded,,17869,False
B,1396,48645126,encoded,,6876,False
A,1396,48668512,encoded,,12114,False
B,1397,48678469,encoded,,6520,False
A,1397,48701872,encoded,,10823,False
B,1398,48711796,encoded,,5664,False
A,1398,48735185,encoded,,9834,False
B,1399,48745129,encoded,,5614,False
A,1399,48768526,encoded,,9262,False
B,1400,48778459,encoded,,5436,False
A,1400,48801857,encoded,,8892,False
B,1401,48811794,encoded,,5051,False
A,1401,48835182,encoded,,9325,False
B,1402,48845127,encoded,,5165,False
A,1402,48868523,encoded,,8738,False
B,1403,48878465,encoded,,7331,False
A,1403,48901859,encoded,,8904,False
B,1404,48911809,encoded,,16666,False
A,1404,48935200,encoded,,8767,False
B,1405,48945148,encoded,,35279,False
A,1405,48968520,encoded,,8795,False
B,1406,48978467,encoded,,2502,False
A,1406,49001860,encoded,,8228,False
B,1407,49045130,encoded,,12219,False
A,1407,49035191,encoded,,7542,False
B,1408,49078466,encoded,,16667,False
A,1408,49068523,encoded,,13495,False
B,1409,49111801,encoded,,16667,False
A,1409,49101851,encoded,,16667,False
B,1410,49145134,encoded,,16666,False
A,1410,49168526,encoded,,16667,False
B,1411,49178476,encoded,,123242,True
A,1411,49201863,encoded,,16666,False
B,1412,49211888,encoded,,8807,False
A,1412,49235188,encoded,,125849,True
B,1413,49245153,encoded,,21966,False
A,1413,49268530,encoded,,14536,False
B,1414,49278465,encoded,,25540,False
A,1414,49301851,encoded,,10041,False
B,1415,49311800,encoded,,11657,False
A,1415,49335206,encoded,,24960,False
B,1416,49345132,encoded,,30839,False
A,1416,49368540,encoded,,17533,False
B,1417,49378470,encoded,,17557,False
A,1417,49401866,encoded,,24514,False
B,1418,49411799,encoded,,16123,False
A,1418,49435199,encoded,,20102,False
B,1419,49445133,encoded,,18263,False
A,1419,49468519,encoded,,11584,False
B,1420,49478469,encoded,,9156,False
A,1420,49501860,encoded,,9484,False
B,1421,49511815,encoded,,8007,False
A,1421,49535195,encoded,,8096,False
B,1422,49545141,encoded,,7483,False
A,1422,49568530,encoded,,8182,False
B,1423,49578470,encoded,,15458,False
A,1423,49601863,encoded,,6863,False
B,1424,49611802,encoded,,10267,False
A,1424,49635189,encoded,,27733,False
B,1425,49645136,encoded,,9291,False
A,1425,49668528,encoded,,2944,False
B,1426,49711804,encoded,,9846,False
A,1426,49735188,encoded,,17344,False
B,1427,49745137,encoded,,8637,False
A,1427,49768529,encoded,,11939,False
B,1428,49778473,encoded,,8607,False
A,1428,49801857,encoded,,11173,False
B,1429,49811814,encoded,,8616,False
A,1429,49835194,encoded,,9827,False
B,1430,49845153,encoded,,7984,False
A,1430,49868527,encoded,,9616,False
A,1431,49901858,encoded,,9011,False
B,1431,49878473,encoded,,8364,False
B,1432,49911803,encoded,,8206,False
A,1432,49935204,encoded,,8701,False
B,1433,49945141,encoded,,8461,False
A,1433,49968532,encoded,,8285,False
B,1434,49978474,encoded,,8373,False
A,1434,50001879,encoded,,8213,False
B,1435,50011826,encoded,,8325,False
A,1435,50035207,encoded,,8219,False
B,1436,50045143,encoded,,14259,False
A,1436,50068527,encoded,,8976,False
B,1437,50078476,encoded,,16666,False
A,1437,50101859,encoded,,9609,False
B,1438,50111810,encoded,,16667,False
A,1438,50135196,encoded,,16666,False
B,1439,50145141,encoded,,16667,False
A,1439,50168529,encoded,,37443,False
B,1440,50178475,encoded,,16666,False
A,1440,50201864,encoded,,4002,False
B,1441,50211810,encoded,,123455,True
A,1441,50235195,encoded,,8555,False
B,1442,50245147,encoded,,16825,False
A,1442,50268536,encoded,,125709,True
B,1443,50311809,encoded,,22585,False
A,1443,50335201,encoded,,18395,False
B,1444,50345143,encoded,,22381,False
A,1444,50368533,encoded,,7097,False
B,1445,50378480,encoded,,26433,False
B,1446,50411811,encoded,,16290,False
A,1445,50401863,encoded,,23938,False
A,1446,50435205,encoded,,17516,False
B,1447,50445149,encoded,,26573,False
A,1447,50468528,encoded,,24960,False
B,1448,50478481,encoded,,5462,False
A,1448,50501877,encoded,,20657,False
B,1449,50511811,encoded,,14538,False
A,1449,50535211,encoded,,12747,False
B,1450,50545146,encoded,,10937,False
A,1450,50568533,encoded,,9483,False
B,1451,50578482,encoded,,18781,False
A,1451,50601874,encoded,,8990,False
B,1452,50611814,encoded,,11482,False
A,1452,50635212,encoded,,7717,False
B,1453,50645149,encoded,,9499,False
A,1453,50668535,encoded,,6808,False
B,1454,50678494,encoded,,8481,False
A,1454,50701878,encoded,,27345,False
B,1455,50711821,encoded,,8379,False
A,1455,50735208,encoded,,2889,False
B,1456,50745164,encoded,,7617,False
A,1456,50768546,encoded,,17537,False
B,1457,50778491,encoded,,15633,False
A,1457,50801866,encoded,,12123,False
B,1458,50811845,encoded,,11130,False
A,1458,50835201,encoded,,10448,False
B,1459,50845160,encoded,,9857,False
A,1459,50868538,encoded,,9923,False
B,1460,50878485,encoded,,9514,False
A,1460,50901882,encoded,,9433,False
B,1461,50945148,encoded,,9375,False
A,1461,50935205,encoded,,9540,False
B,1462,50978482,encoded,,8137,False
A,1462,50968536,encoded,,8610,False
B,1463,51011830,encoded,,7936,False
A,1463,51035211,encoded,,8178,False
B,1464,51045150,encoded,,7507,False
A,1464,51068547,encoded,,8531,False
B,1465,51078486,encoded,,8117,False
A,1465,51101883,encoded,,7962,False
B,1466,51111820,encoded,,7126,False
A,1466,51135222,encoded,,8161,False
B,1467,51145155,encoded,,6513,False
A,1467,51168550,encoded,,8637,False
B,1468,51178485,encoded,,16104,False
A,1468,51201873,encoded,,16666,False
B,1469,51211821,encoded,,43177,False
A,1469,51235213,encoded,,36542,False
B,1470,51245158,encoded,,3333,False
A,1470,51268548,encoded,,4013,False
B,1471,51278491,encoded,,123068,True
A,1471,51301879,encoded,,9445,False
B,1472,51311824,encoded,,18777,False
A,1472,51335207,encoded,,116699,True
B,1473,51345178,encoded,,16599,False
A,1473,51368546,encoded,,26044,False
B,1474,51378492,encoded,,17580,False
A,1474,51401876,encoded,,11470,False
B,1475,51445173,encoded,,19298,False
A,1475,51435227,encoded,,19510,False
B,1476,51478489,encoded,,14746,False
A,1476,51468562,encoded,,15923,False
B,1477,51511823,encoded,,25639,False
A,1477,51501887,encoded,,32760,False
B,1478,51545156,encoded,,10010,False
A,1478,51535205,encoded,,22182,False
B,1479,51578502,encoded,,18757,False
A,1479,51568546,encoded,,12395,False
B,1480,51611821,encoded,,21951,False
A,1480,51635217,encoded,,9932,False
B,1481,51645157,encoded,,10699,False
A,1481,51668546,encoded,,8682,False
B,1482,51678492,encoded,,8853,False
A,1482,51701875,encoded,,8048,False
B,1483,51711822,encoded,,7888,False
A,1483,51735227,encoded,,6758,False
B,1484,51745158,encoded,,8027,False
A,1484,51768553,encoded,,6575,False
B,1485,51778491,encoded,,6687,False
A,1485,51801893,encoded,,26680,False
B,1486,51811833,encoded,,6313,False
A,1486,51835215,encoded,,3011,False
B,1487,51845175,encoded,,13938,False
A,1487,51868547,encoded,,16891,False
B,1488,51878499,encoded,,10174,False
A,1488,51901877,encoded,,11600,False
B,1489,51911840,encoded,,8657,False
A,1489,51935213,encoded,,10701,False
B,1490,51945175,encoded,,7647,False
A,1490,51968556,encoded,,9647,False
B,1491,51978500,encoded,,7257,False
A,1491,52001897,encoded,,9475,False
B,1492,52011826,encoded,,7541,False
A,1492,52035221,encoded,,8678,False
B,1493,52045163,encoded,,7101,False
A,1493,52068550,encoded,,9202,False
B,1494,52111830,encoded,,7586,False
A,1494,52101917,encoded,,8368,False
B,1495,52145172,encoded,,6586,False
A,1495,52168548,encoded,,8216,False
B,1496,52178500,encoded,,8778,False
A,1496,52201891,encoded,,7872,False
B,1497,52211847,encoded,,16666,False
A,1497,52235222,encoded,,7898,False
B,1498,52245176,encoded,,42393,False
A,1498,52268557,encoded,,14783,False
B,1499,52278496,encoded,,3065,False
A,1499,52301895,encoded,,19798,False
B,1500,52311831,encoded,,4542,False
A,1500,52335221,encoded,,13536,False
B,1501,52345172,encoded,,122859,True
A,1501,52368596,encoded,,16666,False
B,1502,52378503,encoded,,14570,False
A,1502,52401894,encoded,,125964,True
B,1503,52411832,encoded,,15412,False
A,1503,52435215,encoded,,8418,False
B,1504,52445166,encoded,,17281,False
A,1504,52468554,encoded,,15587,False
B,1505,52478514,encoded,,18766,False
A,1505,52501901,encoded,,33858,False
B,1506,52511854,encoded,,19025,False
A,1506,52535238,encoded,,14096,False
B,1507,52545178,encoded,,29952,False
A,1507,52568567,encoded,,22098,False
B,1508,52578509,encoded,,17693,False
A,1508,52601891,encoded,,17558,False
B,1509,52611852,encoded,,21785,False
A,1509,52635218,encoded,,11254,False
A,1510,52668560,encoded,,9602,False
B,1510,52645179,encoded,,10540,False
A,1511,52701888,encoded,,8167,False
B,1511,52678510,encoded,,8934,False
A,1512,52735219,encoded,,7274,False
B,1512,52711853,encoded,,7933,False
A,1513,52768563,encoded,,28609,False
B,1513,52745171,encoded,,7246,False
A,1514,52801935,encoded,,2937,False
B,1514,52778533,encoded,,6177,False
A,1515,52835235,encoded,,17682,False
B,1515,52845171,encoded,,5968,False
A,1516,52868571,encoded,,11948,False
B,1516,52878507,encoded,,13314,False
A,1517,52901909,encoded,,10660,False
B,1517,52911839,encoded,,4608,False
A,1518,52935219,encoded,,9962,False
B,1518,52945173,encoded,,10393,False
B,1519,52978525,encoded,,7917,False
A,1519,53001892,encoded,,9362,False
B,1520,53011870,encoded,,6272,False
A,1520,53035229,encoded,,8818,False
B,1521,53045192,encoded,,5943,False
A,1521,53068561,encoded,,9997,False
B,1522,53078503,encoded,,5774,False
A,1522,53101892,encoded,,8696,False
B,1523,53111839,encoded,,5431,False
A,1523,53135233,encoded,,8013,False
B,1524,53145173,encoded,,16207,False
A,1524,53168570,encoded,,7913,False
B,1525,53178519,encoded,,42160,False
A,1525,53201893,encoded,,7362,False
B,1526,53211840,encoded,,2320,False
A,1526,53235243,encoded,,7765,False
B,1527,53278507,encoded,,5520,False
A,1527,53268576,encoded,,9734,False
B,1528,53311838,encoded,,16667,False
A,1528,53301897,encoded,,16666,False
B,1529,53345180,encoded,,16667,False
A,1529,53335225,encoded,,37708,False
B,1530,53378514,encoded,,16666,False
A,1530,53368567,encoded,,4473,False
B,1531,53411847,encoded,,122969,True
A,1531,53435240,encoded,,7819,False
A,1532,53468582,encoded,,125884,True
B,1532,53445179,encoded,,18577,False
A,1533,53501916,encoded,,18387,False
B,1533,53478517,encoded,,24368,False
A,1534,53535233,encoded,,6909,False
B,1534,53511842,encoded,,24294,False
A,1535,53568565,encoded,,24272,False
B,1535,53545188,encoded,,24892,False
A,1536,53601897,encoded,,9511,False
B,1536,53578518,encoded,,10260,False
A,1537,53635236,encoded,,26843,False
B,1537,53611848,encoded,,24086,False
A,1538,53668563,encoded,,16468,False
B,1538,53645186,encoded,,3721,False
A,1539,53701909,encoded,,18113,False
B,1539,53678512,encoded,,13251,False
A,1540,53735229,encoded,,10674,False
B,1540,53711856,encoded,,18091,False
A,1541,53768587,encoded,,8831,False
B,1541,53745178,encoded,,9626,False
A,1542,53801894,encoded,,8282,False
B,1542,53778512,encoded,,8110,False
A,1543,53835229,encoded,,7598,False
B,1543,53811853,encoded,,7494,False
A,1544,53868568,encoded,,28545,False
B,1544,53845179,encoded,,16042,False
A,1545,53901906,encoded,,2984,False
B,1545,53878529,encoded,,10340,False
A,1546,53935233,encoded,,17416,False
B,1546,53911870,encoded,,8558,False
A,1547,53968566,encoded,,3769,False
B,1547,53945179,encoded,,7701,False
A,1548,54001905,encoded,,15452,False
B,1548,53978514,encoded,,6719,False
A,1549,54035233,encoded,,11106,False
B,1549,54011846,encoded,,6131,False
A,1550,54068582,encoded,,9974,False
B,1550,54045186,encoded,,5904,False
A,1551,54101909,encoded,,9593,False
B,1551,54078513,encoded,,5794,False
A,1552,54135236,encoded,,9220,False
B,1552,54111850,encoded,,5499,False
A,1553,54168567,encoded,,8726,False
B,1553,54145186,encoded,,5223,False
A,1554,54201904,encoded,,8254,False
B,1554,54178517,encoded,,12350,False
A,1555,54235235,encoded,,8315,False
B,1555,54211848,encoded,,21725,False
A,1556,54268582,encoded,,7594,False
B,1556,54278519,encoded,,31613,False
A,1557,54335254,encoded,,10614,False
B,1557,54311860,encoded,,1553,False
A,1558,54368620,encoded,,16666,False
B,1558,54345202,encoded,,11776,False
B,1559,54378522,encoded,,16667,False
A,1559,54401900,encoded,,38196,False
B,1560,54411877,encoded,,16666,False
A,1560,54435239,encoded,,4131,False
B,1561,54445215,encoded,,123163,True
A,1561,54468574,encoded,,7673,False
B,1562,54478542,encoded,,18620,False
A,1562,54501913,encoded,,125927,True
B,1563,54545192,encoded,,24239,False
A,1563,54535255,encoded,,18074,False
A,1564,54601933,encoded,,6841,False
B,1564,54578537,encoded,,23740,False
A,1565,54635240,encoded,,24696,False
B,1565,54611878,encoded,,25255,False
B,1566,54645202,encoded,,10189,False
A,1566,54668578,encoded,,17328,False
B,1567,54678529,encoded,,24207,False
A,1567,54701902,encoded,,24842,False
B,1568,54711860,encoded,,11202,False
A,1568,54735242,encoded,,20417,False
B,1569,54745196,encoded,,10096,False
A,1569,54768573,encoded,,11479,False
B,1570,54778535,encoded,,17238,False
A,1570,54801907,encoded,,9324,False
B,1571,54811857,encoded,,9383,False
A,1571,54835247,encoded,,8604,False
B,1572,54845195,encoded,,7751,False
A,1572,54868577,encoded,,7541,False
B,1573,54878528,encoded,,16795,False
A,1573,54901920,encoded,,29021,False
B,1574,54911884,encoded,,10104,False
A,1574,54935247,encoded,,2966,False
B,1575,54978528,encoded,,9562,False
A,1575,54968597,encoded,,17828,False
B,1576,55011862,encoded,,8158,False
A,1576,55001928,encoded,,12382,False
B,1577,55045194,encoded,,6815,False
A,1577,55035257,encoded,,10651,False
B,1578,55078540,encoded,,6204,False
A,1578,55068577,encoded,,10086,False
B,1579,55111862,encoded,,5886,False
A,1579,55135248,encoded,,10044,False
B,1580,55145195,encoded,,5540,False
A,1580,55168584,encoded,,9104,False
B,1581,55178528,encoded,,5193,False
A,1581,55201939,encoded,,8501,False
B,1582,55211863,encoded,,4803,False
A,1582,55235264,encoded,,8209,False
B,1583,55245199,encoded,,4546,False
A,1583,55268602,encoded,,8937,False
B,1584,55278526,encoded,,11311,False
A,1584,55301913,encoded,,8018,False
B,1585,55311863,encoded,,22456,False
A,1585,55335254,encoded,,7890,False
A,1586,55368585,encoded,,7361,False
B,1586,55345198,encoded,,33155,False
B,1587,55378531,encoded,,1506,False
A,1587,55401916,encoded,,7296,False
B,1588,55411876,encoded,,9550,False
A,1588,55435253,encoded,,16633,False
B,1589,55445209,encoded,,16667,False
A,1589,55468592,encoded,,36590,False
B,1590,55478535,encoded,,16666,False
B,1591,55545199,encoded,,123041,True
A,1590,55501918,encoded,,4034,False
A,1591,55535257,encoded,,9376,False
B,1592,55578532,encoded,,22199,False
A,1592,55568583,encoded,,126086,True
B,1593,55611866,encoded,,8103,False
A,1593,55601926,encoded,,17981,False
B,1594,55645199,encoded,,25337,False
A,1594,55668583,encoded,,6909,False
A,1595,55701919,encoded,,24692,False
B,1595,55678531,encoded,,11632,False
A,1596,55735264,encoded,,17306,False
B,1596,55711866,encoded,,23647,False
B,1597,55745200,encoded,,13888,False
A,1597,55768580,encoded,,24411,False
B,1598,55778554,encoded,,15938,False
A,1598,55801938,encoded,,20145,False
B,1599,55811870,encoded,,14849,False
A,1599,55835251,encoded,,12677,False
B,1600,55845219,encoded,,14343,False
A,1600,55868582,encoded,,9638,False
B,1601,55878550,encoded,,15223,False
A,1601,55901919,encoded,,8493,False
B,1602,55911883,encoded,,8348,False
A,1602,55935251,encoded,,7553,False
B,1603,55945213,encoded,,16220,False
A,1603,55968583,encoded,,29244,False
B,1604,55978553,encoded,,11403,False
A,1604,56001935,encoded,,2951,False
B,1605,56011883,encoded,,9076,False
A,1605,56035273,encoded,,17887,False
B,1606,56045218,encoded,,7930,False
A,1606,56068585,encoded,,12619,False
B,1607,56078538,encoded,,7121,False
A,1607,56101931,encoded,,11553,False
B,1608,56111869,encoded,,6566,False
A,1608,56135254,encoded,,10336,False
B,1609,56145219,encoded,,5906,False
A,1609,56168588,encoded,,9331,False
B,1610,56178549,encoded,,5296,False
A,1610,56201925,encoded,,8882,False
B,1611,56211874,encoded,,5530,False
A,1611,56235258,encoded,,9645,False
B,1612,56245204,encoded,,5490,False
A,1612,56301923,encoded,,8679,False
B,1613,56311906,encoded,,6248,False
A,1613,56335267,encoded,,8378,False
B,1614,56345207,encoded,,16666,False
A,1614,56368605,encoded,,8093,False
B,1615,56378541,encoded,,34307,False
A,1615,56401950,encoded,,7769,False
B,1616,56411880,encoded,,2527,False
A,1616,56435269,encoded,,7781,False
B,1617,56445208,encoded,,13166,False
A,1617,56468611,encoded,,7364,False
B,1618,56478545,encoded,,16667,False
A,1618,56501932,encoded,,13597,False
B,1619,56511876,encoded,,16667,False
A,1619,56535264,encoded,,18660,False
B,1620,56545214,encoded,,16666,False
A,1620,56568603,encoded,,14674,False
B,1621,56578544,encoded,,137605,True
A,1621,56601924,encoded,,16666,False
B,1622,56611876,encoded,,14413,False
A,1622,56635260,encoded,,126057,True
B,1623,56645212,encoded,,11161,False
A,1623,56668602,encoded,,9576,False
B,1624,56711881,encoded,,24410,False
A,1624,56701948,encoded,,15214,False
B,1625,56745220,encoded,,8271,False
A,1625,56735258,encoded,,33699,False
B,1626,56778549,encoded,,22891,False
B,1627,56811879,encoded,,10692,False
A,1626,56768608,encoded,,13800,False
B,1628,56845226,encoded,,8633,False
A,1627,56801924,encoded,,28845,False
B,1629,56878548,encoded,,14308,False
A,1628,56868600,encoded,,13545,False
A,1629,56901928,encoded,,10258,False
B,1630,56911877,encoded,,17804,False
A,1630,56935264,encoded,,8621,False
B,1631,56945211,encoded,,18896,False
A,1631,56968601,encoded,,7931,False
B,1632,56978545,encoded,,13152,False
A,1632,57001957,encoded,,6965,False
B,1633,57011883,encoded,,9020,False
A,1633,57035268,encoded,,27850,False
B,1634,57045218,encoded,,7696,False
A,1634,57068615,encoded,,3050,False
B,1635,57078549,encoded,,6815,False
A,1635,57101944,encoded,,17718,False
B,1636,57111881,encoded,,6510,False
A,1636,57135268,encoded,,12310,False
B,1637,57145234,encoded,,6116,False
A,1637,57168595,encoded,,10737,False
B,1638,57178547,encoded,,5883,False
A,1638,57201934,encoded,,10153,False
B,1639,57211920,encoded,,5281,False
A,1639,57235271,encoded,,9213,False
B,1640,57278559,encoded,,5186,False
A,1640,57268599,encoded,,8795,False
B,1641,57311883,encoded,,5074,False
A,1641,57301946,encoded,,8801,False
B,1642,57345223,encoded,,6850,False
A,1642,57335283,encoded,,9042,False
B,1643,57378555,encoded,,16667,False
A,1643,57368639,encoded,,8324,False
B,1644,57411895,encoded,,40281,False
A,1644,57435264,encoded,,8029,False
B,1645,57445220,encoded,,1636,False
A,1645,57468608,encoded,,7738,False
B,1646,57478561,encoded,,8507,False
A,1646,57501935,encoded,,7510,False
B,1647,57511899,encoded,,16242,False
A,1647,57535296,encoded,,9553,False
B,1648,57545236,encoded,,16667,False
A,1648,57568618,encoded,,16666,False
B,1649,57578553,encoded,,16667,False
A,1649,57601953,encoded,,36376,False
B,1650,57611888,encoded,,16666,False
A,1650,57635273,encoded,,3806,False
B,1651,57645228,encoded,,123180,True
A,1651,57668599,encoded,,9818,False
B,1652,57678555,encoded,,22379,False
A,1652,57701948,encoded,,125994,True
B,1653,57711911,encoded,,8268,False
A,1653,57735274,encoded,,18392,False
B,1654,57745245,encoded,,16126,False
A,1654,57768607,encoded,,6904,False
B,1655,57778566,encoded,,16190,False
A,1655,57801937,encoded,,24269,False
B,1656,57811887,encoded,,12603,False
A,1656,57835285,encoded,,17591,False
B,1657,57878556,encoded,,22252,False
A,1657,57868636,encoded,,24087,False
B,1658,57911890,encoded,,14229,False
A,1658,57901960,encoded,,20890,False
B,1659,57945226,encoded,,13199,False
A,1659,57935287,encoded,,11300,False
B,1660,57978569,encoded,,18441,False
A,1660,57968609,encoded,,10321,False
B,1661,58011905,encoded,,16019,False
A,1661,58035277,encoded,,8844,False
B,1662,58045223,encoded,,25238,False
A,1662,58068605,encoded,,7673,False
B,1663,58078573,encoded,,4227,False
A,1663,58101951,encoded,,7157,False
B,1664,58111909,encoded,,10806,False
B,1665,58145239,encoded,,8185,False
A,1664,58135276,encoded,,27199,False
A,1665,58168608,encoded,,14938,False
B,1666,58178561,encoded,,7182,False
A,1666,58201948,encoded,,12016,False
B,1667,58211893,encoded,,6691,False
A,1667,58235284,encoded,,11073,False
B,1668,58245230,encoded,,5988,False
A,1668,58268614,encoded,,10691,False
B,1669,58278561,encoded,,5369,False
B,1670,58311897,encoded,,5136,False
A,1669,58301945,encoded,,9776,False
B,1671,58345231,encoded,,5203,False
A,1670,58335279,encoded,,8869,False
B,1672,58378565,encoded,,5371,False
A,1671,58368620,encoded,,8841,False
B,1673,58411901,encoded,,11052,False
A,1672,58401961,encoded,,8394,False
B,1674,58445228,encoded,,16666,False
A,1673,58435275,encoded,,7906,False
B,1675,58478569,encoded,,36295,False
A,1674,58468608,encoded,,8052,False
B,1676,58511911,encoded,,1919,False
A,1675,58501944,encoded,,8348,False
B,1677,58545253,encoded,,11786,False
A,1676,58535277,encoded,,7950,False
B,1678,58578568,encoded,,16667,False
A,1677,58568611,encoded,,7439,False
B,1679,58645231,encoded,,16667,False
A,1678,58635285,encoded,,15086,False
B,1680,58678568,encoded,,16666,False
A,1679,58668630,encoded,,19176,False
B,1681,58711900,encoded,,122903,True
A,1680,58701948,encoded,,14158,False
B,1682,58745235,encoded,,18703,False
A,1681,58735289,encoded,,16666,False
A,1682,58768628,encoded,,126014,True
B,1683,58778566,encoded,,23975,False
A,1683,58801955,encoded,,8364,False
B,1684,58811900,encoded,,24338,False
A,1684,58835288,encoded,,16296,False
B,1685,58845234,encoded,,25805,False
A,1685,58868615,encoded,,33919,False
B,1686,58878572,encoded,,10637,False
A,1686,58901967,encoded,,14428,False
B,1687,58911907,encoded,,23892,False
A,1687,58935281,encoded,,28882,False
B,1688,58945251,encoded,,11185,False
A,1688,58968619,encoded,,12826,False
B,1689,58978590,encoded,,9843,False
A,1689,59001949,encoded,,10236,False
B,1690,59011902,encoded,,17338,False
A,1690,59035283,encoded,,8711,False
B,1691,59045262,encoded,,9034,False
A,1691,59068621,encoded,,7682,False
B,1692,59078568,encoded,,17991,False
A,1692,59101956,encoded,,7122,False
B,1693,59111910,encoded,,10810,False
A,1693,59135302,encoded,,27817,False
A,1694,59168632,encoded,,2934,False
B,1694,59178577,encoded,,9685,False
B,1695,59211909,encoded,,8278,False
A,1695,59201959,encoded,,17302,False
B,1696,59245246,encoded,,7327,False
A,1696,59268625,encoded,,12241,False
B,1697,59278574,encoded,,6855,False
A,1697,59301953,encoded,,11094,False
B,1698,59311918,encoded,,6241,False
A,1698,59335297,encoded,,9865,False
B,1699,59345253,encoded,,5831,False
A,1699,59368618,encoded,,9377,False
B,1700,59378584,encoded,,5467,False
A,1700,59402001,encoded,,9004,False
B,1701,59411925,encoded,,5456,False
A,1701,59435295,encoded,,8315,False
B,1702,59445240,encoded,,5121,False
A,1702,59468632,encoded,,8348,False
B,1703,59478577,encoded,,4585,False
A,1703,59501954,encoded,,8110,False
B,1704,59511911,encoded,,8700,False
A,1704,59535294,encoded,,8030,False
B,1705,59545242,encoded,,16667,False
A,1705,59568627,encoded,,7677,False
B,1706,59578574,encoded,,29709,False
A,1706,59601953,encoded,,7174,False
B,1707,59611921,encoded,,3624,False
A,1707,59635292,encoded,,11566,False
B,1708,59645257,encoded,,16667,False
A,1708,59668633,encoded,,16666,False
B,1709,59711911,encoded,,16667,False
A,1709,59701971,encoded,,18446,False
B,1710,59745245,encoded,,16666,False
A,1710,59735315,encoded,,14888,False
B,1711,59778575,encoded,,123078,True
A,1711,59768639,encoded,,16666,False
B,1712,59811910,encoded,,21901,False
A,1712,59835298,encoded,,116839,True
B,1713,59845248,encoded,,12314,False
A,1713,59868632,encoded,,22347,False
B,1714,59878594,encoded,,25152,False
A,1714,59901968,encoded,,15408,False
A,1715,59935298,encoded,,24050,False
B,1715,59911933,encoded,,17453,False
A,1716,59968645,encoded,,18298,False
B,1716,59945260,encoded,,25790,False
A,1717,60001968,encoded,,24320,False
B,1717,59978587,encoded,,17657,False
A,1718,60035297,encoded,,20004,False
B,1718,60011912,encoded,,14984,False
A,1719,60068625,encoded,,11772,False
B,1719,60045267,encoded,,17580,False
A,1720,60101960,encoded,,9429,False
B,1720,60078599,encoded,,8883,False
A,1721,60135294,encoded,,8920,False
B,1721,60111931,encoded,,7605,False
A,1722,60168630,encoded,,7599,False
B,1722,60145269,encoded,,7115,False
A,1723,60201977,encoded,,6909,False
B,1723,60178602,encoded,,15117,False
A,1724,60235314,encoded,,28731,False
B,1724,60211916,encoded,,9580,False
A,1725,60268643,encoded,,2960,False
B,1725,60245261,encoded,,8815,False
A,1726,60301967,encoded,,17162,False
B,1726,60278585,encoded,,6890,False
A,1727,60335312,encoded,,12160,False
B,1727,60311926,encoded,,6530,False
A,1728,60368629,encoded,,10952,False
B,1728,60345253,encoded,,6052,False
A,1729,60401983,encoded,,9782,False
B,1729,60378610,encoded,,5796,False
A,1730,60435296,encoded,,9409,False
B,1730,60411921,encoded,,5436,False
B,1731,60445288,encoded,,5128,False
B,1732,60478602,encoded,,4831,False
B,1733,60511932,encoded,,9647,False
