camera,sequence,pts_us,status,drop_reason,encoded_bytes,keyframe
A,0,283679,dropped,camera_frame_error,,
B,0,538833,dropped,camera_frame_error,,
A,1,317016,encoded,,65482,True
A,2,550356,encoded,,80,False
B,1,572171,encoded,,76444,True
A,3,583684,encoded,,158,False
B,2,605511,encoded,,749,False
A,4,617020,encoded,,49364,False
B,3,638835,encoded,,646,False
A,5,650353,encoded,,1810,False
B,4,672180,encoded,,51403,False
A,6,683688,encoded,,12901,False
B,5,705506,encoded,,654,False
A,7,717036,encoded,,19065,False
B,6,738850,encoded,,16788,False
A,8,750355,encoded,,3350,False
B,7,772189,encoded,,13352,False
A,9,783690,encoded,,25372,False
B,8,805529,encoded,,13264,False
A,10,817038,encoded,,3917,False
B,9,838851,encoded,,15669,False
A,11,850357,encoded,,7923,False
B,10,872177,encoded,,4227,False
A,12,883694,encoded,,13113,False
B,11,905511,encoded,,23886,False
A,13,917036,encoded,,5066,False
B,12,938858,encoded,,1424,False
A,14,950367,encoded,,19202,False
B,13,972200,encoded,,7396,False
A,15,983696,encoded,,6177,False
B,14,1005531,encoded,,14255,False
A,16,1017030,encoded,,9380,False
B,15,1038848,encoded,,5852,False
A,17,1050370,encoded,,16667,False
B,16,1072185,encoded,,4598,False
A,18,1083715,encoded,,26448,False
A,19,1117032,encoded,,6885,False
B,17,1105524,encoded,,17278,False
A,20,1150372,encoded,,16667,False
B,18,1138856,encoded,,7808,False
A,21,1183714,encoded,,16666,False
B,19,1172185,encoded,,16667,False
A,22,1217039,encoded,,16667,False
B,20,1205526,encoded,,19295,False
A,23,1250369,encoded,,16667,False
B,21,1238852,encoded,,14038,False
B,22,1272192,encoded,,16667,False
A,24,1283708,encoded,,16666,False
B,23,1305521,encoded,,16667,False
A,25,1317043,encoded,,16667,False
B,24,1338860,encoded,,16666,False
A,26,1350372,encoded,,16667,False
B,25,1372193,encoded,,16667,False
A,27,1383711,encoded,,16666,False
B,26,1405527,encoded,,16667,False
A,28,1417057,encoded,,16667,False
B,27,1438871,encoded,,16666,False
A,29,1450381,encoded,,16667,False
B,28,1472192,encoded,,16667,False
A,30,1483723,encoded,,16666,False
B,29,1505525,encoded,,16667,False
A,31,1517042,encoded,,114823,True
B,30,1538871,encoded,,16666,False
A,32,1550377,encoded,,25097,False
B,31,1572205,encoded,,122292,True
A,33,1583709,encoded,,268,False
B,32,1605538,encoded,,20113,False
A,34,1617043,encoded,,2344,False
B,33,1638877,encoded,,689,False
A,35,1650384,encoded,,7091,False
B,34,1672199,encoded,,2845,False
A,36,1683713,encoded,,10606,False
A,37,1717047,encoded,,5176,False
B,35,1705547,encoded,,8679,False
B,36,1738886,encoded,,18131,False
A,38,1750383,encoded,,3985,False
B,37,1772201,encoded,,5935,False
A,39,1783720,encoded,,20951,False
B,38,1805539,encoded,,4658,False
A,40,1817049,encoded,,8681,False
B,39,1838867,encoded,,16529,False
A,41,1850388,encoded,,6975,False
B,40,1872221,encoded,,7870,False
B,41,1905540,encoded,,6503,False
A,42,1883718,encoded,,5703,False
B,42,1938876,encoded,,5657,False
A,43,1917063,encoded,,4967,False
B,43,1972203,encoded,,4950,False
A,44,1950399,encoded,,16667,False
B,44,2005545,encoded,,8483,False
A,45,1983729,encoded,,28178,False
B,45,2038883,encoded,,20284,False
A,46,2017070,encoded,,5155,False
A,47,2050401,encoded,,16667,False
B,46,2072215,encoded,,32472,False
A,48,2083731,encoded,,16666,False
B,47,2105546,encoded,,1455,False
A,49,2117062,encoded,,16667,False
B,48,2138880,encoded,,12455,False
A,50,2150391,encoded,,16667,False
B,49,2172209,encoded,,16667,False
B,50,2205549,encoded,,19684,False
A,51,2183725,encoded,,16666,False
B,51,2238879,encoded,,13649,False
A,52,2217063,encoded,,16667,False
B,52,2272220,encoded,,16667,False
A,53,2250406,encoded,,16667,False
B,53,2305553,encoded,,16667,False
A,54,2283726,encoded,,16666,False
B,54,2338900,encoded,,16666,False
A,55,2317063,encoded,,16667,False
B,55,2372232,encoded,,16667,False
A,56,2350401,encoded,,16667,False
B,56,2405552,encoded,,16667,False
A,57,2383735,encoded,,16666,False
B,57,2438890,encoded,,16666,False
B,58,2472218,encoded,,16667,False
A,58,2417078,encoded,,16667,False
B,59,2505563,encoded,,16667,False
A,59,2450402,encoded,,16667,False
B,60,2538892,encoded,,16666,False
A,60,2483742,encoded,,16666,False
B,61,2572224,encoded,,121924,True
A,61,2517070,encoded,,115024,True
B,62,2605553,encoded,,17343,False
A,62,2550405,encoded,,20397,False
B,63,2638896,encoded,,10690,False
A,63,2583737,encoded,,10182,False
A,64,2617072,encoded,,12041,False
B,64,2672228,encoded,,19121,False
A,65,2650412,encoded,,16799,False
B,65,2705571,encoded,,22548,False
A,66,2683743,encoded,,14601,False
B,66,2738910,encoded,,8811,False
A,67,2717072,encoded,,16323,False
B,67,2772241,encoded,,6515,False
A,68,2750407,encoded,,9835,False
B,68,2805578,encoded,,19116,False
A,69,2783746,encoded,,7474,False
B,69,2838895,encoded,,9578,False
A,70,2817074,encoded,,6427,False
B,70,2872229,encoded,,7950,False
B,71,2905569,encoded,,6586,False
A,71,2850409,encoded,,5523,False
B,72,2938895,encoded,,6010,False
A,72,2883742,encoded,,5234,False
B,73,2972233,encoded,,5539,False
A,73,2917077,encoded,,5000,False
B,74,3005575,encoded,,4937,False
A,78,3083759,dropped,capture_queue_full,,
A,74,2950416,encoded,,19492,False
B,75,3038916,encoded,,19499,False
A,75,2983752,encoded,,11289,False
B,76,3072232,encoded,,3177,False
A,76,3017079,encoded,,8729,False
B,77,3105565,encoded,,19492,False
A,77,3050414,encoded,,7483,False
B,78,3138908,encoded,,10669,False
A,79,3117086,encoded,,8147,False
B,79,3172237,encoded,,8769,False
A,80,3150426,encoded,,16667,False
B,80,3205583,encoded,,7784,False
A,81,3183755,encoded,,32628,False
B,81,3238904,encoded,,13942,False
A,82,3217081,encoded,,4453,False
B,82,3272252,encoded,,16667,False
A,83,3250418,encoded,,12919,False
B,83,3305574,encoded,,16667,False
A,84,3283759,encoded,,16667,False
B,84,3338919,encoded,,16666,False
A,85,3317089,encoded,,16666,False
B,85,3372242,encoded,,16667,False
A,86,3350425,encoded,,16667,False
B,86,3405574,encoded,,16667,False
A,87,3383753,encoded,,16667,False
B,87,3438914,encoded,,16666,False
A,88,3417102,encoded,,16666,False
B,88,3472244,encoded,,16667,False
A,89,3450428,encoded,,16667,False
B,89,3505578,encoded,,16667,False
A,90,3483757,encoded,,16667,False
B,90,3538914,encoded,,16666,False
A,91,3517099,encoded,,16666,False
B,91,3572250,encoded,,122091,True
A,92,3550430,encoded,,124165,True
B,92,3605578,encoded,,19950,False
A,93,3583764,encoded,,17057,False
B,93,3638913,encoded,,10790,False
A,94,3617101,encoded,,5884,False
B,94,3672257,encoded,,18056,False
A,95,3650442,encoded,,13571,False
B,95,3705589,encoded,,20630,False
A,96,3683772,encoded,,14484,False
B,96,3738934,encoded,,16900,False
A,97,3717114,encoded,,17562,False
B,97,3772250,encoded,,14890,False
A,98,3750444,encoded,,11216,False
B,98,3805583,encoded,,8527,False
A,99,3783778,encoded,,25748,False
B,99,3838918,encoded,,7021,False
A,100,3817098,encoded,,12191,False
B,100,3872252,encoded,,19857,False
A,101,3850437,encoded,,9658,False
B,101,3905601,encoded,,11782,False
A,102,3883781,encoded,,8490,False
B,102,3938935,encoded,,19727,False
A,103,3917111,encoded,,7803,False
B,103,3972269,encoded,,11217,False
A,104,3950457,encoded,,6990,False
B,104,4005606,encoded,,9255,False
A,105,3983774,encoded,,6184,False
B,105,4038935,encoded,,8585,False
A,106,4017108,encoded,,6017,False
B,106,4072269,encoded,,7586,False
A,107,4050443,encoded,,5412,False
B,107,4105592,encoded,,7127,False
A,108,4083771,encoded,,5169,False
B,108,4138927,encoded,,6954,False
A,109,4117106,encoded,,5556,False
B,109,4172268,encoded,,6793,False
A,110,4150445,encoded,,13510,False
B,110,4205599,encoded,,6871,False
A,111,4183773,encoded,,23124,False
B,111,4238939,encoded,,6193,False
B,112,4272264,encoded,,6076,False
A,112,4217114,encoded,,12531,False
B,113,4305602,encoded,,16456,False
A,113,4250443,encoded,,14345,False
B,114,4338933,encoded,,23602,False
A,114,4283776,encoded,,16667,False
B,115,4372263,encoded,,9731,False
A,115,4317109,encoded,,16666,False
B,116,4405598,encoded,,16667,False
A,116,4350459,encoded,,16667,False
B,117,4438933,encoded,,16666,False
A,117,4383785,encoded,,16667,False
B,118,4472281,encoded,,16667,False
A,118,4417119,encoded,,16666,False
B,119,4505605,encoded,,16667,False
A,119,4450449,encoded,,16667,False
B,120,4538948,encoded,,16666,False
A,120,4483782,encoded,,16667,False
B,121,4572269,encoded,,121981,True
A,121,4517116,encoded,,16666,False
B,122,4605617,encoded,,20086,False
A,126,4683787,dropped,capture_queue_full,,
A,122,4550452,encoded,,123932,True
B,123,4638952,encoded,,11852,False
A,123,4583789,encoded,,23639,False
B,124,4672280,encoded,,17697,False
A,124,4617118,encoded,,8663,False
B,125,4705619,encoded,,16956,False
B,126,4738943,encoded,,16645,False
A,130,4817121,dropped,capture_queue_full,,
A,125,4650458,encoded,,21399,False
B,127,4772279,encoded,,17413,False
A,127,4717119,encoded,,19799,False
B,128,4805610,encoded,,18969,False
B,129,4838944,encoded,,11981,False
A,128,4750458,encoded,,9329,False
A,134,4950459,dropped,capture_queue_full,,
B,130,4872278,encoded,,10282,False
A,129,4783789,encoded,,18728,False
A,131,4850461,encoded,,6104,False
B,131,4905609,encoded,,9418,False
A,132,4883792,encoded,,17387,False
B,132,4938945,encoded,,9381,False
A,133,4917124,encoded,,9570,False
B,133,4972284,encoded,,8843,False
A,135,4983810,encoded,,10677,False
B,134,5005619,encoded,,21969,False
A,136,5017144,encoded,,7294,False
B,135,5038948,encoded,,7154,False
A,137,5050467,encoded,,6164,False
B,136,5072287,encoded,,15956,False
A,138,5083802,encoded,,6306,False
B,137,5105636,encoded,,9308,False
A,139,5117129,encoded,,8157,False
B,138,5138961,encoded,,11650,False
A,140,5150467,encoded,,26317,False
B,139,5172296,encoded,,15160,False
A,141,5183806,encoded,,5664,False
B,140,5205620,encoded,,11428,False
A,142,5217137,encoded,,18685,False
B,141,5238954,encoded,,11661,False
A,143,5250480,encoded,,12379,False
B,142,5272291,encoded,,11476,False
A,144,5283803,encoded,,3847,False
B,143,5305643,encoded,,10760,False
A,145,5317139,encoded,,13851,False
B,144,5338961,encoded,,10634,False
A,146,5350468,encoded,,10393,False
B,145,5372294,encoded,,11523,False
A,147,5383811,encoded,,9530,False
B,146,5405628,encoded,,27044,False
A,148,5417143,encoded,,9249,False
B,147,5438957,encoded,,8099,False
A,149,5450472,encoded,,10340,False
B,148,5472293,encoded,,19996,False
A,150,5483806,encoded,,15931,False
A,151,5517140,encoded,,16666,False
B,149,5505625,encoded,,15072,False
A,152,5550479,encoded,,16667,False
B,154,5672300,dropped,capture_queue_full,,
B,150,5538960,encoded,,13493,False
A,153,5583808,encoded,,16667,False
B,151,5572300,encoded,,121777,True
B,152,5605627,encoded,,7680,False
A,154,5617142,encoded,,16666,False
B,153,5638976,encoded,,12818,False
A,155,5650476,encoded,,124115,True
A,160,5817148,dropped,capture_queue_full,,
A,156,5683811,encoded,,20980,False
B,155,5705634,encoded,,13755,False
A,157,5717151,encoded,,11133,False
B,156,5738983,encoded,,20605,False
A,158,5750479,encoded,,21142,False
B,157,5772338,encoded,,14981,False
B,158,5805646,encoded,,17830,False
A,159,5783812,encoded,,16633,False
B,159,5838971,encoded,,18480,False
A,161,5850490,encoded,,12494,False
B,160,5872302,encoded,,14615,False
A,162,5883823,encoded,,18115,False
B,161,5905636,encoded,,12498,False
A,163,5917162,encoded,,16920,False
B,162,5938976,encoded,,14153,False
A,164,5950481,encoded,,10310,False
B,163,5972303,encoded,,17302,False
A,165,5983825,encoded,,8550,False
B,164,6005639,encoded,,11755,False
A,170,6150491,dropped,capture_queue_full,,
A,166,6017150,encoded,,7730,False
B,165,6038979,encoded,,10600,False
A,167,6050483,encoded,,7289,False
B,170,6205652,dropped,capture_queue_full,,
A,168,6083821,encoded,,6468,False
B,166,6072307,encoded,,10013,False
A,169,6117153,encoded,,26673,False
B,167,6105644,encoded,,9869,False
A,171,6183834,encoded,,4407,False
B,168,6138973,encoded,,9975,False
A,172,6217162,encoded,,4048,False
B,169,6172312,encoded,,9550,False
A,173,6250494,encoded,,18795,False
B,171,6238993,encoded,,12327,False
B,172,6272330,encoded,,9511,False
A,174,6283831,encoded,,12213,False
B,173,6305653,encoded,,9547,False
A,175,6317159,encoded,,10915,False
B,174,6338998,encoded,,9249,False
A,176,6350495,encoded,,9671,False
A,177,6383838,encoded,,9472,False
B,175,6372317,encoded,,9172,False
A,178,6417171,encoded,,8828,False
B,176,6405651,encoded,,9232,False
B,177,6438996,encoded,,19576,False
A,179,6450503,encoded,,8372,False
B,178,6472315,encoded,,23086,False
A,180,6483830,encoded,,8571,False
B,179,6505652,encoded,,15628,False
A,181,6517163,encoded,,12823,False
B,180,6538986,encoded,,14206,False
A,182,6550502,encoded,,16667,False
B,181,6572333,encoded,,13581,False
A,183,6583844,encoded,,16666,False
B,182,6605652,encoded,,12202,False
A,184,6617175,encoded,,16667,False
B,183,6638997,encoded,,113505,True
A,185,6650502,encoded,,16667,False
B,188,6805670,dropped,capture_queue_full,,
A,186,6683839,encoded,,16666,False
B,184,6672324,encoded,,18139,False
A,187,6717174,encoded,,124176,True
B,185,6705660,encoded,,13143,False
A,188,6750508,encoded,,16685,False
B,186,6738997,encoded,,16497,False
A,189,6783834,encoded,,9808,False
B,187,6772327,encoded,,16562,False
A,190,6817170,encoded,,21946,False
B,189,6839001,encoded,,12820,False
A,191,6850502,encoded,,17985,False
B,190,6872330,encoded,,11867,False
A,192,6883838,encoded,,24383,False
B,191,6905665,encoded,,17782,False
A,193,6917172,encoded,,19914,False
B,192,6939002,encoded,,11964,False
A,194,6950522,encoded,,11454,False
B,193,6972349,encoded,,12796,False
A,195,6983852,encoded,,9909,False
B,194,7005661,encoded,,10740,False
A,196,7017175,encoded,,8232,False
B,195,7039000,encoded,,11851,False
A,197,7050514,encoded,,7406,False
B,196,7072331,encoded,,14403,False
A,198,7083849,encoded,,19959,False
B,197,7105682,encoded,,14530,False
A,199,7117182,encoded,,19732,False
B,198,7139008,encoded,,9571,False
A,200,7150520,encoded,,2650,False
B,199,7172340,encoded,,8683,False
A,201,7183857,encoded,,16084,False
B,200,7205685,encoded,,7909,False
A,202,7217187,encoded,,11233,False
B,201,7239018,encoded,,7937,False
A,203,7250514,encoded,,10506,False
B,202,7272353,encoded,,7252,False
A,204,7283853,encoded,,10002,False
B,207,7439026,dropped,capture_queue_full,,
A,205,7317181,encoded,,9957,False
B,203,7305679,encoded,,19157,False
B,204,7339008,encoded,,13011,False
A,206,7350521,encoded,,8876,False
B,205,7372352,encoded,,19052,False
A,207,7383859,encoded,,9065,False
B,206,7405671,encoded,,12371,False
A,212,7550531,dropped,capture_queue_full,,
A,208,7417189,encoded,,8110,False
B,208,7472362,encoded,,4692,False
A,209,7450518,encoded,,7803,False
B,209,7505685,encoded,,14180,False
A,210,7483854,encoded,,7455,False
B,210,7539027,encoded,,9930,False
A,211,7517195,encoded,,7424,False
B,211,7572355,encoded,,9128,False
A,213,7583857,encoded,,12580,False
B,212,7605697,encoded,,7816,False
A,214,7617188,encoded,,16666,False
B,213,7639025,encoded,,6958,False
A,215,7650525,encoded,,37895,False
B,214,7672352,encoded,,16294,False
A,216,7683867,encoded,,4179,False
B,215,7705677,encoded,,124607,True
A,217,7717194,encoded,,7926,False
B,216,7739018,encoded,,15657,False
A,218,7750527,encoded,,123920,True
B,217,7772353,encoded,,19059,False
A,219,7783861,encoded,,17690,False
B,218,7805688,encoded,,6331,False
A,220,7817194,encoded,,7264,False
B,219,7839023,encoded,,11310,False
A,221,7850529,encoded,,23776,False
B,220,7872357,encoded,,14939,False
A,222,7883863,encoded,,17740,False
B,221,7905688,encoded,,9918,False
A,223,7917197,encoded,,23737,False
B,222,7939032,encoded,,18669,False
A,224,7950537,encoded,,20461,False
B,223,7972352,encoded,,20534,False
A,225,7983864,encoded,,11553,False
B,224,8005694,encoded,,9020,False
A,226,8017213,encoded,,9371,False
B,225,8039021,encoded,,7736,False
A,227,8050533,encoded,,8121,False
B,226,8072360,encoded,,21287,False
B,230,8205696,dropped,capture_queue_full,,
A,228,8083886,encoded,,20739,False
B,227,8105698,encoded,,5168,False
A,229,8117202,encoded,,4763,False
B,228,8139036,encoded,,23096,False
A,230,8150545,encoded,,22133,False
B,229,8172361,encoded,,12494,False
A,231,8183870,encoded,,13530,False
B,231,8239028,encoded,,4248,False
A,232,8217204,encoded,,11394,False
B,232,8272371,encoded,,3707,False
A,233,8250538,encoded,,10192,False
B,233,8305700,encoded,,14728,False
A,234,8283878,encoded,,9608,False
B,234,8339028,encoded,,9758,False
A,235,8317205,encoded,,9109,False
B,235,8372363,encoded,,8285,False
A,236,8350541,encoded,,8627,False
B,236,8405700,encoded,,8175,False
A,237,8383879,encoded,,8344,False
B,237,8439030,encoded,,7253,False
A,238,8417207,encoded,,7910,False
B,238,8472381,encoded,,7355,False
A,239,8450544,encoded,,7930,False
A,240,8483879,encoded,,8115,False
B,239,8505712,encoded,,16666,False
A,241,8517226,encoded,,7798,False
B,240,8539036,encoded,,24387,False
A,242,8550561,encoded,,7281,False
B,241,8572381,encoded,,8947,False
A,243,8583880,encoded,,12228,False
B,242,8605711,encoded,,16666,False
A,244,8617220,encoded,,16666,False
B,243,8639038,encoded,,16667,False
A,245,8650548,encoded,,16667,False
B,244,8672374,encoded,,16667,False
A,246,8683889,encoded,,16667,False
B,245,8705705,encoded,,16666,False
A,251,8850565,dropped,capture_queue_full,,
A,247,8717228,encoded,,16666,False
B,246,8739040,encoded,,123912,True
A,248,8750548,encoded,,124093,True
B,251,8905709,dropped,capture_queue_full,,
B,247,8772372,encoded,,16778,False
A,249,8783897,encoded,,27096,False
A,250,8817224,encoded,,7425,False
B,248,8805714,encoded,,11994,False
A,252,8883885,encoded,,20585,False
B,249,8839047,encoded,,20470,False
A,253,8917221,encoded,,16163,False
B,255,9039051,dropped,capture_queue_full,,
B,250,8872380,encoded,,10939,False
A,254,8950559,encoded,,22101,False
B,252,8939045,encoded,,16297,False
A,255,8983889,encoded,,17473,False
A,256,9017226,encoded,,10559,False
B,253,8972389,encoded,,9832,False
A,257,9050558,encoded,,9901,False
B,254,9005723,encoded,,10362,False
A,258,9083898,encoded,,8142,False
B,256,9072393,encoded,,12607,False
A,259,9117226,encoded,,20044,False
B,257,9105719,encoded,,17048,False
A,260,9150566,encoded,,21339,False
B,258,9139063,encoded,,21439,False
A,261,9183893,encoded,,2852,False
B,259,9172397,encoded,,22877,False
A,262,9217227,encoded,,16088,False
B,260,9205720,encoded,,12494,False
A,263,9250560,encoded,,11746,False
B,261,9239050,encoded,,10648,False
A,264,9283904,encoded,,10089,False
A,265,9317229,encoded,,9611,False
B,262,9272400,encoded,,9498,False
A,266,9350573,encoded,,9147,False
B,263,9305725,encoded,,8350,False
B,268,9472410,dropped,capture_queue_full,,
A,267,9383899,encoded,,8691,False
B,264,9339053,encoded,,7821,False
B,265,9372389,encoded,,6908,False
A,268,9417232,encoded,,8319,False
B,266,9405721,encoded,,6773,False
A,269,9450571,encoded,,8002,False
B,267,9439062,encoded,,6372,False
A,270,9483903,encoded,,7680,False
B,269,9505738,encoded,,7852,False
A,271,9517237,encoded,,8031,False
B,270,9539057,encoded,,6005,False
A,272,9550576,encoded,,7543,False
B,271,9572392,encoded,,6058,False
A,273,9583917,encoded,,7774,False
B,272,9605732,encoded,,17285,False
A,274,9617243,encoded,,12840,False
B,273,9639061,encoded,,24067,False
A,275,9650571,encoded,,16666,False
B,274,9672401,encoded,,8648,False
A,276,9683912,encoded,,16667,False
B,275,9705730,encoded,,16666,False
A,277,9717241,encoded,,16667,False
B,276,9739067,encoded,,16667,False
A,278,9750574,encoded,,16666,False
B,277,9772397,encoded,,16667,False
A,279,9783915,encoded,,124147,True
B,278,9805737,encoded,,16666,False
A,280,9817245,encoded,,20933,False
B,279,9839086,encoded,,123922,True
A,281,9850587,encoded,,10714,False
B,280,9872417,encoded,,16658,False
A,282,9883920,encoded,,17175,False
B,281,9905748,encoded,,12066,False
A,283,9917257,encoded,,20473,False
B,282,9939088,encoded,,20400,False
A,284,9950591,encoded,,19059,False
B,283,9972423,encoded,,16307,False
A,285,9983924,encoded,,21691,False
B,284,10005753,encoded,,11335,False
A,286,10017245,encoded,,10590,False
B,285,10039088,encoded,,14092,False
A,287,10050592,encoded,,8701,False
B,286,10072404,encoded,,22201,False
A,288,10083925,encoded,,20635,False
B,287,10105737,encoded,,10871,False
A,289,10117248,encoded,,22084,False
B,288,10139074,encoded,,10851,False
A,290,10150583,encoded,,2937,False
B,289,10172414,encoded,,16727,False
A,291,10183929,encoded,,16619,False
B,290,10205745,encoded,,14391,False
A,292,10217255,encoded,,12396,False
B,291,10239082,encoded,,20551,False
A,293,10250588,encoded,,10530,False
B,292,10272415,encoded,,10562,False
A,294,10283936,encoded,,9777,False
B,293,10305745,encoded,,9083,False
A,295,10317253,encoded,,9251,False
B,294,10339082,encoded,,8053,False
A,296,10350588,encoded,,8520,False
B,295,10372414,encoded,,7194,False
A,297,10383929,encoded,,8276,False
B,296,10405747,encoded,,7343,False
A,298,10417258,encoded,,8130,False
B,297,10439085,encoded,,6960,False
A,299,10450598,encoded,,7883,False
B,298,10472414,encoded,,7304,False
A,300,10483924,encoded,,7490,False
B,299,10505768,encoded,,7120,False
A,301,10517259,encoded,,7437,False
B,300,10539097,encoded,,7047,False
A,302,10550592,encoded,,7285,False
B,301,10572439,encoded,,7453,False
A,303,10583926,encoded,,6987,False
B,302,10605773,encoded,,11509,False
A,304,10617267,encoded,,13614,False
B,303,10639086,encoded,,16667,False
A,305,10650595,encoded,,16666,False
B,304,10672420,encoded,,27524,False
A,310,10817271,dropped,capture_queue_full,,
A,306,10683960,encoded,,18119,False
B,305,10705753,encoded,,5809,False
B,306,10739090,encoded,,16667,False
A,307,10717276,encoded,,15215,False
B,307,10772422,encoded,,16667,False
A,308,10750611,encoded,,16666,False
B,308,10805755,encoded,,16666,False
A,309,10783947,encoded,,124017,True
B,309,10839090,encoded,,124023,True
A,311,10850604,encoded,,16958,False
B,310,10872429,encoded,,20022,False
A,312,10883933,encoded,,12832,False
B,311,10905763,encoded,,10843,False
A,313,10917277,encoded,,18794,False
B,312,10939105,encoded,,18473,False
A,314,10950600,encoded,,21251,False
B,313,10972427,encoded,,15963,False
A,315,10983949,encoded,,21677,False
B,314,11005759,encoded,,17963,False
A,316,11017282,encoded,,19305,False
B,315,11039094,encoded,,14221,False
A,317,11050612,encoded,,10536,False
B,316,11072431,encoded,,21509,False
A,318,11083938,encoded,,8464,False
B,317,11105766,encoded,,14440,False
A,319,11117275,encoded,,20679,False
B,318,11139098,encoded,,15726,False
A,320,11150621,encoded,,14606,False
B,319,11172432,encoded,,11383,False
A,321,11183954,encoded,,18198,False
B,320,11205765,encoded,,10735,False
A,322,11217276,encoded,,12575,False
B,321,11239099,encoded,,17452,False
A,327,11383952,dropped,capture_queue_full,,
A,323,11250611,encoded,,11561,False
B,322,11272438,encoded,,9792,False
B,323,11305767,encoded,,8732,False
A,324,11283944,encoded,,10036,False
A,325,11317284,encoded,,9322,False
B,324,11339100,encoded,,7974,False
A,326,11350618,encoded,,9433,False
B,325,11372445,encoded,,6779,False
A,328,11417279,encoded,,3034,False
B,326,11405781,encoded,,6575,False
A,329,11450620,encoded,,12367,False
B,327,11439105,encoded,,6097,False
A,330,11483953,encoded,,8866,False
B,328,11472440,encoded,,5748,False
A,331,11517289,encoded,,7838,False
B,329,11505778,encoded,,12119,False
A,332,11550623,encoded,,8388,False
B,330,11539109,encoded,,8715,False
A,333,11583952,encoded,,7743,False
B,331,11572441,encoded,,7659,False
A,334,11617288,encoded,,7108,False
B,332,11605785,encoded,,7057,False
A,335,11650624,encoded,,7065,False
B,333,11639110,encoded,,16667,False
A,336,11683960,encoded,,10681,False
B,334,11672458,encoded,,27107,False
A,337,11717288,encoded,,16666,False
B,335,11705798,encoded,,6226,False
A,338,11750627,encoded,,27821,False
B,336,11739133,encoded,,16667,False
A,339,11783956,encoded,,10438,False
B,337,11772458,encoded,,16667,False
A,340,11817288,encoded,,11741,False
B,338,11805781,encoded,,16666,False
A,341,11850625,encoded,,124043,True
B,343,11972472,dropped,capture_queue_full,,
B,339,11839129,encoded,,123817,True
A,342,11883958,encoded,,20447,False
B,340,11872449,encoded,,15905,False
A,343,11917296,encoded,,8144,False
B,341,11905800,encoded,,12285,False
A,344,11950631,encoded,,21051,False
B,342,11939130,encoded,,18895,False
A,345,11983964,encoded,,28130,False
B,344,12005786,encoded,,18565,False
A,346,12017295,encoded,,18022,False
B,345,12039118,encoded,,11254,False
A,347,12050635,encoded,,17294,False
B,346,12072456,encoded,,22866,False
A,348,12083963,encoded,,10577,False
B,347,12105788,encoded,,12664,False
A,349,12117312,encoded,,8765,False
B,348,12139121,encoded,,11861,False
A,350,12150629,encoded,,20693,False
B,349,12172455,encoded,,13779,False
A,351,12183966,encoded,,14887,False
B,350,12205793,encoded,,20019,False
A,352,12217300,encoded,,18468,False
B,351,12239136,encoded,,21125,False
A,353,12250649,encoded,,12803,False
B,352,12272462,encoded,,10846,False
A,354,12283977,encoded,,11160,False
B,353,12305799,encoded,,9585,False
A,355,12317301,encoded,,10483,False
B,354,12339142,encoded,,8904,False
A,356,12350635,encoded,,10041,False
B,355,12372475,encoded,,8320,False
A,357,12383977,encoded,,10048,False
B,356,12405796,encoded,,7469,False
A,358,12417349,encoded,,8717,False
B,357,12439128,encoded,,7652,False
A,359,12450645,encoded,,8437,False
B,358,12472463,encoded,,7267,False
A,360,12483980,encoded,,8118,False
B,359,12505803,encoded,,6794,False
A,361,12517323,encoded,,7789,False
B,360,12539132,encoded,,6928,False
A,362,12550653,encoded,,7623,False
B,361,12572470,encoded,,6632,False
A,363,12583984,encoded,,7577,False
B,362,12605800,encoded,,12663,False
A,364,12617324,encoded,,7471,False
A,368,12750650,dropped,capture_queue_full,,
B,363,12639139,encoded,,9812,False
B,364,12672468,encoded,,10760,False
A,365,12650659,encoded,,7245,False
B,365,12705803,encoded,,16667,False
A,366,12683988,encoded,,7041,False
A,367,12717316,encoded,,14926,False
B,370,12872488,dropped,capture_queue_full,,
B,366,12739141,encoded,,29296,False
A,369,12783984,encoded,,20358,False
B,367,12772474,encoded,,4787,False
A,370,12817313,encoded,,12976,False
A,371,12850653,encoded,,16666,False
B,368,12805803,encoded,,15917,False
A,372,12883981,encoded,,123924,True
B,369,12839161,encoded,,16666,False
B,371,12905813,encoded,,123816,True
A,373,12917318,encoded,,18094,False
B,372,12939139,encoded,,11518,False
A,374,12950649,encoded,,14667,False
B,373,12972484,encoded,,22162,False
A,375,12983987,encoded,,13111,False
B,374,13005808,encoded,,15963,False
A,376,13017321,encoded,,23326,False
B,375,13039144,encoded,,23244,False
A,377,13050656,encoded,,12120,False
B,376,13072479,encoded,,15987,False
A,378,13083986,encoded,,17073,False
B,377,13105811,encoded,,24744,False
A,379,13117326,encoded,,19349,False
B,378,13139146,encoded,,18510,False
A,380,13150656,encoded,,9662,False
B,379,13172488,encoded,,10138,False
A,381,13183994,encoded,,21919,False
B,380,13205832,encoded,,10296,False
A,382,13217322,encoded,,21970,False
B,385,13372492,dropped,capture_queue_full,,
B,381,13239155,encoded,,18151,False
A,383,13250661,encoded,,13739,False
A,384,13284003,encoded,,12198,False
B,382,13272502,encoded,,9000,False
A,385,13317325,encoded,,10884,False
B,383,13305837,encoded,,7732,False
A,386,13350667,encoded,,9977,False
B,384,13339151,encoded,,7249,False
A,387,13384005,encoded,,9657,False
B,386,13405829,encoded,,8996,False
A,388,13417333,encoded,,9093,False
B,387,13439168,encoded,,6749,False
A,389,13450672,encoded,,9019,False
B,388,13472495,encoded,,6346,False
A,390,13483995,encoded,,8281,False
B,389,13505842,encoded,,5930,False
A,391,13517335,encoded,,9282,False
B,390,13539155,encoded,,5952,False
A,392,13550671,encoded,,7983,False
B,391,13572493,encoded,,12687,False
A,393,13584001,encoded,,7712,False
B,392,13605838,encoded,,9833,False
A,394,13617331,encoded,,7143,False
B,393,13639164,encoded,,8886,False
A,395,13650671,encoded,,7566,False
B,394,13672506,encoded,,8333,False
A,396,13684006,encoded,,7490,False
A,397,13717338,encoded,,8095,False
B,395,13705843,encoded,,8282,False
A,398,13750668,encoded,,16666,False
B,400,13872508,dropped,capture_queue_full,,
B,396,13739175,encoded,,16163,False
A,399,13784008,encoded,,36412,False
B,397,13772503,encoded,,19851,False
A,400,13817337,encoded,,3532,False
B,398,13805842,encoded,,13482,False
A,401,13850677,encoded,,11246,False
B,399,13839178,encoded,,16667,False
A,402,13884005,encoded,,123968,True
B,401,13905830,encoded,,16667,False
A,403,13917347,encoded,,22886,False
A,404,13950672,encoded,,9285,False
B,402,13939177,encoded,,16666,False
B,407,14105844,dropped,capture_queue_full,,
A,405,13984014,encoded,,14905,False
B,403,13972510,encoded,,123817,True
A,406,14017342,encoded,,28479,False
B,404,14005849,encoded,,18918,False
B,405,14039181,encoded,,15266,False
A,407,14050675,encoded,,16480,False
A,408,14084017,encoded,,18942,False
B,406,14072516,encoded,,12817,False
A,409,14117350,encoded,,10942,False
B,408,14139184,encoded,,18832,False
A,410,14150683,encoded,,8768,False
B,409,14172519,encoded,,11490,False
A,411,14184012,encoded,,20345,False
B,410,14205845,encoded,,21065,False
A,412,14217351,encoded,,5708,False
B,411,14239187,encoded,,11475,False
B,412,14272510,encoded,,10738,False
A,413,14250688,encoded,,16240,False
B,413,14305840,encoded,,13154,False
A,418,14417360,dropped,capture_queue_full,,
A,414,14284023,encoded,,17821,False
B,414,14339175,encoded,,10530,False
A,415,14317357,encoded,,12165,False
B,415,14372512,encoded,,10246,False
A,416,14350683,encoded,,10583,False
B,416,14405843,encoded,,15951,False
A,417,14384017,encoded,,11874,False
B,417,14439176,encoded,,14519,False
A,419,14450690,encoded,,3150,False
B,418,14472510,encoded,,7931,False
A,420,14484020,encoded,,13497,False
B,419,14505846,encoded,,7213,False
A,421,14517360,encoded,,9602,False
B,420,14539183,encoded,,7056,False
A,422,14550693,encoded,,8225,False
B,425,14705853,dropped,capture_queue_full,,
A,423,14584028,encoded,,8015,False
B,421,14572513,encoded,,6775,False
A,424,14617355,encoded,,8002,False
B,422,14605854,encoded,,13924,False
A,425,14650707,encoded,,7599,False
B,423,14639181,encoded,,9917,False
A,426,14684037,encoded,,7564,False
B,424,14672516,encoded,,8899,False
A,427,14717357,encoded,,7256,False
B,426,14739191,encoded,,6122,False
A,428,14750692,encoded,,9843,False
B,427,14772521,encoded,,9647,False
A,429,14784026,encoded,,16666,False
B,428,14805867,encoded,,13698,False
A,430,14817366,encoded,,37091,False
A,431,14850696,encoded,,3808,False
B,429,14839190,encoded,,16667,False
A,432,14884028,encoded,,11165,False
B,430,14872535,encoded,,16667,False
A,433,14917372,encoded,,124025,True
B,431,14905860,encoded,,16666,False
A,434,14950711,encoded,,22474,False
B,432,14939206,encoded,,16667,False
A,435,14984030,encoded,,9337,False
B,433,14972529,encoded,,16667,False
A,436,15017365,encoded,,15243,False
B,438,15139193,dropped,capture_queue_full,,
B,434,15005857,encoded,,16666,False
A,437,15050699,encoded,,28175,False
B,435,15039195,encoded,,123799,True
A,438,15084033,encoded,,13978,False
B,436,15072525,encoded,,22471,False
A,439,15117366,encoded,,13745,False
A,440,15150701,encoded,,16469,False
B,437,15105860,encoded,,15318,False
A,441,15184034,encoded,,10060,False
B,443,15305873,dropped,capture_queue_full,,
B,439,15172530,encoded,,15298,False
A,442,15217370,encoded,,8494,False
B,440,15205863,encoded,,21665,False
A,443,15250704,encoded,,20861,False
A,444,15284044,encoded,,21741,False
B,441,15239201,encoded,,14761,False
A,445,15317384,encoded,,13555,False
B,442,15272531,encoded,,18594,False
A,446,15350714,encoded,,11679,False
B,444,15339204,encoded,,18585,False
A,447,15384041,encoded,,10604,False
B,445,15372537,encoded,,10903,False
A,448,15417381,encoded,,9883,False
B,446,15405871,encoded,,13812,False
A,449,15450716,encoded,,9104,False
B,447,15439217,encoded,,10333,False
A,450,15484048,encoded,,9080,False
B,448,15472542,encoded,,17592,False
A,451,15517390,encoded,,9040,False
B,449,15505878,encoded,,8993,False
A,452,15550716,encoded,,8380,False
B,450,15539205,encoded,,7937,False
A,453,15584045,encoded,,8158,False
B,451,15572539,encoded,,7466,False
A,454,15617387,encoded,,8269,False
B,452,15605872,encoded,,6990,False
A,455,15650715,encoded,,7780,False
B,453,15639206,encoded,,14700,False
A,456,15684051,encoded,,7616,False
B,454,15672549,encoded,,5162,False
A,457,15717395,encoded,,7378,False
B,455,15705893,encoded,,11608,False
A,458,15750722,encoded,,7314,False
B,456,15739229,encoded,,9916,False
A,459,15784057,encoded,,15494,False
B,457,15772545,encoded,,8931,False
A,460,15817389,encoded,,30296,False
B,458,15805880,encoded,,8729,False
A,461,15850719,encoded,,4692,False
B,459,15839212,encoded,,7946,False
A,462,15884052,encoded,,15012,False
B,460,15872557,encoded,,7784,False
A,463,15917392,encoded,,124186,True
B,461,15905896,encoded,,7995,False
A,464,15950728,encoded,,21731,False
B,462,15939231,encoded,,16046,False
A,465,15984068,encoded,,9798,False
A,466,16017393,encoded,,11442,False
B,463,15972555,encoded,,27414,False
A,467,16050729,encoded,,22724,False
B,464,16005888,encoded,,5919,False
B,469,16172553,dropped,capture_queue_full,,
A,468,16084072,encoded,,13737,False
B,465,16039236,encoded,,16667,False
A,469,16117405,encoded,,16265,False
B,466,16072566,encoded,,16666,False
A,470,16150740,encoded,,21087,False
B,467,16105890,encoded,,123869,True
A,471,16184065,encoded,,10011,False
B,468,16139227,encoded,,20501,False
A,472,16217404,encoded,,23340,False
B,470,16205888,encoded,,12318,False
B,474,16339228,dropped,capture_queue_full,,
A,473,16250726,encoded,,5195,False
B,471,16239223,encoded,,13314,False
A,474,16284066,encoded,,22841,False
B,472,16272560,encoded,,18872,False
A,475,16317394,encoded,,13403,False
A,476,16350736,encoded,,11277,False
B,473,16305890,encoded,,11971,False
B,475,16372562,encoded,,19571,False
A,477,16384068,encoded,,10212,False
B,476,16405891,encoded,,20485,False
A,478,16417399,encoded,,9710,False
B,477,16439226,encoded,,12563,False
A,479,16450745,encoded,,10056,False
B,478,16472560,encoded,,14962,False
A,480,16484079,encoded,,8989,False
B,479,16505893,encoded,,15192,False
A,481,16517407,encoded,,8777,False
B,480,16539229,encoded,,15759,False
A,482,16550733,encoded,,8127,False
B,481,16572580,encoded,,9331,False
A,483,16584070,encoded,,7888,False
B,486,16739237,dropped,capture_queue_full,,
B,482,16605911,encoded,,7831,False
A,484,16617410,encoded,,7704,False
B,483,16639233,encoded,,7463,False
A,485,16650736,encoded,,7374,False
B,484,16672571,encoded,,15016,False
A,486,16684078,encoded,,7482,False
B,485,16705899,encoded,,9866,False
A,487,16717414,encoded,,7267,False
B,487,16772576,encoded,,5610,False
A,488,16750747,encoded,,12711,False
B,488,16805916,encoded,,5121,False
A,489,16784071,encoded,,16666,False
B,489,16839236,encoded,,10181,False
A,490,16817413,encoded,,19326,False
B,490,16872571,encoded,,7723,False
A,491,16850743,encoded,,14008,False
B,491,16905909,encoded,,7449,False
A,492,16884085,encoded,,16666,False
B,492,16939236,encoded,,6581,False
A,493,16917417,encoded,,124200,True
B,493,16972578,encoded,,8451,False
A,494,16950743,encoded,,25828,False
B,494,17005907,encoded,,16667,False
A,499,17117416,dropped,capture_queue_full,,
A,495,16984091,encoded,,12805,False
B,495,17039240,encoded,,33807,False
A,496,17017412,encoded,,13549,False
B,496,17072574,encoded,,4569,False
A,497,17050747,encoded,,26355,False
B,497,17105910,encoded,,11624,False
A,498,17084098,encoded,,17716,False
B,498,17139243,encoded,,16667,False
A,500,17150756,encoded,,19449,False
B,499,17172577,encoded,,16666,False
A,501,17184083,encoded,,10080,False
B,500,17205916,encoded,,123883,True
A,502,17217426,encoded,,8368,False
B,501,17239244,encoded,,19715,False
A,503,17250751,encoded,,20312,False
B,502,17272592,encoded,,10997,False
B,503,17305922,encoded,,17014,False
A,504,17284087,encoded,,21284,False
B,504,17339249,encoded,,16152,False
A,505,17317425,encoded,,2894,False
B,505,17372584,encoded,,16599,False
A,510,17484090,dropped,capture_queue_full,,
B,506,17405920,encoded,,17356,False
A,506,17350755,encoded,,16140,False
A,507,17384087,encoded,,11661,False
B,507,17439265,encoded,,17446,False
A,508,17417422,encoded,,10207,False
B,508,17472585,encoded,,13379,False
A,509,17450756,encoded,,9625,False
A,511,17517438,encoded,,2784,False
B,509,17505917,encoded,,14306,False
A,512,17550768,encoded,,12602,False
B,510,17539258,encoded,,10655,False
A,513,17584102,encoded,,8905,False
B,511,17572587,encoded,,13008,False
A,514,17617431,encoded,,8751,False
B,512,17605921,encoded,,15936,False
A,515,17650760,encoded,,7817,False
B,513,17639262,encoded,,8543,False
A,516,17684107,encoded,,7943,False
B,514,17672590,encoded,,7651,False
A,517,17717429,encoded,,7626,False
B,515,17705928,encoded,,6983,False
A,518,17750768,encoded,,7704,False
B,516,17739263,encoded,,14733,False
A,519,17784102,encoded,,7245,False
B,517,17772590,encoded,,9854,False
A,520,17817437,encoded,,11484,False
B,518,17805934,encoded,,8836,False
A,521,17850767,encoded,,16666,False
B,519,17839277,encoded,,7558,False
A,522,17884104,encoded,,18702,False
B,520,17872601,encoded,,7090,False
A,523,17917434,encoded,,14632,False
B,521,17905940,encoded,,6804,False
A,524,17950777,encoded,,16666,False
B,522,17939277,encoded,,6142,False
A,525,17984103,encoded,,124270,True
B,523,17972609,encoded,,9360,False
A,526,18017443,encoded,,23789,False
B,524,18005934,encoded,,16667,False
A,527,18050787,encoded,,16147,False
B,529,18172629,dropped,capture_queue_full,,
B,525,18039267,encoded,,40969,False
A,528,18084119,encoded,,12583,False
B,526,18072598,encoded,,2377,False
A,529,18117454,encoded,,20514,False
B,527,18105932,encoded,,6654,False
A,530,18150787,encoded,,21616,False
B,528,18139271,encoded,,16667,False
A,531,18184111,encoded,,18081,False
B,530,18205939,encoded,,16666,False
A,532,18217450,encoded,,10428,False
B,531,18239268,encoded,,123479,True
A,533,18250773,encoded,,22418,False
B,532,18272608,encoded,,16116,False
A,534,18284110,encoded,,15439,False
B,533,18305941,encoded,,13971,False
A,535,18317442,encoded,,18948,False
B,534,18339276,encoded,,16554,False
A,536,18350787,encoded,,12909,False
B,535,18372606,encoded,,23420,False
A,537,18384117,encoded,,11592,False
B,536,18405956,encoded,,25202,False
A,538,18417445,encoded,,10633,False
B,537,18439286,encoded,,25890,False
A,539,18450780,encoded,,10163,False
B,538,18472622,encoded,,12832,False
A,540,18484113,encoded,,8992,False
B,539,18505953,encoded,,13143,False
A,541,18517454,encoded,,8653,False
B,540,18539294,encoded,,17028,False
A,542,18550782,encoded,,8456,False
B,541,18572612,encoded,,10147,False
A,543,18584117,encoded,,8333,False
B,542,18605946,encoded,,8196,False
A,544,18617457,encoded,,7850,False
B,543,18639289,encoded,,7456,False
B,544,18672614,encoded,,6921,False
A,545,18650789,encoded,,7626,False
B,545,18705947,encoded,,6435,False
A,546,18684126,encoded,,7483,False
A,547,18717461,encoded,,7137,False
B,546,18739287,encoded,,13922,False
B,547,18772618,encoded,,9745,False
A,548,18750790,encoded,,7694,False
B,548,18805960,encoded,,8698,False
A,549,18784121,encoded,,7124,False
B,549,18839286,encoded,,7826,False
A,550,18817456,encoded,,6985,False
B,550,18872622,encoded,,8781,False
A,551,18850790,encoded,,14137,False
B,551,18905954,encoded,,8106,False
A,552,18884135,encoded,,19030,False
B,552,18939286,encoded,,7778,False
A,553,18917465,encoded,,14304,False
B,553,18972626,encoded,,7564,False
A,554,18950799,encoded,,16666,False
B,554,19005969,encoded,,7563,False
A,555,18984125,encoded,,124119,True
B,555,19039294,encoded,,9894,False
A,556,19017459,encoded,,12748,False
B,556,19072633,encoded,,16667,False
A,557,19050803,encoded,,16510,False
B,557,19105974,encoded,,33525,False
A,558,19084129,encoded,,14903,False
B,558,19139303,encoded,,4429,False
B,559,19172683,encoded,,12046,False
A,563,19250800,dropped,capture_queue_full,,
A,559,19117462,encoded,,24306,False
B,560,19205961,encoded,,16666,False
A,560,19150801,encoded,,20195,False
B,561,19239300,encoded,,123688,True
A,561,19184130,encoded,,15858,False
B,562,19272641,encoded,,17119,False
A,562,19217466,encoded,,15827,False
B,563,19305960,encoded,,13261,False
A,564,19284132,encoded,,12579,False
B,564,19339308,encoded,,11179,False
A,565,19317467,encoded,,8115,False
B,565,19372644,encoded,,14509,False
A,566,19350807,encoded,,19342,False
B,566,19405980,encoded,,20563,False
A,567,19384136,encoded,,14083,False
B,567,19439326,encoded,,18284,False
A,568,19417469,encoded,,18050,False
B,568,19472650,encoded,,12943,False
A,569,19450803,encoded,,12120,False
B,569,19505979,encoded,,12640,False
A,570,19484138,encoded,,11196,False
B,570,19539324,encoded,,11939,False
A,571,19517470,encoded,,10281,False
B,571,19572638,encoded,,19315,False
A,572,19550804,encoded,,10423,False
B,572,19605972,encoded,,17018,False
A,573,19584144,encoded,,9235,False
B,573,19639302,encoded,,8952,False
A,574,19617474,encoded,,8568,False
B,574,19672651,encoded,,7659,False
A,575,19650808,encoded,,9043,False
B,575,19705975,encoded,,15542,False
A,576,19684147,encoded,,8779,False
B,576,19739307,encoded,,10314,False
A,577,19717477,encoded,,8549,False
B,577,19772644,encoded,,8377,False
A,578,19750811,encoded,,7955,False
B,578,19805977,encoded,,7893,False
A,579,19784146,encoded,,7479,False
B,579,19839310,encoded,,7342,False
B,580,19872645,encoded,,7171,False
A,580,19817490,encoded,,7339,False
B,581,19905986,encoded,,6437,False
A,581,19850821,encoded,,7075,False
A,586,20017491,dropped,capture_queue_full,,
B,582,19939310,encoded,,6044,False
A,582,19884158,encoded,,15323,False
B,583,19972660,encoded,,5713,False
A,583,19917489,encoded,,19352,False
B,584,20005990,encoded,,16098,False
A,584,19950830,encoded,,13982,False
B,585,20039317,encoded,,32612,False
A,585,19984156,encoded,,16666,False
A,591,20184160,dropped,capture_queue_full,,
B,586,20072645,encoded,,3469,False
A,587,20050824,encoded,,124200,True
B,587,20105985,encoded,,13919,False
A,588,20084157,encoded,,25866,False
B,588,20139314,encoded,,16667,False
A,589,20117498,encoded,,12878,False
B,589,20172655,encoded,,16667,False
A,590,20150821,encoded,,13669,False
B,590,20205988,encoded,,16666,False
A,592,20217488,encoded,,21322,False
B,591,20239322,encoded,,123728,True
A,593,20250823,encoded,,18839,False
B,592,20272653,encoded,,14040,False
A,594,20284156,encoded,,18620,False
B,593,20305993,encoded,,13328,False
A,599,20450828,dropped,capture_queue_full,,
A,595,20317501,encoded,,10881,False
B,594,20339329,encoded,,17785,False
B,595,20372652,encoded,,16216,False
A,596,20350828,encoded,,22844,False
B,596,20406000,encoded,,16549,False
A,597,20384159,encoded,,14351,False
B,597,20439321,encoded,,16080,False
A,598,20417491,encoded,,12776,False
B,598,20472664,encoded,,12478,False
A,600,20484167,encoded,,5554,False
B,599,20505996,encoded,,11492,False
A,601,20517495,encoded,,20133,False
B,600,20539322,encoded,,16956,False
A,602,20550829,encoded,,11977,False
B,601,20572658,encoded,,14520,False
A,603,20584168,encoded,,11197,False
B,602,20605992,encoded,,12293,False
A,604,20617498,encoded,,9643,False
B,603,20639328,encoded,,13105,False
A,605,20650836,encoded,,9369,False
B,604,20672662,encoded,,19737,False
A,606,20684165,encoded,,8394,False
B,605,20705997,encoded,,9217,False
A,607,20717505,encoded,,8553,False
B,606,20739332,encoded,,7737,False
A,608,20750842,encoded,,8108,False
B,607,20772673,encoded,,6849,False
A,609,20784167,encoded,,7762,False
B,608,20806016,encoded,,6339,False
A,610,20817502,encoded,,7739,False
B,609,20839340,encoded,,6119,False
A,611,20850840,encoded,,7649,False
B,610,20872673,encoded,,5615,False
A,612,20884171,encoded,,7171,False
B,615,21039363,dropped,capture_queue_full,,
B,611,20905999,encoded,,5416,False
A,617,21050839,dropped,capture_queue_full,,
A,613,20917505,encoded,,7334,False
B,612,20939351,encoded,,5123,False
A,614,20950839,encoded,,7009,False
B,613,20972672,encoded,,12612,False
A,615,20984172,encoded,,16162,False
B,614,21006001,encoded,,22254,False
A,616,21017506,encoded,,24023,False
B,616,21072671,encoded,,13951,False
A,618,21084177,encoded,,9311,False
B,617,21106004,encoded,,13795,False
A,619,21117509,encoded,,16666,False
B,618,21139338,encoded,,16666,False
A,620,21150842,encoded,,124251,True
B,619,21172676,encoded,,16667,False
A,621,21184178,encoded,,17864,False
B,620,21206009,encoded,,16667,False
B,621,21239348,encoded,,16666,False
A,622,21217523,encoded,,15418,False
B,622,21272675,encoded,,123560,True
A,623,21250859,encoded,,15967,False
B,623,21306017,encoded,,16686,False
B,624,21339368,encoded,,18197,False
A,628,21417515,dropped,capture_queue_full,,
A,624,21284186,encoded,,21004,False
B,625,21372694,encoded,,13980,False
A,625,21317521,encoded,,12069,False
B,626,21406012,encoded,,15118,False
B,627,21439347,encoded,,16397,False
A,626,21350847,encoded,,10299,False
A,627,21384181,encoded,,22842,False
B,628,21472695,encoded,,16692,False
A,633,21584197,dropped,capture_queue_full,,
A,629,21450854,encoded,,15447,False
B,629,21506020,encoded,,14727,False
A,630,21484191,encoded,,12510,False
B,630,21539349,encoded,,16138,False
A,631,21517533,encoded,,18628,False
B,631,21572684,encoded,,15562,False
A,632,21550863,encoded,,20827,False
B,632,21606020,encoded,,25227,False
A,634,21617530,encoded,,4921,False
B,633,21639357,encoded,,7084,False
A,635,21650870,encoded,,4307,False
B,634,21672686,encoded,,14532,False
A,636,21684198,encoded,,17927,False
B,635,21706019,encoded,,9808,False
A,637,21717536,encoded,,11405,False
B,636,21739354,encoded,,8203,False
A,638,21750864,encoded,,10006,False
B,637,21772693,encoded,,7492,False
A,639,21784206,encoded,,9191,False
B,638,21806034,encoded,,6721,False
A,640,21817540,encoded,,8612,False
B,639,21839358,encoded,,6113,False
A,641,21850865,encoded,,8146,False
B,640,21872688,encoded,,5700,False
B,641,21906025,encoded,,5490,False
A,642,21884204,encoded,,7900,False
B,642,21939358,encoded,,5275,False
A,643,21917532,encoded,,7551,False
B,643,21972706,encoded,,4871,False
A,644,21950862,encoded,,7577,False
B,644,22006046,encoded,,9761,False
A,645,21984202,encoded,,7348,False
B,645,22039362,encoded,,16666,False
A,646,22017530,encoded,,7006,False
B,646,22072696,encoded,,30147,False
A,647,22050869,encoded,,14311,False
B,647,22106038,encoded,,3187,False
A,648,22084203,encoded,,18306,False
B,648,22139363,encoded,,16666,False
A,649,22117538,encoded,,15027,False
B,649,22172702,encoded,,16667,False
A,650,22150867,encoded,,16667,False
B,650,22206056,encoded,,16667,False
A,655,22317538,dropped,capture_queue_full,,
A,651,22184200,encoded,,16666,False
B,651,22239379,encoded,,16666,False
A,652,22217535,encoded,,124227,True
B,652,22272699,encoded,,138427,True
A,653,22250877,encoded,,21546,False
B,653,22306045,encoded,,12961,False
B,654,22339375,encoded,,14242,False
A,654,22284207,encoded,,10092,False
B,655,22372708,encoded,,18849,False
A,656,22350874,encoded,,19283,False
B,656,22406034,encoded,,14804,False
A,657,22384207,encoded,,17676,False
A,662,22550887,dropped,capture_queue_full,,
B,657,22439378,encoded,,23115,False
A,658,22417538,encoded,,19974,False
B,658,22472718,encoded,,12948,False
A,659,22450876,encoded,,21126,False
B,659,22506040,encoded,,10958,False
B,660,22539385,encoded,,10315,False
A,660,22484213,encoded,,10098,False
B,661,22572711,encoded,,14480,False
A,661,22517560,encoded,,23302,False
B,662,22606050,encoded,,18990,False
A,663,22584218,encoded,,7819,False
B,663,22639383,encoded,,14548,False
A,664,22617542,encoded,,6065,False
B,664,22672717,encoded,,9863,False
A,665,22650878,encoded,,17149,False
B,665,22706053,encoded,,8157,False
A,666,22684211,encoded,,17532,False
B,666,22739377,encoded,,7478,False
A,667,22717546,encoded,,11712,False
B,667,22772716,encoded,,6771,False
A,668,22750887,encoded,,10905,False
B,668,22806045,encoded,,6446,False
A,669,22784215,encoded,,10574,False
B,669,22839383,encoded,,5858,False
A,670,22817550,encoded,,9989,False
B,670,22872716,encoded,,5476,False
A,671,22850890,encoded,,9378,False
B,671,22906047,encoded,,5081,False
A,672,22884218,encoded,,8360,False
B,672,22939398,encoded,,5007,False
A,673,22917554,encoded,,8240,False
B,673,22972717,encoded,,4568,False
A,674,22950886,encoded,,8509,False
B,674,23006050,encoded,,16681,False
A,675,22984224,encoded,,7645,False
A,676,23017560,encoded,,7377,False
B,675,23039389,encoded,,22403,False
A,677,23050891,encoded,,7470,False
B,676,23072718,encoded,,8241,False
A,678,23084225,encoded,,7074,False
B,677,23106066,encoded,,16667,False
A,679,23117570,encoded,,10212,False
B,678,23139389,encoded,,16666,False
A,680,23150903,encoded,,16666,False
B,679,23172725,encoded,,16667,False
A,685,23317561,dropped,capture_queue_full,,
A,681,23184228,encoded,,36586,False
B,680,23206061,encoded,,16667,False
A,682,23217566,encoded,,4199,False
B,681,23239396,encoded,,16666,False
A,683,23250905,encoded,,9215,False
B,682,23272728,encoded,,123605,True
A,684,23284225,encoded,,124156,True
B,683,23306059,encoded,,16259,False
A,686,23350902,encoded,,19174,False
B,684,23339392,encoded,,14305,False
A,687,23384242,encoded,,18525,False
B,685,23372730,encoded,,19271,False
A,688,23417562,encoded,,13924,False
B,686,23406059,encoded,,20362,False
A,689,23450897,encoded,,27990,False
B,687,23439392,encoded,,26659,False
B,688,23472731,encoded,,15060,False
A,690,23484232,encoded,,16687,False
B,689,23506061,encoded,,13947,False
A,691,23517565,encoded,,19451,False
B,690,23539408,encoded,,13806,False
A,692,23550899,encoded,,11003,False
B,691,23572739,encoded,,15167,False
A,693,23584232,encoded,,9182,False
B,692,23606070,encoded,,19262,False
A,694,23617575,encoded,,21352,False
A,695,23650901,encoded,,13925,False
B,693,23639398,encoded,,14523,False
A,696,23684243,encoded,,18712,False
B,694,23672739,encoded,,9890,False
A,697,23717569,encoded,,12897,False
B,695,23706069,encoded,,8918,False
A,698,23750910,encoded,,12454,False
B,696,23739402,encoded,,7296,False
B,701,23906081,dropped,capture_queue_full,,
A,699,23784238,encoded,,11107,False
B,697,23772748,encoded,,7081,False
A,700,23817577,encoded,,9782,False
B,698,23806089,encoded,,6592,False
A,701,23850906,encoded,,9706,False
B,699,23839409,encoded,,6584,False
A,702,23884240,encoded,,8625,False
B,700,23872744,encoded,,6066,False
A,703,23917581,encoded,,8442,False
B,702,23939424,encoded,,7950,False
A,704,23950908,encoded,,8188,False
B,703,23972739,encoded,,5763,False
A,705,23984244,encoded,,7841,False
B,704,24006089,encoded,,5169,False
A,706,24017582,encoded,,7498,False
B,705,24039424,encoded,,4902,False
A,707,24050914,encoded,,8175,False
B,706,24072746,encoded,,11563,False
A,708,24084250,encoded,,7804,False
B,707,24106099,encoded,,24378,False
A,709,24117586,encoded,,7337,False
B,708,24139411,encoded,,36511,False
A,710,24150920,encoded,,7197,False
B,709,24172745,encoded,,1991,False
A,711,24184248,encoded,,8866,False
B,710,24206105,encoded,,7983,False
A,712,24217587,encoded,,16667,False
B,711,24239420,encoded,,12471,False
A,713,24250920,encoded,,35925,False
B,712,24272755,encoded,,16666,False
A,714,24284251,encoded,,8767,False
B,713,24306100,encoded,,123604,True
A,715,24317583,encoded,,124422,True
B,714,24339427,encoded,,20076,False
A,716,24350924,encoded,,22495,False
B,715,24372766,encoded,,18214,False
A,717,24384259,encoded,,9417,False
A,718,24417592,encoded,,14910,False
B,716,24406100,encoded,,15317,False
A,719,24450927,encoded,,20624,False
B,721,24572760,dropped,capture_queue_full,,
B,717,24439429,encoded,,11955,False
A,720,24484257,encoded,,18571,False
B,718,24472763,encoded,,20145,False
A,721,24517588,encoded,,13916,False
B,724,24672763,dropped,capture_queue_full,,
B,719,24506103,encoded,,12466,False
A,722,24550922,encoded,,17850,False
B,720,24539435,encoded,,12528,False
A,723,24584257,encoded,,9864,False
B,722,24606095,encoded,,15064,False
A,724,24617598,encoded,,21709,False
B,723,24639424,encoded,,20291,False
A,725,24650925,encoded,,15014,False
B,725,24706096,encoded,,18970,False
A,726,24684264,encoded,,18988,False
B,726,24739429,encoded,,8242,False
A,727,24717592,encoded,,12454,False
A,728,24750927,encoded,,11090,False
B,727,24772767,encoded,,15445,False
A,729,24784265,encoded,,10554,False
B,728,24806113,encoded,,10136,False
A,730,24817595,encoded,,10358,False
B,729,24839450,encoded,,8145,False
A,731,24850938,encoded,,9503,False
B,730,24872789,encoded,,7691,False
A,732,24884269,encoded,,8732,False
B,731,24906106,encoded,,7148,False
A,733,24917600,encoded,,8457,False
B,732,24939446,encoded,,6787,False
A,734,24950933,encoded,,8107,False
B,733,24972764,encoded,,6002,False
A,735,24984279,encoded,,8138,False
B,734,25006118,encoded,,6179,False
A,736,25017605,encoded,,7615,False
B,735,25039450,encoded,,5652,False
A,737,25050939,encoded,,7715,False
B,736,25072768,encoded,,5359,False
A,738,25084272,encoded,,7721,False
B,737,25106101,encoded,,7918,False
A,739,25117603,encoded,,7008,False
B,738,25139455,encoded,,16666,False
A,740,25150937,encoded,,7237,False
B,739,25172778,encoded,,38338,False
A,741,25184278,encoded,,7081,False
B,740,25206115,encoded,,2343,False
A,742,25217609,encoded,,15758,False
B,741,25239447,encoded,,9319,False
A,743,25250947,encoded,,33690,False
B,742,25272776,encoded,,16667,False
A,744,25284285,encoded,,3962,False
B,743,25306126,encoded,,16667,False
A,745,25317606,encoded,,124098,True
B,744,25339446,encoded,,16666,False
A,746,25350941,encoded,,17985,False
B,745,25372791,encoded,,123727,True
A,747,25384290,encoded,,18482,False
B,746,25406119,encoded,,13622,False
A,748,25417615,encoded,,13271,False
B,747,25439442,encoded,,18797,False
A,749,25450952,encoded,,19888,False
B,748,25472784,encoded,,23247,False
A,750,25484284,encoded,,10413,False
B,749,25506126,encoded,,13382,False
A,751,25517619,encoded,,9215,False
B,750,25539448,encoded,,20603,False
A,752,25550952,encoded,,8999,False
B,755,25706119,dropped,capture_queue_full,,
B,751,25572778,encoded,,12143,False
A,757,25717625,dropped,capture_queue_full,,
A,753,25584291,encoded,,21230,False
B,752,25606115,encoded,,12332,False
A,754,25617619,encoded,,19073,False
B,753,25639460,encoded,,14939,False
A,755,25650948,encoded,,14054,False
B,754,25672790,encoded,,11331,False
A,756,25684283,encoded,,14220,False
B,756,25739451,encoded,,9896,False
A,758,25750960,encoded,,11892,False
B,757,25772788,encoded,,11816,False
A,759,25784295,encoded,,6013,False
B,758,25806125,encoded,,14950,False
A,760,25817637,encoded,,21741,False
B,759,25839457,encoded,,16580,False
A,761,25850962,encoded,,11995,False
B,760,25872790,encoded,,11938,False
A,762,25884287,encoded,,10544,False
B,761,25906119,encoded,,8728,False
A,763,25917627,encoded,,9730,False
B,762,25939461,encoded,,7651,False
A,764,25950964,encoded,,9532,False
B,763,25972793,encoded,,6969,False
A,765,25984296,encoded,,8474,False
B,764,26006131,encoded,,6136,False
A,766,26017631,encoded,,8460,False
B,765,26039462,encoded,,5547,False
A,767,26050963,encoded,,8612,False
B,766,26072791,encoded,,5747,False
B,767,26106133,encoded,,5586,False
A,768,26084297,encoded,,7888,False
B,768,26139466,encoded,,7667,False
A,769,26117628,encoded,,7436,False
B,769,26172796,encoded,,16666,False
A,770,26150972,encoded,,7434,False
B,770,26206131,encoded,,30109,False
A,771,26184305,encoded,,8336,False
B,771,26239463,encoded,,3531,False
A,772,26217635,encoded,,16666,False
B,772,26272800,encoded,,16360,False
A,777,26384299,dropped,capture_queue_full,,
B,773,26306138,encoded,,16667,False
A,773,26250977,encoded,,38058,False
B,774,26339467,encoded,,16667,False
A,774,26284298,encoded,,3937,False
B,775,26372815,encoded,,16666,False
A,775,26317632,encoded,,8005,False
B,776,26406151,encoded,,123429,True
A,776,26350964,encoded,,124235,True
B,777,26439469,encoded,,17041,False
A,778,26417633,encoded,,19163,False
B,778,26472801,encoded,,18453,False
A,779,26450967,encoded,,6562,False
B,779,26506136,encoded,,19448,False
A,780,26484301,encoded,,23333,False
B,780,26539472,encoded,,11045,False
A,781,26517639,encoded,,17871,False
B,781,26572804,encoded,,20549,False
A,782,26550971,encoded,,23340,False
B,782,26606142,encoded,,11057,False
B,783,26639474,encoded,,10200,False
A,783,26584304,encoded,,21022,False
B,784,26672806,encoded,,14725,False
A,784,26617638,encoded,,11744,False
B,785,26706143,encoded,,20192,False
A,785,26650972,encoded,,9169,False
B,786,26739478,encoded,,14309,False
A,790,26817640,dropped,capture_queue_full,,
A,786,26684307,encoded,,21495,False
B,787,26772807,encoded,,16441,False
A,787,26717642,encoded,,15216,False
B,788,26806142,encoded,,13375,False
A,788,26750978,encoded,,18861,False
B,789,26839488,encoded,,11376,False
A,789,26784308,encoded,,12705,False
B,790,26872824,encoded,,8579,False
A,791,26850982,encoded,,3503,False
B,791,26906156,encoded,,7778,False
A,792,26884310,encoded,,3264,False
B,792,26939482,encoded,,6920,False
A,793,26917645,encoded,,15923,False
B,793,26972813,encoded,,6206,False
A,798,27084327,dropped,capture_queue_full,,
B,794,27006146,encoded,,6072,False
A,794,26950984,encoded,,10627,False
B,795,27039490,encoded,,5496,False
A,795,26984313,encoded,,9490,False
B,796,27072818,encoded,,4935,False
A,796,27017649,encoded,,9091,False
B,797,27106153,encoded,,4844,False
A,802,27217655,dropped,capture_queue_full,,
A,797,27050982,encoded,,8453,False
B,798,27139485,encoded,,10864,False
B,799,27172816,encoded,,16666,False
A,799,27117647,encoded,,10542,False
B,800,27206161,encoded,,28120,False
A,800,27150983,encoded,,8517,False
B,801,27239491,encoded,,5214,False
A,801,27184315,encoded,,7947,False
B,802,27272818,encoded,,16666,False
A,803,27250991,encoded,,9689,False
B,803,27306162,encoded,,16667,False
A,804,27284330,encoded,,7961,False
B,804,27339492,encoded,,16667,False
A,805,27317677,encoded,,7224,False
B,805,27372824,encoded,,16666,False
A,806,27350993,encoded,,13053,False
B,806,27406156,encoded,,123599,True
A,807,27384333,encoded,,16667,False
B,807,27439500,encoded,,18666,False
B,808,27472837,encoded,,12570,False
A,808,27417661,encoded,,17536,False
B,809,27506173,encoded,,17741,False
A,809,27450995,encoded,,15797,False
B,810,27539503,encoded,,12691,False
A,810,27484324,encoded,,124153,True
B,811,27572843,encoded,,22251,False
A,811,27517659,encoded,,24920,False
B,812,27606164,encoded,,13163,False
A,812,27551007,encoded,,7631,False
B,813,27639495,encoded,,13076,False
A,813,27584328,encoded,,15409,False
B,814,27672834,encoded,,18556,False
A,814,27617675,encoded,,18238,False
B,815,27706163,encoded,,16547,False
A,815,27651004,encoded,,20889,False
A,820,27817666,dropped,capture_queue_full,,
B,816,27739512,encoded,,21513,False
A,816,27684345,encoded,,22218,False
B,817,27772850,encoded,,13958,False
A,817,27717671,encoded,,11063,False
A,818,27750999,encoded,,9469,False
B,818,27806179,encoded,,11824,False
A,819,27784336,encoded,,21806,False
B,819,27839506,encoded,,8742,False
A,821,27851007,encoded,,7214,False
B,820,27872837,encoded,,7888,False
A,822,27884333,encoded,,5546,False
B,821,27906171,encoded,,6996,False
B,822,27939505,encoded,,6209,False
A,823,27917667,encoded,,23302,False
A,824,27951030,encoded,,13307,False
B,823,27972836,encoded,,5941,False
A,825,27984342,encoded,,10678,False
B,824,28006178,encoded,,5714,False
A,826,28017678,encoded,,10334,False
B,825,28039510,encoded,,5686,False
A,827,28051011,encoded,,8972,False
B,826,28072838,encoded,,5460,False
A,828,28084336,encoded,,9026,False
B,827,28106178,encoded,,5806,False
A,829,28117671,encoded,,8827,False
B,828,28139518,encoded,,8737,False
A,830,28151012,encoded,,8484,False
B,829,28172850,encoded,,16666,False
A,831,28184345,encoded,,8462,False
B,830,28206177,encoded,,30577,False
A,832,28217675,encoded,,8057,False
B,831,28239509,encoded,,4446,False
A,833,28251009,encoded,,7704,False
B,832,28272843,encoded,,14977,False
A,834,28284342,encoded,,7634,False
B,833,28306180,encoded,,16667,False
B,834,28339513,encoded,,16667,False
A,835,28317683,encoded,,9199,False
A,836,28351020,encoded,,10792,False
B,835,28372846,encoded,,16666,False
A,837,28384350,encoded,,16666,False
B,836,28406180,encoded,,123670,True
B,837,28439529,encoded,,17259,False
A,838,28417680,encoded,,19766,False
B,838,28472855,encoded,,14283,False
A,839,28451016,encoded,,13568,False
A,844,28617694,dropped,capture_queue_full,,
B,839,28506186,encoded,,16491,False
A,840,28484347,encoded,,16666,False
B,840,28539527,encoded,,16393,False
A,841,28517684,encoded,,124252,True
B,841,28572858,encoded,,17531,False
A,842,28551023,encoded,,9866,False
B,842,28606189,encoded,,17414,False
A,843,28584357,encoded,,21487,False
B,843,28639519,encoded,,14561,False
A,845,28651025,encoded,,19685,False
B,844,28672864,encoded,,14297,False
A,846,28684354,encoded,,17985,False
B,845,28706192,encoded,,16174,False
A,847,28717686,encoded,,23286,False
B,846,28739523,encoded,,14794,False
A,848,28751027,encoded,,19801,False
B,847,28772856,encoded,,18585,False
A,849,28784359,encoded,,10914,False
B,848,28806191,encoded,,9349,False
A,850,28817696,encoded,,9138,False
B,849,28839524,encoded,,17210,False
A,851,28851028,encoded,,22215,False
A,852,28884356,encoded,,21715,False
B,850,28872866,encoded,,11484,False
A,853,28917696,encoded,,13556,False
B,851,28906192,encoded,,9254,False
A,854,28951026,encoded,,11384,False
B,852,28939533,encoded,,8258,False
B,853,28972865,encoded,,7621,False
A,855,28984363,encoded,,10358,False
B,858,29139548,dropped,capture_queue_full,,
A,856,29017693,encoded,,11400,False
B,854,29006201,encoded,,7025,False
A,857,29051034,encoded,,10713,False
B,855,29039528,encoded,,6091,False
A,858,29084362,encoded,,9723,False
B,856,29072875,encoded,,6237,False
A,859,29117695,encoded,,8758,False
B,857,29106213,encoded,,5586,False
A,860,29151035,encoded,,8593,False
B,859,29172875,encoded,,7059,False
A,861,29184374,encoded,,8149,False
B,860,29206221,encoded,,5480,False
A,862,29217713,encoded,,7775,False
B,861,29239541,encoded,,14561,False
A,863,29251036,encoded,,7913,False
B,862,29272883,encoded,,33634,False
A,864,29284372,encoded,,7308,False
B,863,29306209,encoded,,12450,False
A,865,29317705,encoded,,7524,False
B,864,29339547,encoded,,3916,False
A,870,29484370,dropped,capture_queue_full,,
B,865,29372879,encoded,,16667,False
A,866,29351049,encoded,,7634,False
A,867,29384367,encoded,,7257,False
B,866,29406203,encoded,,16666,False
A,868,29417702,encoded,,11611,False
B,867,29439549,encoded,,123627,True
A,869,29451038,encoded,,16667,False
B,868,29472882,encoded,,10654,False
B,869,29506205,encoded,,15666,False
A,871,29517708,encoded,,37291,False
B,870,29539542,encoded,,24350,False
A,872,29551046,encoded,,3908,False
B,871,29572875,encoded,,10465,False
A,873,29584378,encoded,,124415,True
B,872,29606208,encoded,,21992,False
A,874,29617717,encoded,,17895,False
B,873,29639552,encoded,,11651,False
A,875,29651042,encoded,,7557,False
B,874,29672884,encoded,,11136,False
A,876,29684376,encoded,,24239,False
B,875,29706219,encoded,,10824,False
A,877,29717714,encoded,,17690,False
B,876,29739546,encoded,,15624,False
A,878,29751052,encoded,,23783,False
B,877,29772886,encoded,,16280,False
A,879,29784406,encoded,,20964,False
B,878,29806217,encoded,,15053,False
A,880,29817717,encoded,,11366,False
B,879,29839554,encoded,,12701,False
A,881,29851062,encoded,,9396,False
B,880,29872888,encoded,,23763,False
A,882,29884379,encoded,,21281,False
B,881,29906218,encoded,,9603,False
A,883,29917717,encoded,,5313,False
B,882,29939550,encoded,,8305,False
A,884,29951057,encoded,,14789,False
B,883,29972890,encoded,,7487,False
A,885,29984390,encoded,,19056,False
B,884,30006219,encoded,,6693,False
A,886,30017717,encoded,,12944,False
B,885,30039557,encoded,,6481,False
A,887,30051053,encoded,,10811,False
B,886,30072893,encoded,,5917,False
A,888,30084385,encoded,,10227,False
B,887,30106226,encoded,,5480,False
A,889,30117723,encoded,,9517,False
B,888,30139554,encoded,,5102,False
A,890,30151053,encoded,,8982,False
B,889,30172889,encoded,,4883,False
A,891,30184392,encoded,,8767,False
B,890,30206224,encoded,,16263,False
A,896,30351058,dropped,capture_queue_full,,
A,892,30217721,encoded,,8292,False
B,895,30372900,dropped,capture_queue_full,,
B,891,30239560,encoded,,29852,False
A,893,30251062,encoded,,8617,False
B,892,30272891,encoded,,3482,False
A,894,30284396,encoded,,8061,False
B,893,30306231,encoded,,16666,False
A,895,30317725,encoded,,7514,False
B,894,30339560,encoded,,16667,False
A,897,30384391,encoded,,10005,False
B,896,30406240,encoded,,16667,False
A,898,30417728,encoded,,7536,False
B,897,30439574,encoded,,16666,False
A,899,30451066,encoded,,7072,False
A,900,30484412,encoded,,7748,False
B,898,30472895,encoded,,123622,True
A,901,30517739,encoded,,14964,False
B,899,30506244,encoded,,9265,False
A,902,30551061,encoded,,18787,False
B,900,30539565,encoded,,23209,False
A,903,30584400,encoded,,14546,False
B,901,30572904,encoded,,10073,False
A,904,30617728,encoded,,124600,True
B,902,30606235,encoded,,14113,False
A,905,30651065,encoded,,25038,False
B,903,30639572,encoded,,16618,False
A,906,30684397,encoded,,7753,False
B,904,30672901,encoded,,17341,False
A,907,30717740,encoded,,15175,False
B,909,30839603,dropped,capture_queue_full,,
B,905,30706240,encoded,,21591,False
A,908,30751073,encoded,,19719,False
B,906,30739604,encoded,,16549,False
A,909,30784402,encoded,,19282,False
B,907,30772904,encoded,,13812,False
A,910,30817735,encoded,,15123,False
B,908,30806237,encoded,,13634,False
A,911,30851075,encoded,,17418,False
B,910,30872905,encoded,,17573,False
A,912,30884409,encoded,,10047,False
B,911,30906239,encoded,,9083,False
A,913,30917738,encoded,,22076,False
B,912,30939604,encoded,,7824,False
A,914,30951086,encoded,,14969,False
B,913,30972914,encoded,,7687,False
A,915,30984415,encoded,,18752,False
B,914,31006253,encoded,,15050,False
A,916,31017738,encoded,,12714,False
B,915,31039597,encoded,,10177,False
A,917,31051082,encoded,,10956,False
B,916,31072920,encoded,,8797,False
A,918,31084414,encoded,,10118,False
B,917,31106261,encoded,,8295,False
A,919,31117747,encoded,,9884,False
B,918,31139597,encoded,,7600,False
A,920,31151081,encoded,,9213,False
B,919,31172922,encoded,,7146,False
A,925,31317759,dropped,capture_queue_full,,
A,921,31184413,encoded,,9052,False
B,920,31206265,encoded,,6750,False
A,922,31217759,encoded,,8299,False
B,921,31239603,encoded,,6588,False
A,923,31251078,encoded,,8033,False
B,922,31272915,encoded,,7603,False
A,924,31284411,encoded,,7887,False
B,923,31306254,encoded,,16667,False
A,926,31351079,encoded,,10183,False
B,924,31339588,encoded,,32615,False
B,925,31372920,encoded,,4291,False
A,927,31384414,encoded,,9281,False
A,928,31417752,encoded,,8098,False
B,926,31406250,encoded,,13094,False
A,929,31451095,encoded,,7365,False
B,927,31439596,encoded,,16667,False
A,930,31484419,encoded,,6878,False
B,928,31472925,encoded,,16666,False
A,931,31517757,encoded,,12087,False
B,929,31506258,encoded,,123823,True
A,932,31551085,encoded,,16667,False
B,930,31539595,encoded,,15311,False
A,933,31584422,encoded,,18161,False
B,931,31572922,encoded,,17262,False
A,934,31617765,encoded,,15172,False
B,932,31606257,encoded,,15031,False
A,935,31651102,encoded,,124304,True
B,933,31639590,encoded,,17092,False
A,936,31684427,encoded,,24824,False
B,934,31672926,encoded,,23349,False
A,937,31717761,encoded,,12300,False
B,935,31706259,encoded,,18617,False
A,938,31751091,encoded,,22017,False
B,936,31739596,encoded,,17135,False
A,939,31784427,encoded,,13564,False
B,937,31772933,encoded,,14154,False
A,940,31817767,encoded,,21690,False
B,938,31806267,encoded,,13574,False
A,941,31851105,encoded,,17568,False
B,939,31839600,encoded,,16177,False
A,942,31884426,encoded,,11108,False
B,940,31872931,encoded,,8353,False
A,943,31917761,encoded,,9236,False
B,941,31906277,encoded,,16699,False
A,944,31951095,encoded,,21241,False
B,942,31939599,encoded,,10480,False
A,945,31984430,encoded,,14750,False
B,943,31972936,encoded,,8791,False
B,948,32139612,dropped,capture_queue_full,,
A,946,32017765,encoded,,18652,False
B,944,32006267,encoded,,8265,False
A,947,32051103,encoded,,12518,False
B,945,32039614,encoded,,7072,False
B,946,32072942,encoded,,6794,False
A,948,32084431,encoded,,10883,False
B,947,32106278,encoded,,6204,False
A,949,32117766,encoded,,10699,False
B,949,32172950,encoded,,7810,False
A,950,32151105,encoded,,9728,False
B,950,32206272,encoded,,5873,False
A,951,32184434,encoded,,8976,False
B,951,32239606,encoded,,5298,False
A,952,32217768,encoded,,8791,False
B,952,32272941,encoded,,4873,False
A,953,32251106,encoded,,8492,False
B,953,32306273,encoded,,11963,False
A,954,32284440,encoded,,8141,False
B,954,32339615,encoded,,23478,False
A,959,32451107,dropped,capture_queue_full,,
A,955,32317784,encoded,,8480,False
B,955,32372943,encoded,,30593,False
A,956,32351110,encoded,,7971,False
B,956,32406283,encoded,,2063,False
A,957,32384438,encoded,,7915,False
B,957,32439622,encoded,,10533,False
A,958,32417773,encoded,,7361,False
B,958,32472947,encoded,,16667,False
A,960,32484447,encoded,,9584,False
B,959,32506279,encoded,,16666,False
A,961,32517778,encoded,,7408,False
B,960,32539629,encoded,,123529,True
A,962,32551114,encoded,,11799,False
B,961,32572947,encoded,,13001,False
A,963,32584444,encoded,,16667,False
B,962,32606281,encoded,,15207,False
A,964,32617778,encoded,,16667,False
B,963,32639616,encoded,,23441,False
A,965,32651117,encoded,,16666,False
B,964,32672957,encoded,,13723,False
A,966,32684456,encoded,,124337,True
B,965,32706301,encoded,,21450,False
A,967,32717780,encoded,,16969,False
B,966,32739619,encoded,,11080,False
A,968,32751119,encoded,,15981,False
B,967,32772952,encoded,,10351,False
A,969,32784446,encoded,,14940,False
B,968,32806287,encoded,,11310,False
A,970,32817796,encoded,,19407,False
B,969,32839620,encoded,,17582,False
A,971,32851122,encoded,,12091,False
B,970,32872954,encoded,,16224,False
A,972,32884466,encoded,,10893,False
B,971,32906288,encoded,,14839,False
A,973,32917792,encoded,,22500,False
B,972,32939621,encoded,,12929,False
A,974,32951131,encoded,,18179,False
B,973,32972959,encoded,,20496,False
A,975,32984464,encoded,,14590,False
B,974,33006306,encoded,,8767,False
A,976,33017786,encoded,,16651,False
B,975,33039626,encoded,,7673,False
A,977,33051127,encoded,,19755,False
B,976,33072963,encoded,,7210,False
A,978,33084467,encoded,,12303,False
B,977,33106306,encoded,,6422,False
A,979,33117790,encoded,,11811,False
B,978,33139637,encoded,,6108,False
A,980,33151121,encoded,,10751,False
B,979,33172987,encoded,,5869,False
A,981,33184460,encoded,,9935,False
B,980,33206296,encoded,,5965,False
A,982,33217791,encoded,,10425,False
B,981,33239643,encoded,,5183,False
A,983,33251125,encoded,,9164,False
B,982,33272970,encoded,,5156,False
A,984,33284465,encoded,,8429,False
B,983,33306308,encoded,,16485,False
A,985,33317798,encoded,,8060,False
B,988,33472971,dropped,capture_queue_full,,
A,986,33351134,encoded,,7456,False
B,984,33339644,encoded,,30690,False
A,987,33384462,encoded,,7869,False
B,985,33372985,encoded,,3191,False
A,992,33551132,dropped,capture_queue_full,,
B,986,33406299,encoded,,16119,False
A,988,33417803,encoded,,7490,False
B,992,33606319,dropped,capture_queue_full,,
B,987,33439650,encoded,,16667,False
A,989,33451143,encoded,,7760,False
B,989,33506301,encoded,,16667,False
A,995,33651142,dropped,capture_queue_full,,
A,990,33484476,encoded,,6980,False
B,990,33539655,encoded,,16666,False
A,991,33517796,encoded,,8608,False
B,991,33572970,encoded,,138296,True
A,993,33584467,encoded,,16666,False
B,993,33639639,encoded,,11872,False
A,994,33617800,encoded,,16667,False
B,994,33672979,encoded,,21307,False
A,996,33684480,encoded,,19031,False
B,995,33706333,encoded,,11868,False
A,1001,33851139,dropped,capture_queue_full,,
A,997,33717803,encoded,,14302,False
B,996,33739641,encoded,,12150,False
A,998,33751137,encoded,,124524,True
B,997,33772981,encoded,,21409,False
B,1001,33906312,dropped,capture_queue_full,,
A,999,33784482,encoded,,25188,False
B,998,33806315,encoded,,16089,False
A,1000,33817813,encoded,,7492,False
B,999,33839644,encoded,,15655,False
A,1002,33884477,encoded,,21228,False
B,1000,33872977,encoded,,16181,False
A,1003,33917806,encoded,,16485,False
B,1002,33939646,encoded,,15777,False
A,1004,33951145,encoded,,20871,False
B,1003,33972984,encoded,,7725,False
A,1005,33984481,encoded,,19209,False
A,1006,34017814,encoded,,11184,False
B,1004,34006314,encoded,,15516,False
A,1007,34051155,encoded,,9683,False
B,1005,34039649,encoded,,9743,False
A,1008,34084491,encoded,,21702,False
B,1006,34072988,encoded,,8323,False
A,1009,34117836,encoded,,14914,False
B,1007,34106317,encoded,,7164,False
B,1008,34139655,encoded,,6890,False
A,1010,34151157,encoded,,18301,False
B,1009,34172987,encoded,,6411,False
A,1011,34184483,encoded,,12820,False
B,1010,34206325,encoded,,6026,False
A,1012,34217821,encoded,,12012,False
B,1011,34239653,encoded,,5481,False
A,1017,34384485,dropped,capture_queue_full,,
A,1013,34251153,encoded,,11076,False
B,1012,34273003,encoded,,5002,False
B,1013,34306322,encoded,,4827,False
A,1014,34284482,encoded,,9473,False
B,1014,34339665,encoded,,4736,False
A,1015,34317823,encoded,,9232,False
B,1015,34372993,encoded,,16324,False
A,1016,34351158,encoded,,9173,False
B,1016,34406328,encoded,,35997,False
A,1022,34551159,dropped,capture_queue_full,,
B,1017,34439659,encoded,,1838,False
A,1018,34417828,encoded,,3136,False
B,1018,34472991,encoded,,10727,False
A,1019,34451159,encoded,,11805,False
B,1019,34506343,encoded,,16666,False
A,1020,34484487,encoded,,8549,False
B,1020,34539671,encoded,,16667,False
A,1021,34517823,encoded,,8061,False
B,1021,34572993,encoded,,16667,False
A,1023,34584495,encoded,,9897,False
B,1022,34606333,encoded,,16666,False
A,1024,34617830,encoded,,7731,False
B,1023,34639662,encoded,,123723,True
A,1025,34651169,encoded,,7348,False
B,1024,34672997,encoded,,16912,False
A,1026,34684499,encoded,,7049,False
B,1025,34706331,encoded,,18476,False
A,1027,34717834,encoded,,11857,False
B,1026,34739675,encoded,,23589,False
A,1028,34751164,encoded,,16667,False
B,1027,34772999,encoded,,20313,False
A,1029,34784511,encoded,,36255,False
B,1028,34806339,encoded,,24085,False
A,1030,34817828,encoded,,3839,False
B,1029,34839676,encoded,,17460,False
A,1031,34851165,encoded,,124298,True
B,1030,34873001,encoded,,13299,False
A,1032,34884503,encoded,,17457,False
B,1031,34906337,encoded,,13778,False
A,1033,34917828,encoded,,19223,False
B,1032,34939685,encoded,,12629,False
A,1034,34951180,encoded,,13720,False
B,1033,34973003,encoded,,18631,False
A,1035,34984513,encoded,,28305,False
B,1034,35006335,encoded,,10975,False
A,1040,35151178,dropped,capture_queue_full,,
A,1036,35017843,encoded,,16578,False
B,1035,35039673,encoded,,9054,False
A,1037,35051174,encoded,,18966,False
B,1036,35073021,encoded,,7943,False
A,1038,35084506,encoded,,10737,False
B,1037,35106339,encoded,,7188,False
A,1039,35117845,encoded,,9037,False
B,1038,35139679,encoded,,6471,False
A,1041,35184503,encoded,,10226,False
B,1039,35173013,encoded,,6321,False
A,1042,35217837,encoded,,7667,False
B,1040,35206347,encoded,,5570,False
A,1043,35251172,encoded,,18621,False
B,1041,35239676,encoded,,5024,False
A,1044,35284515,encoded,,19999,False
B,1042,35273027,encoded,,4821,False
A,1045,35317839,encoded,,13223,False
B,1043,35306349,encoded,,4896,False
B,1044,35339685,encoded,,4443,False
A,1046,35351174,encoded,,11454,False
B,1045,35373014,encoded,,7733,False
A,1047,35384516,encoded,,10507,False
B,1046,35406349,encoded,,16666,False
A,1048,35417848,encoded,,9500,False
B,1047,35439683,encoded,,36506,False
A,1049,35451176,encoded,,10082,False
B,1048,35473022,encoded,,1685,False
A,1050,35484510,encoded,,8913,False
B,1049,35506355,encoded,,11809,False
A,1051,35517858,encoded,,9220,False
B,1050,35539691,encoded,,16667,False
A,1052,35551196,encoded,,8382,False
B,1051,35573027,encoded,,16667,False
A,1053,35584517,encoded,,8151,False
B,1052,35606362,encoded,,16666,False
A,1054,35617846,encoded,,7846,False
B,1053,35639687,encoded,,123821,True
A,1055,35651187,encoded,,7449,False
B,1054,35673027,encoded,,13668,False
A,1056,35684514,encoded,,7246,False
B,1055,35706367,encoded,,11857,False
A,1057,35717854,encoded,,7346,False
B,1056,35739693,encoded,,21448,False
A,1058,35751192,encoded,,9086,False
B,1057,35773027,encoded,,10029,False
A,1059,35784517,encoded,,16667,False
B,1058,35806358,encoded,,22142,False
A,1060,35817866,encoded,,29292,False
B,1059,35839692,encoded,,11400,False
A,1061,35851200,encoded,,4461,False
B,1060,35873030,encoded,,19326,False
A,1062,35884529,encoded,,124463,True
B,1061,35906371,encoded,,18903,False
A,1063,35917854,encoded,,17249,False
B,1062,35939693,encoded,,23148,False
A,1064,35951189,encoded,,18603,False
B,1063,35973034,encoded,,20468,False
A,1065,35984529,encoded,,13346,False
B,1064,36006368,encoded,,6456,False
A,1066,36017855,encoded,,22404,False
B,1065,36039702,encoded,,13275,False
A,1067,36051197,encoded,,21905,False
B,1066,36073034,encoded,,9099,False
A,1068,36084525,encoded,,19447,False
B,1067,36106364,encoded,,7182,False
A,1069,36117864,encoded,,10699,False
A,1070,36151197,encoded,,9459,False
B,1068,36139698,encoded,,6606,False
A,1071,36184529,encoded,,8056,False
B,1073,36306367,dropped,capture_queue_full,,
B,1069,36173038,encoded,,6193,False
A,1072,36217866,encoded,,20395,False
B,1070,36206379,encoded,,5631,False
A,1073,36251196,encoded,,21086,False
B,1071,36239715,encoded,,5165,False
A,1074,36284535,encoded,,13611,False
B,1072,36273035,encoded,,5048,False
A,1079,36451206,dropped,capture_queue_full,,
A,1075,36317864,encoded,,12954,False
B,1074,36339709,encoded,,6470,False
B,1075,36373046,encoded,,4910,False
A,1076,36351196,encoded,,10955,False
B,1076,36406371,encoded,,11089,False
A,1077,36384532,encoded,,10261,False
B,1077,36439708,encoded,,16666,False
A,1078,36417875,encoded,,9550,False
A,1080,36484541,encoded,,3175,False
B,1078,36473038,encoded,,33143,False
B,1079,36506382,encoded,,2081,False
A,1081,36517875,encoded,,12890,False
B,1080,36539709,encoded,,14776,False
A,1082,36551217,encoded,,10128,False
B,1081,36573045,encoded,,16667,False
A,1083,36584541,encoded,,8616,False
B,1082,36606381,encoded,,16667,False
A,1084,36617869,encoded,,8297,False
B,1083,36639717,encoded,,16666,False
A,1085,36651205,encoded,,7632,False
B,1084,36673044,encoded,,123574,True
A,1086,36684538,encoded,,7565,False
B,1085,36706380,encoded,,15969,False
A,1087,36717873,encoded,,7718,False
B,1086,36739713,encoded,,12900,False
A,1088,36751207,encoded,,7529,False
B,1087,36773057,encoded,,23301,False
A,1089,36784540,encoded,,11587,False
B,1088,36806382,encoded,,12149,False
A,1090,36817875,encoded,,16667,False
B,1089,36839720,encoded,,21730,False
A,1091,36851215,encoded,,17597,False
A,1092,36884543,encoded,,15736,False
B,1090,36873057,encoded,,11847,False
A,1093,36917881,encoded,,124419,True
B,1095,37039736,dropped,capture_queue_full,,
B,1091,36906383,encoded,,11872,False
A,1094,36951211,encoded,,20112,False
B,1092,36939719,encoded,,17947,False
A,1095,36984546,encoded,,10354,False
A,1096,37017886,encoded,,26582,False
B,1093,36973058,encoded,,11937,False
A,1097,37051218,encoded,,13884,False
B,1099,37173056,dropped,capture_queue_full,,
B,1094,37006388,encoded,,19304,False
A,1098,37084549,encoded,,19272,False
B,1096,37073058,encoded,,16434,False
A,1099,37117881,encoded,,18648,False
B,1097,37106388,encoded,,6611,False
A,1100,37151213,encoded,,10971,False
A,1101,37184553,encoded,,9104,False
B,1098,37139722,encoded,,13440,False
B,1100,37206400,encoded,,5098,False
A,1102,37217882,encoded,,21752,False
B,1101,37239721,encoded,,10028,False
A,1103,37251219,encoded,,22264,False
B,1102,37273056,encoded,,7004,False
A,1104,37284558,encoded,,13253,False
B,1103,37306397,encoded,,5995,False
A,1105,37317888,encoded,,11561,False
B,1104,37339738,encoded,,5492,False
A,1106,37351233,encoded,,10827,False
B,1105,37373076,encoded,,5256,False
A,1107,37384553,encoded,,10282,False
B,1106,37406400,encoded,,4739,False
A,1108,37417887,encoded,,9593,False
B,1107,37439728,encoded,,4668,False
A,1109,37451230,encoded,,9207,False
B,1108,37473078,encoded,,16893,False
A,1110,37484555,encoded,,8769,False
B,1113,37639742,dropped,capture_queue_full,,
A,1111,37517889,encoded,,8945,False
B,1109,37506403,encoded,,36571,False
A,1112,37551231,encoded,,9443,False
B,1110,37539732,encoded,,1798,False
A,1113,37584563,encoded,,7880,False
B,1111,37573071,encoded,,10777,False
A,1114,37617894,encoded,,7821,False
B,1112,37606400,encoded,,16666,False
A,1115,37651236,encoded,,7497,False
B,1114,37673082,encoded,,16667,False
A,1116,37684567,encoded,,7417,False
B,1115,37706415,encoded,,16667,False
A,1117,37717900,encoded,,7447,False
B,1116,37739742,encoded,,16666,False
A,1118,37751229,encoded,,7645,False
B,1117,37773080,encoded,,123730,True
A,1119,37784569,encoded,,15051,False
B,1118,37806406,encoded,,12501,False
A,1120,37817904,encoded,,18936,False
B,1119,37839740,encoded,,19589,False
A,1121,37851233,encoded,,14398,False
B,1120,37873079,encoded,,22898,False
A,1122,37884571,encoded,,16666,False
B,1121,37906412,encoded,,11012,False
A,1123,37917904,encoded,,124427,True
B,1122,37939740,encoded,,21764,False
A,1124,37951245,encoded,,18195,False
B,1123,37973091,encoded,,12059,False
A,1125,37984569,encoded,,12187,False
B,1124,38006410,encoded,,14539,False
A,1126,38017906,encoded,,18582,False
B,1125,38039758,encoded,,15163,False
A,1127,38051248,encoded,,18530,False
B,1126,38073078,encoded,,11664,False
A,1128,38084570,encoded,,23709,False
B,1127,38106417,encoded,,12789,False
A,1129,38117922,encoded,,20130,False
B,1128,38139770,encoded,,13990,False
A,1130,38151246,encoded,,11203,False
B,1129,38173095,encoded,,18129,False
A,1131,38184573,encoded,,8929,False
B,1130,38206416,encoded,,11800,False
A,1132,38217914,encoded,,8190,False
B,1131,38239758,encoded,,8760,False
A,1133,38251243,encoded,,19888,False
B,1132,38273090,encoded,,6974,False
A,1134,38284581,encoded,,21215,False
B,1133,38306421,encoded,,6760,False
A,1135,38317926,encoded,,13567,False
B,1134,38339750,encoded,,5973,False
A,1136,38351255,encoded,,11920,False
B,1135,38373092,encoded,,5651,False
A,1137,38384584,encoded,,10587,False
B,1136,38406419,encoded,,5597,False
A,1138,38417923,encoded,,9707,False
B,1137,38439760,encoded,,4934,False
A,1139,38451255,encoded,,10084,False
B,1138,38473087,encoded,,4594,False
A,1144,38617918,dropped,capture_queue_full,,
A,1140,38484579,encoded,,9338,False
B,1139,38506421,encoded,,12464,False
A,1141,38517914,encoded,,8694,False
B,1140,38539759,encoded,,22205,False
A,1142,38551260,encoded,,8606,False
B,1145,38706439,dropped,capture_queue_full,,
B,1141,38573090,encoded,,29396,False
A,1143,38584585,encoded,,8122,False
B,1142,38606429,encoded,,1424,False
A,1145,38651255,encoded,,10205,False
B,1143,38639768,encoded,,13641,False
A,1146,38684584,encoded,,8114,False
B,1144,38673092,encoded,,16667,False
A,1147,38717937,encoded,,7632,False
B,1146,38739763,encoded,,16667,False
A,1148,38751265,encoded,,7486,False
B,1147,38773095,encoded,,16666,False
A,1149,38784599,encoded,,7241,False
B,1148,38806432,encoded,,123699,True
A,1150,38817927,encoded,,13512,False
B,1149,38839763,encoded,,13876,False
A,1151,38851255,encoded,,20114,False
B,1150,38873102,encoded,,17021,False
A,1152,38884588,encoded,,13220,False
B,1151,38906431,encoded,,23781,False
A,1153,38917931,encoded,,16666,False
B,1152,38939778,encoded,,15010,False
A,1154,38951264,encoded,,124390,True
B,1153,38973105,encoded,,20726,False
A,1155,38984591,encoded,,23875,False
B,1154,39006432,encoded,,12291,False
A,1156,39017935,encoded,,9206,False
B,1155,39039772,encoded,,13720,False
A,1157,39051271,encoded,,14556,False
B,1156,39073103,encoded,,14725,False
A,1158,39084606,encoded,,20098,False
B,1157,39106440,encoded,,10761,False
A,1159,39117929,encoded,,19053,False
B,1158,39139771,encoded,,12845,False
A,1160,39151261,encoded,,15319,False
B,1159,39173108,encoded,,13632,False
A,1161,39184596,encoded,,16825,False
B,1160,39206439,encoded,,17514,False
A,1162,39217929,encoded,,9679,False
B,1161,39239772,encoded,,11975,False
A,1163,39251269,encoded,,21456,False
B,1162,39273107,encoded,,8296,False
A,1164,39284610,encoded,,22548,False
B,1163,39306452,encoded,,6932,False
A,1165,39317939,encoded,,2945,False
B,1164,39339782,encoded,,6508,False
A,1166,39351271,encoded,,16751,False
B,1165,39373117,encoded,,6106,False
A,1167,39384601,encoded,,12041,False
B,1166,39406454,encoded,,5559,False
A,1168,39417941,encoded,,10649,False
B,1167,39439781,encoded,,5085,False
A,1169,39451273,encoded,,9539,False
B,1168,39473111,encoded,,4737,False
A,1170,39484604,encoded,,9589,False
B,1169,39506452,encoded,,4498,False
A,1171,39517936,encoded,,9088,False
B,1170,39539778,encoded,,14037,False
B,1171,39573112,encoded,,30684,False
A,1172,39551281,encoded,,8900,False
B,1172,39606448,encoded,,9122,False
A,1177,39717946,dropped,capture_queue_full,,
A,1173,39584605,encoded,,8224,False
B,1173,39639786,encoded,,10194,False
A,1174,39617953,encoded,,7866,False
B,1174,39673115,encoded,,16666,False
A,1175,39651287,encoded,,7853,False
B,1175,39706449,encoded,,16667,False
A,1176,39684617,encoded,,8793,False
B,1176,39739792,encoded,,16667,False
A,1178,39751286,encoded,,10731,False
B,1177,39773120,encoded,,16666,False
B,1178,39806462,encoded,,123522,True
A,1179,39784610,encoded,,8291,False
B,1179,39839800,encoded,,13505,False
A,1184,39951287,dropped,capture_queue_full,,
A,1180,39817961,encoded,,7316,False
B,1180,39873139,encoded,,19128,False
A,1181,39851278,encoded,,14419,False
B,1181,39906455,encoded,,18625,False
A,1182,39884620,encoded,,19028,False
B,1182,39939792,encoded,,19848,False
A,1183,39917954,encoded,,14306,False
B,1183,39973134,encoded,,24049,False
A,1185,39984618,encoded,,16666,False
B,1184,40006457,encoded,,14144,False
A,1186,40017948,encoded,,124382,True
B,1185,40039807,encoded,,12829,False
A,1187,40051283,encoded,,19947,False
B,1186,40073125,encoded,,17347,False
A,1188,40084622,encoded,,8834,False
B,1187,40106466,encoded,,17373,False
A,1189,40117952,encoded,,20311,False
B,1188,40139797,encoded,,13256,False
A,1190,40151288,encoded,,21811,False
B,1189,40173128,encoded,,14720,False
A,1191,40184620,encoded,,13276,False
B,1190,40206461,encoded,,11958,False
A,1196,40351289,dropped,capture_queue_full,,
A,1192,40217951,encoded,,16433,False
B,1191,40239798,encoded,,8214,False
A,1193,40251291,encoded,,19242,False
B,1192,40273143,encoded,,7429,False
A,1194,40284625,encoded,,9595,False
B,1193,40306471,encoded,,6636,False
A,1195,40317960,encoded,,21207,False
B,1198,40473135,dropped,capture_queue_full,,
B,1194,40339798,encoded,,5939,False
A,1197,40384631,encoded,,7786,False
B,1195,40373132,encoded,,5826,False
A,1198,40417969,encoded,,5831,False
B,1196,40406466,encoded,,5356,False
A,1199,40451301,encoded,,24689,False
B,1197,40439801,encoded,,4930,False
A,1200,40484627,encoded,,13663,False
B,1199,40506471,encoded,,6238,False
A,1201,40517961,encoded,,11150,False
B,1200,40539802,encoded,,4829,False
A,1202,40551301,encoded,,10125,False
B,1201,40573148,encoded,,7633,False
A,1203,40584634,encoded,,9633,False
B,1202,40606486,encoded,,16666,False
A,1204,40617969,encoded,,9106,False
B,1203,40639810,encoded,,28046,False
A,1205,40651297,encoded,,8777,False
B,1204,40673141,encoded,,5288,False
A,1206,40684635,encoded,,8383,False
B,1205,40706480,encoded,,16666,False
A,1207,40717966,encoded,,8021,False
B,1206,40739814,encoded,,16667,False
A,1208,40751304,encoded,,7849,False
B,1207,40773152,encoded,,16667,False
A,1209,40784637,encoded,,7649,False
B,1208,40806476,encoded,,16666,False
A,1210,40817969,encoded,,7762,False
B,1209,40839815,encoded,,123594,True
A,1211,40851301,encoded,,7436,False
B,1210,40873158,encoded,,17554,False
A,1212,40884642,encoded,,10436,False
B,1211,40906482,encoded,,10970,False
A,1213,40917970,encoded,,16666,False
B,1212,40939828,encoded,,17763,False
A,1214,40951304,encoded,,23682,False
B,1213,40973151,encoded,,17510,False
A,1215,40984639,encoded,,9652,False
B,1214,41006481,encoded,,17092,False
A,1216,41017973,encoded,,16666,False
A,1217,41051306,encoded,,124397,True
B,1219,41173151,dropped,capture_queue_full,,
B,1215,41039815,encoded,,11861,False
A,1218,41084647,encoded,,21038,False
B,1216,41073149,encoded,,15205,False
A,1219,41117989,encoded,,17884,False
B,1217,41106492,encoded,,20982,False
A,1220,41151313,encoded,,12523,False
B,1218,41139817,encoded,,15914,False
A,1221,41184646,encoded,,19310,False
B,1220,41206500,encoded,,14362,False
A,1222,41217983,encoded,,11784,False
B,1221,41239845,encoded,,15037,False
A,1223,41251312,encoded,,16307,False
B,1222,41273155,encoded,,15512,False
A,1224,41284646,encoded,,20041,False
B,1223,41306489,encoded,,9074,False
A,1225,41317987,encoded,,9888,False
B,1224,41339823,encoded,,7832,False
A,1226,41351316,encoded,,8780,False
B,1225,41373166,encoded,,6978,False
A,1227,41384647,encoded,,20667,False
B,1226,41406508,encoded,,6267,False
A,1228,41417980,encoded,,21343,False
B,1227,41439823,encoded,,6293,False
A,1229,41451315,encoded,,13376,False
B,1228,41473160,encoded,,5729,False
A,1230,41484656,encoded,,11793,False
B,1229,41506501,encoded,,5564,False
A,1231,41517990,encoded,,10339,False
B,1230,41539847,encoded,,5028,False
A,1232,41551325,encoded,,9954,False
B,1231,41573173,encoded,,4967,False
B,1235,41706509,dropped,capture_queue_full,,
A,1233,41584667,encoded,,10197,False
B,1232,41606494,encoded,,12246,False
A,1234,41617991,encoded,,9088,False
B,1233,41639840,encoded,,23955,False
A,1235,41651328,encoded,,9141,False
B,1234,41673178,encoded,,36026,False
A,1236,41684652,encoded,,8806,False
B,1236,41739831,encoded,,2547,False
A,1237,41717988,encoded,,8678,False
B,1237,41773165,encoded,,4138,False
A,1238,41751326,encoded,,7915,False
B,1238,41806507,encoded,,16667,False
A,1239,41784655,encoded,,7940,False
B,1239,41839842,encoded,,16667,False
A,1240,41817990,encoded,,7556,False
B,1240,41873168,encoded,,16666,False
A,1241,41851323,encoded,,7322,False
B,1241,41906512,encoded,,123614,True
A,1242,41884663,encoded,,7267,False
B,1242,41939845,encoded,,18980,False
A,1243,41917998,encoded,,16666,False
B,1243,41973186,encoded,,12368,False
A,1244,41951332,encoded,,29975,False
B,1244,42006521,encoded,,15520,False
A,1245,41984666,encoded,,4333,False
B,1245,42039861,encoded,,8774,False
A,1246,42018001,encoded,,15692,False
B,1246,42073172,encoded,,22252,False
A,1247,42051330,encoded,,124268,True
B,1247,42106526,encoded,,11904,False
A,1248,42084665,encoded,,18192,False
B,1248,42139858,encoded,,17102,False
A,1249,42117996,encoded,,13448,False
B,1249,42173183,encoded,,21299,False
A,1250,42151333,encoded,,17045,False
B,1250,42206523,encoded,,15840,False
A,1251,42184665,encoded,,20858,False
A,1256,42351346,dropped,capture_queue_full,,
B,1251,42239841,encoded,,21792,False
A,1252,42218000,encoded,,14805,False
B,1252,42273194,encoded,,14069,False
A,1253,42251333,encoded,,14886,False
B,1253,42306519,encoded,,11127,False
A,1254,42284672,encoded,,13323,False
B,1254,42339845,encoded,,8186,False
B,1255,42373189,encoded,,7401,False
A,1260,42484672,dropped,capture_queue_full,,
A,1255,42318009,encoded,,28018,False
A,1257,42384674,encoded,,9756,False
B,1256,42406523,encoded,,6406,False
A,1258,42418003,encoded,,6728,False
B,1257,42439860,encoded,,5939,False
A,1259,42451338,encoded,,18170,False
B,1258,42473182,encoded,,5780,False
A,1261,42518011,encoded,,5826,False
B,1259,42506534,encoded,,5322,False
A,1262,42551346,encoded,,4762,False
B,1260,42539862,encoded,,4909,False
A,1263,42584674,encoded,,20882,False
B,1261,42573194,encoded,,4913,False
B,1262,42606535,encoded,,4500,False
A,1264,42618015,encoded,,12076,False
A,1265,42651343,encoded,,10524,False
B,1263,42639872,encoded,,15337,False
A,1266,42684677,encoded,,9309,False
B,1264,42673189,encoded,,36994,False
A,1267,42718026,encoded,,9086,False
B,1265,42706525,encoded,,1830,False
A,1268,42751356,encoded,,8430,False
B,1266,42739862,encoded,,11176,False
A,1269,42784679,encoded,,8251,False
B,1267,42773190,encoded,,16666,False
A,1270,42818015,encoded,,8658,False
B,1268,42806533,encoded,,16667,False
A,1271,42851347,encoded,,8057,False
B,1269,42839862,encoded,,16667,False
A,1272,42884686,encoded,,7663,False
B,1270,42873200,encoded,,16666,False
A,1273,42918015,encoded,,8731,False
B,1271,42906543,encoded,,123446,True
A,1274,42951350,encoded,,11582,False
A,1275,42984684,encoded,,16666,False
B,1272,42939874,encoded,,19492,False
B,1277,43106538,dropped,capture_queue_full,,
B,1273,42973218,encoded,,10496,False
A,1276,43018017,encoded,,28705,False
B,1274,43006547,encoded,,15243,False
A,1277,43051357,encoded,,4629,False
B,1275,43039872,encoded,,19437,False
A,1278,43084692,encoded,,16666,False
B,1276,43073198,encoded,,16653,False
A,1279,43118019,encoded,,124218,True
B,1278,43139872,encoded,,11973,False
A,1280,43151357,encoded,,20940,False
B,1279,43173197,encoded,,19065,False
A,1281,43184700,encoded,,17201,False
B,1280,43206534,encoded,,15656,False
A,1282,43218029,encoded,,13141,False
B,1281,43239870,encoded,,14867,False
A,1283,43251363,encoded,,26624,False
B,1282,43273214,encoded,,13367,False
A,1284,43284697,encoded,,16521,False
B,1283,43306536,encoded,,13151,False
B,1284,43339874,encoded,,10297,False
A,1289,43451360,dropped,capture_queue_full,,
A,1285,43318030,encoded,,18708,False
A,1286,43351359,encoded,,10701,False
B,1285,43373202,encoded,,17215,False
A,1287,43384691,encoded,,8986,False
B,1286,43406539,encoded,,12461,False
B,1287,43439877,encoded,,9047,False
A,1288,43418028,encoded,,21640,False
B,1288,43473220,encoded,,7731,False
A,1290,43484693,encoded,,6994,False
A,1291,43518032,encoded,,6074,False
B,1289,43506542,encoded,,7232,False
B,1290,43539882,encoded,,6492,False
A,1292,43551378,encoded,,22923,False
B,1291,43573207,encoded,,6206,False
A,1293,43584708,encoded,,13121,False
B,1292,43606548,encoded,,5981,False
A,1294,43618047,encoded,,11185,False
B,1293,43639876,encoded,,5911,False
A,1295,43651379,encoded,,10105,False
B,1294,43673215,encoded,,5730,False
A,1296,43684705,encoded,,10390,False
B,1295,43706555,encoded,,12851,False
A,1297,43718044,encoded,,9339,False
B,1296,43739888,encoded,,22397,False
A,1298,43751371,encoded,,8500,False
B,1297,43773213,encoded,,11754,False
A,1299,43784717,encoded,,7967,False
B,1298,43806547,encoded,,15849,False
A,1300,43818043,encoded,,7964,False
A,1301,43851379,encoded,,7641,False
B,1303,43973223,dropped,capture_queue_full,,
B,1299,43839884,encoded,,16667,False
A,1302,43884736,encoded,,7908,False
B,1300,43873224,encoded,,16667,False
A,1303,43918038,encoded,,7701,False
B,1301,43906550,encoded,,16666,False
B,1302,43939888,encoded,,123839,True
A,1304,43951373,encoded,,7312,False
B,1304,44006574,encoded,,19869,False
A,1305,43984713,encoded,,9530,False
B,1305,44039888,encoded,,12082,False
A,1306,44018040,encoded,,16666,False
B,1306,44073221,encoded,,19273,False
A,1307,44051375,encoded,,36581,False
B,1307,44106605,encoded,,9669,False
A,1308,44084710,encoded,,3782,False
A,1309,44118043,encoded,,12502,False
B,1308,44139907,encoded,,21231,False
A,1314,44284726,dropped,capture_queue_full,,
B,1309,44173220,encoded,,10929,False
A,1310,44151382,encoded,,124473,True
B,1310,44206555,encoded,,13318,False
A,1311,44184730,encoded,,21810,False
B,1311,44239892,encoded,,21990,False
A,1312,44218053,encoded,,7094,False
B,1312,44273229,encoded,,18902,False
A,1313,44251390,encoded,,13206,False
B,1313,44306561,encoded,,19301,False
A,1315,44318056,encoded,,15039,False
B,1314,44339903,encoded,,9454,False
A,1316,44351382,encoded,,19274,False
B,1315,44373227,encoded,,16571,False
A,1317,44384718,encoded,,12507,False
B,1316,44406560,encoded,,10799,False
A,1318,44418057,encoded,,15767,False
B,1317,44439905,encoded,,9292,False
A,1319,44451386,encoded,,26478,False
B,1318,44473236,encoded,,8427,False
A,1320,44484724,encoded,,12111,False
B,1319,44506569,encoded,,7781,False
A,1321,44518061,encoded,,20095,False
B,1320,44539902,encoded,,7422,False
A,1322,44551392,encoded,,4927,False
B,1321,44573233,encoded,,6622,False
A,1323,44584721,encoded,,20902,False
B,1322,44606581,encoded,,7338,False
A,1324,44618057,encoded,,13713,False
B,1323,44639906,encoded,,7215,False
B,1324,44673245,encoded,,6207,False
A,1325,44651394,encoded,,11448,False
A,1326,44684729,encoded,,10564,False
B,1325,44706605,encoded,,6063,False
A,1327,44718064,encoded,,9744,False
B,1326,44739917,encoded,,6406,False
A,1328,44751398,encoded,,9755,False
B,1327,44773236,encoded,,16667,False
A,1329,44784743,encoded,,8808,False
B,1328,44806578,encoded,,33657,False
A,1330,44818076,encoded,,8542,False
B,1329,44839906,encoded,,4666,False
B,1330,44873247,encoded,,11677,False
A,1331,44851394,encoded,,7916,False
B,1331,44906574,encoded,,16667,False
A,1332,44884729,encoded,,7661,False
B,1332,44939912,encoded,,16666,False
A,1333,44918077,encoded,,7845,False
B,1333,44973247,encoded,,138383,True
A,1334,44951407,encoded,,7391,False
B,1334,45006576,encoded,,15657,False
A,1335,44984739,encoded,,7262,False
B,1335,45039917,encoded,,8959,False
A,1336,45018064,encoded,,7049,False
B,1336,45073255,encoded,,16369,False
A,1337,45051402,encoded,,15754,False
B,1337,45106578,encoded,,19908,False
A,1342,45218069,dropped,capture_queue_full,,
A,1338,45084731,encoded,,28744,False
B,1338,45139912,encoded,,24019,False
A,1339,45118072,encoded,,5031,False
B,1339,45173251,encoded,,18121,False
A,1340,45151406,encoded,,16225,False
B,1340,45206587,encoded,,17220,False
A,1341,45184739,encoded,,124279,True
B,1341,45239916,encoded,,12049,False
A,1343,45251409,encoded,,21173,False
B,1342,45273250,encoded,,9878,False
A,1344,45284735,encoded,,10766,False
B,1343,45306589,encoded,,11738,False
A,1345,45318076,encoded,,16795,False
B,1344,45339919,encoded,,14158,False
A,1346,45351406,encoded,,19362,False
B,1345,45373259,encoded,,14108,False
A,1347,45384744,encoded,,11818,False
B,1346,45406601,encoded,,10646,False
A,1348,45418074,encoded,,9963,False
B,1347,45439937,encoded,,9229,False
A,1349,45451427,encoded,,15000,False
B,1348,45473258,encoded,,8324,False
A,1350,45484751,encoded,,23259,False
B,1349,45506592,encoded,,7759,False
A,1351,45518080,encoded,,14478,False
B,1350,45539926,encoded,,7515,False
A,1352,45551408,encoded,,7758,False
B,1351,45573257,encoded,,7564,False
A,1353,45584751,encoded,,18673,False
B,1352,45606609,encoded,,7554,False
A,1354,45618077,encoded,,19666,False
B,1353,45639924,encoded,,7264,False
B,1354,45673263,encoded,,7243,False
A,1355,45651419,encoded,,13105,False
B,1355,45706593,encoded,,6771,False
A,1356,45684747,encoded,,11098,False
A,1361,45851423,dropped,capture_queue_full,,
A,1357,45718093,encoded,,10147,False
B,1356,45739927,encoded,,7438,False
A,1358,45751415,encoded,,10041,False
B,1361,45906605,dropped,capture_queue_full,,
B,1357,45773265,encoded,,8793,False
A,1359,45784750,encoded,,9811,False
B,1358,45806594,encoded,,16667,False
A,1360,45818082,encoded,,8969,False
B,1359,45839929,encoded,,35008,False
B,1360,45873268,encoded,,5219,False
A,1362,45884751,encoded,,10929,False
B,1362,45939930,encoded,,9773,False
A,1363,45918089,encoded,,8325,False
B,1363,45973278,encoded,,16666,False
A,1364,45951420,encoded,,8251,False
B,1364,46006614,encoded,,123862,True
A,1365,45984758,encoded,,7548,False
B,1365,46039958,encoded,,13980,False
A,1366,46018088,encoded,,7486,False
B,1366,46073281,encoded,,14235,False
A,1367,46051421,encoded,,7482,False
B,1367,46106612,encoded,,20198,False
A,1368,46084755,encoded,,7152,False
A,1369,46118089,encoded,,16666,False
B,1368,46139970,encoded,,17434,False
A,1374,46284768,dropped,capture_queue_full,,
B,1369,46173288,encoded,,18470,False
A,1370,46151432,encoded,,36479,False
A,1371,46184757,encoded,,3833,False
B,1370,46206621,encoded,,17451,False
A,1372,46218097,encoded,,11184,False
B,1371,46239960,encoded,,12975,False
A,1373,46251427,encoded,,124431,True
B,1372,46273280,encoded,,16313,False
A,1375,46318107,encoded,,21448,False
B,1373,46306606,encoded,,16163,False
B,1374,46339947,encoded,,12386,False
A,1376,46351444,encoded,,8477,False
B,1375,46373281,encoded,,14849,False
A,1377,46384773,encoded,,19962,False
B,1376,46406620,encoded,,17824,False
A,1378,46418102,encoded,,17221,False
B,1377,46439949,encoded,,9886,False
A,1379,46451438,encoded,,22516,False
B,1378,46473282,encoded,,9067,False
A,1380,46484765,encoded,,20795,False
B,1379,46506612,encoded,,7838,False
A,1381,46518102,encoded,,11421,False
B,1380,46539944,encoded,,16338,False
A,1382,46551438,encoded,,9521,False
B,1381,46573282,encoded,,11368,False
A,1383,46584766,encoded,,8188,False
B,1382,46606615,encoded,,10150,False
A,1384,46618101,encoded,,20427,False
B,1383,46639948,encoded,,9614,False
B,1384,46673283,encoded,,9294,False
A,1385,46651443,encoded,,21275,False
B,1385,46706615,encoded,,8511,False
A,1386,46684774,encoded,,13335,False
B,1386,46739950,encoded,,8264,False
A,1387,46718107,encoded,,11440,False
B,1387,46773292,encoded,,8090,False
A,1388,46751439,encoded,,11365,False
B,1388,46806618,encoded,,7895,False
A,1389,46784778,encoded,,10559,False
B,1389,46839961,encoded,,7163,False
A,1390,46818114,encoded,,9491,False
B,1390,46873292,encoded,,10382,False
A,1391,46851439,encoded,,9011,False
B,1391,46906626,encoded,,16667,False
A,1392,46884774,encoded,,8848,False
B,1392,46939954,encoded,,33416,False
A,1393,46918113,encoded,,8616,False
B,1393,46973299,encoded,,4542,False
A,1398,47084791,dropped,capture_queue_full,,
A,1394,46951442,encoded,,8069,False
B,1394,47006639,encoded,,123846,True
A,1395,46984782,encoded,,8479,False
B,1395,47039972,encoded,,16600,False
A,1396,47018111,encoded,,7712,False
B,1396,47073301,encoded,,16064,False
A,1397,47051450,encoded,,7790,False
B,1397,47106632,encoded,,15657,False
A,1399,47118116,encoded,,9726,False
B,1398,47139969,encoded,,17148,False
A,1400,47151457,encoded,,7507,False
B,1399,47173301,encoded,,15625,False
A,1401,47184787,encoded,,10874,False
B,1400,47206629,encoded,,16876,False
A,1402,47218126,encoded,,16667,False
B,1401,47239970,encoded,,10400,False
B,1402,47273297,encoded,,16160,False
A,1407,47384799,dropped,capture_queue_full,,
A,1403,47251462,encoded,,19565,False
B,1403,47306636,encoded,,16945,False
A,1404,47284796,encoded,,13768,False
B,1404,47339966,encoded,,17513,False
A,1405,47318122,encoded,,124240,True
B,1405,47373306,encoded,,17653,False
A,1406,47351464,encoded,,18202,False
B,1406,47406631,encoded,,9560,False
A,1408,47418125,encoded,,8936,False
B,1407,47439981,encoded,,8508,False
A,1409,47451459,encoded,,25051,False
B,1408,47473303,encoded,,7554,False
A,1410,47484800,encoded,,20425,False
B,1409,47506635,encoded,,6934,False
A,1411,47518128,encoded,,20068,False
B,1410,47539970,encoded,,14970,False
A,1412,47551459,encoded,,19120,False
B,1411,47573314,encoded,,10412,False
A,1413,47584796,encoded,,11190,False
B,1412,47606638,encoded,,9097,False
A,1414,47618125,encoded,,9476,False
B,1413,47639974,encoded,,8211,False
A,1415,47651464,encoded,,21646,False
B,1414,47673312,encoded,,7897,False
A,1416,47684792,encoded,,15155,False
B,1415,47706645,encoded,,7129,False
A,1417,47718127,encoded,,18676,False
B,1416,47739974,encoded,,6964,False
A,1418,47751462,encoded,,12790,False
B,1417,47773308,encoded,,6352,False
A,1419,47784796,encoded,,11590,False
B,1418,47806653,encoded,,7967,False
A,1420,47818128,encoded,,10579,False
B,1419,47839983,encoded,,16667,False
A,1421,47851469,encoded,,10566,False
B,1420,47873311,encoded,,31955,False
A,1422,47884806,encoded,,9551,False
B,1421,47906644,encoded,,3974,False
A,1423,47918134,encoded,,8943,False
B,1422,47939986,encoded,,14071,False
A,1424,47951470,encoded,,8386,False
B,1423,47973319,encoded,,16666,False
A,1425,47984799,encoded,,8342,False
B,1424,48006649,encoded,,123957,True
A,1426,48018134,encoded,,8063,False
B,1425,48039984,encoded,,14658,False
A,1427,48051467,encoded,,8067,False
B,1426,48073322,encoded,,18641,False
A,1428,48084801,encoded,,7896,False
B,1427,48106655,encoded,,14703,False
A,1429,48118141,encoded,,8580,False
B,1428,48139995,encoded,,15428,False
A,1430,48151474,encoded,,7972,False
B,1429,48173320,encoded,,24425,False
A,1431,48184812,encoded,,7567,False
B,1430,48206653,encoded,,15524,False
A,1432,48218146,encoded,,8923,False
B,1431,48239985,encoded,,14634,False
A,1433,48251486,encoded,,16667,False
B,1432,48273329,encoded,,12097,False
A,1434,48284814,encoded,,24056,False
B,1433,48306663,encoded,,17255,False
A,1435,48318140,encoded,,12368,False
B,1434,48339993,encoded,,17125,False
B,1435,48373331,encoded,,9113,False
A,1436,48351474,encoded,,124568,True
B,1436,48406658,encoded,,7721,False
A,1437,48384821,encoded,,22514,False
A,1438,48418148,encoded,,14179,False
B,1437,48439992,encoded,,6722,False
B,1438,48473325,encoded,,6049,False
A,1439,48451477,encoded,,14619,False
A,1444,48618152,dropped,capture_queue_full,,
B,1439,48506664,encoded,,13348,False
A,1440,48484810,encoded,,19895,False
B,1440,48539997,encoded,,8914,False
A,1441,48518143,encoded,,21716,False
B,1445,48706676,dropped,capture_queue_full,,
B,1441,48573335,encoded,,7636,False
A,1442,48551481,encoded,,17886,False
B,1442,48606659,encoded,,7134,False
A,1443,48584813,encoded,,10809,False
B,1443,48639996,encoded,,6360,False
A,1445,48651481,encoded,,11992,False
B,1444,48673330,encoded,,6001,False
A,1446,48684817,encoded,,7749,False
B,1446,48740009,encoded,,7336,False
A,1447,48718149,encoded,,20143,False
B,1447,48773343,encoded,,8553,False
A,1448,48751484,encoded,,20428,False
B,1448,48806667,encoded,,16666,False
A,1449,48784818,encoded,,3213,False
B,1449,48840006,encoded,,39092,False
A,1450,48818156,encoded,,16670,False
B,1450,48873335,encoded,,1858,False
A,1451,48851485,encoded,,12071,False
B,1451,48906674,encoded,,9050,False
A,1452,48884820,encoded,,10301,False
B,1452,48940002,encoded,,16667,False
A,1453,48918162,encoded,,9328,False
B,1453,48973343,encoded,,16667,False
A,1454,48951489,encoded,,9872,False
B,1454,49006673,encoded,,16666,False
A,1455,48984828,encoded,,9113,False
B,1455,49040009,encoded,,123775,True
A,1456,49018159,encoded,,9400,False
B,1456,49073340,encoded,,17786,False
A,1457,49051496,encoded,,8356,False
B,1457,49106681,encoded,,18744,False
A,1458,49084825,encoded,,8354,False
B,1458,49140007,encoded,,13002,False
A,1459,49118157,encoded,,7906,False
A,1460,49151499,encoded,,7555,False
B,1459,49173350,encoded,,15679,False
A,1461,49184825,encoded,,7980,False
B,1464,49340020,dropped,capture_queue_full,,
B,1460,49206674,encoded,,16349,False
A,1462,49218160,encoded,,7234,False
B,1461,49240015,encoded,,16688,False
A,1463,49251507,encoded,,13058,False
B,1462,49273351,encoded,,17156,False
A,1468,49418168,dropped,capture_queue_full,,
A,1464,49284836,encoded,,16667,False
B,1463,49306676,encoded,,16863,False
A,1465,49318167,encoded,,18996,False
B,1465,49373353,encoded,,14721,False
B,1466,49406713,encoded,,20509,False
A,1466,49351503,encoded,,14337,False
B,1467,49440026,encoded,,8868,False
A,1467,49384832,encoded,,124545,True
B,1468,49473349,encoded,,7752,False
A,1473,49584852,dropped,capture_queue_full,,
A,1469,49451499,encoded,,26210,False
B,1469,49506687,encoded,,6921,False
A,1470,49484836,encoded,,7735,False
B,1470,49540017,encoded,,6675,False
A,1471,49518166,encoded,,14556,False
B,1471,49573350,encoded,,13819,False
A,1472,49551506,encoded,,20069,False
B,1472,49606693,encoded,,10188,False
A,1474,49618175,encoded,,20994,False
B,1473,49640018,encoded,,9010,False
A,1475,49651514,encoded,,14995,False
B,1474,49673360,encoded,,7931,False
A,1476,49684844,encoded,,16800,False
B,1475,49706689,encoded,,7279,False
A,1477,49718172,encoded,,9664,False
B,1476,49740020,encoded,,7002,False
B,1477,49773356,encoded,,6801,False
A,1478,49751512,encoded,,21478,False
B,1478,49806691,encoded,,6381,False
A,1479,49784841,encoded,,14481,False
B,1479,49840024,encoded,,10101,False
A,1480,49818181,encoded,,18787,False
B,1480,49873365,encoded,,16667,False
A,1481,49851508,encoded,,13605,False
B,1481,49906692,encoded,,31746,False
A,1482,49884848,encoded,,11465,False
B,1482,49940028,encoded,,4289,False
A,1483,49918183,encoded,,10343,False
B,1483,49973367,encoded,,13965,False
A,1484,49951516,encoded,,9665,False
B,1484,50006703,encoded,,16667,False
A,1485,49984854,encoded,,8866,False
B,1485,50040040,encoded,,16666,False
A,1486,50018177,encoded,,8493,False
B,1486,50073375,encoded,,123526,True
A,1487,50051514,encoded,,8413,False
B,1487,50106710,encoded,,19614,False
A,1488,50084854,encoded,,8233,False
B,1488,50140036,encoded,,10526,False
A,1489,50118181,encoded,,7966,False
B,1489,50173368,encoded,,16642,False
A,1490,50151517,encoded,,7807,False
B,1490,50206698,encoded,,15202,False
B,1491,50240033,encoded,,16497,False
A,1495,50318200,dropped,capture_queue_full,,
A,1491,50184851,encoded,,7694,False
B,1492,50273371,encoded,,17287,False
A,1492,50218185,encoded,,7456,False
B,1493,50306708,encoded,,13456,False
A,1493,50251529,encoded,,7215,False
A,1494,50284853,encoded,,7643,False
B,1494,50340041,encoded,,19115,False
A,1496,50351527,encoded,,14822,False
B,1495,50373370,encoded,,16508,False
A,1497,50384859,encoded,,16667,False
B,1496,50406713,encoded,,20821,False
A,1498,50418188,encoded,,17223,False
B,1497,50440048,encoded,,9678,False
A,1499,50451523,encoded,,16110,False
B,1498,50473381,encoded,,8018,False
A,1500,50484862,encoded,,124488,True
B,1499,50506719,encoded,,7493,False
A,1501,50518191,encoded,,25913,False
B,1500,50540048,encoded,,15393,False
A,1502,50551525,encoded,,12891,False
B,1501,50573389,encoded,,10162,False
B,1502,50606716,encoded,,9394,False
A,1503,50584865,encoded,,20184,False
B,1503,50640045,encoded,,8040,False
A,1504,50618199,encoded,,24856,False
B,1504,50673384,encoded,,7056,False
A,1509,50784863,dropped,capture_queue_full,,
B,1505,50706711,encoded,,6491,False
A,1505,50651527,encoded,,20729,False
B,1506,50740058,encoded,,6210,False
A,1506,50684867,encoded,,11316,False
B,1507,50773380,encoded,,5867,False
A,1507,50718194,encoded,,10157,False
B,1508,50806718,encoded,,5625,False
A,1508,50751534,encoded,,8258,False
B,1509,50840048,encoded,,11379,False
A,1510,50818202,encoded,,9524,False
B,1510,50873381,encoded,,16667,False
A,1511,50851538,encoded,,6977,False
B,1511,50906717,encoded,,29957,False
A,1512,50884869,encoded,,22049,False
B,1512,50940054,encoded,,3376,False
A,1517,51051552,dropped,capture_queue_full,,
B,1513,50973389,encoded,,16667,False
A,1513,50918201,encoded,,18072,False
B,1514,51006721,encoded,,16667,False
A,1514,50951533,encoded,,12404,False
B,1515,51040050,encoded,,16666,False
A,1515,50984877,encoded,,10486,False
B,1516,51073391,encoded,,123533,True
A,1516,51018215,encoded,,9663,False
B,1517,51106725,encoded,,11511,False
A,1518,51084869,encoded,,2933,False
B,1518,51140064,encoded,,15693,False
A,1519,51118203,encoded,,13251,False
B,1519,51173393,encoded,,13630,False
A,1520,51151543,encoded,,9576,False
B,1520,51206728,encoded,,16607,False
A,1525,51318214,dropped,capture_queue_full,,
A,1521,51184871,encoded,,8538,False
B,1521,51240064,encoded,,25394,False
A,1522,51218212,encoded,,8158,False
B,1522,51273393,encoded,,13850,False
A,1523,51251550,encoded,,7856,False
B,1523,51306742,encoded,,19815,False
A,1524,51284886,encoded,,7685,False
B,1524,51340059,encoded,,14932,False
A,1526,51351548,encoded,,11417,False
B,1525,51373393,encoded,,15633,False
A,1527,51384886,encoded,,8233,False
B,1526,51406737,encoded,,17876,False
A,1528,51418225,encoded,,7720,False
A,1529,51451547,encoded,,16666,False
B,1527,51440062,encoded,,9115,False
A,1530,51484879,encoded,,37685,False
B,1528,51473401,encoded,,7845,False
B,1529,51506734,encoded,,7009,False
A,1531,51518216,encoded,,3844,False
B,1530,51540082,encoded,,14559,False
A,1532,51551553,encoded,,11814,False
A,1533,51584880,encoded,,124609,True
B,1531,51573408,encoded,,10002,False
A,1534,51618215,encoded,,22265,False
B,1532,51606737,encoded,,8842,False
A,1535,51651562,encoded,,7105,False
B,1533,51640067,encoded,,7877,False
A,1536,51684889,encoded,,12692,False
B,1534,51673407,encoded,,7427,False
A,1537,51718219,encoded,,24124,False
B,1535,51706733,encoded,,7085,False
A,1538,51751558,encoded,,20677,False
B,1536,51740077,encoded,,6985,False
B,1537,51773409,encoded,,6193,False
A,1539,51784886,encoded,,15309,False
B,1538,51806743,encoded,,6113,False
A,1540,51818227,encoded,,16956,False
B,1539,51840079,encoded,,12474,False
A,1541,51851561,encoded,,9768,False
B,1540,51873411,encoded,,23456,False
A,1542,51884898,encoded,,21986,False
B,1541,51906738,encoded,,12751,False
A,1543,51918221,encoded,,5083,False
B,1542,51940082,encoded,,13793,False
A,1544,51951566,encoded,,15659,False
B,1543,51973409,encoded,,16667,False
A,1545,51984905,encoded,,18291,False
B,1544,52006745,encoded,,16667,False
A,1546,52018238,encoded,,12914,False
B,1545,52040076,encoded,,16666,False
A,1547,52051562,encoded,,11244,False
B,1546,52073412,encoded,,123679,True
A,1548,52084905,encoded,,10059,False
B,1547,52106751,encoded,,19916,False
A,1549,52118238,encoded,,9584,False
B,1548,52140078,encoded,,13355,False
A,1550,52151568,encoded,,9570,False
B,1549,52173421,encoded,,14931,False
A,1551,52184907,encoded,,8565,False
B,1550,52206764,encoded,,13406,False
A,1552,52218236,encoded,,8127,False
B,1551,52240085,encoded,,22231,False
A,1553,52251572,encoded,,8231,False
B,1552,52273418,encoded,,18856,False
A,1558,52418244,dropped,capture_queue_full,,
A,1554,52284906,encoded,,8073,False
B,1553,52306748,encoded,,17534,False
A,1555,52318244,encoded,,7800,False
B,1554,52340084,encoded,,14765,False
B,1555,52373418,encoded,,13531,False
A,1556,52351572,encoded,,7241,False
B,1556,52406760,encoded,,17110,False
A,1557,52384906,encoded,,7614,False
A,1559,52451566,encoded,,9346,False
B,1557,52440083,encoded,,9117,False
A,1560,52484903,encoded,,13765,False
B,1558,52473426,encoded,,7860,False
A,1561,52518236,encoded,,16667,False
B,1559,52506761,encoded,,7378,False
A,1562,52551580,encoded,,16667,False
B,1564,52673428,dropped,capture_queue_full,,
B,1560,52540089,encoded,,15324,False
A,1563,52584903,encoded,,16666,False
B,1561,52573430,encoded,,10375,False
A,1564,52618239,encoded,,124571,True
B,1562,52606769,encoded,,8669,False
A,1565,52651591,encoded,,16366,False
A,1566,52684906,encoded,,20636,False
B,1563,52640090,encoded,,8047,False
A,1567,52718251,encoded,,22113,False
B,1565,52706758,encoded,,4827,False
A,1568,52751608,encoded,,13318,False
B,1566,52740091,encoded,,9066,False
B,1567,52773428,encoded,,6667,False
A,1569,52784922,encoded,,21119,False
B,1568,52806765,encoded,,6686,False
A,1570,52818257,encoded,,17827,False
B,1569,52840095,encoded,,6144,False
A,1571,52851590,encoded,,10433,False
B,1570,52873431,encoded,,10526,False
A,1572,52884923,encoded,,9187,False
B,1571,52906764,encoded,,16667,False
A,1573,52918252,encoded,,21579,False
B,1572,52940108,encoded,,31316,False
A,1574,52951586,encoded,,6007,False
B,1573,52973433,encoded,,3809,False
A,1575,52984921,encoded,,15817,False
B,1574,53006771,encoded,,14875,False
A,1576,53018255,encoded,,18096,False
B,1575,53040116,encoded,,16667,False
A,1577,53051599,encoded,,12433,False
B,1576,53073433,encoded,,16666,False
A,1578,53084920,encoded,,10470,False
B,1577,53106781,encoded,,123613,True
B,1578,53140104,encoded,,13658,False
A,1579,53118255,encoded,,9512,False
B,1579,53173437,encoded,,15644,False
A,1580,53151597,encoded,,9412,False
B,1580,53206771,encoded,,18121,False
A,1581,53184924,encoded,,9350,False
B,1581,53240104,encoded,,16467,False
A,1586,53351597,dropped,capture_queue_full,,
B,1582,53273438,encoded,,17154,False
A,1582,53218258,encoded,,8826,False
B,1583,53306775,encoded,,18074,False
A,1583,53251594,encoded,,8329,False
B,1584,53340115,encoded,,16491,False
A,1584,53284927,encoded,,8095,False
B,1585,53373455,encoded,,19445,False
A,1590,53484925,dropped,capture_queue_full,,
A,1585,53318267,encoded,,7497,False
B,1586,53406793,encoded,,16589,False
A,1587,53384924,encoded,,9593,False
B,1587,53440111,encoded,,15967,False
B,1588,53473452,encoded,,8846,False
A,1588,53418258,encoded,,7768,False
B,1589,53506784,encoded,,7587,False
A,1589,53451595,encoded,,7540,False
B,1590,53540112,encoded,,15712,False
A,1595,53651619,dropped,capture_queue_full,,
A,1591,53518259,encoded,,9442,False
B,1591,53573445,encoded,,10867,False
A,1592,53551597,encoded,,14664,False
A,1593,53584932,encoded,,18804,False
B,1592,53606778,encoded,,8511,False
A,1594,53618267,encoded,,14530,False
B,1593,53640120,encoded,,7780,False
A,1596,53684928,encoded,,16666,False
B,1594,53673446,encoded,,6777,False
A,1597,53718271,encoded,,124537,True
B,1595,53706788,encoded,,6309,False
A,1598,53751604,encoded,,23557,False
B,1596,53740126,encoded,,5813,False
A,1599,53784946,encoded,,13814,False
B,1597,53773454,encoded,,5948,False
A,1600,53818276,encoded,,12720,False
B,1598,53806786,encoded,,5487,False
A,1601,53851612,encoded,,27202,False
B,1599,53840120,encoded,,5115,False
A,1602,53884941,encoded,,16714,False
B,1600,53873454,encoded,,14025,False
A,1603,53918270,encoded,,19091,False
B,1601,53906792,encoded,,34577,False
A,1604,53951633,encoded,,10384,False
B,1602,53940139,encoded,,15838,False
A,1605,53984942,encoded,,8975,False
B,1603,53973461,encoded,,2759,False
A,1606,54018311,encoded,,20396,False
B,1604,54006788,encoded,,13493,False
A,1607,54051609,encoded,,21712,False
B,1609,54173469,dropped,capture_queue_full,,
B,1605,54040123,encoded,,16667,False
A,1608,54084939,encoded,,13831,False
B,1606,54073462,encoded,,16666,False
A,1609,54118274,encoded,,12097,False
B,1607,54106793,encoded,,123528,True
A,1610,54151622,encoded,,12255,False
B,1608,54140125,encoded,,12587,False
A,1611,54184946,encoded,,10487,False
B,1610,54206804,encoded,,12826,False
A,1612,54218281,encoded,,9514,False
B,1611,54240140,encoded,,19485,False
A,1613,54251611,encoded,,8910,False
B,1612,54273470,encoded,,16520,False
A,1614,54284955,encoded,,8692,False
B,1613,54306798,encoded,,16936,False
A,1615,54318283,encoded,,8218,False
B,1614,54340131,encoded,,16320,False
A,1616,54351612,encoded,,8059,False
B,1615,54373466,encoded,,10420,False
A,1617,54384948,encoded,,7895,False
B,1616,54406800,encoded,,10688,False
A,1618,54418285,encoded,,7580,False
B,1617,54440139,encoded,,20049,False
A,1619,54451616,encoded,,7475,False
B,1618,54473469,encoded,,12669,False
A,1620,54484955,encoded,,7092,False
B,1619,54506800,encoded,,18236,False
A,1621,54518283,encoded,,7272,False
B,1620,54540135,encoded,,14018,False
A,1622,54551616,encoded,,7092,False
B,1621,54573474,encoded,,14402,False
A,1623,54584953,encoded,,14429,False
B,1622,54606805,encoded,,9745,False
A,1624,54618296,encoded,,18456,False
B,1623,54640154,encoded,,7921,False
A,1629,54784962,dropped,capture_queue_full,,
A,1625,54651622,encoded,,14878,False
B,1624,54673488,encoded,,7189,False
A,1626,54684959,encoded,,16666,False
B,1625,54706818,encoded,,6629,False
A,1627,54718291,encoded,,124506,True
B,1626,54740141,encoded,,6251,False
A,1628,54751626,encoded,,24603,False
B,1631,54906811,dropped,capture_queue_full,,
B,1627,54773480,encoded,,5997,False
A,1630,54818295,encoded,,10729,False
B,1628,54806808,encoded,,5994,False
A,1631,54851627,encoded,,16871,False
B,1629,54840144,encoded,,5542,False
A,1632,54884968,encoded,,21129,False
B,1630,54873478,encoded,,9382,False
A,1633,54918295,encoded,,22330,False
B,1632,54940149,encoded,,16666,False
A,1634,54951631,encoded,,17594,False
B,1633,54973478,encoded,,20799,False
A,1635,54984959,encoded,,10184,False
B,1634,55006822,encoded,,12535,False
A,1636,55018295,encoded,,22068,False
B,1635,55040153,encoded,,16666,False
A,1637,55051633,encoded,,15277,False
B,1636,55073504,encoded,,16667,False
B,1637,55106818,encoded,,16667,False
A,1638,55084962,encoded,,19286,False
A,1639,55118296,encoded,,12616,False
B,1638,55140150,encoded,,16666,False
A,1640,55151640,encoded,,11294,False
B,1639,55173498,encoded,,123556,True
A,1641,55184971,encoded,,10140,False
B,1640,55206827,encoded,,14013,False
A,1642,55218300,encoded,,9710,False
B,1641,55240159,encoded,,19241,False
A,1643,55251635,encoded,,9579,False
B,1642,55273485,encoded,,15677,False
A,1644,55284974,encoded,,8719,False
B,1643,55306826,encoded,,16322,False
A,1645,55318302,encoded,,8404,False
B,1644,55340153,encoded,,23348,False
A,1646,55351641,encoded,,8435,False
B,1645,55373503,encoded,,11384,False
A,1647,55384975,encoded,,8253,False
B,1646,55406841,encoded,,10775,False
A,1648,55418310,encoded,,7966,False
B,1647,55440171,encoded,,9988,False
A,1649,55451637,encoded,,7385,False
B,1648,55473505,encoded,,18596,False
A,1650,55484978,encoded,,7676,False
B,1649,55506845,encoded,,15862,False
A,1651,55518306,encoded,,7103,False
A,1652,55551640,encoded,,7087,False
B,1650,55540160,encoded,,15146,False
A,1653,55584987,encoded,,6883,False
B,1651,55573502,encoded,,22097,False
A,1654,55618308,encoded,,14173,False
B,1652,55606848,encoded,,9455,False
A,1655,55651647,encoded,,18620,False
B,1657,55773504,dropped,capture_queue_full,,
B,1653,55640164,encoded,,7569,False
A,1656,55684976,encoded,,14714,False
B,1654,55673513,encoded,,6771,False
A,1657,55718311,encoded,,16666,False
B,1655,55706837,encoded,,6218,False
A,1658,55751646,encoded,,124657,True
B,1656,55740163,encoded,,5813,False
A,1659,55784979,encoded,,18408,False
B,1658,55806834,encoded,,7557,False
A,1660,55818319,encoded,,14570,False
B,1659,55840178,encoded,,5356,False
A,1661,55851647,encoded,,15892,False
B,1660,55873499,encoded,,5181,False
A,1662,55884981,encoded,,20368,False
B,1661,55906855,encoded,,4648,False
A,1663,55918316,encoded,,18973,False
B,1662,55940178,encoded,,8761,False
A,1664,55951655,encoded,,14736,False
B,1663,55973516,encoded,,16666,False
A,1665,55984984,encoded,,16901,False
B,1664,56006836,encoded,,19315,False
A,1666,56018323,encoded,,22985,False
B,1665,56040180,encoded,,14019,False
A,1667,56051661,encoded,,15486,False
B,1666,56073520,encoded,,16666,False
B,1670,56206848,dropped,capture_queue_full,,
A,1672,56218335,dropped,capture_queue_full,,
A,1668,56084991,encoded,,20530,False
B,1667,56106852,encoded,,16667,False
A,1669,56118325,encoded,,13773,False
B,1668,56140195,encoded,,16667,False
A,1670,56151656,encoded,,11456,False
B,1669,56173510,encoded,,16666,False
A,1671,56184992,encoded,,10855,False
B,1671,56240181,encoded,,123589,True
A,1673,56251662,encoded,,3487,False
B,1672,56273519,encoded,,16589,False
A,1674,56284989,encoded,,13593,False
B,1673,56306848,encoded,,16597,False
A,1679,56451659,dropped,capture_queue_full,,
A,1675,56318322,encoded,,10236,False
B,1674,56340182,encoded,,23472,False
A,1676,56351663,encoded,,8963,False
B,1675,56373515,encoded,,16243,False
A,1677,56385001,encoded,,8468,False
B,1680,56540200,dropped,capture_queue_full,,
B,1676,56406846,encoded,,21159,False
A,1678,56418325,encoded,,8126,False
B,1677,56440195,encoded,,19609,False
A,1680,56484993,encoded,,9951,False
A,1681,56518334,encoded,,8296,False
B,1678,56473514,encoded,,17105,False
A,1682,56551668,encoded,,7551,False
B,1679,56506857,encoded,,12681,False
B,1681,56573529,encoded,,18857,False
A,1683,56585002,encoded,,7396,False
B,1682,56606852,encoded,,7937,False
A,1684,56618331,encoded,,7690,False
B,1683,56640203,encoded,,6938,False
A,1685,56651671,encoded,,7171,False
B,1684,56673534,encoded,,15087,False
B,1685,56706852,encoded,,9549,False
A,1686,56685003,encoded,,9482,False
B,1686,56740210,encoded,,7996,False
A,1687,56718334,encoded,,16667,False
B,1687,56773523,encoded,,6828,False
A,1688,56751670,encoded,,23168,False
B,1688,56806857,encoded,,6651,False
A,1689,56785001,encoded,,12049,False
B,1689,56840197,encoded,,6122,False
A,1690,56818343,encoded,,124429,True
B,1690,56873530,encoded,,5531,False
A,1691,56851671,encoded,,22053,False
B,1691,56906870,encoded,,5607,False
A,1692,56885003,encoded,,7199,False
B,1692,56940201,encoded,,5310,False
B,1693,56973526,encoded,,4651,False
A,1693,56918338,encoded,,12874,False
B,1694,57006865,encoded,,9226,False
A,1694,56951680,encoded,,19163,False
B,1695,57040203,encoded,,16666,False
A,1695,56985012,encoded,,14133,False
B,1696,57073530,encoded,,28123,False
A,1696,57018348,encoded,,18735,False
B,1697,57106867,encoded,,5211,False
A,1697,57051681,encoded,,14895,False
B,1698,57140197,encoded,,16666,False
A,1698,57085015,encoded,,21558,False
B,1699,57173537,encoded,,16667,False
A,1703,57251680,dropped,capture_queue_full,,
A,1699,57118350,encoded,,20586,False
B,1700,57206875,encoded,,16667,False
A,1700,57151677,encoded,,14833,False
B,1701,57240202,encoded,,16666,False
B,1702,57273534,encoded,,123413,True
A,1701,57185012,encoded,,19555,False
B,1703,57306869,encoded,,20082,False
A,1702,57218346,encoded,,12698,False
B,1704,57340211,encoded,,15659,False
A,1704,57285016,encoded,,3773,False
B,1705,57373553,encoded,,19358,False
A,1705,57318352,encoded,,3521,False
B,1706,57406883,encoded,,11725,False
A,1710,57485017,dropped,capture_queue_full,,
A,1706,57351685,encoded,,15727,False
B,1707,57440222,encoded,,21038,False
B,1708,57473549,encoded,,11677,False
B,1709,57506881,encoded,,12299,False
A,1707,57385019,encoded,,10628,False
B,1710,57540215,encoded,,15043,False
A,1713,57585026,dropped,capture_queue_full,,
A,1708,57418357,encoded,,9972,False
A,1709,57451684,encoded,,9171,False
B,1711,57573546,encoded,,16256,False
B,1712,57606875,encoded,,14303,False
A,1711,57518355,encoded,,10996,False
B,1713,57640212,encoded,,12548,False
A,1712,57551691,encoded,,8372,False
B,1714,57673543,encoded,,10316,False
A,1714,57618360,encoded,,10304,False
B,1715,57706882,encoded,,17647,False
A,1715,57651701,encoded,,7838,False
B,1716,57740213,encoded,,8776,False
A,1716,57685026,encoded,,7826,False
B,1717,57773549,encoded,,7307,False
A,1717,57718363,encoded,,7438,False
B,1718,57806882,encoded,,6823,False
A,1718,57751728,encoded,,7269,False
B,1719,57840218,encoded,,6158,False
A,1719,57785030,encoded,,12570,False
B,1720,57873548,encoded,,5959,False
A,1720,57818371,encoded,,16667,False
B,1721,57906882,encoded,,5455,False
A,1721,57851696,encoded,,17862,False
B,1722,57940223,encoded,,5055,False
A,1722,57885026,encoded,,15471,False
B,1723,57973550,encoded,,4665,False
A,1723,57918362,encoded,,124542,True
B,1724,58006885,encoded,,11772,False
A,1724,57951696,encoded,,25923,False
B,1725,58040222,encoded,,22009,False
A,1725,57985035,encoded,,6995,False
B,1726,58073570,encoded,,29168,False
A,1726,58018366,encoded,,15338,False
B,1727,58106902,encoded,,1523,False
A,1727,58051699,encoded,,19617,False
B,1728,58140241,encoded,,13966,False
A,1728,58085037,encoded,,10610,False
B,1729,58173556,encoded,,16667,False
A,1729,58118375,encoded,,9253,False
B,1730,58206896,encoded,,16667,False
A,1730,58151707,encoded,,21802,False
B,1731,58240238,encoded,,16666,False
A,1731,58185040,encoded,,21812,False
B,1732,58273556,encoded,,138136,True
A,1732,58218375,encoded,,15171,False
B,1733,58306909,encoded,,8414,False
A,1733,58251708,encoded,,8891,False
B,1734,58340247,encoded,,15017,False
A,1734,58285041,encoded,,16424,False
B,1735,58373582,encoded,,19012,False
A,1735,58318376,encoded,,5302,False
B,1736,58406904,encoded,,19990,False
A,1740,58485049,dropped,capture_queue_full,,
A,1736,58351703,encoded,,21033,False
B,1737,58440259,encoded,,20771,False
A,1737,58385041,encoded,,12912,False
B,1738,58473566,encoded,,14286,False
A,1738,58418377,encoded,,10937,False
B,1739,58506899,encoded,,15946,False
A,1739,58451711,encoded,,9868,False
B,1740,58540232,encoded,,15793,False
A,1741,58518374,encoded,,3538,False
B,1741,58573581,encoded,,11054,False
B,1742,58606904,encoded,,15102,False
A,1742,58551716,encoded,,13228,False
B,1743,58640246,encoded,,13210,False
A,1743,58585042,encoded,,9976,False
B,1744,58673566,encoded,,9390,False
A,1744,58618378,encoded,,9150,False
B,1745,58706903,encoded,,7957,False
A,1745,58651712,encoded,,8746,False
B,1746,58740243,encoded,,6877,False
A,1746,58685050,encoded,,7946,False
B,1747,58773577,encoded,,6484,False
A,1747,58718380,encoded,,7759,False
B,1748,58806904,encoded,,5938,False
A,1748,58751713,encoded,,7357,False
B,1749,58840247,encoded,,5262,False
A,1749,58785059,encoded,,9204,False
B,1750,58873572,encoded,,5115,False
A,1750,58818388,encoded,,16666,False
B,1751,58906913,encoded,,5108,False
A,1751,58851724,encoded,,29164,False
B,1752,58940247,encoded,,4862,False
A,1752,58885054,encoded,,4243,False
B,1753,58973582,encoded,,21230,False
A,1753,58918393,encoded,,16593,False
B,1754,59006913,encoded,,11560,False
A,1758,59085063,dropped,capture_queue_full,,
A,1754,58951725,encoded,,124627,True
B,1755,59040267,encoded,,9783,False
A,1755,58985064,encoded,,16742,False
B,1756,59073587,encoded,,10370,False
A,1756,59018395,encoded,,20554,False
B,1757,59106927,encoded,,16667,False
A,1757,59051735,encoded,,20905,False
B,1758,59140267,encoded,,16666,False
A,1759,59118387,encoded,,16187,False
B,1759,59173592,encoded,,16667,False
A,1760,59151724,encoded,,18934,False
B,1760,59206930,encoded,,16667,False
A,1761,59185070,encoded,,17967,False
A,1762,59218399,encoded,,10635,False
B,1761,59240247,encoded,,16666,False
A,1763,59251739,encoded,,8866,False
B,1762,59273590,encoded,,123509,True
A,1764,59285066,encoded,,21189,False
B,1763,59306916,encoded,,13812,False
A,1765,59318393,encoded,,22100,False
B,1764,59340255,encoded,,19223,False
A,1766,59351733,encoded,,3250,False
B,1765,59373590,encoded,,22871,False
A,1767,59385075,encoded,,16985,False
B,1766,59406920,encoded,,24575,False
A,1768,59418404,encoded,,12101,False
B,1767,59440254,encoded,,13120,False
A,1769,59451731,encoded,,10441,False
B,1768,59473592,encoded,,12810,False
A,1770,59485071,encoded,,9901,False
B,1769,59506932,encoded,,16201,False
A,1771,59518398,encoded,,9255,False
B,1770,59540266,encoded,,15923,False
A,1772,59551742,encoded,,9007,False
B,1771,59573595,encoded,,13413,False
A,1773,59585066,encoded,,8479,False
B,1772,59606938,encoded,,11943,False
A,1774,59618410,encoded,,8526,False
B,1773,59640274,encoded,,12679,False
A,1775,59651740,encoded,,8224,False
B,1774,59673598,encoded,,14457,False
A,1776,59685081,encoded,,8304,False
B,1775,59706926,encoded,,11835,False
A,1777,59718408,encoded,,8916,False
B,1776,59740280,encoded,,8334,False
A,1778,59751747,encoded,,7685,False
B,1777,59773607,encoded,,7380,False
A,1779,59785070,encoded,,7914,False
B,1778,59806939,encoded,,6993,False
A,1780,59818411,encoded,,7308,False
B,1779,59840279,encoded,,5907,False
A,1781,59851739,encoded,,14998,False
B,1780,59873595,encoded,,5805,False
A,1782,59885087,encoded,,19240,False
B,1781,59906936,encoded,,5614,False
A,1783,59918409,encoded,,14094,False
B,1782,59940283,encoded,,5041,False
A,1784,59951746,encoded,,16666,False
B,1783,59973604,encoded,,4935,False
A,1785,59985082,encoded,,124585,True
B,1784,60006936,encoded,,6954,False
A,1786,60018418,encoded,,21429,False
B,1785,60040267,encoded,,16666,False
A,1787,60051744,encoded,,12619,False
B,1786,60073607,encoded,,28161,False
A,1788,60085083,encoded,,12816,False
B,1787,60106938,encoded,,11540,False
A,1789,60118412,encoded,,22824,False
B,1788,60140286,encoded,,10299,False
A,1790,60151746,encoded,,12391,False
B,1789,60173618,encoded,,16667,False
A,1791,60185082,encoded,,16627,False
B,1790,60206945,encoded,,16667,False
A,1792,60218415,encoded,,14700,False
B,1791,60240275,encoded,,16666,False
A,1793,60251752,encoded,,27683,False
B,1792,60273611,encoded,,123643,True
A,1794,60285082,encoded,,6721,False
B,1793,60306944,encoded,,16983,False
A,1795,60318417,encoded,,18186,False
B,1794,60340277,encoded,,18682,False
A,1796,60351776,encoded,,18757,False
B,1795,60373607,encoded,,19096,False
A,1797,60385092,encoded,,12670,False
B,1796,60406946,encoded,,15947,False
A,1798,60418419,encoded,,11423,False
B,1797,60440278,encoded,,23644,False
A,1799,60451764,encoded,,10267,False
B,1798,60473616,encoded,,17715,False
A,1800,60485097,encoded,,9608,False
B,1799,60506972,encoded,,13812,False
B,1800,60540291,encoded,,13317,False
B,1801,60573621,encoded,,14933,False
B,1802,60606948,encoded,,11781,False
