camera,sequence,pts_us,status,drop_reason,encoded_bytes,keyframe
A,0,301620,dropped,camera_frame_error,,
B,0,570191,dropped,camera_frame_error,,
A,1,334956,encoded,,66349,True
A,2,601621,encoded,,89,False
B,1,603522,encoded,,75883,True
A,3,634964,encoded,,129,False
B,2,636857,encoded,,69,False
A,4,668293,encoded,,52149,False
B,3,670199,encoded,,1062,False
A,5,701644,encoded,,559,False
B,4,703525,encoded,,51104,False
A,6,734958,encoded,,12355,False
B,5,736869,encoded,,868,False
A,7,768295,encoded,,19016,False
B,6,770194,encoded,,16835,False
A,8,801628,encoded,,3143,False
B,7,803528,encoded,,13216,False
A,9,834964,encoded,,17495,False
B,8,836858,encoded,,13257,False
A,10,868300,encoded,,14289,False
B,9,870195,encoded,,15622,False
A,11,901631,encoded,,5631,False
B,10,903530,encoded,,4266,False
A,12,934963,encoded,,13992,False
B,11,936865,encoded,,21206,False
B,12,970195,encoded,,4651,False
A,13,968298,encoded,,4672,False
A,14,1001628,encoded,,19984,False
B,13,1003529,encoded,,14160,False
A,15,1034970,encoded,,6037,False
B,14,1036861,encoded,,5429,False
A,16,1068295,encoded,,6471,False
B,15,1070201,encoded,,3996,False
A,17,1101628,encoded,,16667,False
B,16,1103530,encoded,,16005,False
A,18,1134962,encoded,,27050,False
B,17,1136893,encoded,,5462,False
A,19,1168297,encoded,,6283,False
B,18,1170235,encoded,,12602,False
A,20,1201638,encoded,,16667,False
B,19,1203540,encoded,,16667,False
A,21,1234968,encoded,,16666,False
B,20,1236876,encoded,,16667,False
A,22,1268296,encoded,,16667,False
B,21,1270197,encoded,,16666,False
A,23,1301634,encoded,,16667,False
B,22,1303532,encoded,,16667,False
A,24,1334962,encoded,,16666,False
B,23,1336864,encoded,,16667,False
A,25,1368305,encoded,,16667,False
B,24,1370212,encoded,,16666,False
A,26,1401630,encoded,,16667,False
B,25,1403543,encoded,,16667,False
A,27,1434968,encoded,,16666,False
B,26,1436880,encoded,,16667,False
A,28,1468297,encoded,,16667,False
B,27,1470221,encoded,,16666,False
A,29,1501630,encoded,,16667,False
B,28,1503534,encoded,,16667,False
A,30,1534964,encoded,,16666,False
B,29,1536868,encoded,,16667,False
B,30,1570198,encoded,,16666,False
A,31,1568303,encoded,,115761,True
A,32,1601629,encoded,,22837,False
B,31,1603545,encoded,,120941,True
A,33,1634968,encoded,,485,False
B,32,1636864,encoded,,19394,False
A,34,1668299,encoded,,3606,False
B,33,1670198,encoded,,160,False
A,35,1701641,encoded,,7398,False
B,34,1703532,encoded,,3318,False
A,36,1734968,encoded,,10757,False
B,35,1736875,encoded,,7360,False
A,37,1768298,encoded,,5064,False
B,36,1770209,encoded,,16354,False
A,38,1801634,encoded,,3969,False
B,37,1803542,encoded,,5702,False
A,39,1834965,encoded,,21376,False
B,38,1836878,encoded,,19174,False
A,40,1868298,encoded,,8666,False
B,39,1870209,encoded,,7856,False
A,41,1901653,encoded,,6768,False
B,40,1903553,encoded,,5945,False
A,42,1934990,encoded,,5912,False
B,41,1936887,encoded,,4949,False
A,43,1968305,encoded,,5345,False
B,42,1970218,encoded,,4318,False
A,44,2001633,encoded,,15390,False
B,43,2003535,encoded,,16276,False
A,45,2034965,encoded,,21256,False
B,44,2036875,encoded,,7989,False
A,46,2068302,encoded,,12077,False
B,45,2070207,encoded,,10264,False
A,47,2101642,encoded,,16667,False
B,46,2103538,encoded,,16667,False
A,48,2134967,encoded,,16666,False
B,47,2136870,encoded,,29191,False
A,49,2168305,encoded,,16667,False
B,48,2170214,encoded,,4142,False
A,50,2201638,encoded,,16667,False
B,49,2203550,encoded,,16667,False
A,51,2234972,encoded,,16666,False
B,50,2236878,encoded,,16667,False
A,52,2268302,encoded,,16667,False
B,51,2270212,encoded,,16666,False
A,53,2301642,encoded,,16667,False
B,52,2303548,encoded,,16667,False
A,54,2334969,encoded,,16666,False
B,53,2336878,encoded,,16667,False
A,55,2368308,encoded,,16667,False
B,54,2370214,encoded,,16666,False
A,56,2401637,encoded,,16667,False
B,55,2403550,encoded,,16667,False
A,57,2434976,encoded,,16666,False
B,56,2436881,encoded,,16667,False
A,58,2468304,encoded,,16667,False
B,57,2470206,encoded,,16666,False
A,59,2501637,encoded,,16667,False
B,58,2503543,encoded,,16667,False
A,60,2534973,encoded,,16666,False
B,59,2536880,encoded,,16667,False
B,60,2570215,encoded,,16666,False
A,61,2568313,encoded,,115870,True
A,62,2601638,encoded,,23463,False
B,61,2603540,encoded,,120964,True
A,63,2634978,encoded,,9755,False
B,62,2636871,encoded,,18830,False
A,64,2668306,encoded,,11707,False
B,63,2670206,encoded,,3545,False
A,65,2701643,encoded,,15539,False
B,64,2703552,encoded,,10859,False
A,66,2734976,encoded,,14488,False
B,65,2736886,encoded,,14501,False
A,67,2768310,encoded,,7340,False
B,66,2770216,encoded,,14958,False
A,68,2801638,encoded,,13474,False
B,67,2803562,encoded,,13688,False
A,69,2834977,encoded,,8485,False
B,68,2836873,encoded,,20955,False
A,70,2868306,encoded,,6765,False
B,69,2870210,encoded,,7915,False
A,71,2901642,encoded,,5980,False
B,70,2903554,encoded,,6048,False
A,72,2934973,encoded,,5348,False
B,71,2936873,encoded,,5668,False
A,73,2968312,encoded,,5083,False
B,72,2970211,encoded,,5267,False
A,74,3001640,encoded,,19492,False
B,73,3003545,encoded,,4844,False
A,75,3034978,encoded,,2395,False
B,74,3036876,encoded,,18630,False
A,76,3068309,encoded,,12492,False
B,75,3070213,encoded,,18686,False
A,77,3101639,encoded,,8342,False
B,76,3103554,encoded,,10184,False
A,78,3134976,encoded,,13982,False
B,77,3136876,encoded,,8486,False
B,78,3170224,encoded,,8015,False
A,79,3168317,encoded,,16667,False
A,80,3201652,encoded,,16667,False
B,79,3203542,encoded,,8073,False
A,81,3234976,encoded,,16666,False
B,80,3236879,encoded,,13218,False
A,82,3268309,encoded,,16667,False
B,81,3270211,encoded,,16666,False
B,82,3303546,encoded,,16667,False
A,83,3301647,encoded,,16667,False
A,84,3334976,encoded,,16666,False
B,83,3336878,encoded,,16667,False
A,85,3368310,encoded,,16667,False
B,84,3370212,encoded,,16666,False
A,86,3401644,encoded,,16667,False
B,85,3403550,encoded,,16667,False
A,87,3434980,encoded,,16666,False
B,86,3436880,encoded,,16667,False
A,88,3468317,encoded,,16667,False
B,87,3470216,encoded,,16666,False
A,89,3501647,encoded,,16667,False
B,88,3503549,encoded,,16667,False
A,90,3534980,encoded,,16666,False
B,89,3536880,encoded,,16667,False
A,91,3568318,encoded,,116010,True
B,90,3570216,encoded,,16666,False
A,92,3601645,encoded,,19039,False
B,91,3603547,encoded,,121193,True
A,93,3634981,encoded,,12948,False
B,92,3636881,encoded,,19643,False
A,94,3668313,encoded,,18281,False
B,93,3670229,encoded,,10350,False
A,95,3701645,encoded,,18390,False
B,94,3703549,encoded,,18631,False
A,96,3734977,encoded,,20852,False
B,95,3736882,encoded,,20416,False
A,97,3768312,encoded,,9464,False
B,96,3770220,encoded,,17042,False
A,98,3801643,encoded,,7630,False
B,97,3803555,encoded,,14475,False
A,99,3834981,encoded,,23549,False
B,98,3836886,encoded,,8271,False
A,100,3868315,encoded,,11980,False
B,99,3870215,encoded,,21528,False
A,101,3901647,encoded,,8797,False
B,100,3903558,encoded,,10897,False
A,102,3934986,encoded,,7935,False
B,101,3936882,encoded,,19303,False
A,103,3968314,encoded,,7245,False
B,102,3970216,encoded,,10684,False
A,104,4001655,encoded,,7478,False
B,103,4003556,encoded,,9298,False
A,105,4034986,encoded,,6285,False
B,104,4036893,encoded,,8315,False
A,106,4068322,encoded,,5948,False
B,105,4070225,encoded,,7862,False
A,107,4101648,encoded,,5598,False
B,106,4103564,encoded,,7461,False
A,108,4134986,encoded,,5931,False
B,107,4136894,encoded,,6946,False
A,109,4168316,encoded,,5307,False
B,108,4170227,encoded,,6792,False
A,110,4201655,encoded,,14667,False
B,109,4203566,encoded,,6631,False
A,111,4234981,encoded,,35126,False
B,110,4236891,encoded,,8071,False
A,112,4268329,encoded,,8750,False
B,111,4270217,encoded,,9082,False
A,113,4301647,encoded,,9721,False
B,112,4303568,encoded,,10446,False
A,114,4334990,encoded,,13069,False
B,113,4336895,encoded,,11889,False
B,114,4370227,encoded,,14774,False
A,115,4368317,encoded,,16667,False
A,116,4401654,encoded,,16667,False
B,115,4403555,encoded,,16667,False
A,117,4434985,encoded,,16666,False
B,116,4436893,encoded,,16667,False
A,118,4468322,encoded,,16667,False
B,117,4470219,encoded,,16666,False
A,119,4501653,encoded,,16667,False
B,118,4503554,encoded,,16667,False
A,120,4534990,encoded,,16666,False
B,119,4536886,encoded,,16667,False
A,121,4568318,encoded,,125168,True
B,120,4570221,encoded,,16666,False
A,122,4601661,encoded,,20911,False
B,121,4603565,encoded,,135930,True
A,123,4634984,encoded,,10759,False
B,122,4636893,encoded,,20709,False
A,124,4668322,encoded,,13683,False
B,123,4670221,encoded,,6105,False
A,125,4701658,encoded,,19597,False
B,124,4703555,encoded,,9180,False
A,126,4734990,encoded,,12187,False
B,125,4736896,encoded,,12027,False
A,127,4768324,encoded,,18978,False
B,126,4770235,encoded,,14492,False
A,128,4801657,encoded,,17710,False
B,127,4803587,encoded,,14912,False
A,129,4834986,encoded,,11212,False
B,128,4836898,encoded,,12131,False
A,130,4868319,encoded,,10444,False
B,129,4870240,encoded,,11346,False
A,131,4901659,encoded,,8189,False
B,130,4903556,encoded,,10291,False
B,131,4936890,encoded,,11104,False
A,132,4934992,encoded,,7648,False
A,133,4968320,encoded,,7568,False
B,132,4970224,encoded,,15494,False
A,134,5001658,encoded,,6603,False
B,133,5003558,encoded,,17311,False
A,135,5034987,encoded,,8666,False
B,134,5036891,encoded,,14010,False
A,136,5068320,encoded,,6127,False
B,135,5070225,encoded,,20813,False
A,137,5101655,encoded,,25234,False
B,136,5103569,encoded,,13625,False
A,138,5134993,encoded,,4654,False
B,137,5136904,encoded,,13693,False
A,139,5168323,encoded,,17651,False
B,138,5170229,encoded,,12722,False
B,139,5203561,encoded,,12905,False
A,140,5201659,encoded,,11672,False
A,141,5234991,encoded,,10932,False
B,140,5236905,encoded,,20878,False
A,142,5268323,encoded,,10497,False
B,141,5270229,encoded,,14211,False
A,143,5301656,encoded,,9364,False
B,142,5303559,encoded,,12878,False
A,144,5334996,encoded,,10001,False
B,143,5336896,encoded,,13249,False
A,145,5368323,encoded,,11212,False
B,144,5370234,encoded,,12109,False
A,146,5401660,encoded,,16667,False
B,145,5403561,encoded,,11440,False
A,147,5434990,encoded,,16666,False
B,146,5436897,encoded,,11729,False
A,148,5468324,encoded,,16667,False
B,147,5470227,encoded,,12233,False
A,149,5501660,encoded,,16667,False
B,148,5503577,encoded,,11336,False
A,150,5534995,encoded,,16666,False
B,149,5536896,encoded,,10661,False
B,150,5570234,encoded,,11258,False
A,151,5568324,encoded,,125009,True
A,152,5601663,encoded,,18527,False
B,151,5603563,encoded,,111516,True
A,153,5634992,encoded,,12680,False
B,152,5636898,encoded,,17021,False
A,154,5668326,encoded,,14820,False
B,153,5670230,encoded,,13286,False
A,155,5701659,encoded,,23005,False
B,154,5703563,encoded,,15839,False
A,156,5734996,encoded,,21069,False
B,155,5736909,encoded,,16574,False
A,157,5768325,encoded,,19046,False
B,156,5770230,encoded,,17755,False
A,158,5801670,encoded,,11093,False
B,157,5803563,encoded,,15603,False
B,158,5836897,encoded,,19860,False
A,159,5835001,encoded,,9358,False
A,160,5868325,encoded,,7758,False
B,159,5870230,encoded,,12437,False
A,161,5901661,encoded,,7170,False
B,160,5903566,encoded,,17343,False
B,161,5936901,encoded,,16301,False
A,162,5935002,encoded,,7245,False
A,163,5968331,encoded,,6279,False
B,162,5970231,encoded,,10621,False
A,164,6001668,encoded,,27051,False
B,163,6003564,encoded,,9760,False
A,165,6034994,encoded,,3094,False
B,164,6036896,encoded,,8598,False
A,166,6068326,encoded,,17702,False
B,165,6070232,encoded,,8104,False
A,167,6101660,encoded,,12177,False
B,166,6103564,encoded,,7369,False
A,168,6134999,encoded,,10355,False
B,167,6136900,encoded,,7964,False
A,169,6168327,encoded,,10626,False
B,168,6170244,encoded,,17881,False
A,170,6201666,encoded,,9394,False
B,169,6203566,encoded,,12959,False
A,171,6234996,encoded,,9644,False
B,170,6236900,encoded,,19085,False
A,172,6268333,encoded,,8548,False
B,171,6270232,encoded,,13655,False
A,173,6301679,encoded,,8414,False
B,172,6303575,encoded,,12309,False
A,174,6335000,encoded,,7812,False
B,173,6336900,encoded,,12803,False
B,174,6370234,encoded,,11844,False
A,175,6368330,encoded,,8791,False
A,176,6401669,encoded,,16667,False
B,175,6403568,encoded,,11654,False
A,177,6434996,encoded,,21314,False
B,176,6436902,encoded,,9993,False
A,178,6468334,encoded,,12019,False
B,177,6470244,encoded,,10584,False
A,179,6501663,encoded,,16667,False
B,178,6503568,encoded,,10148,False
A,180,6535002,encoded,,16666,False
B,179,6536902,encoded,,11166,False
A,181,6568329,encoded,,124940,True
B,180,6570233,encoded,,10739,False
A,182,6601662,encoded,,26046,False
B,181,6603579,encoded,,121442,True
A,183,6634998,encoded,,10154,False
B,182,6636906,encoded,,13152,False
A,184,6668340,encoded,,18266,False
B,183,6670244,encoded,,11998,False
A,185,6701671,encoded,,16566,False
B,184,6703576,encoded,,15705,False
A,186,6735005,encoded,,21503,False
B,185,6736915,encoded,,17263,False
A,187,6768335,encoded,,18454,False
B,186,6770251,encoded,,15472,False
A,188,6801670,encoded,,11082,False
B,187,6803583,encoded,,10557,False
A,189,6834999,encoded,,8963,False
B,188,6836902,encoded,,10076,False
A,190,6868337,encoded,,8224,False
B,189,6870237,encoded,,10214,False
A,191,6901665,encoded,,7114,False
B,190,6903571,encoded,,9226,False
A,192,6935004,encoded,,19333,False
B,191,6936904,encoded,,8716,False
A,193,6968330,encoded,,20298,False
B,192,6970246,encoded,,8287,False
A,194,7001672,encoded,,2667,False
B,193,7003570,encoded,,17668,False
A,195,7035001,encoded,,16379,False
B,194,7036905,encoded,,15276,False
A,196,7068338,encoded,,12254,False
B,195,7070251,encoded,,11184,False
A,197,7101664,encoded,,10183,False
B,196,7103585,encoded,,9648,False
A,198,7135007,encoded,,10137,False
B,197,7136905,encoded,,9182,False
A,199,7168335,encoded,,8939,False
B,198,7170239,encoded,,19260,False
A,200,7201673,encoded,,9969,False
B,199,7203587,encoded,,24015,False
A,201,7235003,encoded,,8729,False
B,200,7236905,encoded,,6370,False
A,202,7268342,encoded,,8805,False
B,201,7270240,encoded,,6197,False
A,203,7301671,encoded,,7859,False
B,202,7303572,encoded,,19258,False
A,204,7335007,encoded,,7765,False
B,203,7336912,encoded,,12848,False
A,205,7368335,encoded,,7595,False
B,204,7370245,encoded,,12148,False
A,206,7401668,encoded,,11110,False
B,205,7403590,encoded,,12037,False
A,207,7435009,encoded,,16666,False
B,206,7436913,encoded,,12668,False
A,208,7468335,encoded,,19131,False
B,207,7470241,encoded,,12210,False
A,209,7501669,encoded,,14203,False
B,208,7503584,encoded,,10837,False
A,210,7535004,encoded,,16666,False
B,209,7536911,encoded,,10945,False
A,211,7568340,encoded,,125125,True
B,210,7570243,encoded,,14588,False
A,212,7601675,encoded,,7688,False
B,211,7603576,encoded,,121553,True
A,213,7635006,encoded,,16402,False
B,212,7636908,encoded,,16463,False
A,214,7668341,encoded,,24350,False
B,213,7670247,encoded,,10512,False
A,215,7701674,encoded,,17933,False
B,214,7703577,encoded,,12139,False
A,216,7735016,encoded,,22367,False
B,215,7736910,encoded,,15200,False
A,217,7768343,encoded,,14985,False
B,216,7770249,encoded,,20719,False
A,218,7801677,encoded,,16571,False
B,217,7803592,encoded,,19562,False
A,219,7835012,encoded,,10023,False
B,218,7836910,encoded,,16044,False
A,220,7868345,encoded,,8729,False
B,219,7870255,encoded,,19484,False
A,221,7901675,encoded,,8069,False
B,220,7903583,encoded,,11643,False
A,222,7935015,encoded,,20078,False
B,221,7936912,encoded,,10685,False
A,223,7968340,encoded,,5118,False
B,222,7970244,encoded,,9559,False
B,223,8003578,encoded,,8606,False
A,224,8001678,encoded,,21374,False
A,225,8035012,encoded,,13554,False
B,224,8036914,encoded,,9066,False
A,226,8068340,encoded,,11474,False
B,225,8070246,encoded,,8889,False
A,227,8101686,encoded,,10759,False
B,226,8103580,encoded,,9690,False
A,228,8135017,encoded,,9700,False
B,227,8136914,encoded,,9608,False
A,229,8168346,encoded,,9457,False
B,228,8170248,encoded,,10104,False
B,229,8203581,encoded,,9534,False
A,230,8201675,encoded,,8945,False
A,231,8235014,encoded,,8996,False
B,230,8236914,encoded,,10030,False
A,232,8268344,encoded,,8531,False
B,231,8270247,encoded,,19802,False
A,233,8301679,encoded,,8343,False
B,232,8303582,encoded,,22402,False
A,234,8335014,encoded,,8291,False
B,233,8336920,encoded,,15699,False
A,235,8368341,encoded,,7855,False
B,234,8370246,encoded,,14779,False
B,235,8403584,encoded,,12650,False
A,236,8401676,encoded,,8617,False
A,237,8435012,encoded,,16666,False
B,236,8436916,encoded,,12367,False
A,238,8468347,encoded,,37964,False
B,237,8470252,encoded,,11706,False
A,239,8501682,encoded,,4143,False
B,238,8503584,encoded,,10506,False
A,240,8535016,encoded,,7893,False
B,239,8536917,encoded,,9781,False
A,241,8568343,encoded,,125149,True
B,240,8570252,encoded,,11218,False
A,242,8601678,encoded,,17885,False
B,241,8603593,encoded,,121478,True
A,243,8635014,encoded,,6812,False
B,242,8636917,encoded,,12463,False
A,244,8668344,encoded,,23306,False
B,243,8670251,encoded,,12843,False
A,245,8701686,encoded,,17888,False
B,244,8703596,encoded,,15973,False
A,246,8735011,encoded,,24505,False
B,245,8736925,encoded,,16730,False
A,247,8768361,encoded,,21174,False
B,246,8770265,encoded,,17527,False
B,247,8803583,encoded,,12048,False
A,248,8801680,encoded,,11586,False
A,249,8835011,encoded,,10384,False
B,248,8836917,encoded,,10242,False
A,250,8868344,encoded,,8674,False
B,249,8870252,encoded,,9580,False
A,251,8901684,encoded,,7257,False
B,250,8903585,encoded,,13672,False
A,252,8935017,encoded,,7561,False
B,251,8936919,encoded,,15849,False
A,253,8968346,encoded,,19012,False
B,252,8970252,encoded,,15283,False
A,254,9001679,encoded,,20050,False
B,253,9003585,encoded,,10090,False
A,255,9035020,encoded,,13358,False
B,254,9036929,encoded,,9229,False
A,256,9068351,encoded,,11845,False
B,255,9070262,encoded,,8347,False
A,257,9101683,encoded,,10705,False
B,256,9103599,encoded,,20490,False
A,258,9135014,encoded,,9671,False
B,257,9136922,encoded,,25017,False
A,259,9168353,encoded,,8834,False
B,258,9170253,encoded,,6023,False
A,260,9201681,encoded,,9540,False
B,259,9203588,encoded,,6174,False
A,261,9235015,encoded,,9654,False
B,260,9236922,encoded,,19238,False
A,262,9268347,encoded,,9553,False
B,261,9270255,encoded,,13662,False
A,263,9301688,encoded,,8254,False
B,262,9303590,encoded,,12608,False
A,264,9335014,encoded,,9451,False
B,263,9336920,encoded,,11484,False
A,265,9368354,encoded,,8518,False
B,264,9370257,encoded,,10920,False
A,266,9401682,encoded,,7927,False
B,265,9403590,encoded,,10677,False
A,267,9435021,encoded,,11447,False
B,266,9436921,encoded,,10542,False
A,268,9468351,encoded,,16667,False
B,267,9470259,encoded,,9959,False
A,269,9501685,encoded,,18896,False
B,268,9503594,encoded,,9202,False
A,270,9535014,encoded,,14437,False
B,269,9536926,encoded,,15984,False
A,271,9568355,encoded,,125086,True
B,270,9570257,encoded,,16666,False
A,272,9601703,encoded,,18197,False
B,271,9603602,encoded,,122043,True
A,273,9635017,encoded,,6805,False
B,272,9636938,encoded,,19606,False
A,274,9668359,encoded,,23530,False
B,273,9670260,encoded,,7959,False
A,275,9701688,encoded,,17767,False
B,274,9703605,encoded,,15043,False
A,276,9735018,encoded,,23270,False
B,275,9736942,encoded,,14538,False
A,277,9768357,encoded,,21524,False
B,276,9770271,encoded,,16525,False
A,278,9801683,encoded,,12069,False
B,277,9803599,encoded,,16507,False
A,279,9835023,encoded,,9993,False
B,278,9836924,encoded,,12755,False
A,280,9868352,encoded,,8555,False
B,279,9870268,encoded,,15768,False
A,281,9901691,encoded,,7930,False
B,280,9903592,encoded,,16057,False
A,282,9935021,encoded,,20676,False
B,281,9936928,encoded,,11192,False
A,283,9968356,encoded,,20218,False
B,282,9970273,encoded,,10209,False
A,284,10001686,encoded,,14031,False
B,283,10003603,encoded,,9924,False
A,285,10035024,encoded,,11679,False
B,284,10036925,encoded,,9164,False
A,286,10068353,encoded,,11161,False
B,285,10070274,encoded,,9165,False
A,287,10101691,encoded,,10398,False
B,286,10103592,encoded,,9236,False
A,288,10135021,encoded,,9998,False
B,287,10136926,encoded,,9163,False
A,289,10168354,encoded,,9847,False
B,288,10170260,encoded,,21632,False
A,290,10201700,encoded,,12636,False
B,289,10203592,encoded,,11096,False
A,291,10235022,encoded,,10645,False
B,290,10236935,encoded,,11200,False
A,292,10268355,encoded,,9084,False
B,291,10270261,encoded,,9981,False
A,293,10301689,encoded,,9416,False
B,292,10303595,encoded,,10141,False
A,294,10335025,encoded,,11049,False
B,293,10336933,encoded,,18685,False
A,295,10368361,encoded,,8520,False
B,294,10370262,encoded,,22956,False
A,296,10401686,encoded,,8010,False
B,295,10403595,encoded,,14920,False
A,297,10435030,encoded,,8026,False
B,296,10436931,encoded,,13847,False
A,298,10468356,encoded,,7623,False
B,297,10470261,encoded,,12149,False
A,299,10501694,encoded,,15591,False
B,298,10503599,encoded,,11598,False
A,300,10535023,encoded,,36922,False
B,299,10536933,encoded,,10736,False
A,301,10568354,encoded,,115979,True
B,300,10570261,encoded,,10747,False
A,302,10601689,encoded,,20609,False
B,301,10603594,encoded,,120834,True
B,302,10636942,encoded,,18350,False
A,303,10635027,encoded,,16937,False
A,304,10668358,encoded,,14044,False
B,303,10670265,encoded,,6736,False
A,305,10701698,encoded,,16335,False
B,304,10703601,encoded,,15811,False
A,306,10735026,encoded,,20535,False
B,305,10736944,encoded,,23994,False
A,307,10768363,encoded,,13786,False
B,306,10770267,encoded,,20005,False
A,308,10801691,encoded,,18410,False
B,307,10803599,encoded,,17843,False
A,309,10835029,encoded,,15951,False
B,308,10836933,encoded,,16367,False
A,310,10868357,encoded,,9616,False
B,309,10870266,encoded,,10567,False
A,311,10901704,encoded,,8333,False
B,310,10903601,encoded,,9008,False
A,312,10935030,encoded,,7743,False
B,311,10936934,encoded,,7921,False
A,313,10968364,encoded,,6880,False
B,312,10970285,encoded,,7799,False
A,314,11001693,encoded,,18197,False
B,313,11003601,encoded,,20945,False
A,315,11035033,encoded,,4093,False
B,314,11036933,encoded,,13254,False
A,316,11068363,encoded,,20945,False
B,315,11070266,encoded,,18567,False
A,317,11101693,encoded,,12384,False
B,316,11103600,encoded,,11202,False
A,318,11135027,encoded,,11141,False
B,317,11136936,encoded,,10231,False
A,319,11168359,encoded,,9932,False
B,318,11170266,encoded,,9369,False
A,320,11201693,encoded,,9699,False
B,319,11203602,encoded,,8618,False
A,321,11235035,encoded,,9068,False
B,320,11236935,encoded,,8393,False
A,322,11268362,encoded,,9055,False
B,321,11270277,encoded,,8246,False
A,323,11301696,encoded,,8434,False
B,322,11303606,encoded,,8444,False
A,324,11335029,encoded,,8596,False
B,323,11336941,encoded,,7920,False
A,325,11368362,encoded,,8064,False
B,324,11370270,encoded,,7696,False
A,326,11401697,encoded,,7922,False
B,325,11403607,encoded,,8032,False
A,327,11435031,encoded,,8901,False
B,326,11436935,encoded,,12640,False
A,328,11468365,encoded,,14822,False
B,327,11470274,encoded,,16666,False
A,329,11501715,encoded,,19358,False
B,328,11503622,encoded,,16667,False
A,330,11535039,encoded,,13975,False
B,329,11536945,encoded,,16667,False
A,331,11568361,encoded,,124956,True
B,330,11570272,encoded,,16666,False
A,332,11601694,encoded,,18268,False
B,331,11603605,encoded,,135037,True
A,333,11635030,encoded,,6792,False
B,332,11636940,encoded,,18974,False
A,334,11668364,encoded,,22857,False
B,333,11670270,encoded,,4037,False
A,335,11701706,encoded,,17690,False
B,334,11703624,encoded,,13831,False
A,336,11735037,encoded,,23851,False
B,335,11736940,encoded,,13352,False
A,337,11768367,encoded,,21604,False
B,336,11770273,encoded,,14581,False
A,338,11801705,encoded,,12495,False
B,337,11803607,encoded,,14725,False
A,339,11835037,encoded,,9742,False
B,338,11836943,encoded,,22044,False
A,340,11868365,encoded,,9032,False
B,339,11870273,encoded,,16934,False
A,341,11901697,encoded,,7618,False
B,340,11903607,encoded,,22939,False
A,342,11935037,encoded,,6917,False
B,341,11936939,encoded,,11524,False
A,343,11968366,encoded,,19431,False
B,342,11970272,encoded,,9812,False
A,344,12001698,encoded,,19710,False
B,343,12003606,encoded,,9414,False
A,345,12035035,encoded,,2663,False
B,344,12036939,encoded,,8169,False
A,346,12068372,encoded,,15546,False
B,345,12070279,encoded,,7086,False
A,347,12101701,encoded,,11303,False
B,346,12103619,encoded,,7376,False
A,348,12135041,encoded,,10502,False
B,347,12136941,encoded,,7197,False
A,349,12168370,encoded,,9717,False
B,348,12170287,encoded,,6300,False
A,350,12201705,encoded,,9233,False
B,349,12203607,encoded,,6326,False
A,351,12235034,encoded,,8684,False
B,350,12236943,encoded,,5939,False
A,352,12268372,encoded,,8198,False
B,351,12270275,encoded,,12588,False
A,353,12301699,encoded,,8276,False
B,352,12303620,encoded,,9281,False
A,354,12335036,encoded,,7519,False
B,353,12336952,encoded,,8315,False
B,354,12370277,encoded,,14219,False
A,355,12368371,encoded,,7612,False
A,356,12401701,encoded,,13118,False
B,355,12403612,encoded,,16667,False
A,357,12435033,encoded,,16666,False
B,356,12436952,encoded,,16667,False
A,358,12468375,encoded,,16667,False
B,357,12470275,encoded,,16666,False
A,359,12501703,encoded,,16667,False
B,358,12503619,encoded,,16667,False
A,360,12535045,encoded,,16666,False
B,359,12536944,encoded,,16667,False
A,361,12568371,encoded,,124936,True
B,360,12570276,encoded,,16666,False
A,362,12601711,encoded,,18215,False
B,361,12603618,encoded,,121088,True
A,363,12635037,encoded,,10835,False
B,362,12636950,encoded,,17327,False
A,364,12668375,encoded,,19321,False
B,363,12670294,encoded,,11009,False
A,365,12701701,encoded,,17511,False
B,364,12703629,encoded,,12651,False
A,366,12735043,encoded,,21645,False
B,365,12736956,encoded,,14635,False
B,366,12770278,encoded,,16640,False
A,367,12768368,encoded,,22162,False
A,368,12801707,encoded,,10904,False
B,367,12803615,encoded,,17159,False
A,369,12835041,encoded,,9150,False
B,368,12836961,encoded,,13349,False
A,370,12868377,encoded,,8321,False
B,369,12870294,encoded,,17166,False
B,370,12903614,encoded,,18426,False
A,371,12901712,encoded,,21578,False
A,372,12935044,encoded,,4363,False
B,371,12936949,encoded,,13007,False
A,373,12968375,encoded,,21539,False
B,372,12970282,encoded,,12962,False
A,374,13001708,encoded,,13423,False
B,373,13003625,encoded,,17401,False
A,375,13035039,encoded,,11176,False
B,374,13036947,encoded,,10430,False
A,376,13068377,encoded,,10314,False
B,375,13070295,encoded,,9560,False
A,377,13101708,encoded,,9559,False
B,376,13103617,encoded,,8539,False
A,378,13135048,encoded,,9206,False
B,377,13136949,encoded,,7705,False
A,379,13168373,encoded,,8800,False
B,378,13170282,encoded,,7857,False
A,380,13201714,encoded,,9100,False
B,379,13203630,encoded,,7752,False
A,381,13235054,encoded,,8170,False
B,380,13236960,encoded,,6927,False
A,382,13268380,encoded,,8144,False
B,381,13270281,encoded,,6498,False
A,383,13301707,encoded,,7444,False
B,382,13303620,encoded,,12859,False
A,384,13335047,encoded,,7348,False
B,383,13336949,encoded,,9424,False
A,385,13368376,encoded,,8080,False
B,384,13370283,encoded,,9629,False
A,386,13401714,encoded,,12090,False
B,385,13403617,encoded,,16667,False
A,387,13435050,encoded,,16666,False
B,386,13436964,encoded,,16667,False
B,387,13470296,encoded,,16666,False
A,388,13468380,encoded,,17683,False
A,389,13501708,encoded,,15651,False
B,388,13503628,encoded,,16667,False
A,390,13535047,encoded,,16666,False
B,389,13536962,encoded,,16667,False
A,391,13568377,encoded,,125013,True
B,390,13570292,encoded,,16666,False
A,392,13601712,encoded,,7705,False
B,391,13603636,encoded,,120873,True
A,393,13635045,encoded,,16570,False
B,392,13636952,encoded,,20431,False
A,394,13668380,encoded,,24756,False
B,393,13670303,encoded,,12542,False
A,395,13701710,encoded,,17904,False
B,394,13703631,encoded,,14089,False
A,396,13735048,encoded,,23738,False
B,395,13736953,encoded,,11864,False
A,397,13768377,encoded,,20081,False
B,396,13770285,encoded,,18540,False
A,398,13801711,encoded,,10930,False
B,397,13803621,encoded,,13116,False
A,399,13835045,encoded,,9432,False
B,398,13836955,encoded,,18116,False
A,400,13868380,encoded,,8132,False
B,399,13870287,encoded,,20210,False
A,401,13901712,encoded,,20728,False
B,400,13903622,encoded,,19380,False
A,402,13935051,encoded,,21456,False
B,401,13936954,encoded,,12872,False
A,403,13968379,encoded,,2933,False
B,402,13970286,encoded,,11018,False
A,404,14001717,encoded,,16509,False
B,403,14003626,encoded,,21828,False
A,405,14035045,encoded,,11681,False
B,404,14036968,encoded,,13002,False
A,406,14068384,encoded,,10110,False
B,405,14070287,encoded,,11763,False
A,407,14101710,encoded,,9317,False
B,406,14103623,encoded,,11420,False
A,408,14135050,encoded,,9053,False
B,407,14136956,encoded,,10947,False
B,408,14170290,encoded,,18613,False
A,409,14168381,encoded,,8512,False
A,410,14201718,encoded,,8273,False
B,409,14203624,encoded,,12056,False
A,411,14235046,encoded,,8328,False
B,410,14236956,encoded,,9736,False
A,412,14268380,encoded,,8359,False
B,411,14270291,encoded,,9776,False
A,413,14301717,encoded,,7840,False
B,412,14303624,encoded,,10049,False
A,414,14335055,encoded,,7616,False
B,413,14336960,encoded,,8628,False
A,415,14368384,encoded,,7613,False
B,414,14370295,encoded,,8698,False
A,416,14401716,encoded,,10745,False
B,415,14403637,encoded,,9394,False
A,417,14435048,encoded,,16666,False
B,416,14436960,encoded,,9341,False
A,418,14468388,encoded,,16667,False
B,417,14470307,encoded,,8154,False
A,419,14501715,encoded,,16667,False
B,418,14503625,encoded,,14757,False
A,420,14535056,encoded,,16666,False
B,419,14536969,encoded,,12658,False
A,421,14568383,encoded,,125085,True
B,420,14570295,encoded,,10745,False
A,422,14601718,encoded,,27227,False
B,421,14603639,encoded,,121806,True
A,423,14635065,encoded,,7579,False
B,422,14636981,encoded,,19497,False
A,424,14668389,encoded,,14841,False
B,423,14670297,encoded,,14108,False
A,425,14701719,encoded,,19810,False
B,424,14703636,encoded,,12893,False
A,426,14735054,encoded,,12004,False
B,425,14736960,encoded,,16031,False
A,427,14768382,encoded,,16037,False
B,426,14770292,encoded,,12445,False
A,428,14801729,encoded,,20546,False
B,427,14803640,encoded,,11527,False
A,429,14835051,encoded,,9710,False
B,428,14836965,encoded,,16442,False
A,430,14868389,encoded,,21016,False
B,429,14870295,encoded,,18037,False
A,431,14901718,encoded,,22907,False
B,430,14903626,encoded,,12606,False
A,432,14935055,encoded,,2931,False
B,431,14936962,encoded,,10875,False
A,433,14968385,encoded,,17257,False
B,432,14970296,encoded,,20754,False
B,433,15003630,encoded,,12994,False
A,434,15001726,encoded,,12148,False
A,435,15035052,encoded,,10487,False
B,434,15036963,encoded,,10666,False
A,436,15068386,encoded,,10196,False
B,435,15070296,encoded,,12989,False
A,437,15101724,encoded,,9658,False
B,436,15103631,encoded,,10590,False
A,438,15135057,encoded,,9342,False
B,437,15136972,encoded,,18759,False
B,438,15170296,encoded,,10657,False
A,439,15168386,encoded,,8604,False
A,440,15201720,encoded,,8629,False
B,439,15203630,encoded,,9024,False
A,441,15235056,encoded,,8479,False
B,440,15236964,encoded,,8764,False
B,441,15270297,encoded,,8075,False
A,442,15268387,encoded,,7854,False
A,443,15301725,encoded,,8286,False
B,442,15303630,encoded,,7085,False
A,444,15335058,encoded,,7616,False
B,443,15336977,encoded,,7262,False
A,445,15368387,encoded,,7456,False
B,444,15370301,encoded,,14032,False
A,446,15401724,encoded,,7629,False
B,445,15403632,encoded,,10000,False
A,447,15435062,encoded,,16666,False
B,446,15436964,encoded,,9312,False
A,448,15468391,encoded,,36664,False
B,447,15470310,encoded,,8203,False
A,449,15501731,encoded,,3700,False
B,448,15503646,encoded,,16618,False
A,450,15535056,encoded,,9636,False
B,449,15536966,encoded,,16903,False
A,451,15568386,encoded,,125180,True
B,450,15570302,encoded,,16430,False
A,452,15601721,encoded,,17855,False
B,451,15603641,encoded,,135482,True
A,453,15635060,encoded,,6764,False
B,452,15636968,encoded,,15833,False
A,454,15668397,encoded,,23178,False
B,453,15670307,encoded,,11392,False
A,455,15701722,encoded,,17653,False
B,454,15703635,encoded,,12213,False
A,456,15735057,encoded,,20599,False
B,455,15736967,encoded,,20967,False
A,457,15768390,encoded,,16109,False
B,456,15770397,encoded,,17356,False
A,458,15801724,encoded,,17786,False
B,457,15803636,encoded,,24179,False
A,459,15835062,encoded,,10453,False
B,458,15836968,encoded,,12467,False
A,460,15868403,encoded,,8862,False
B,459,15870317,encoded,,9993,False
A,461,15901725,encoded,,21054,False
B,460,15903635,encoded,,9881,False
A,462,15935059,encoded,,15247,False
B,461,15936967,encoded,,9404,False
A,463,15968397,encoded,,19491,False
B,462,15970305,encoded,,17638,False
B,463,16003635,encoded,,12312,False
A,464,16001723,encoded,,12939,False
B,464,16036973,encoded,,12087,False
A,465,16035068,encoded,,12109,False
A,466,16068397,encoded,,10692,False
B,465,16070307,encoded,,12350,False
A,467,16101738,encoded,,9802,False
B,466,16103639,encoded,,12047,False
A,468,16135063,encoded,,9350,False
B,467,16136971,encoded,,12382,False
A,469,16168398,encoded,,8345,False
B,468,16170306,encoded,,12246,False
A,470,16201738,encoded,,8483,False
B,469,16203636,encoded,,8337,False
A,471,16235067,encoded,,8257,False
B,470,16236974,encoded,,7164,False
A,472,16268396,encoded,,8004,False
B,471,16270304,encoded,,12189,False
A,473,16301727,encoded,,7746,False
B,472,16303646,encoded,,11109,False
A,474,16335061,encoded,,7381,False
B,473,16336972,encoded,,9679,False
A,475,16368401,encoded,,7380,False
B,474,16370312,encoded,,9374,False
A,476,16401725,encoded,,7677,False
B,475,16403640,encoded,,8616,False
A,477,16435081,encoded,,11604,False
B,476,16437019,encoded,,9346,False
A,478,16468398,encoded,,16667,False
B,477,16470314,encoded,,10814,False
A,479,16501735,encoded,,16667,False
B,478,16503668,encoded,,11918,False
A,480,16535061,encoded,,16666,False
B,479,16536979,encoded,,14559,False
A,481,16568394,encoded,,125120,True
B,480,16570306,encoded,,16666,False
A,482,16601729,encoded,,9597,False
B,481,16603652,encoded,,120860,True
A,483,16635069,encoded,,18580,False
B,482,16636974,encoded,,10023,False
A,484,16668398,encoded,,19575,False
B,483,16670319,encoded,,16944,False
A,485,16701730,encoded,,18459,False
B,484,16703652,encoded,,15424,False
A,486,16735065,encoded,,24143,False
B,485,16736985,encoded,,18621,False
A,487,16768397,encoded,,20470,False
B,486,16770306,encoded,,12466,False
A,488,16801728,encoded,,11670,False
B,487,16803642,encoded,,12507,False
A,489,16835069,encoded,,9793,False
B,488,16836974,encoded,,22451,False
A,490,16868398,encoded,,8454,False
B,489,16870310,encoded,,12514,False
A,491,16901738,encoded,,20172,False
B,490,16903646,encoded,,11837,False
A,492,16935065,encoded,,4791,False
B,491,16936979,encoded,,15347,False
A,493,16968404,encoded,,22623,False
B,492,16970314,encoded,,16034,False
A,494,17001733,encoded,,14257,False
B,493,17003646,encoded,,16527,False
A,495,17035072,encoded,,11850,False
B,494,17036979,encoded,,18815,False
A,496,17068399,encoded,,10513,False
B,495,17070308,encoded,,11129,False
A,497,17101739,encoded,,9846,False
B,496,17103649,encoded,,10515,False
A,498,17135067,encoded,,9534,False
B,497,17136978,encoded,,9736,False
A,499,17168405,encoded,,9242,False
B,498,17170311,encoded,,9019,False
A,500,17201738,encoded,,8838,False
B,499,17203644,encoded,,8278,False
A,501,17235071,encoded,,8341,False
B,500,17236980,encoded,,8275,False
A,502,17268402,encoded,,7819,False
B,501,17270328,encoded,,7553,False
A,503,17301739,encoded,,7334,False
B,502,17303657,encoded,,7346,False
A,504,17335072,encoded,,7558,False
B,503,17336979,encoded,,6148,False
A,505,17368406,encoded,,7511,False
B,504,17370313,encoded,,12192,False
A,506,17401735,encoded,,7277,False
B,505,17403646,encoded,,8874,False
A,507,17435074,encoded,,16633,False
B,506,17436983,encoded,,13899,False
B,507,17470312,encoded,,16666,False
A,508,17468401,encoded,,25416,False
A,509,17501735,encoded,,7918,False
B,508,17503648,encoded,,16667,False
A,510,17535068,encoded,,16666,False
B,509,17536980,encoded,,16667,False
B,510,17570313,encoded,,16666,False
A,511,17568401,encoded,,125052,True
A,512,17601737,encoded,,11853,False
B,511,17603648,encoded,,120984,True
A,513,17635074,encoded,,12372,False
B,512,17636984,encoded,,19368,False
A,514,17668404,encoded,,24668,False
B,513,17670314,encoded,,16068,False
A,515,17701738,encoded,,18224,False
B,514,17703667,encoded,,20251,False
A,516,17735070,encoded,,24465,False
B,515,17736993,encoded,,17036,False
A,517,17768408,encoded,,20190,False
B,516,17770324,encoded,,14654,False
A,518,17801736,encoded,,11787,False
B,517,17803658,encoded,,23254,False
A,519,17835076,encoded,,9442,False
B,518,17836999,encoded,,17379,False
A,520,17868404,encoded,,8309,False
B,519,17870316,encoded,,11223,False
A,521,17901744,encoded,,8185,False
B,520,17903658,encoded,,10574,False
A,522,17935072,encoded,,19281,False
B,521,17936983,encoded,,18347,False
A,523,17968407,encoded,,21220,False
B,522,17970330,encoded,,9887,False
A,524,18001739,encoded,,13452,False
B,523,18003660,encoded,,9126,False
A,525,18035078,encoded,,11758,False
B,524,18036998,encoded,,8081,False
A,526,18068406,encoded,,11152,False
B,525,18070328,encoded,,7847,False
A,527,18101739,encoded,,9902,False
B,526,18103667,encoded,,7324,False
A,528,18135075,encoded,,9418,False
B,527,18136985,encoded,,6700,False
A,529,18168412,encoded,,8909,False
B,528,18170332,encoded,,6428,False
A,530,18201737,encoded,,8451,False
B,529,18203665,encoded,,6292,False
A,531,18235079,encoded,,8198,False
B,530,18236998,encoded,,12986,False
A,532,18268408,encoded,,7958,False
B,531,18270334,encoded,,9375,False
A,533,18301758,encoded,,7629,False
B,532,18303664,encoded,,8895,False
A,534,18335073,encoded,,7678,False
B,533,18337034,encoded,,7519,False
A,535,18368415,encoded,,7484,False
B,534,18370332,encoded,,10402,False
A,536,18401746,encoded,,6953,False
B,535,18403659,encoded,,16667,False
A,537,18435082,encoded,,16010,False
B,536,18436987,encoded,,37005,False
A,538,18468409,encoded,,16667,False
B,537,18470332,encoded,,4459,False
A,539,18501745,encoded,,16667,False
B,538,18503664,encoded,,8536,False
A,540,18535077,encoded,,16666,False
B,539,18536994,encoded,,16667,False
A,541,18568414,encoded,,124970,True
B,540,18570320,encoded,,16666,False
A,542,18601752,encoded,,11560,False
B,541,18603661,encoded,,135577,True
A,543,18635079,encoded,,23744,False
B,542,18636995,encoded,,6274,False
B,543,18670333,encoded,,16528,False
A,544,18668407,encoded,,23528,False
A,545,18701751,encoded,,14157,False
B,544,18703670,encoded,,15056,False
A,546,18735076,encoded,,19854,False
B,545,18737005,encoded,,22339,False
B,546,18770333,encoded,,24257,False
A,547,18768413,encoded,,19089,False
A,548,18801744,encoded,,11172,False
B,547,18803655,encoded,,17770,False
A,549,18835092,encoded,,9184,False
B,548,18837003,encoded,,9379,False
B,549,18870323,encoded,,10574,False
A,550,18868410,encoded,,7855,False
B,550,18903658,encoded,,18488,False
A,551,18901744,encoded,,19634,False
A,552,18935079,encoded,,5011,False
B,551,18936991,encoded,,9192,False
A,553,18968411,encoded,,22252,False
B,552,18970328,encoded,,7785,False
A,554,19001747,encoded,,13240,False
B,553,19003670,encoded,,7168,False
A,555,19035078,encoded,,11982,False
B,554,19036992,encoded,,6561,False
A,556,19068414,encoded,,10262,False
B,555,19070356,encoded,,13826,False
A,557,19101745,encoded,,10059,False
B,556,19103670,encoded,,9268,False
A,558,19135083,encoded,,9208,False
B,557,19137005,encoded,,8069,False
A,559,19168413,encoded,,8594,False
B,558,19170339,encoded,,7192,False
A,560,19201747,encoded,,8748,False
B,559,19203666,encoded,,6326,False
A,561,19235091,encoded,,8454,False
B,560,19237004,encoded,,6347,False
A,562,19268414,encoded,,7921,False
B,561,19270325,encoded,,5854,False
A,563,19301747,encoded,,8344,False
B,562,19303660,encoded,,5645,False
A,564,19335087,encoded,,7966,False
B,563,19337005,encoded,,13859,False
A,565,19368433,encoded,,8044,False
B,564,19370337,encoded,,33770,False
A,566,19401748,encoded,,8502,False
B,565,19403672,encoded,,4341,False
A,567,19435082,encoded,,16666,False
B,566,19436996,encoded,,11889,False
A,568,19468415,encoded,,25003,False
B,567,19470338,encoded,,16666,False
A,569,19501747,encoded,,8331,False
B,568,19503675,encoded,,16667,False
A,570,19535091,encoded,,16666,False
B,569,19537010,encoded,,16667,False
A,571,19568416,encoded,,125038,True
B,570,19570344,encoded,,16666,False
A,572,19601767,encoded,,6930,False
B,571,19603671,encoded,,121038,True
A,573,19635084,encoded,,20650,False
B,572,19637004,encoded,,16926,False
A,574,19668421,encoded,,18444,False
B,573,19670344,encoded,,13032,False
A,575,19701761,encoded,,18560,False
B,574,19703678,encoded,,16250,False
A,576,19735088,encoded,,24350,False
B,575,19737015,encoded,,15369,False
B,576,19770338,encoded,,15539,False
A,577,19768421,encoded,,19670,False
A,578,19801751,encoded,,11100,False
B,577,19803664,encoded,,16774,False
A,579,19835083,encoded,,9256,False
B,578,19836997,encoded,,10714,False
B,579,19870331,encoded,,13828,False
A,580,19868425,encoded,,7968,False
A,581,19901751,encoded,,20164,False
B,580,19903667,encoded,,12440,False
B,581,19936998,encoded,,13189,False
A,582,19935088,encoded,,21286,False
A,583,19968418,encoded,,13427,False
B,582,19970333,encoded,,13649,False
A,584,20001761,encoded,,11794,False
B,583,20003669,encoded,,17776,False
A,585,20035088,encoded,,10408,False
B,584,20037002,encoded,,8196,False
A,586,20068419,encoded,,10126,False
B,585,20070333,encoded,,16395,False
A,587,20101752,encoded,,9337,False
B,586,20103667,encoded,,4897,False
A,588,20135093,encoded,,9022,False
B,587,20137000,encoded,,11939,False
A,589,20168425,encoded,,8667,False
B,588,20170335,encoded,,8688,False
A,590,20201758,encoded,,8360,False
B,589,20203667,encoded,,7395,False
A,591,20235097,encoded,,7997,False
B,590,20237015,encoded,,7651,False
A,592,20268430,encoded,,7718,False
B,591,20270335,encoded,,7679,False
A,593,20301755,encoded,,7663,False
B,592,20303671,encoded,,7252,False
A,594,20335094,encoded,,7848,False
B,593,20337001,encoded,,6726,False
A,595,20368420,encoded,,7438,False
B,594,20370334,encoded,,16658,False
A,596,20401761,encoded,,10113,False
B,595,20403670,encoded,,31568,False
A,597,20435090,encoded,,16666,False
B,596,20437017,encoded,,5379,False
A,598,20468427,encoded,,25961,False
B,597,20470355,encoded,,13053,False
A,599,20501758,encoded,,7373,False
B,598,20503681,encoded,,16667,False
A,600,20535097,encoded,,16666,False
B,599,20537008,encoded,,16667,False
A,601,20568425,encoded,,125190,True
B,600,20570341,encoded,,16666,False
A,602,20601766,encoded,,20634,False
B,601,20603672,encoded,,120998,True
A,603,20635097,encoded,,10820,False
B,602,20637006,encoded,,8663,False
B,603,20670338,encoded,,23795,False
A,604,20668428,encoded,,16955,False
A,605,20701757,encoded,,17567,False
B,604,20703682,encoded,,14251,False
A,606,20735094,encoded,,23140,False
B,605,20737010,encoded,,16245,False
A,607,20768424,encoded,,20626,False
B,606,20770340,encoded,,24190,False
A,608,20801768,encoded,,11376,False
B,607,20803672,encoded,,11655,False
A,609,20835095,encoded,,9043,False
B,608,20837005,encoded,,11583,False
A,610,20868430,encoded,,7900,False
B,609,20870341,encoded,,20793,False
A,611,20901757,encoded,,19856,False
B,610,20903672,encoded,,14986,False
A,612,20935096,encoded,,21167,False
B,611,20937005,encoded,,18499,False
A,613,20968427,encoded,,13801,False
B,612,20970350,encoded,,10083,False
A,614,21001758,encoded,,11713,False
B,613,21003689,encoded,,8616,False
A,615,21035095,encoded,,10499,False
B,614,21037005,encoded,,7819,False
A,616,21068430,encoded,,9727,False
B,615,21070350,encoded,,7394,False
A,617,21101765,encoded,,9025,False
B,616,21103688,encoded,,15267,False
A,618,21135099,encoded,,9478,False
B,617,21137005,encoded,,10438,False
A,619,21168432,encoded,,9034,False
B,618,21170350,encoded,,8834,False
A,620,21201757,encoded,,8436,False
B,619,21203687,encoded,,8041,False
A,621,21235093,encoded,,8188,False
B,620,21237009,encoded,,7264,False
A,622,21268435,encoded,,8010,False
B,621,21270342,encoded,,6941,False
A,623,21301761,encoded,,7744,False
B,622,21303675,encoded,,6595,False
A,624,21335101,encoded,,7454,False
B,623,21337010,encoded,,6388,False
A,625,21368428,encoded,,7755,False
B,624,21370343,encoded,,10662,False
A,626,21401760,encoded,,8196,False
B,625,21403675,encoded,,16667,False
A,627,21435095,encoded,,16666,False
B,626,21437010,encoded,,31971,False
A,628,21468432,encoded,,30618,False
B,627,21470358,encoded,,3980,False
A,629,21501769,encoded,,4557,False
B,628,21503681,encoded,,14049,False
A,630,21535102,encoded,,14825,False
B,629,21537012,encoded,,16667,False
A,631,21568436,encoded,,125109,True
B,630,21570343,encoded,,16666,False
A,632,21601760,encoded,,17760,False
B,631,21603685,encoded,,120912,True
A,633,21635096,encoded,,10436,False
B,632,21637019,encoded,,12614,False
B,633,21670355,encoded,,13579,False
A,634,21668434,encoded,,18630,False
A,635,21701765,encoded,,18267,False
B,634,21703689,encoded,,18150,False
A,636,21735100,encoded,,23290,False
B,635,21737015,encoded,,16694,False
A,637,21768430,encoded,,20745,False
B,636,21770346,encoded,,24105,False
A,638,21801770,encoded,,11657,False
B,637,21803690,encoded,,11362,False
A,639,21835099,encoded,,9405,False
B,638,21837011,encoded,,10453,False
A,640,21868431,encoded,,8150,False
B,639,21870357,encoded,,10721,False
A,641,21901776,encoded,,20180,False
B,640,21903689,encoded,,11037,False
A,642,21935103,encoded,,21322,False
B,641,21937029,encoded,,16261,False
A,643,21968433,encoded,,13487,False
B,642,21970356,encoded,,14365,False
A,644,22001765,encoded,,11487,False
B,643,22003688,encoded,,15867,False
A,645,22035099,encoded,,10564,False
B,644,22037013,encoded,,22233,False
A,646,22068433,encoded,,9842,False
B,645,22070347,encoded,,4569,False
B,646,22103680,encoded,,11469,False
A,647,22101766,encoded,,9408,False
A,648,22135109,encoded,,8996,False
B,647,22137016,encoded,,9462,False
B,648,22170349,encoded,,7665,False
A,649,22168432,encoded,,8630,False
A,650,22201768,encoded,,8358,False
B,649,22203683,encoded,,7501,False
A,651,22235099,encoded,,7872,False
B,650,22237016,encoded,,7056,False
A,652,22268433,encoded,,7463,False
B,651,22270349,encoded,,6413,False
A,653,22301769,encoded,,7850,False
B,652,22303685,encoded,,6172,False
A,654,22335106,encoded,,7383,False
B,653,22337018,encoded,,5908,False
A,655,22368435,encoded,,7316,False
B,654,22370351,encoded,,15432,False
A,656,22401774,encoded,,9727,False
B,655,22403695,encoded,,31469,False
A,657,22435105,encoded,,16666,False
B,656,22437027,encoded,,3746,False
A,658,22468441,encoded,,28334,False
B,657,22470363,encoded,,14785,False
A,659,22501793,encoded,,5000,False
B,658,22503696,encoded,,16667,False
B,659,22537022,encoded,,16667,False
A,660,22535110,encoded,,16666,False
B,660,22570352,encoded,,16666,False
A,661,22568436,encoded,,125192,True
A,662,22601774,encoded,,7592,False
B,661,22603685,encoded,,135196,True
A,663,22635113,encoded,,23416,False
B,662,22637018,encoded,,16109,False
A,664,22668437,encoded,,16568,False
B,663,22670350,encoded,,14004,False
A,665,22701776,encoded,,18593,False
B,664,22703693,encoded,,12043,False
A,666,22735102,encoded,,23667,False
B,665,22737017,encoded,,14177,False
A,667,22768437,encoded,,20344,False
B,666,22770360,encoded,,20195,False
A,668,22801770,encoded,,11455,False
B,667,22803688,encoded,,22059,False
A,669,22835107,encoded,,9458,False
B,668,22837020,encoded,,17641,False
A,670,22868437,encoded,,8262,False
B,669,22870354,encoded,,15115,False
B,670,22903687,encoded,,9962,False
A,671,22901774,encoded,,20005,False
A,672,22935105,encoded,,21533,False
B,671,22937021,encoded,,8811,False
A,673,22968439,encoded,,2798,False
B,672,22970355,encoded,,16951,False
A,674,23001783,encoded,,17187,False
B,673,23003691,encoded,,5043,False
A,675,23035111,encoded,,12158,False
B,674,23037019,encoded,,12727,False
A,676,23068438,encoded,,10398,False
B,675,23070354,encoded,,9198,False
A,677,23101772,encoded,,9791,False
B,676,23103688,encoded,,8009,False
A,678,23135108,encoded,,9185,False
B,677,23137022,encoded,,7241,False
A,679,23168447,encoded,,8731,False
B,678,23170358,encoded,,6914,False
A,680,23201774,encoded,,9108,False
B,679,23203696,encoded,,6815,False
A,681,23235112,encoded,,7890,False
B,680,23237028,encoded,,6620,False
A,682,23268447,encoded,,8155,False
B,681,23270360,encoded,,6495,False
A,683,23301783,encoded,,8234,False
B,682,23303705,encoded,,5868,False
A,684,23335107,encoded,,7532,False
B,683,23337024,encoded,,6141,False
A,685,23368446,encoded,,7407,False
B,684,23370362,encoded,,16666,False
A,686,23401773,encoded,,8675,False
B,685,23403698,encoded,,30911,False
A,687,23435116,encoded,,16666,False
B,686,23437026,encoded,,3699,False
A,688,23468444,encoded,,28739,False
B,687,23470364,encoded,,15390,False
A,689,23501783,encoded,,4595,False
B,688,23503693,encoded,,16667,False
A,690,23535121,encoded,,16666,False
B,689,23537027,encoded,,16667,False
A,691,23568447,encoded,,125213,True
B,690,23570370,encoded,,16666,False
A,692,23601777,encoded,,23009,False
B,691,23603695,encoded,,120730,True
A,693,23635116,encoded,,8626,False
B,692,23637027,encoded,,16703,False
A,694,23668444,encoded,,17332,False
B,693,23670363,encoded,,18364,False
A,695,23701784,encoded,,18906,False
B,694,23703698,encoded,,18973,False
A,696,23735108,encoded,,18306,False
B,695,23737033,encoded,,12843,False
A,697,23768450,encoded,,15402,False
B,696,23770375,encoded,,21415,False
A,698,23801777,encoded,,18342,False
B,697,23803694,encoded,,14118,False
A,699,23835115,encoded,,9900,False
B,698,23837027,encoded,,15185,False
A,700,23868445,encoded,,22276,False
B,699,23870362,encoded,,14166,False
A,701,23901787,encoded,,5486,False
B,700,23903695,encoded,,13355,False
A,702,23935114,encoded,,15767,False
B,701,23937030,encoded,,14333,False
A,703,23968444,encoded,,18025,False
B,702,23970360,encoded,,11180,False
A,704,24001783,encoded,,12294,False
B,703,24003698,encoded,,16418,False
A,705,24035119,encoded,,11149,False
B,704,24037030,encoded,,13246,False
A,706,24068446,encoded,,10255,False
B,705,24070362,encoded,,9405,False
A,707,24101789,encoded,,9431,False
B,706,24103708,encoded,,8483,False
A,708,24135112,encoded,,9183,False
B,707,24137031,encoded,,8193,False
A,709,24168454,encoded,,8641,False
B,708,24170372,encoded,,7561,False
A,710,24201784,encoded,,7979,False
B,709,24203699,encoded,,6818,False
A,711,24235120,encoded,,8061,False
B,710,24237049,encoded,,6533,False
A,712,24268450,encoded,,8190,False
B,711,24270368,encoded,,6720,False
A,713,24301789,encoded,,7643,False
B,712,24303700,encoded,,6222,False
A,714,24335115,encoded,,7274,False
B,713,24337037,encoded,,6054,False
A,715,24368453,encoded,,7177,False
B,714,24370367,encoded,,12982,False
A,716,24401783,encoded,,9467,False
B,715,24403714,encoded,,24044,False
A,717,24435133,encoded,,16666,False
B,716,24437041,encoded,,30015,False
B,717,24470395,encoded,,2894,False
A,718,24468452,encoded,,36910,False
A,719,24501789,encoded,,3645,False
B,718,24503702,encoded,,9714,False
A,720,24535119,encoded,,9445,False
B,719,24537035,encoded,,16667,False
A,721,24568452,encoded,,125185,True
B,720,24570365,encoded,,16666,False
A,722,24601783,encoded,,17705,False
B,721,24603707,encoded,,120915,True
A,723,24635121,encoded,,6930,False
B,722,24637044,encoded,,20557,False
A,724,24668451,encoded,,23494,False
B,723,24670373,encoded,,9992,False
B,724,24703712,encoded,,19557,False
A,725,24701785,encoded,,17894,False
A,726,24735123,encoded,,23919,False
B,725,24737033,encoded,,10590,False
A,727,24768456,encoded,,21298,False
B,726,24770375,encoded,,21043,False
A,728,24801786,encoded,,11659,False
B,727,24803713,encoded,,11227,False
A,729,24835121,encoded,,9721,False
B,728,24837035,encoded,,12474,False
A,730,24868452,encoded,,8244,False
B,729,24870370,encoded,,20864,False
A,731,24901790,encoded,,20620,False
B,730,24903706,encoded,,18397,False
A,732,24935118,encoded,,21187,False
B,731,24937037,encoded,,14669,False
A,733,24968455,encoded,,3243,False
B,732,24970367,encoded,,18722,False
A,734,25001788,encoded,,16827,False
B,733,25003706,encoded,,15032,False
A,735,25035126,encoded,,12364,False
B,734,25037035,encoded,,9904,False
A,736,25068455,encoded,,10207,False
B,735,25070384,encoded,,8615,False
A,737,25101791,encoded,,9841,False
B,736,25103719,encoded,,7922,False
A,738,25135135,encoded,,8773,False
B,737,25137069,encoded,,7275,False
A,739,25168460,encoded,,9060,False
B,738,25170383,encoded,,7205,False
A,740,25201788,encoded,,8387,False
B,739,25203711,encoded,,6767,False
A,741,25235125,encoded,,8258,False
B,740,25237045,encoded,,6407,False
A,742,25268456,encoded,,8454,False
B,741,25270382,encoded,,5949,False
A,743,25301802,encoded,,7733,False
B,742,25303714,encoded,,6125,False
A,744,25335124,encoded,,7585,False
B,743,25337038,encoded,,5341,False
A,745,25368460,encoded,,7622,False
B,744,25370380,encoded,,14451,False
A,746,25401792,encoded,,7779,False
B,745,25403724,encoded,,38202,False
A,747,25435122,encoded,,16011,False
B,746,25437037,encoded,,8601,False
A,748,25468457,encoded,,38066,False
B,747,25470426,encoded,,3197,False
A,749,25501792,encoded,,3910,False
B,748,25503717,encoded,,16667,False
A,750,25535124,encoded,,8024,False
B,749,25537043,encoded,,16667,False
A,751,25568467,encoded,,125184,True
B,750,25570378,encoded,,16666,False
A,752,25601804,encoded,,17469,False
B,751,25603727,encoded,,135300,True
A,753,25635136,encoded,,6664,False
B,752,25637055,encoded,,10478,False
A,754,25668458,encoded,,23817,False
B,753,25670377,encoded,,15146,False
A,755,25701795,encoded,,18153,False
B,754,25703718,encoded,,8729,False
A,756,25735125,encoded,,23583,False
B,755,25737041,encoded,,13864,False
A,757,25768463,encoded,,20938,False
B,756,25770375,encoded,,15799,False
A,758,25801790,encoded,,11431,False
B,757,25803723,encoded,,15137,False
A,759,25835131,encoded,,9708,False
B,758,25837044,encoded,,10873,False
A,760,25868462,encoded,,8271,False
B,759,25870376,encoded,,19045,False
A,761,25901800,encoded,,19899,False
B,760,25903710,encoded,,13466,False
B,761,25937044,encoded,,13772,False
A,762,25935129,encoded,,21933,False
B,762,25970376,encoded,,16176,False
A,763,25968464,encoded,,13681,False
A,764,26001794,encoded,,11924,False
B,763,26003711,encoded,,22820,False
A,765,26035131,encoded,,11362,False
B,764,26037046,encoded,,10159,False
A,766,26068460,encoded,,9957,False
B,765,26070378,encoded,,8701,False
A,767,26101793,encoded,,8770,False
B,766,26103710,encoded,,8623,False
A,768,26135129,encoded,,8942,False
B,767,26137045,encoded,,8370,False
A,769,26168466,encoded,,8540,False
B,768,26170380,encoded,,7378,False
A,770,26201794,encoded,,8708,False
B,769,26203711,encoded,,7144,False
A,771,26235134,encoded,,7916,False
B,770,26237048,encoded,,6609,False
A,772,26268461,encoded,,8167,False
B,771,26270386,encoded,,6311,False
A,773,26301794,encoded,,7882,False
B,772,26303727,encoded,,6087,False
A,774,26335131,encoded,,8521,False
B,773,26337063,encoded,,5293,False
A,775,26368462,encoded,,7578,False
B,774,26370381,encoded,,14720,False
A,776,26401796,encoded,,7168,False
B,775,26403714,encoded,,32651,False
A,777,26435133,encoded,,13834,False
B,776,26437050,encoded,,13587,False
A,778,26468469,encoded,,18834,False
B,777,26470385,encoded,,3762,False
A,779,26501795,encoded,,14500,False
B,778,26503716,encoded,,16667,False
A,780,26535131,encoded,,16666,False
B,779,26537047,encoded,,16667,False
A,781,26568464,encoded,,125189,True
B,780,26570394,encoded,,16666,False
A,782,26601794,encoded,,8386,False
B,781,26603726,encoded,,120836,True
A,783,26635130,encoded,,19574,False
B,782,26637057,encoded,,20423,False
A,784,26668462,encoded,,18603,False
B,783,26670393,encoded,,12515,False
A,785,26701798,encoded,,18320,False
B,784,26703732,encoded,,15044,False
A,786,26735131,encoded,,23852,False
B,785,26737066,encoded,,13706,False
A,787,26768463,encoded,,19552,False
B,786,26770385,encoded,,14491,False
A,788,26801801,encoded,,12102,False
B,787,26803718,encoded,,16111,False
A,789,26835136,encoded,,9393,False
B,788,26837051,encoded,,12396,False
A,790,26868467,encoded,,8100,False
B,789,26870385,encoded,,15921,False
A,791,26901798,encoded,,19959,False
B,790,26903727,encoded,,12798,False
A,792,26935137,encoded,,21500,False
B,791,26937061,encoded,,15249,False
A,793,26968474,encoded,,3318,False
B,792,26970388,encoded,,20301,False
B,793,27003718,encoded,,23033,False
A,794,27001808,encoded,,4048,False
A,795,27035135,encoded,,18103,False
B,794,27037051,encoded,,5962,False
A,796,27068467,encoded,,11676,False
B,795,27070387,encoded,,11568,False
A,797,27101800,encoded,,10176,False
B,796,27103719,encoded,,8488,False
A,798,27135137,encoded,,9491,False
B,797,27137054,encoded,,7693,False
A,799,27168468,encoded,,8926,False
B,798,27170385,encoded,,7486,False
A,800,27201803,encoded,,8553,False
B,799,27203729,encoded,,6976,False
A,801,27235136,encoded,,8794,False
B,800,27237054,encoded,,6858,False
A,802,27268474,encoded,,8157,False
B,801,27270386,encoded,,5880,False
A,803,27301801,encoded,,7989,False
B,802,27303720,encoded,,5660,False
A,804,27335142,encoded,,7576,False
B,803,27337055,encoded,,4911,False
A,805,27368471,encoded,,7621,False
B,804,27370397,encoded,,15694,False
A,806,27401800,encoded,,14376,False
B,805,27403728,encoded,,32406,False
A,807,27435136,encoded,,19476,False
B,806,27437063,encoded,,3761,False
A,808,27468474,encoded,,13857,False
B,807,27470386,encoded,,13833,False
A,809,27501803,encoded,,16667,False
B,808,27503722,encoded,,16667,False
A,810,27535143,encoded,,16666,False
B,809,27537055,encoded,,16667,False
A,811,27568473,encoded,,125315,True
B,810,27570389,encoded,,16666,False
A,812,27601810,encoded,,14804,False
B,811,27603722,encoded,,120780,True
A,813,27635139,encoded,,12974,False
B,812,27637059,encoded,,19328,False
A,814,27668475,encoded,,20335,False
B,813,27670389,encoded,,15572,False
A,815,27701805,encoded,,17498,False
B,814,27703744,encoded,,15409,False
A,816,27735143,encoded,,23258,False
B,815,27737060,encoded,,13013,False
A,817,27768472,encoded,,20002,False
B,816,27770406,encoded,,22450,False
A,818,27801806,encoded,,11426,False
B,817,27803775,encoded,,12187,False
A,819,27835140,encoded,,9129,False
B,818,27837070,encoded,,14626,False
A,820,27868478,encoded,,8227,False
B,819,27870392,encoded,,16807,False
A,821,27901808,encoded,,19983,False
B,820,27903731,encoded,,15161,False
A,822,27935146,encoded,,21793,False
B,821,27937057,encoded,,24846,False
A,823,27968474,encoded,,2685,False
B,822,27970407,encoded,,6502,False
A,824,28001808,encoded,,15881,False
B,823,28003725,encoded,,14543,False
A,825,28035138,encoded,,11663,False
B,824,28037070,encoded,,10239,False
A,826,28068480,encoded,,10373,False
B,825,28070401,encoded,,8832,False
A,827,28101807,encoded,,9444,False
B,826,28103731,encoded,,7859,False
A,828,28135146,encoded,,9180,False
B,827,28137059,encoded,,7138,False
A,829,28168475,encoded,,9486,False
B,828,28170409,encoded,,6803,False
A,830,28201808,encoded,,8392,False
B,829,28203731,encoded,,6512,False
A,831,28235141,encoded,,8514,False
B,830,28237062,encoded,,6185,False
A,832,28268487,encoded,,7622,False
B,831,28270401,encoded,,6251,False
A,833,28301812,encoded,,7611,False
B,832,28303733,encoded,,5995,False
A,834,28335148,encoded,,7680,False
B,833,28337066,encoded,,6296,False
A,835,28368476,encoded,,7378,False
B,834,28370399,encoded,,16666,False
A,836,28401819,encoded,,12681,False
B,835,28403730,encoded,,32246,False
A,837,28435147,encoded,,16666,False
B,836,28437064,encoded,,3447,False
B,837,28470420,encoded,,14307,False
A,838,28468487,encoded,,18415,False
A,839,28501810,encoded,,14919,False
B,838,28503728,encoded,,16667,False
B,839,28537063,encoded,,16667,False
A,840,28535148,encoded,,16666,False
A,841,28568477,encoded,,125219,True
B,840,28570408,encoded,,16666,False
A,842,28601831,encoded,,7364,False
B,841,28603742,encoded,,120979,True
A,843,28635148,encoded,,24275,False
B,842,28637063,encoded,,16381,False
A,844,28668484,encoded,,17649,False
B,843,28670400,encoded,,10753,False
A,845,28701809,encoded,,18035,False
B,844,28703739,encoded,,21264,False
A,846,28735151,encoded,,22983,False
B,845,28737071,encoded,,14182,False
A,847,28768478,encoded,,19741,False
B,846,28770402,encoded,,21703,False
A,848,28801812,encoded,,11206,False
B,847,28803735,encoded,,11693,False
A,849,28835147,encoded,,9196,False
B,848,28837067,encoded,,16321,False
A,850,28868481,encoded,,8197,False
B,849,28870410,encoded,,13285,False
A,851,28901813,encoded,,20486,False
B,850,28903733,encoded,,17105,False
A,852,28935151,encoded,,20999,False
B,851,28937071,encoded,,14070,False
A,853,28968482,encoded,,2827,False
B,852,28970399,encoded,,13134,False
A,854,29001818,encoded,,15994,False
B,853,29003737,encoded,,17934,False
A,855,29035149,encoded,,11357,False
B,854,29037081,encoded,,12973,False
A,856,29068494,encoded,,12313,False
B,855,29070414,encoded,,9458,False
B,856,29103745,encoded,,8482,False
A,857,29101814,encoded,,9798,False
A,858,29135150,encoded,,9028,False
B,857,29137067,encoded,,7429,False
A,859,29168481,encoded,,8780,False
B,858,29170402,encoded,,7594,False
A,860,29201815,encoded,,8646,False
B,859,29203751,encoded,,7148,False
A,861,29235153,encoded,,7973,False
B,860,29237073,encoded,,7315,False
A,862,29268483,encoded,,8344,False
B,861,29270404,encoded,,6594,False
A,863,29301817,encoded,,7831,False
B,862,29303739,encoded,,6258,False
A,864,29335148,encoded,,7692,False
B,863,29337076,encoded,,5658,False
A,865,29368487,encoded,,7205,False
B,864,29370420,encoded,,12287,False
A,866,29401820,encoded,,10196,False
B,865,29403745,encoded,,23299,False
A,867,29435154,encoded,,16666,False
B,866,29437069,encoded,,29485,False
A,868,29468483,encoded,,37508,False
B,867,29470418,encoded,,2709,False
A,869,29501815,encoded,,3587,False
B,868,29503749,encoded,,11174,False
A,870,29535156,encoded,,8905,False
B,869,29537073,encoded,,16667,False
A,871,29568488,encoded,,125279,True
B,870,29570414,encoded,,16666,False
A,872,29601821,encoded,,17991,False
B,871,29603751,encoded,,135390,True
A,873,29635169,encoded,,6914,False
B,872,29637084,encoded,,8295,False
A,874,29668491,encoded,,23332,False
B,873,29670416,encoded,,15594,False
A,875,29701835,encoded,,17661,False
B,874,29703755,encoded,,15532,False
A,876,29735157,encoded,,23749,False
B,875,29737088,encoded,,21336,False
A,877,29768485,encoded,,21026,False
B,876,29770404,encoded,,24855,False
A,878,29801830,encoded,,11838,False
B,877,29803741,encoded,,13030,False
A,879,29835154,encoded,,9685,False
B,878,29837074,encoded,,10592,False
A,880,29868492,encoded,,8181,False
B,879,29870409,encoded,,12921,False
A,881,29901820,encoded,,20429,False
B,880,29903750,encoded,,10986,False
A,882,29935158,encoded,,5311,False
B,881,29937073,encoded,,22211,False
A,883,29968486,encoded,,23196,False
B,882,29970412,encoded,,8757,False
A,884,30001826,encoded,,13443,False
B,883,30003753,encoded,,8244,False
A,885,30035154,encoded,,11281,False
B,884,30037073,encoded,,15631,False
A,886,30068487,encoded,,10679,False
B,885,30070415,encoded,,10507,False
A,887,30101822,encoded,,9646,False
B,886,30103742,encoded,,9288,False
A,888,30135159,encoded,,9188,False
B,887,30137075,encoded,,8306,False
A,889,30168492,encoded,,8709,False
B,888,30170411,encoded,,7792,False
A,890,30201828,encoded,,8734,False
B,889,30203746,encoded,,7699,False
A,891,30235158,encoded,,8022,False
B,890,30237082,encoded,,7025,False
A,892,30268497,encoded,,8155,False
B,891,30270425,encoded,,5972,False
A,893,30301825,encoded,,7689,False
B,892,30303755,encoded,,5588,False
A,894,30335158,encoded,,7531,False
B,893,30337091,encoded,,5338,False
A,895,30368491,encoded,,7414,False
B,894,30370415,encoded,,9111,False
A,896,30401820,encoded,,8251,False
B,895,30403756,encoded,,16667,False
A,897,30435162,encoded,,16666,False
B,896,30437092,encoded,,29950,False
A,898,30468491,encoded,,28942,False
B,897,30470427,encoded,,3584,False
A,899,30501821,encoded,,4392,False
B,898,30503760,encoded,,16466,False
A,900,30535176,encoded,,16666,False
B,899,30537082,encoded,,16667,False
A,901,30568493,encoded,,125023,True
B,900,30570419,encoded,,16666,False
A,902,30601825,encoded,,8080,False
B,901,30603749,encoded,,120845,True
A,903,30635169,encoded,,27682,False
B,902,30637081,encoded,,12865,False
A,904,30668508,encoded,,22253,False
B,903,30670427,encoded,,13944,False
A,905,30701829,encoded,,13682,False
B,904,30703756,encoded,,22092,False
A,906,30735164,encoded,,20633,False
B,905,30737089,encoded,,8613,False
A,907,30768489,encoded,,18249,False
B,906,30770418,encoded,,21206,False
A,908,30801826,encoded,,11162,False
B,907,30803746,encoded,,11936,False
A,909,30835165,encoded,,9015,False
B,908,30837081,encoded,,13226,False
A,910,30868493,encoded,,7846,False
B,909,30870415,encoded,,11798,False
A,911,30901836,encoded,,20195,False
B,910,30903749,encoded,,20270,False
A,912,30935161,encoded,,21366,False
B,911,30937083,encoded,,22918,False
A,913,30968502,encoded,,13516,False
B,912,30970416,encoded,,20857,False
A,914,31001831,encoded,,12019,False
B,913,31003748,encoded,,6825,False
A,915,31035168,encoded,,11003,False
B,914,31037081,encoded,,13709,False
A,916,31068495,encoded,,10409,False
B,915,31070415,encoded,,9864,False
A,917,31101833,encoded,,9361,False
B,916,31103757,encoded,,7957,False
A,918,31135163,encoded,,8930,False
B,917,31137083,encoded,,7316,False
A,919,31168494,encoded,,8794,False
B,918,31170419,encoded,,6812,False
A,920,31201833,encoded,,8872,False
B,919,31203769,encoded,,6952,False
A,921,31235170,encoded,,8180,False
B,920,31237117,encoded,,6206,False
A,922,31268498,encoded,,7929,False
B,921,31270430,encoded,,6343,False
A,923,31301832,encoded,,7590,False
B,922,31303759,encoded,,6265,False
A,924,31335166,encoded,,7750,False
B,923,31337083,encoded,,5598,False
A,925,31368502,encoded,,7245,False
B,924,31370432,encoded,,15583,False
A,926,31401831,encoded,,7284,False
B,925,31403765,encoded,,32883,False
A,927,31435170,encoded,,15932,False
B,926,31437099,encoded,,3518,False
A,928,31468498,encoded,,29248,False
B,927,31470432,encoded,,13599,False
A,929,31501837,encoded,,4238,False
B,928,31503763,encoded,,16667,False
A,930,31535165,encoded,,16514,False
B,929,31537087,encoded,,16667,False
A,931,31568500,encoded,,124902,True
B,930,31570419,encoded,,16666,False
A,932,31601832,encoded,,20417,False
B,931,31603770,encoded,,120802,True
A,933,31635173,encoded,,10571,False
B,932,31637105,encoded,,19779,False
A,934,31668500,encoded,,17035,False
B,933,31670428,encoded,,16082,False
B,934,31703771,encoded,,20823,False
A,935,31701840,encoded,,18299,False
A,936,31735167,encoded,,22652,False
B,935,31737099,encoded,,19553,False
A,937,31768497,encoded,,20471,False
B,936,31770423,encoded,,16254,False
A,938,31801834,encoded,,11223,False
B,937,31803767,encoded,,21450,False
A,939,31835171,encoded,,9171,False
B,938,31837098,encoded,,16595,False
A,940,31868501,encoded,,8261,False
B,939,31870423,encoded,,17649,False
A,941,31901840,encoded,,20199,False
B,940,31903774,encoded,,14992,False
A,942,31935168,encoded,,21743,False
B,941,31937102,encoded,,9736,False
A,943,31968500,encoded,,13615,False
B,942,31970423,encoded,,9044,False
A,944,32001834,encoded,,11843,False
B,943,32003757,encoded,,8274,False
A,945,32035173,encoded,,11481,False
B,944,32037090,encoded,,15841,False
A,946,32068502,encoded,,10179,False
B,945,32070433,encoded,,10369,False
B,946,32103770,encoded,,9465,False
A,947,32101834,encoded,,9594,False
A,948,32135171,encoded,,8830,False
B,947,32137092,encoded,,8499,False
A,949,32168503,encoded,,8785,False
B,948,32170425,encoded,,7653,False
A,950,32201838,encoded,,8417,False
B,949,32203759,encoded,,6652,False
A,951,32235179,encoded,,8140,False
B,950,32237090,encoded,,6560,False
A,952,32268504,encoded,,8018,False
B,951,32270426,encoded,,6326,False
A,953,32301837,encoded,,7877,False
B,952,32303760,encoded,,6408,False
A,954,32335177,encoded,,7298,False
B,953,32337104,encoded,,5915,False
A,955,32368511,encoded,,7034,False
B,954,32370441,encoded,,5566,False
A,956,32401839,encoded,,7279,False
B,955,32403773,encoded,,16380,False
A,957,32435174,encoded,,16666,False
B,956,32437095,encoded,,31581,False
A,958,32468506,encoded,,37697,False
B,957,32470428,encoded,,3977,False
A,959,32501837,encoded,,4074,False
B,958,32503778,encoded,,14442,False
A,960,32535173,encoded,,8229,False
B,959,32537094,encoded,,16667,False
A,961,32568511,encoded,,125282,True
B,960,32570436,encoded,,16666,False
A,962,32601843,encoded,,18253,False
B,961,32603765,encoded,,135029,True
A,963,32635176,encoded,,6961,False
B,962,32637100,encoded,,11255,False
A,964,32668508,encoded,,23402,False
B,963,32670434,encoded,,13076,False
A,965,32701842,encoded,,17968,False
B,964,32703773,encoded,,22029,False
A,966,32735173,encoded,,23928,False
B,965,32737097,encoded,,9837,False
A,967,32768506,encoded,,21360,False
B,966,32770428,encoded,,20261,False
A,968,32801840,encoded,,11528,False
B,967,32803762,encoded,,11817,False
A,969,32835180,encoded,,9994,False
B,968,32837099,encoded,,14161,False
A,970,32868507,encoded,,8111,False
B,969,32870432,encoded,,12068,False
A,971,32901847,encoded,,20259,False
B,970,32903764,encoded,,14967,False
A,972,32935176,encoded,,21794,False
B,971,32937097,encoded,,14342,False
A,973,32968508,encoded,,2837,False
B,972,32970438,encoded,,11490,False
A,974,33001843,encoded,,16791,False
B,973,33003767,encoded,,21542,False
A,975,33035180,encoded,,11511,False
B,974,33037099,encoded,,10327,False
A,976,33068509,encoded,,10533,False
B,975,33070432,encoded,,8742,False
A,977,33101849,encoded,,9850,False
B,976,33103767,encoded,,8214,False
A,978,33135179,encoded,,9280,False
B,977,33137102,encoded,,7911,False
A,979,33168518,encoded,,8711,False
B,978,33170435,encoded,,7607,False
A,980,33201859,encoded,,8163,False
B,979,33203786,encoded,,6904,False
A,981,33235182,encoded,,8155,False
B,980,33237102,encoded,,6647,False
B,981,33270432,encoded,,6467,False
A,982,33268513,encoded,,7722,False
A,983,33301852,encoded,,7954,False
B,982,33303766,encoded,,5673,False
A,984,33335180,encoded,,7794,False
B,983,33337101,encoded,,5751,False
A,985,33368517,encoded,,7486,False
B,984,33370453,encoded,,13883,False
A,986,33401845,encoded,,7935,False
B,985,33403774,encoded,,32357,False
A,987,33435185,encoded,,16438,False
B,986,33437101,encoded,,12884,False
A,988,33468515,encoded,,37574,False
B,987,33470436,encoded,,4759,False
A,989,33501854,encoded,,3739,False
B,988,33503771,encoded,,16667,False
A,990,33535181,encoded,,8687,False
B,989,33537108,encoded,,16667,False
A,991,33568519,encoded,,125135,True
B,990,33570438,encoded,,16666,False
A,992,33601878,encoded,,17844,False
B,991,33603790,encoded,,120689,True
A,993,33635186,encoded,,6813,False
B,992,33637119,encoded,,12743,False
A,994,33668516,encoded,,23273,False
B,993,33670437,encoded,,19804,False
A,995,33701851,encoded,,17792,False
B,994,33703771,encoded,,23199,False
A,996,33735180,encoded,,22288,False
B,995,33737102,encoded,,12278,False
A,997,33768524,encoded,,15867,False
B,996,33770443,encoded,,21036,False
A,998,33801851,encoded,,16190,False
B,997,33803774,encoded,,16795,False
A,999,33835185,encoded,,9990,False
B,998,33837108,encoded,,13849,False
A,1000,33868515,encoded,,9108,False
B,999,33870448,encoded,,13182,False
A,1001,33901854,encoded,,20600,False
B,1000,33903773,encoded,,13701,False
A,1002,33935183,encoded,,22082,False
B,1001,33937105,encoded,,10975,False
A,1003,33968521,encoded,,2790,False
B,1002,33970457,encoded,,13379,False
A,1004,34001850,encoded,,16840,False
B,1003,34003774,encoded,,13747,False
A,1005,34035189,encoded,,12681,False
B,1004,34037107,encoded,,18032,False
A,1006,34068517,encoded,,10788,False
B,1005,34070446,encoded,,12275,False
A,1007,34101852,encoded,,9283,False
B,1006,34103775,encoded,,10776,False
A,1008,34135186,encoded,,9153,False
B,1007,34137108,encoded,,9759,False
A,1009,34168518,encoded,,8756,False
B,1008,34170443,encoded,,8253,False
A,1010,34201858,encoded,,8440,False
B,1009,34203786,encoded,,7888,False
A,1011,34235184,encoded,,8391,False
B,1010,34237107,encoded,,7228,False
A,1012,34268516,encoded,,7929,False
B,1011,34270440,encoded,,6845,False
A,1013,34301850,encoded,,8261,False
B,1012,34303774,encoded,,6222,False
A,1014,34335186,encoded,,7881,False
B,1013,34337107,encoded,,6486,False
A,1015,34368517,encoded,,7633,False
B,1014,34370454,encoded,,6613,False
A,1016,34401852,encoded,,7526,False
B,1015,34403783,encoded,,10913,False
A,1017,34435185,encoded,,16666,False
B,1016,34437119,encoded,,16667,False
A,1018,34468522,encoded,,24621,False
B,1017,34470453,encoded,,31004,False
A,1019,34501857,encoded,,8713,False
B,1018,34503788,encoded,,4947,False
A,1020,34535195,encoded,,16666,False
B,1019,34537114,encoded,,14049,False
A,1021,34568532,encoded,,125174,True
B,1020,34570444,encoded,,16666,False
A,1022,34601864,encoded,,20869,False
B,1021,34603780,encoded,,120614,True
A,1023,34635187,encoded,,11132,False
B,1022,34637109,encoded,,14055,False
A,1024,34668526,encoded,,19323,False
B,1023,34670446,encoded,,23015,False
A,1025,34701864,encoded,,19297,False
B,1024,34703777,encoded,,19472,False
A,1026,34735197,encoded,,20257,False
B,1025,34737129,encoded,,17983,False
A,1027,34768519,encoded,,18689,False
B,1026,34770461,encoded,,17861,False
A,1028,34801857,encoded,,11026,False
B,1027,34803792,encoded,,17367,False
A,1029,34835188,encoded,,8905,False
B,1028,34837124,encoded,,15924,False
A,1030,34868527,encoded,,8329,False
B,1029,34870452,encoded,,15561,False
A,1031,34901857,encoded,,7958,False
B,1030,34903780,encoded,,21376,False
A,1032,34935195,encoded,,19591,False
B,1031,34937114,encoded,,10890,False
B,1032,34970450,encoded,,9534,False
A,1033,34968523,encoded,,19742,False
A,1034,35001861,encoded,,12994,False
B,1033,35003780,encoded,,8681,False
A,1035,35035194,encoded,,12063,False
B,1034,35037112,encoded,,7893,False
A,1036,35068533,encoded,,10442,False
B,1035,35070447,encoded,,15609,False
A,1037,35101856,encoded,,10289,False
B,1036,35103781,encoded,,10771,False
A,1038,35135192,encoded,,9341,False
B,1037,35137115,encoded,,9885,False
B,1038,35170448,encoded,,8945,False
A,1039,35168526,encoded,,8883,False
A,1040,35201866,encoded,,8388,False
B,1039,35203782,encoded,,8661,False
A,1041,35235193,encoded,,8236,False
B,1040,35237118,encoded,,8774,False
A,1042,35268524,encoded,,8068,False
B,1041,35270449,encoded,,8631,False
A,1043,35301860,encoded,,7945,False
B,1042,35303783,encoded,,7757,False
A,1044,35335197,encoded,,7810,False
B,1043,35337120,encoded,,7360,False
B,1044,35370452,encoded,,7110,False
A,1045,35368525,encoded,,7574,False
A,1046,35401865,encoded,,11009,False
B,1045,35403789,encoded,,7101,False
A,1047,35435192,encoded,,16666,False
B,1046,35437124,encoded,,12504,False
A,1048,35468526,encoded,,18199,False
B,1047,35470462,encoded,,23440,False
A,1049,35501858,encoded,,15135,False
B,1048,35503797,encoded,,12574,False
A,1050,35535194,encoded,,16666,False
B,1049,35537130,encoded,,13986,False
A,1051,35568525,encoded,,125458,True
B,1050,35570459,encoded,,16666,False
A,1052,35601862,encoded,,21845,False
B,1051,35603786,encoded,,120737,True
A,1053,35635203,encoded,,8600,False
B,1052,35637128,encoded,,13003,False
A,1054,35668525,encoded,,17946,False
B,1053,35670460,encoded,,14514,False
A,1055,35701860,encoded,,18999,False
B,1054,35703785,encoded,,18368,False
A,1056,35735198,encoded,,18655,False
B,1055,35737121,encoded,,12272,False
A,1057,35768528,encoded,,15360,False
B,1056,35770461,encoded,,16604,False
A,1058,35801862,encoded,,18674,False
B,1057,35803811,encoded,,16345,False
A,1059,35835195,encoded,,10114,False
B,1058,35837129,encoded,,12805,False
A,1060,35868537,encoded,,8339,False
B,1059,35870457,encoded,,18719,False
A,1061,35901864,encoded,,7846,False
B,1060,35903788,encoded,,15275,False
A,1062,35935201,encoded,,19304,False
B,1061,35937123,encoded,,16187,False
A,1063,35968529,encoded,,20367,False
B,1062,35970458,encoded,,17143,False
A,1064,36001863,encoded,,13821,False
B,1063,36003793,encoded,,9483,False
A,1065,36035203,encoded,,11601,False
B,1064,36037124,encoded,,17002,False
A,1066,36068535,encoded,,12281,False
B,1065,36070456,encoded,,11163,False
A,1067,36101863,encoded,,10300,False
B,1066,36103792,encoded,,9769,False
A,1068,36135205,encoded,,9292,False
B,1067,36137124,encoded,,8763,False
B,1068,36170459,encoded,,8241,False
A,1069,36168534,encoded,,8729,False
A,1070,36201870,encoded,,8671,False
B,1069,36203792,encoded,,8037,False
A,1071,36235199,encoded,,8522,False
B,1070,36237124,encoded,,7935,False
A,1072,36268531,encoded,,8215,False
B,1071,36270455,encoded,,7246,False
A,1073,36301862,encoded,,8217,False
B,1072,36303803,encoded,,6592,False
A,1074,36335203,encoded,,7642,False
B,1073,36337129,encoded,,5986,False
A,1075,36368537,encoded,,7682,False
B,1074,36370458,encoded,,7811,False
A,1076,36401863,encoded,,7437,False
B,1075,36403802,encoded,,16667,False
A,1077,36435200,encoded,,16083,False
B,1076,36437137,encoded,,29872,False
A,1078,36468533,encoded,,26143,False
B,1077,36470460,encoded,,4052,False
A,1079,36501866,encoded,,7191,False
B,1078,36503793,encoded,,16076,False
A,1080,36535207,encoded,,16666,False
B,1079,36537128,encoded,,16667,False
A,1081,36568545,encoded,,125395,True
B,1080,36570473,encoded,,16666,False
A,1082,36601864,encoded,,8993,False
B,1081,36603811,encoded,,135090,True
A,1083,36635204,encoded,,14300,False
B,1082,36637137,encoded,,15429,False
A,1084,36668534,encoded,,23859,False
B,1083,36670480,encoded,,14461,False
A,1085,36701880,encoded,,18212,False
B,1084,36703809,encoded,,17624,False
A,1086,36735215,encoded,,23844,False
B,1085,36737146,encoded,,14292,False
A,1087,36768546,encoded,,20863,False
B,1086,36770468,encoded,,21845,False
A,1088,36801876,encoded,,11582,False
B,1087,36803808,encoded,,16406,False
A,1089,36835202,encoded,,9121,False
B,1088,36837126,encoded,,15592,False
A,1090,36868536,encoded,,8313,False
B,1089,36870463,encoded,,12091,False
A,1091,36901869,encoded,,20167,False
B,1090,36903797,encoded,,12853,False
A,1092,36935208,encoded,,21117,False
B,1091,36937129,encoded,,8439,False
A,1093,36968538,encoded,,2604,False
B,1092,36970470,encoded,,17069,False
A,1094,37001874,encoded,,16402,False
B,1093,37003797,encoded,,10827,False
A,1095,37035203,encoded,,11587,False
B,1094,37037132,encoded,,4563,False
A,1096,37068541,encoded,,10697,False
B,1095,37070473,encoded,,10555,False
A,1097,37101871,encoded,,9720,False
B,1096,37103798,encoded,,8254,False
A,1098,37135206,encoded,,9240,False
B,1097,37137130,encoded,,7770,False
A,1099,37168545,encoded,,9041,False
B,1098,37170467,encoded,,6730,False
A,1100,37201877,encoded,,8417,False
B,1099,37203802,encoded,,6324,False
A,1101,37235214,encoded,,8033,False
B,1100,37237131,encoded,,6494,False
A,1102,37268550,encoded,,7813,False
B,1101,37270471,encoded,,6467,False
A,1103,37301872,encoded,,8212,False
B,1102,37303799,encoded,,5840,False
A,1104,37335212,encoded,,8057,False
B,1103,37337138,encoded,,8319,False
A,1105,37368538,encoded,,7585,False
B,1104,37370471,encoded,,16666,False
A,1106,37401878,encoded,,10160,False
B,1105,37403802,encoded,,31178,False
A,1107,37435208,encoded,,16666,False
B,1106,37437134,encoded,,3594,False
A,1108,37468546,encoded,,24277,False
B,1107,37470466,encoded,,15228,False
A,1109,37501873,encoded,,9057,False
B,1108,37503811,encoded,,16667,False
A,1110,37535212,encoded,,16666,False
B,1109,37537135,encoded,,16667,False
A,1111,37568544,encoded,,125384,True
B,1110,37570476,encoded,,16666,False
A,1112,37601891,encoded,,9503,False
B,1111,37603808,encoded,,120764,True
A,1113,37635208,encoded,,13928,False
B,1112,37637149,encoded,,12758,False
A,1114,37668546,encoded,,24035,False
B,1113,37670479,encoded,,14166,False
A,1115,37701876,encoded,,18307,False
B,1114,37703818,encoded,,23333,False
A,1116,37735213,encoded,,23487,False
B,1115,37737146,encoded,,14998,False
A,1117,37768545,encoded,,20974,False
B,1116,37770483,encoded,,22164,False
A,1118,37801876,encoded,,11804,False
B,1117,37803816,encoded,,18546,False
A,1119,37835223,encoded,,9547,False
B,1118,37837149,encoded,,14046,False
A,1120,37868543,encoded,,8326,False
B,1119,37870468,encoded,,13859,False
A,1121,37901878,encoded,,7194,False
B,1120,37903810,encoded,,13457,False
A,1122,37935217,encoded,,19637,False
B,1121,37937140,encoded,,14824,False
A,1123,37968545,encoded,,20329,False
B,1122,37970475,encoded,,19116,False
A,1124,38001883,encoded,,13317,False
B,1123,38003810,encoded,,14655,False
A,1125,38035216,encoded,,11446,False
B,1124,38037138,encoded,,10330,False
A,1126,38068552,encoded,,10163,False
B,1125,38070473,encoded,,8561,False
A,1127,38101881,encoded,,9294,False
B,1126,38103807,encoded,,7626,False
A,1128,38135214,encoded,,9386,False
B,1127,38137140,encoded,,7845,False
A,1129,38168546,encoded,,9138,False
B,1128,38170482,encoded,,6543,False
A,1130,38201878,encoded,,8887,False
B,1129,38203806,encoded,,6146,False
A,1131,38235215,encoded,,8365,False
B,1130,38237138,encoded,,5866,False
A,1132,38268546,encoded,,8045,False
B,1131,38270491,encoded,,5760,False
A,1133,38301881,encoded,,7756,False
B,1132,38303815,encoded,,5418,False
A,1134,38335216,encoded,,7786,False
B,1133,38337142,encoded,,5601,False
B,1134,38370475,encoded,,13618,False
A,1135,38368554,encoded,,7414,False
A,1136,38401885,encoded,,9882,False
B,1135,38403808,encoded,,24341,False
A,1137,38435218,encoded,,16666,False
B,1136,38437142,encoded,,14079,False
A,1138,38468554,encoded,,38026,False
B,1137,38470483,encoded,,11580,False
A,1139,38501889,encoded,,3825,False
B,1138,38503820,encoded,,16667,False
B,1139,38537143,encoded,,16667,False
A,1140,38535221,encoded,,8149,False
B,1140,38570476,encoded,,16666,False
A,1141,38568547,encoded,,125111,True
A,1142,38601884,encoded,,17774,False
B,1141,38603812,encoded,,120446,True
A,1143,38635224,encoded,,6741,False
B,1142,38637146,encoded,,12980,False
A,1144,38668551,encoded,,23216,False
B,1143,38670477,encoded,,14438,False
A,1145,38701881,encoded,,17987,False
B,1144,38703819,encoded,,22709,False
A,1146,38735229,encoded,,23521,False
B,1145,38737154,encoded,,21102,False
A,1147,38768548,encoded,,21222,False
B,1146,38770475,encoded,,20989,False
A,1148,38801883,encoded,,11617,False
B,1147,38803811,encoded,,21566,False
A,1149,38835222,encoded,,9712,False
B,1148,38837152,encoded,,17221,False
A,1150,38868550,encoded,,8500,False
B,1149,38870476,encoded,,13103,False
A,1151,38901890,encoded,,19928,False
B,1150,38903832,encoded,,17476,False
A,1152,38935218,encoded,,5701,False
B,1151,38937144,encoded,,9215,False
A,1153,38968550,encoded,,16846,False
B,1152,38970488,encoded,,17487,False
A,1154,39001884,encoded,,17553,False
B,1153,39003811,encoded,,11198,False
A,1155,39035224,encoded,,12265,False
B,1154,39037144,encoded,,10331,False
A,1156,39068551,encoded,,12181,False
B,1155,39070479,encoded,,9146,False
A,1157,39101892,encoded,,10634,False
B,1156,39103814,encoded,,8842,False
A,1158,39135225,encoded,,9618,False
B,1157,39137147,encoded,,8139,False
A,1159,39168557,encoded,,9061,False
B,1158,39170482,encoded,,7566,False
A,1160,39201886,encoded,,8856,False
B,1159,39203817,encoded,,6793,False
A,1161,39235224,encoded,,8401,False
B,1160,39237148,encoded,,6527,False
A,1162,39268553,encoded,,7952,False
B,1161,39270482,encoded,,6508,False
A,1163,39301893,encoded,,7561,False
B,1162,39303815,encoded,,6513,False
A,1164,39335220,encoded,,7484,False
B,1163,39337149,encoded,,6053,False
A,1165,39368563,encoded,,8716,False
B,1164,39370490,encoded,,5869,False
A,1166,39401889,encoded,,8105,False
B,1165,39403831,encoded,,14450,False
A,1167,39435226,encoded,,13737,False
B,1166,39437173,encoded,,32354,False
A,1168,39468555,encoded,,19529,False
B,1167,39470496,encoded,,12714,False
A,1169,39501902,encoded,,13805,False
B,1168,39503826,encoded,,4932,False
A,1170,39535223,encoded,,16666,False
B,1169,39537149,encoded,,16667,False
A,1171,39568562,encoded,,125352,True
B,1170,39570488,encoded,,16666,False
A,1172,39601888,encoded,,20587,False
B,1171,39603819,encoded,,135156,True
A,1173,39635231,encoded,,10519,False
B,1172,39637161,encoded,,11576,False
A,1174,39668561,encoded,,16883,False
B,1173,39670491,encoded,,13582,False
A,1175,39701894,encoded,,17437,False
B,1174,39703821,encoded,,22275,False
A,1176,39735223,encoded,,22792,False
B,1175,39737159,encoded,,15159,False
A,1177,39768560,encoded,,20389,False
B,1176,39770494,encoded,,22796,False
A,1178,39801892,encoded,,11132,False
B,1177,39803830,encoded,,18330,False
A,1179,39835242,encoded,,9180,False
B,1178,39837171,encoded,,14605,False
A,1180,39868558,encoded,,8704,False
B,1179,39870484,encoded,,13057,False
A,1181,39901898,encoded,,7987,False
B,1180,39903833,encoded,,13074,False
A,1182,39935226,encoded,,21273,False
B,1181,39937159,encoded,,14054,False
A,1183,39968564,encoded,,6198,False
B,1182,39970488,encoded,,20647,False
A,1184,40001895,encoded,,23208,False
B,1183,40003820,encoded,,14868,False
A,1185,40035226,encoded,,3162,False
B,1184,40037165,encoded,,14216,False
A,1186,40068561,encoded,,16425,False
B,1185,40070490,encoded,,14029,False
A,1187,40101897,encoded,,12309,False
B,1186,40103823,encoded,,13528,False
B,1187,40137156,encoded,,13319,False
A,1188,40135230,encoded,,10413,False
A,1189,40168566,encoded,,9580,False
B,1188,40170494,encoded,,12985,False
A,1190,40201899,encoded,,9398,False
B,1189,40203822,encoded,,13025,False
A,1191,40235230,encoded,,9479,False
B,1190,40237156,encoded,,13475,False
B,1191,40270490,encoded,,13029,False
A,1192,40268564,encoded,,8687,False
A,1193,40301905,encoded,,8381,False
B,1192,40303824,encoded,,12708,False
A,1194,40335227,encoded,,8385,False
B,1193,40337157,encoded,,11916,False
A,1195,40368562,encoded,,7889,False
B,1194,40370492,encoded,,11360,False
A,1196,40401893,encoded,,7756,False
B,1195,40403824,encoded,,10891,False
A,1197,40435233,encoded,,16495,False
B,1196,40437158,encoded,,10069,False
A,1198,40468571,encoded,,31062,False
B,1197,40470501,encoded,,9475,False
A,1199,40501900,encoded,,4325,False
B,1198,40503839,encoded,,14765,False
A,1200,40535229,encoded,,14613,False
B,1199,40537162,encoded,,11835,False
A,1201,40568562,encoded,,125407,True
B,1200,40570493,encoded,,12148,False
A,1202,40601913,encoded,,22134,False
B,1201,40603836,encoded,,110976,True
A,1203,40635234,encoded,,9619,False
B,1202,40637167,encoded,,12326,False
A,1204,40668563,encoded,,14761,False
B,1203,40670502,encoded,,10891,False
A,1205,40701903,encoded,,18019,False
B,1204,40703826,encoded,,16872,False
A,1206,40735231,encoded,,23771,False
B,1205,40737161,encoded,,16698,False
A,1207,40768570,encoded,,21434,False
B,1206,40770506,encoded,,16225,False
A,1208,40801898,encoded,,11813,False
B,1207,40803826,encoded,,13101,False
A,1209,40835233,encoded,,9763,False
B,1208,40837172,encoded,,11496,False
A,1210,40868564,encoded,,8562,False
B,1209,40870493,encoded,,15914,False
A,1211,40901899,encoded,,7298,False
B,1210,40903838,encoded,,13231,False
A,1212,40935238,encoded,,20106,False
B,1211,40937162,encoded,,19895,False
A,1213,40968571,encoded,,20723,False
B,1212,40970493,encoded,,15496,False
A,1214,41001901,encoded,,13555,False
B,1213,41003836,encoded,,13465,False
A,1215,41035238,encoded,,11747,False
B,1214,41037174,encoded,,14656,False
A,1216,41068566,encoded,,10257,False
B,1215,41070495,encoded,,13524,False
A,1217,41101908,encoded,,10519,False
B,1216,41103830,encoded,,10535,False
A,1218,41135237,encoded,,9774,False
B,1217,41137178,encoded,,10254,False
B,1218,41170496,encoded,,9888,False
A,1219,41168568,encoded,,9842,False
A,1220,41201901,encoded,,9025,False
B,1219,41203831,encoded,,8615,False
A,1221,41235236,encoded,,8560,False
B,1220,41237163,encoded,,9177,False
A,1222,41268568,encoded,,7921,False
B,1221,41270497,encoded,,13879,False
A,1223,41301912,encoded,,8121,False
B,1222,41303831,encoded,,17491,False
B,1223,41337165,encoded,,10518,False
A,1224,41335238,encoded,,7877,False
A,1225,41368569,encoded,,7654,False
B,1224,41370498,encoded,,9605,False
A,1226,41401901,encoded,,7724,False
B,1225,41403832,encoded,,9216,False
A,1227,41435240,encoded,,14014,False
B,1226,41437165,encoded,,9517,False
A,1228,41468570,encoded,,19767,False
B,1227,41470506,encoded,,9300,False
A,1229,41501906,encoded,,13623,False
B,1228,41503834,encoded,,8536,False
A,1230,41535237,encoded,,16610,False
B,1229,41537166,encoded,,8644,False
A,1231,41568581,encoded,,125422,True
B,1230,41570499,encoded,,7996,False
A,1232,41601903,encoded,,20622,False
B,1231,41603836,encoded,,121176,True
A,1233,41635237,encoded,,10394,False
B,1232,41637173,encoded,,13208,False
A,1234,41668571,encoded,,17070,False
B,1233,41670511,encoded,,10772,False
A,1235,41701910,encoded,,17950,False
B,1234,41703842,encoded,,20238,False
A,1236,41735238,encoded,,22885,False
B,1235,41737179,encoded,,13749,False
A,1237,41768575,encoded,,20775,False
B,1236,41770512,encoded,,16589,False
A,1238,41801903,encoded,,11358,False
B,1237,41803843,encoded,,16837,False
A,1239,41835240,encoded,,9424,False
B,1238,41837171,encoded,,14843,False
A,1240,41868575,encoded,,7797,False
B,1239,41870502,encoded,,21549,False
A,1241,41901907,encoded,,7706,False
B,1240,41903836,encoded,,10746,False
A,1242,41935244,encoded,,18926,False
B,1241,41937168,encoded,,20735,False
A,1243,41968570,encoded,,20782,False
B,1242,41970518,encoded,,8221,False
A,1244,42001904,encoded,,13314,False
B,1243,42003852,encoded,,14281,False
A,1245,42035244,encoded,,11514,False
B,1244,42037170,encoded,,12131,False
B,1245,42070503,encoded,,12371,False
A,1246,42068574,encoded,,10690,False
A,1247,42101908,encoded,,10201,False
B,1246,42103838,encoded,,7974,False
A,1248,42135253,encoded,,9666,False
B,1247,42137171,encoded,,7726,False
A,1249,42168581,encoded,,10482,False
B,1248,42170505,encoded,,13662,False
A,1250,42201925,encoded,,10114,False
B,1249,42203849,encoded,,18910,False
A,1251,42235247,encoded,,9700,False
B,1250,42237170,encoded,,12881,False
B,1251,42270504,encoded,,12536,False
A,1252,42268580,encoded,,8342,False
A,1253,42301909,encoded,,7958,False
B,1252,42303839,encoded,,11988,False
A,1254,42335250,encoded,,8921,False
B,1253,42337183,encoded,,10893,False
A,1255,42368574,encoded,,9700,False
B,1254,42370504,encoded,,9950,False
A,1256,42401910,encoded,,8270,False
B,1255,42403840,encoded,,11196,False
A,1257,42435244,encoded,,10017,False
B,1256,42437174,encoded,,11573,False
B,1257,42470508,encoded,,11356,False
A,1258,42468581,encoded,,16667,False
A,1259,42501912,encoded,,33923,False
B,1258,42503841,encoded,,10810,False
A,1260,42535247,encoded,,4553,False
B,1259,42537173,encoded,,9521,False
A,1261,42568578,encoded,,116259,True
B,1260,42570516,encoded,,9268,False
A,1262,42601927,encoded,,19455,False
B,1261,42603851,encoded,,120821,True
A,1263,42635244,encoded,,16699,False
B,1262,42637173,encoded,,12800,False
A,1264,42668582,encoded,,24195,False
B,1263,42670515,encoded,,11401,False
A,1265,42701911,encoded,,18854,False
B,1264,42703859,encoded,,20601,False
A,1266,42735251,encoded,,24543,False
B,1265,42737189,encoded,,13187,False
A,1267,42768578,encoded,,21977,False
B,1266,42770507,encoded,,16735,False
A,1268,42801912,encoded,,12033,False
B,1267,42803842,encoded,,12582,False
A,1269,42835245,encoded,,9419,False
B,1268,42837176,encoded,,11604,False
A,1270,42868585,encoded,,8322,False
B,1269,42870511,encoded,,10300,False
A,1271,42901918,encoded,,7395,False
B,1270,42903845,encoded,,9983,False
A,1272,42935253,encoded,,6809,False
B,1271,42937185,encoded,,10939,False
B,1272,42970514,encoded,,20208,False
A,1273,42968581,encoded,,6390,False
A,1274,43001921,encoded,,20930,False
B,1273,43003845,encoded,,17805,False
A,1275,43035248,encoded,,4061,False
B,1274,43037180,encoded,,12047,False
A,1276,43068585,encoded,,19346,False
B,1275,43070514,encoded,,14282,False
A,1277,43101915,encoded,,13297,False
B,1276,43103847,encoded,,12186,False
A,1278,43135252,encoded,,10846,False
B,1277,43137184,encoded,,21388,False
A,1279,43168584,encoded,,9688,False
B,1278,43170513,encoded,,13338,False
B,1279,43203846,encoded,,11964,False
A,1280,43201921,encoded,,12183,False
A,1281,43235253,encoded,,10196,False
B,1280,43237185,encoded,,12069,False
A,1282,43268588,encoded,,10685,False
B,1281,43270519,encoded,,5670,False
A,1283,43301915,encoded,,8611,False
B,1282,43303848,encoded,,6723,False
A,1284,43335250,encoded,,7951,False
B,1283,43337180,encoded,,15034,False
A,1285,43368584,encoded,,8365,False
B,1284,43370513,encoded,,11566,False
A,1286,43401922,encoded,,7959,False
B,1285,43403857,encoded,,10064,False
A,1287,43435257,encoded,,8432,False
B,1286,43437185,encoded,,10930,False
A,1288,43468587,encoded,,16624,False
B,1287,43470517,encoded,,11230,False
A,1289,43501927,encoded,,20548,False
B,1288,43503858,encoded,,9988,False
A,1290,43535255,encoded,,12785,False
B,1289,43537186,encoded,,9934,False
A,1291,43568585,encoded,,125219,True
B,1290,43570515,encoded,,15042,False
A,1292,43601925,encoded,,18044,False
B,1291,43603851,encoded,,120919,True
A,1293,43635250,encoded,,7342,False
B,1292,43637185,encoded,,19853,False
A,1294,43668591,encoded,,23387,False
B,1293,43670524,encoded,,12452,False
A,1295,43701920,encoded,,18211,False
B,1294,43703853,encoded,,12032,False
A,1296,43735255,encoded,,24521,False
B,1295,43737184,encoded,,13809,False
A,1297,43768604,encoded,,20934,False
B,1296,43770533,encoded,,21765,False
A,1298,43801919,encoded,,11222,False
B,1297,43803866,encoded,,18731,False
A,1299,43835253,encoded,,9789,False
B,1298,43837185,encoded,,12947,False
A,1300,43868592,encoded,,8457,False
B,1299,43870524,encoded,,14461,False
A,1301,43901923,encoded,,7837,False
B,1300,43903864,encoded,,10267,False
A,1302,43935259,encoded,,8397,False
B,1301,43937195,encoded,,9126,False
A,1303,43968588,encoded,,6569,False
B,1302,43970517,encoded,,21537,False
A,1304,44001928,encoded,,20674,False
B,1303,44003854,encoded,,6543,False
A,1305,44035255,encoded,,18784,False
B,1304,44037190,encoded,,13677,False
A,1306,44068596,encoded,,12363,False
B,1305,44070521,encoded,,11606,False
A,1307,44101931,encoded,,11076,False
B,1306,44103854,encoded,,11517,False
A,1308,44135260,encoded,,10325,False
B,1307,44137189,encoded,,17477,False
A,1309,44168589,encoded,,9612,False
B,1308,44170521,encoded,,9946,False
A,1310,44201932,encoded,,9172,False
B,1309,44203858,encoded,,9479,False
A,1311,44235259,encoded,,8779,False
B,1310,44237188,encoded,,9498,False
A,1312,44268589,encoded,,9298,False
B,1311,44270533,encoded,,9278,False
A,1313,44301946,encoded,,8412,False
B,1312,44303866,encoded,,8700,False
A,1314,44335262,encoded,,8046,False
B,1313,44337196,encoded,,9236,False
A,1315,44368590,encoded,,7704,False
B,1314,44370532,encoded,,9006,False
A,1316,44401929,encoded,,9160,False
B,1315,44403857,encoded,,8940,False
A,1317,44435262,encoded,,16666,False
B,1316,44437199,encoded,,10532,False
A,1318,44468600,encoded,,25856,False
B,1317,44470531,encoded,,16666,False
A,1319,44501924,encoded,,7478,False
B,1318,44503871,encoded,,16667,False
A,1320,44535264,encoded,,16666,False
B,1319,44537188,encoded,,16667,False
A,1321,44568593,encoded,,125228,True
B,1320,44570526,encoded,,16666,False
A,1322,44601929,encoded,,9300,False
B,1321,44603858,encoded,,121386,True
A,1323,44635262,encoded,,14441,False
B,1322,44637189,encoded,,19567,False
A,1324,44668599,encoded,,24069,False
B,1323,44670525,encoded,,12005,False
A,1325,44701927,encoded,,18175,False
B,1324,44703859,encoded,,17446,False
B,1325,44737191,encoded,,10780,False
A,1326,44735268,encoded,,23830,False
A,1327,44768594,encoded,,20404,False
B,1326,44770526,encoded,,14756,False
A,1328,44801935,encoded,,12783,False
B,1327,44803858,encoded,,16316,False
B,1328,44837193,encoded,,11491,False
A,1329,44835260,encoded,,11086,False
A,1330,44868596,encoded,,8841,False
B,1329,44870526,encoded,,14891,False
B,1330,44903860,encoded,,11451,False
A,1331,44901937,encoded,,6951,False
B,1331,44937197,encoded,,12763,False
A,1332,44935260,encoded,,7203,False
A,1333,44968596,encoded,,18941,False
B,1332,44970526,encoded,,9615,False
A,1334,45001933,encoded,,19478,False
B,1333,45003862,encoded,,21505,False
B,1334,45037194,encoded,,13584,False
A,1335,45035266,encoded,,12731,False
A,1336,45068595,encoded,,11148,False
B,1335,45070531,encoded,,12780,False
A,1337,45101929,encoded,,10145,False
B,1336,45103862,encoded,,18976,False
A,1338,45135263,encoded,,9933,False
B,1337,45137193,encoded,,12609,False
B,1338,45170537,encoded,,11326,False
A,1339,45168596,encoded,,10857,False
B,1339,45203861,encoded,,10126,False
A,1340,45201935,encoded,,8985,False
A,1341,45235271,encoded,,8836,False
B,1340,45237197,encoded,,8593,False
A,1342,45268597,encoded,,8095,False
B,1341,45270529,encoded,,8530,False
B,1342,45303865,encoded,,8375,False
A,1343,45301931,encoded,,8122,False
A,1344,45335270,encoded,,7771,False
B,1343,45337197,encoded,,7968,False
A,1345,45368596,encoded,,7334,False
B,1344,45370533,encoded,,7705,False
A,1346,45401933,encoded,,8647,False
B,1345,45403870,encoded,,7458,False
A,1347,45435266,encoded,,16666,False
B,1346,45437210,encoded,,11332,False
A,1348,45468600,encoded,,24374,False
B,1347,45470530,encoded,,16666,False
A,1349,45501931,encoded,,8960,False
B,1348,45503874,encoded,,16667,False
A,1350,45535265,encoded,,16666,False
B,1349,45537199,encoded,,16667,False
A,1351,45568599,encoded,,125340,True
B,1350,45570529,encoded,,16666,False
A,1352,45601938,encoded,,11702,False
B,1351,45603876,encoded,,121220,True
A,1353,45635266,encoded,,12420,False
B,1352,45637197,encoded,,19069,False
A,1354,45668599,encoded,,24586,False
B,1353,45670539,encoded,,11410,False
A,1355,45701934,encoded,,18444,False
B,1354,45703871,encoded,,17144,False
B,1355,45737197,encoded,,10520,False
A,1356,45735267,encoded,,24671,False
A,1357,45768602,encoded,,20267,False
B,1356,45770533,encoded,,14439,False
B,1357,45803872,encoded,,10721,False
A,1358,45801935,encoded,,11781,False
A,1359,45835271,encoded,,10649,False
B,1358,45837211,encoded,,9665,False
A,1360,45868603,encoded,,8570,False
B,1359,45870534,encoded,,10382,False
A,1361,45901936,encoded,,7761,False
B,1360,45903867,encoded,,19992,False
A,1362,45935270,encoded,,6923,False
B,1361,45937202,encoded,,17577,False
A,1363,45968603,encoded,,21245,False
B,1362,45970532,encoded,,18990,False
A,1364,46001937,encoded,,18288,False
B,1363,46003882,encoded,,12778,False
B,1364,46037201,encoded,,8800,False
A,1365,46035275,encoded,,12666,False
A,1366,46068604,encoded,,10940,False
B,1365,46070537,encoded,,13892,False
A,1367,46101943,encoded,,11522,False
B,1366,46103870,encoded,,12710,False
A,1368,46135270,encoded,,11429,False
B,1367,46137203,encoded,,12156,False
A,1369,46168604,encoded,,10160,False
B,1368,46170544,encoded,,10528,False
A,1370,46201939,encoded,,8947,False
B,1369,46203871,encoded,,18628,False
A,1371,46235277,encoded,,10356,False
B,1370,46237204,encoded,,12243,False
A,1372,46268621,encoded,,9892,False
B,1371,46270554,encoded,,10074,False
A,1373,46301943,encoded,,8780,False
B,1372,46303873,encoded,,11104,False
A,1374,46335272,encoded,,8207,False
B,1373,46337205,encoded,,10840,False
A,1375,46368610,encoded,,7675,False
B,1374,46370543,encoded,,11614,False
A,1376,46401940,encoded,,7570,False
B,1375,46403873,encoded,,10861,False
A,1377,46435275,encoded,,9209,False
B,1376,46437205,encoded,,11934,False
B,1377,46470539,encoded,,11032,False
A,1378,46468605,encoded,,16667,False
A,1379,46501947,encoded,,25065,False
B,1378,46503873,encoded,,10939,False
A,1380,46535273,encoded,,8268,False
B,1379,46537218,encoded,,12072,False
A,1381,46568613,encoded,,125328,True
B,1380,46570543,encoded,,16666,False
A,1382,46601960,encoded,,18096,False
B,1381,46603882,encoded,,120577,True
A,1383,46635280,encoded,,7000,False
B,1382,46637214,encoded,,17307,False
A,1384,46668614,encoded,,23063,False
B,1383,46670542,encoded,,9072,False
A,1385,46701955,encoded,,19082,False
B,1384,46703873,encoded,,18002,False
A,1386,46735276,encoded,,24386,False
B,1385,46737207,encoded,,18195,False
A,1387,46768613,encoded,,21094,False
B,1386,46770540,encoded,,14570,False
A,1388,46801941,encoded,,11892,False
B,1387,46803875,encoded,,17839,False
A,1389,46835282,encoded,,9331,False
B,1388,46837212,encoded,,16639,False
B,1389,46870542,encoded,,18338,False
A,1390,46868610,encoded,,8992,False
A,1391,46901947,encoded,,7831,False
B,1390,46903879,encoded,,12519,False
A,1392,46935276,encoded,,7070,False
B,1391,46937213,encoded,,15956,False
A,1393,46968615,encoded,,19756,False
B,1392,46970545,encoded,,12070,False
B,1393,47003877,encoded,,10397,False
A,1394,47001954,encoded,,19669,False
A,1395,47035281,encoded,,13164,False
B,1394,47037211,encoded,,9843,False
A,1396,47068609,encoded,,12395,False
B,1395,47070546,encoded,,10078,False
A,1397,47101951,encoded,,10632,False
B,1396,47103888,encoded,,8823,False
A,1398,47135278,encoded,,10497,False
B,1397,47137209,encoded,,20785,False
A,1399,47168620,encoded,,9588,False
B,1398,47170543,encoded,,23739,False
A,1400,47201946,encoded,,9181,False
B,1399,47203878,encoded,,15314,False
A,1401,47235280,encoded,,8841,False
B,1400,47237211,encoded,,13455,False
A,1402,47268615,encoded,,8688,False
B,1401,47270545,encoded,,12525,False
A,1403,47301945,encoded,,8150,False
B,1402,47303897,encoded,,12443,False
A,1404,47335279,encoded,,7869,False
B,1403,47337214,encoded,,11745,False
A,1405,47368610,encoded,,8015,False
B,1404,47370544,encoded,,11374,False
A,1406,47401948,encoded,,7596,False
B,1405,47403883,encoded,,9831,False
A,1407,47435285,encoded,,12794,False
B,1406,47437213,encoded,,9505,False
A,1408,47468614,encoded,,16667,False
B,1407,47470547,encoded,,9645,False
A,1409,47501947,encoded,,19534,False
B,1408,47503881,encoded,,7919,False
A,1410,47535285,encoded,,13799,False
B,1409,47537225,encoded,,8525,False
A,1411,47568614,encoded,,125264,True
B,1410,47570548,encoded,,8831,False
A,1412,47601947,encoded,,18122,False
B,1411,47603897,encoded,,120084,True
A,1413,47635279,encoded,,6652,False
B,1412,47637215,encoded,,17670,False
A,1414,47668624,encoded,,23162,False
B,1413,47670550,encoded,,6807,False
A,1415,47701953,encoded,,18123,False
B,1414,47703885,encoded,,19807,False
A,1416,47735291,encoded,,23853,False
B,1415,47737227,encoded,,20100,False
A,1417,47768614,encoded,,21419,False
B,1416,47770549,encoded,,17700,False
A,1418,47801949,encoded,,11515,False
B,1417,47803894,encoded,,16927,False
B,1418,47837216,encoded,,17175,False
A,1419,47835290,encoded,,9579,False
B,1419,47870560,encoded,,10829,False
A,1420,47868616,encoded,,8114,False
A,1421,47901955,encoded,,20619,False
B,1420,47903885,encoded,,9378,False
A,1422,47935287,encoded,,5241,False
B,1421,47937217,encoded,,8215,False
A,1423,47968622,encoded,,15884,False
B,1422,47970557,encoded,,21374,False
B,1423,48003887,encoded,,13467,False
A,1424,48001952,encoded,,17498,False
A,1425,48035291,encoded,,12152,False
B,1424,48037222,encoded,,20477,False
A,1426,48068618,encoded,,10905,False
B,1425,48070553,encoded,,12085,False
A,1427,48101951,encoded,,10112,False
B,1426,48103885,encoded,,11040,False
A,1428,48135284,encoded,,9233,False
B,1427,48137220,encoded,,11337,False
B,1428,48170560,encoded,,10155,False
A,1429,48168622,encoded,,9027,False
A,1430,48201952,encoded,,8626,False
B,1429,48203898,encoded,,9474,False
A,1431,48235291,encoded,,8196,False
B,1430,48237217,encoded,,8903,False
A,1432,48268620,encoded,,8074,False
B,1431,48270559,encoded,,8782,False
A,1433,48301953,encoded,,7652,False
B,1432,48303913,encoded,,8540,False
A,1434,48335287,encoded,,7637,False
B,1433,48337220,encoded,,8204,False
A,1435,48368620,encoded,,7984,False
B,1434,48370557,encoded,,7332,False
A,1436,48401955,encoded,,8691,False
B,1435,48403897,encoded,,7211,False
A,1437,48435292,encoded,,16666,False
B,1436,48437234,encoded,,7491,False
A,1438,48468624,encoded,,30113,False
B,1437,48470566,encoded,,13575,False
A,1439,48501952,encoded,,4462,False
B,1438,48503898,encoded,,16667,False
A,1440,48535290,encoded,,15425,False
B,1439,48537223,encoded,,16667,False
A,1441,48568627,encoded,,125356,True
B,1440,48570565,encoded,,16666,False
A,1442,48601952,encoded,,23277,False
B,1441,48603899,encoded,,134399,True
A,1443,48635295,encoded,,9192,False
B,1442,48637232,encoded,,15146,False
A,1444,48668622,encoded,,16561,False
B,1443,48670564,encoded,,4118,False
A,1445,48701959,encoded,,20677,False
B,1444,48703901,encoded,,12673,False
A,1446,48735293,encoded,,19717,False
B,1445,48737237,encoded,,12175,False
A,1447,48768639,encoded,,18849,False
B,1446,48770569,encoded,,7958,False
A,1448,48801957,encoded,,10917,False
B,1447,48803900,encoded,,19945,False
A,1449,48835299,encoded,,9213,False
B,1448,48837226,encoded,,11189,False
A,1450,48868624,encoded,,7862,False
B,1449,48870560,encoded,,21270,False
A,1451,48901958,encoded,,20128,False
B,1450,48903893,encoded,,16301,False
A,1452,48935291,encoded,,21306,False
B,1451,48937226,encoded,,20505,False
A,1453,48968629,encoded,,13765,False
B,1452,48970560,encoded,,10353,False
A,1454,49001959,encoded,,11677,False
B,1453,49003904,encoded,,9109,False
A,1455,49035300,encoded,,11178,False
B,1454,49037229,encoded,,7563,False
A,1456,49068627,encoded,,10020,False
B,1455,49070565,encoded,,7122,False
A,1457,49101966,encoded,,9177,False
B,1456,49103895,encoded,,6614,False
A,1458,49135294,encoded,,9430,False
B,1457,49137225,encoded,,6700,False
A,1459,49168632,encoded,,8740,False
B,1458,49170571,encoded,,6264,False
A,1460,49201963,encoded,,8423,False
B,1459,49203897,encoded,,6104,False
A,1461,49235298,encoded,,7971,False
B,1460,49237244,encoded,,12826,False
A,1462,49268627,encoded,,7848,False
B,1461,49270573,encoded,,9178,False
A,1463,49301965,encoded,,7685,False
B,1462,49303895,encoded,,9155,False
A,1464,49335297,encoded,,7571,False
B,1463,49337230,encoded,,16667,False
A,1465,49368627,encoded,,7537,False
B,1464,49370577,encoded,,16908,False
A,1466,49401960,encoded,,9257,False
B,1465,49403908,encoded,,16425,False
A,1467,49435303,encoded,,16666,False
B,1466,49437239,encoded,,16667,False
B,1467,49470574,encoded,,16666,False
A,1468,49468630,encoded,,24966,False
A,1469,49501962,encoded,,8368,False
B,1468,49503897,encoded,,16667,False
A,1470,49535298,encoded,,16666,False
B,1469,49537234,encoded,,16667,False
A,1471,49568628,encoded,,125291,True
B,1470,49570574,encoded,,16666,False
A,1472,49601978,encoded,,16587,False
B,1471,49603912,encoded,,120198,True
A,1473,49635293,encoded,,12866,False
B,1472,49637239,encoded,,19701,False
A,1474,49668632,encoded,,19200,False
B,1473,49670577,encoded,,15697,False
A,1475,49701964,encoded,,17394,False
B,1474,49703913,encoded,,20755,False
A,1476,49735301,encoded,,22698,False
B,1475,49737241,encoded,,16094,False
A,1477,49768644,encoded,,20255,False
B,1476,49770577,encoded,,15119,False
A,1478,49801970,encoded,,10870,False
B,1477,49803910,encoded,,23312,False
A,1479,49835308,encoded,,8817,False
B,1478,49837232,encoded,,15007,False
A,1480,49868643,encoded,,8200,False
B,1479,49870581,encoded,,11971,False
A,1481,49901967,encoded,,20112,False
B,1480,49903901,encoded,,11765,False
A,1482,49935304,encoded,,21581,False
B,1481,49937241,encoded,,19395,False
A,1483,49968633,encoded,,3099,False
B,1482,49970581,encoded,,10296,False
A,1484,50001972,encoded,,16579,False
B,1483,50003901,encoded,,9254,False
B,1484,50037234,encoded,,8374,False
A,1485,50035301,encoded,,11942,False
A,1486,50068636,encoded,,10580,False
B,1485,50070569,encoded,,7718,False
A,1487,50101968,encoded,,10309,False
B,1486,50103906,encoded,,7586,False
A,1488,50135306,encoded,,10134,False
B,1487,50137236,encoded,,7191,False
B,1488,50170573,encoded,,7018,False
A,1489,50168635,encoded,,8889,False
A,1490,50201972,encoded,,9080,False
B,1489,50203902,encoded,,6391,False
A,1491,50235301,encoded,,8223,False
B,1490,50237236,encoded,,12088,False
A,1492,50268640,encoded,,8032,False
B,1491,50270570,encoded,,8498,False
A,1493,50301969,encoded,,7686,False
B,1492,50303902,encoded,,7333,False
A,1494,50335306,encoded,,7917,False
B,1493,50337238,encoded,,7075,False
A,1495,50368637,encoded,,7838,False
B,1494,50370571,encoded,,12164,False
A,1496,50401967,encoded,,9155,False
B,1495,50403910,encoded,,16667,False
A,1497,50435303,encoded,,16666,False
B,1496,50437247,encoded,,16667,False
A,1498,50468641,encoded,,29568,False
B,1497,50470585,encoded,,16666,False
A,1499,50501968,encoded,,4898,False
B,1498,50503908,encoded,,16667,False
A,1500,50535307,encoded,,15534,False
B,1499,50537243,encoded,,16667,False
A,1501,50568638,encoded,,125489,True
B,1500,50570578,encoded,,16666,False
A,1502,50601980,encoded,,23558,False
B,1501,50603931,encoded,,120033,True
A,1503,50635315,encoded,,9316,False
B,1502,50637246,encoded,,19779,False
A,1504,50668642,encoded,,14366,False
B,1503,50670571,encoded,,18173,False
A,1505,50701971,encoded,,17837,False
B,1504,50703918,encoded,,12904,False
A,1506,50735317,encoded,,23042,False
B,1505,50737241,encoded,,13945,False
A,1507,50768638,encoded,,20697,False
B,1506,50770587,encoded,,21320,False
A,1508,50801976,encoded,,11131,False
B,1507,50803919,encoded,,10935,False
A,1509,50835305,encoded,,9547,False
B,1508,50837239,encoded,,16048,False
A,1510,50868643,encoded,,22120,False
B,1509,50870582,encoded,,15151,False
A,1511,50901993,encoded,,4957,False
B,1510,50903923,encoded,,15900,False
B,1511,50937245,encoded,,15508,False
A,1512,50935312,encoded,,23183,False
A,1513,50968640,encoded,,13786,False
B,1512,50970576,encoded,,14060,False
B,1513,51003911,encoded,,8804,False
A,1514,51001978,encoded,,12040,False
B,1514,51037244,encoded,,7915,False
A,1515,51035310,encoded,,10598,False
A,1516,51068640,encoded,,9729,False
B,1515,51070588,encoded,,6961,False
A,1517,51101974,encoded,,10147,False
B,1516,51103910,encoded,,6638,False
B,1517,51137244,encoded,,13899,False
A,1518,51135313,encoded,,9153,False
A,1519,51168641,encoded,,8400,False
B,1518,51170576,encoded,,9838,False
A,1520,51201976,encoded,,8292,False
B,1519,51203913,encoded,,8571,False
A,1521,51235309,encoded,,8043,False
B,1520,51237243,encoded,,8098,False
A,1522,51268647,encoded,,7920,False
B,1521,51270577,encoded,,7902,False
A,1523,51301976,encoded,,7549,False
B,1522,51303912,encoded,,7398,False
A,1524,51335322,encoded,,7482,False
B,1523,51337252,encoded,,6832,False
A,1525,51368642,encoded,,7000,False
B,1524,51370586,encoded,,13388,False
A,1526,51401987,encoded,,7952,False
B,1525,51403921,encoded,,24364,False
A,1527,51435308,encoded,,16666,False
B,1526,51437246,encoded,,13228,False
A,1528,51468648,encoded,,24629,False
B,1527,51470592,encoded,,12408,False
A,1529,51501976,encoded,,8705,False
B,1528,51503912,encoded,,16667,False
B,1529,51537250,encoded,,16667,False
A,1530,51535314,encoded,,16666,False
A,1531,51568647,encoded,,125225,True
B,1530,51570581,encoded,,16666,False
A,1532,51601988,encoded,,9922,False
B,1531,51603915,encoded,,134660,True
A,1533,51635312,encoded,,25915,False
B,1532,51637254,encoded,,16557,False
A,1534,51668650,encoded,,23379,False
B,1533,51670580,encoded,,9115,False
A,1535,51701996,encoded,,14431,False
B,1534,51703925,encoded,,16204,False
A,1536,51735313,encoded,,20570,False
B,1535,51737259,encoded,,19538,False
A,1537,51768646,encoded,,18430,False
B,1536,51770593,encoded,,24374,False
A,1538,51801986,encoded,,11032,False
B,1537,51803915,encoded,,17553,False
A,1539,51835315,encoded,,9768,False
B,1538,51837248,encoded,,13350,False
A,1540,51868669,encoded,,8568,False
B,1539,51870595,encoded,,18327,False
A,1541,51901980,encoded,,7276,False
B,1540,51903917,encoded,,10468,False
A,1542,51935320,encoded,,20203,False
B,1541,51937252,encoded,,8630,False
A,1543,51968647,encoded,,20194,False
B,1542,51970581,encoded,,8060,False
A,1544,52001986,encoded,,14104,False
B,1543,52003926,encoded,,7476,False
A,1545,52035317,encoded,,11915,False
B,1544,52037254,encoded,,8136,False
A,1546,52068648,encoded,,10456,False
B,1545,52070586,encoded,,6387,False
A,1547,52101991,encoded,,10267,False
B,1546,52103918,encoded,,14011,False
A,1548,52135322,encoded,,9380,False
B,1547,52137249,encoded,,9421,False
A,1549,52168657,encoded,,9150,False
B,1548,52170591,encoded,,8526,False
A,1550,52201982,encoded,,9259,False
B,1549,52203919,encoded,,7578,False
A,1551,52235319,encoded,,9308,False
B,1550,52237252,encoded,,8046,False
A,1552,52268654,encoded,,8539,False
B,1551,52270587,encoded,,8351,False
A,1553,52301983,encoded,,8090,False
B,1552,52303934,encoded,,8384,False
A,1554,52335322,encoded,,7842,False
B,1553,52337255,encoded,,8274,False
A,1555,52368652,encoded,,7841,False
B,1554,52370596,encoded,,8574,False
A,1556,52401982,encoded,,7450,False
B,1555,52403928,encoded,,16667,False
A,1557,52435318,encoded,,11486,False
B,1556,52437263,encoded,,26742,False
B,1557,52470597,encoded,,6960,False
A,1558,52468655,encoded,,16667,False
A,1559,52501984,encoded,,18656,False
B,1558,52503921,encoded,,16298,False
A,1560,52535319,encoded,,14677,False
B,1559,52537254,encoded,,16667,False
A,1561,52568662,encoded,,125303,True
B,1560,52570589,encoded,,16666,False
B,1561,52603936,encoded,,120127,True
A,1562,52601988,encoded,,17964,False
A,1563,52635320,encoded,,9850,False
B,1562,52637253,encoded,,17590,False
A,1564,52668653,encoded,,18723,False
B,1563,52670589,encoded,,13421,False
B,1564,52703923,encoded,,16658,False
A,1565,52701989,encoded,,18048,False
A,1566,52735327,encoded,,23915,False
B,1565,52737257,encoded,,16037,False
A,1567,52768653,encoded,,21307,False
B,1566,52770602,encoded,,18115,False
A,1568,52801991,encoded,,11533,False
B,1567,52803924,encoded,,16399,False
A,1569,52835321,encoded,,9753,False
B,1568,52837258,encoded,,11183,False
A,1570,52868659,encoded,,8687,False
B,1569,52870604,encoded,,11507,False
A,1571,52901989,encoded,,20187,False
B,1570,52903928,encoded,,10666,False
A,1572,52935326,encoded,,21857,False
B,1571,52937258,encoded,,20487,False
A,1573,52968655,encoded,,2788,False
B,1572,52970595,encoded,,16177,False
A,1574,53001993,encoded,,16425,False
B,1573,53003927,encoded,,17605,False
A,1575,53035322,encoded,,12071,False
B,1574,53037263,encoded,,9781,False
A,1576,53068658,encoded,,10772,False
B,1575,53070595,encoded,,7660,False
A,1577,53101989,encoded,,9464,False
B,1576,53103928,encoded,,6880,False
A,1578,53135327,encoded,,9640,False
B,1577,53137259,encoded,,14608,False
A,1579,53168657,encoded,,8849,False
B,1578,53170596,encoded,,10159,False
A,1580,53201991,encoded,,8370,False
B,1579,53203937,encoded,,7666,False
A,1581,53235323,encoded,,8805,False
B,1580,53237272,encoded,,7673,False
A,1582,53268663,encoded,,7871,False
B,1581,53270597,encoded,,7523,False
A,1583,53301991,encoded,,7971,False
B,1582,53303931,encoded,,7830,False
A,1584,53335330,encoded,,7539,False
B,1583,53337268,encoded,,7710,False
A,1585,53368668,encoded,,7744,False
B,1584,53370605,encoded,,8608,False
A,1586,53401989,encoded,,7898,False
B,1585,53403939,encoded,,14597,False
A,1587,53435330,encoded,,16666,False
B,1586,53437262,encoded,,16667,False
A,1588,53468659,encoded,,29323,False
B,1587,53470595,encoded,,16666,False
A,1589,53502010,encoded,,4442,False
B,1588,53503951,encoded,,16667,False
A,1590,53535326,encoded,,16235,False
B,1589,53537265,encoded,,16667,False
A,1591,53568666,encoded,,125202,True
B,1590,53570595,encoded,,16666,False
A,1592,53601990,encoded,,20383,False
B,1591,53603945,encoded,,120316,True
A,1593,53635332,encoded,,10457,False
B,1592,53637275,encoded,,17226,False
A,1594,53668661,encoded,,17607,False
B,1593,53670606,encoded,,12490,False
A,1595,53702003,encoded,,17555,False
B,1594,53703944,encoded,,15735,False
A,1596,53735326,encoded,,22660,False
B,1595,53737274,encoded,,15115,False
A,1597,53768666,encoded,,20814,False
B,1596,53770612,encoded,,22978,False
A,1598,53802008,encoded,,11263,False
B,1597,53803947,encoded,,12011,False
A,1599,53835332,encoded,,9442,False
B,1598,53837267,encoded,,11449,False
A,1600,53868662,encoded,,7861,False
B,1599,53870605,encoded,,13140,False
A,1601,53902001,encoded,,19987,False
B,1600,53903943,encoded,,18110,False
A,1602,53935342,encoded,,5257,False
B,1601,53937273,encoded,,14673,False
B,1602,53970600,encoded,,16276,False
A,1603,53968669,encoded,,22419,False
A,1604,54002000,encoded,,13896,False
B,1603,54003935,encoded,,10047,False
A,1605,54035332,encoded,,11583,False
B,1604,54037266,encoded,,8949,False
B,1605,54070601,encoded,,8083,False
A,1606,54068668,encoded,,10546,False
B,1606,54103934,encoded,,8108,False
A,1607,54102001,encoded,,9391,False
A,1608,54135333,encoded,,8982,False
B,1607,54137270,encoded,,7861,False
A,1609,54168665,encoded,,8817,False
B,1608,54170603,encoded,,8180,False
A,1610,54202005,encoded,,9553,False
B,1609,54203937,encoded,,15515,False
A,1611,54235336,encoded,,8300,False
B,1610,54237272,encoded,,12493,False
A,1612,54268664,encoded,,8049,False
B,1611,54270602,encoded,,10986,False
A,1613,54302004,encoded,,8232,False
B,1612,54303936,encoded,,10161,False
A,1614,54335336,encoded,,7586,False
B,1613,54337270,encoded,,9385,False
A,1615,54368664,encoded,,7581,False
B,1614,54370602,encoded,,9554,False
A,1616,54402001,encoded,,9911,False
B,1615,54403937,encoded,,9186,False
A,1617,54435339,encoded,,16666,False
B,1616,54437269,encoded,,15307,False
A,1618,54468668,encoded,,24900,False
B,1617,54470605,encoded,,16666,False
A,1619,54502000,encoded,,8434,False
B,1618,54503936,encoded,,16667,False
A,1620,54535333,encoded,,16666,False
B,1619,54537273,encoded,,16667,False
A,1621,54568669,encoded,,125322,True
B,1620,54570603,encoded,,16666,False
A,1622,54602009,encoded,,19204,False
B,1621,54603947,encoded,,134263,True
A,1623,54635338,encoded,,10664,False
B,1622,54637278,encoded,,18402,False
B,1623,54670614,encoded,,13154,False
A,1624,54668668,encoded,,18600,False
A,1625,54702000,encoded,,17660,False
B,1624,54703958,encoded,,18149,False
A,1626,54735336,encoded,,22917,False
B,1625,54737274,encoded,,21651,False
A,1627,54768672,encoded,,21086,False
B,1626,54770619,encoded,,18257,False
A,1628,54802017,encoded,,11649,False
B,1627,54803950,encoded,,15609,False
A,1629,54835333,encoded,,8980,False
B,1628,54837282,encoded,,12832,False
A,1630,54868672,encoded,,8626,False
B,1629,54870608,encoded,,11605,False
A,1631,54902008,encoded,,20364,False
B,1630,54903953,encoded,,17906,False
A,1632,54935338,encoded,,5084,False
B,1631,54937281,encoded,,11661,False
A,1633,54968677,encoded,,22658,False
B,1632,54970627,encoded,,9351,False
A,1634,55002002,encoded,,13172,False
B,1633,55003943,encoded,,8552,False
A,1635,55035344,encoded,,11503,False
B,1634,55037275,encoded,,7930,False
A,1636,55068675,encoded,,10520,False
B,1635,55070614,encoded,,7255,False
A,1637,55102012,encoded,,9959,False
B,1636,55103942,encoded,,7316,False
A,1638,55135339,encoded,,9960,False
B,1637,55137277,encoded,,14258,False
A,1639,55168678,encoded,,9224,False
B,1638,55170613,encoded,,10764,False
A,1640,55202011,encoded,,9101,False
B,1639,55203947,encoded,,9816,False
A,1641,55235345,encoded,,8437,False
B,1640,55237278,encoded,,9431,False
B,1641,55270610,encoded,,8977,False
A,1642,55268672,encoded,,8308,False
A,1643,55302013,encoded,,8124,False
B,1642,55303947,encoded,,8571,False
A,1644,55335338,encoded,,7538,False
B,1643,55337277,encoded,,9175,False
A,1645,55368681,encoded,,7266,False
B,1644,55370615,encoded,,8936,False
B,1645,55403946,encoded,,8348,False
A,1646,55402003,encoded,,7585,False
A,1647,55435344,encoded,,16489,False
B,1646,55437279,encoded,,11165,False
B,1647,55470613,encoded,,16666,False
A,1648,55468675,encoded,,29294,False
A,1649,55502012,encoded,,4394,False
B,1648,55503946,encoded,,16667,False
A,1650,55535342,encoded,,16312,False
B,1649,55537283,encoded,,16667,False
A,1651,55568688,encoded,,125358,True
B,1650,55570614,encoded,,16666,False
A,1652,55602007,encoded,,20354,False
B,1651,55603949,encoded,,119952,True
A,1653,55635342,encoded,,10658,False
B,1652,55637281,encoded,,19843,False
A,1654,55668673,encoded,,18431,False
B,1653,55670623,encoded,,11116,False
A,1655,55702016,encoded,,17352,False
B,1654,55703946,encoded,,16880,False
A,1656,55735345,encoded,,23375,False
B,1655,55737280,encoded,,16351,False
A,1657,55768681,encoded,,20530,False
B,1656,55770614,encoded,,23665,False
A,1658,55802017,encoded,,11062,False
B,1657,55803949,encoded,,25115,False
A,1659,55835342,encoded,,9332,False
B,1658,55837282,encoded,,20049,False
A,1660,55868676,encoded,,9068,False
B,1659,55870615,encoded,,11234,False
A,1661,55902016,encoded,,7945,False
B,1660,55903950,encoded,,13880,False
A,1662,55935344,encoded,,19914,False
B,1661,55937283,encoded,,18181,False
A,1663,55968677,encoded,,20275,False
B,1662,55970624,encoded,,10805,False
A,1664,56002011,encoded,,13754,False
B,1663,56003963,encoded,,9897,False
A,1665,56035350,encoded,,11925,False
B,1664,56037290,encoded,,9523,False
A,1666,56068678,encoded,,10836,False
B,1665,56070626,encoded,,8779,False
A,1667,56102011,encoded,,9778,False
B,1666,56103964,encoded,,8298,False
A,1668,56135348,encoded,,9463,False
B,1667,56137286,encoded,,8240,False
A,1669,56168680,encoded,,8809,False
B,1668,56170618,encoded,,7384,False
A,1670,56202012,encoded,,8806,False
B,1669,56203950,encoded,,14257,False
A,1671,56235345,encoded,,8707,False
B,1670,56237285,encoded,,10874,False
B,1671,56270619,encoded,,10031,False
A,1672,56268680,encoded,,8063,False
A,1673,56302018,encoded,,8087,False
B,1672,56303953,encoded,,9358,False
A,1674,56335347,encoded,,7399,False
B,1673,56337289,encoded,,9691,False
A,1675,56368689,encoded,,7566,False
B,1674,56370619,encoded,,9068,False
A,1676,56402014,encoded,,7757,False
B,1675,56403954,encoded,,8435,False
A,1677,56435352,encoded,,15396,False
B,1676,56437291,encoded,,7861,False
B,1677,56470622,encoded,,11233,False
A,1678,56468681,encoded,,16667,False
A,1679,56502020,encoded,,16667,False
B,1678,56503958,encoded,,16667,False
A,1680,56535348,encoded,,16666,False
B,1679,56537288,encoded,,23670,False
A,1681,56568681,encoded,,125353,True
B,1680,56570619,encoded,,9663,False
A,1682,56602016,encoded,,12172,False
B,1681,56603967,encoded,,119930,True
A,1683,56635355,encoded,,11728,False
B,1682,56637290,encoded,,18946,False
A,1684,56668682,encoded,,23291,False
B,1683,56670628,encoded,,12897,False
A,1685,56702020,encoded,,18737,False
B,1684,56703968,encoded,,14305,False
A,1686,56735349,encoded,,23833,False
B,1685,56737288,encoded,,17051,False
A,1687,56768687,encoded,,20465,False
B,1686,56770637,encoded,,16890,False
A,1688,56802017,encoded,,11520,False
B,1687,56803969,encoded,,16794,False
A,1689,56835357,encoded,,9311,False
B,1688,56837289,encoded,,11650,False
B,1689,56870637,encoded,,15999,False
A,1690,56868689,encoded,,8569,False
A,1691,56902017,encoded,,7888,False
B,1690,56903973,encoded,,12456,False
A,1692,56935353,encoded,,19361,False
B,1691,56937291,encoded,,19848,False
A,1693,56968684,encoded,,20395,False
B,1692,56970629,encoded,,18086,False
A,1694,57002022,encoded,,13520,False
B,1693,57003957,encoded,,10246,False
A,1695,57035357,encoded,,11307,False
B,1694,57037296,encoded,,8943,False
A,1696,57068686,encoded,,10733,False
B,1695,57070623,encoded,,7872,False
A,1697,57102023,encoded,,10151,False
B,1696,57103960,encoded,,15342,False
A,1698,57135358,encoded,,9470,False
B,1697,57137290,encoded,,10324,False
A,1699,57168692,encoded,,8515,False
B,1698,57170642,encoded,,9149,False
A,1700,57202021,encoded,,8376,False
B,1699,57203961,encoded,,8548,False
B,1700,57237295,encoded,,7650,False
A,1701,57235356,encoded,,8358,False
A,1702,57268688,encoded,,8124,False
B,1701,57270626,encoded,,7324,False
A,1703,57302022,encoded,,8084,False
B,1702,57303968,encoded,,6905,False
A,1704,57335354,encoded,,7754,False
B,1703,57337309,encoded,,7039,False
A,1705,57368692,encoded,,7541,False
B,1704,57370628,encoded,,7157,False
A,1706,57402022,encoded,,8778,False
B,1705,57403961,encoded,,15316,False
A,1707,57435374,encoded,,16666,False
B,1706,57437311,encoded,,23171,False
A,1708,57468698,encoded,,24723,False
B,1707,57470632,encoded,,10162,False
A,1709,57502021,encoded,,8611,False
B,1708,57503965,encoded,,16667,False
A,1710,57535364,encoded,,16666,False
B,1709,57537293,encoded,,16667,False
A,1711,57568689,encoded,,125425,True
B,1710,57570631,encoded,,16666,False
A,1712,57602042,encoded,,16211,False
B,1711,57603973,encoded,,134205,True
A,1713,57635355,encoded,,11634,False
B,1712,57637311,encoded,,16881,False
A,1714,57668694,encoded,,19884,False
B,1713,57670645,encoded,,12812,False
A,1715,57702024,encoded,,18152,False
B,1714,57703993,encoded,,17548,False
A,1716,57735365,encoded,,23262,False
B,1715,57737297,encoded,,14401,False
A,1717,57768689,encoded,,20593,False
B,1716,57770646,encoded,,21615,False
A,1718,57802025,encoded,,10902,False
B,1717,57803976,encoded,,16222,False
A,1719,57835360,encoded,,9509,False
B,1718,57837301,encoded,,15066,False
A,1720,57868698,encoded,,8074,False
B,1719,57870630,encoded,,16776,False
A,1721,57902024,encoded,,20262,False
B,1720,57903987,encoded,,9455,False
A,1722,57935362,encoded,,21599,False
B,1721,57937300,encoded,,8776,False
A,1723,57968706,encoded,,2727,False
B,1722,57970645,encoded,,7494,False
A,1724,58002049,encoded,,17804,False
B,1723,58003983,encoded,,7204,False
A,1725,58035357,encoded,,2741,False
B,1724,58037302,encoded,,14880,False
A,1726,58068698,encoded,,14551,False
B,1725,58070632,encoded,,9996,False
A,1727,58102029,encoded,,10169,False
B,1726,58103968,encoded,,9024,False
A,1728,58135365,encoded,,9446,False
B,1727,58137301,encoded,,8072,False
A,1729,58168693,encoded,,9115,False
B,1728,58170634,encoded,,7805,False
A,1730,58202041,encoded,,8748,False
B,1729,58203981,encoded,,7176,False
A,1731,58235365,encoded,,8727,False
B,1730,58237306,encoded,,6827,False
A,1732,58268693,encoded,,8914,False
B,1731,58270632,encoded,,6254,False
A,1733,58302029,encoded,,7961,False
B,1732,58303970,encoded,,5935,False
A,1734,58335369,encoded,,7746,False
B,1733,58337304,encoded,,8910,False
A,1735,58368696,encoded,,7504,False
B,1734,58370649,encoded,,16666,False
A,1736,58402030,encoded,,11674,False
B,1735,58403970,encoded,,21803,False
A,1737,58435364,encoded,,16666,False
B,1736,58437304,encoded,,11531,False
A,1738,58468718,encoded,,24977,False
B,1737,58470653,encoded,,16666,False
A,1739,58502029,encoded,,8357,False
B,1738,58503985,encoded,,16667,False
A,1740,58535365,encoded,,16666,False
B,1739,58537304,encoded,,16667,False
B,1740,58570639,encoded,,16666,False
A,1741,58568697,encoded,,125432,True
A,1742,58602037,encoded,,20977,False
B,1741,58603973,encoded,,120009,True
A,1743,58635364,encoded,,10527,False
B,1742,58637305,encoded,,20217,False
A,1744,58668698,encoded,,17290,False
B,1743,58670637,encoded,,12720,False
A,1745,58702031,encoded,,17172,False
B,1744,58703973,encoded,,20915,False
A,1746,58735370,encoded,,23267,False
B,1745,58737328,encoded,,12726,False
A,1747,58768699,encoded,,20024,False
B,1746,58770652,encoded,,19747,False
A,1748,58802032,encoded,,12004,False
B,1747,58803989,encoded,,11192,False
A,1749,58835365,encoded,,9447,False
B,1748,58837320,encoded,,16832,False
A,1750,58868704,encoded,,8071,False
B,1749,58870651,encoded,,16474,False
A,1751,58902037,encoded,,20019,False
B,1750,58903976,encoded,,14132,False
A,1752,58935371,encoded,,4824,False
B,1751,58937326,encoded,,12106,False
A,1753,58968700,encoded,,22154,False
B,1752,58970650,encoded,,21424,False
A,1754,59002041,encoded,,13141,False
B,1753,59003985,encoded,,7141,False
A,1755,59035367,encoded,,11313,False
B,1754,59037308,encoded,,15275,False
A,1756,59068708,encoded,,10587,False
B,1755,59070641,encoded,,10405,False
A,1757,59102035,encoded,,10500,False
B,1756,59104001,encoded,,9896,False
A,1758,59135371,encoded,,9310,False
B,1757,59137308,encoded,,8879,False
A,1759,59168703,encoded,,8771,False
B,1758,59170642,encoded,,8562,False
A,1760,59202040,encoded,,8481,False
B,1759,59203986,encoded,,7395,False
A,1761,59235367,encoded,,8225,False
B,1760,59237311,encoded,,7564,False
A,1762,59268709,encoded,,7998,False
B,1761,59270643,encoded,,7002,False
B,1762,59303978,encoded,,6419,False
A,1763,59302035,encoded,,7573,False
A,1764,59335374,encoded,,7937,False
B,1763,59337315,encoded,,6075,False
A,1765,59368704,encoded,,7701,False
B,1764,59370656,encoded,,6893,False
B,1765,59403994,encoded,,16667,False
A,1766,59402042,encoded,,10589,False
A,1767,59435371,encoded,,16666,False
B,1766,59437312,encoded,,29737,False
A,1768,59468705,encoded,,31208,False
B,1767,59470644,encoded,,3596,False
A,1769,59502038,encoded,,4296,False
B,1768,59503979,encoded,,16667,False
A,1770,59535377,encoded,,14496,False
B,1769,59537313,encoded,,16667,False
A,1771,59568706,encoded,,125301,True
B,1770,59570647,encoded,,16666,False
A,1772,59602036,encoded,,22713,False
B,1771,59603979,encoded,,134487,True
A,1773,59635372,encoded,,9109,False
B,1772,59637320,encoded,,7934,False
A,1774,59668715,encoded,,14898,False
B,1773,59670661,encoded,,15451,False
A,1775,59702047,encoded,,17925,False
B,1774,59703983,encoded,,19159,False
A,1776,59735377,encoded,,23678,False
B,1775,59737316,encoded,,11808,False
A,1777,59768706,encoded,,20964,False
B,1776,59770662,encoded,,22848,False
A,1778,59802051,encoded,,11425,False
B,1777,59803994,encoded,,16283,False
A,1779,59835374,encoded,,9299,False
B,1778,59837327,encoded,,15808,False
A,1780,59868712,encoded,,8145,False
B,1779,59870659,encoded,,14895,False
A,1781,59902040,encoded,,20086,False
B,1780,59903992,encoded,,14990,False
A,1782,59935379,encoded,,21807,False
B,1781,59937325,encoded,,9307,False
A,1783,59968708,encoded,,13230,False
B,1782,59970659,encoded,,17606,False
A,1784,60002040,encoded,,11702,False
B,1783,60003999,encoded,,11413,False
A,1785,60035376,encoded,,11181,False
B,1784,60037324,encoded,,9433,False
A,1786,60068709,encoded,,9890,False
B,1785,60070648,encoded,,8250,False
A,1787,60102042,encoded,,9545,False
B,1786,60103984,encoded,,7586,False
A,1788,60135381,encoded,,9469,False
B,1787,60137320,encoded,,6775,False
A,1789,60168710,encoded,,8769,False
B,1788,60170651,encoded,,6489,False
A,1790,60202050,encoded,,8254,False
B,1789,60203986,encoded,,6009,False
A,1791,60235378,encoded,,7652,False
B,1790,60237317,encoded,,5757,False
A,1792,60268710,encoded,,7459,False
B,1791,60270652,encoded,,5731,False
A,1793,60302043,encoded,,7657,False
B,1792,60303986,encoded,,5733,False
A,1794,60335384,encoded,,7808,False
B,1793,60337320,encoded,,9582,False
A,1795,60368711,encoded,,7221,False
B,1794,60370651,encoded,,16666,False
A,1796,60402048,encoded,,8147,False
B,1795,60403995,encoded,,29600,False
A,1797,60435380,encoded,,16666,False
B,1796,60437321,encoded,,3734,False
A,1798,60468718,encoded,,24413,False
B,1797,60470656,encoded,,16666,False
A,1799,60502049,encoded,,8921,False
B,1798,60503991,encoded,,16667,False
A,1800,60535386,encoded,,16666,False
B,1799,60537322,encoded,,16667,False
A,1801,60568717,encoded,,125518,True
B,1800,60570656,encoded,,16666,False
A,1802,60602054,encoded,,22937,False
B,1801,60603989,encoded,,120118,True
A,1803,60635380,encoded,,8528,False
B,1802,60637322,encoded,,19475,False
A,1804,60668718,encoded,,17381,False
B,1803,60670661,encoded,,10621,False
A,1805,60702053,encoded,,17842,False
B,1804,60703998,encoded,,19594,False
B,1805,60737332,encoded,,20566,False
A,1806,60735385,encoded,,23082,False
A,1807,60768714,encoded,,20378,False
B,1806,60770660,encoded,,24005,False
A,1808,60802052,encoded,,11208,False
B,1807,60804002,encoded,,18011,False
A,1809,60835387,encoded,,9112,False
B,1808,60837325,encoded,,15062,False
A,1810,60868717,encoded,,8431,False
B,1809,60870657,encoded,,13936,False
A,1811,60902050,encoded,,20134,False
B,1810,60903991,encoded,,14830,False
A,1812,60935387,encoded,,21476,False
B,1811,60937324,encoded,,17474,False
A,1813,60968716,encoded,,13701,False
B,1812,60970666,encoded,,13699,False
A,1814,61002053,encoded,,12095,False
B,1813,61004001,encoded,,9572,False
A,1815,61035382,encoded,,11515,False
B,1814,61037324,encoded,,8312,False
A,1816,61068717,encoded,,10025,False
B,1815,61070671,encoded,,8100,False
A,1817,61102051,encoded,,9430,False
B,1816,61104031,encoded,,6891,False
A,1818,61135388,encoded,,9067,False
B,1817,61137327,encoded,,6572,False
A,1819,61168716,encoded,,8579,False
B,1818,61170673,encoded,,6214,False
A,1820,61202060,encoded,,8439,False
B,1819,61204009,encoded,,5912,False
A,1821,61235386,encoded,,7938,False
B,1820,61237336,encoded,,5378,False
A,1822,61268718,encoded,,7706,False
B,1821,61270671,encoded,,5073,False
A,1823,61302054,encoded,,7740,False
B,1822,61303991,encoded,,5161,False
A,1824,61335384,encoded,,7378,False
B,1823,61337327,encoded,,8758,False
A,1825,61368728,encoded,,7337,False
B,1824,61370660,encoded,,16666,False
A,1826,61402055,encoded,,7332,False
B,1825,61403996,encoded,,29980,False
A,1827,61435394,encoded,,15691,False
B,1826,61437328,encoded,,3354,False
A,1828,61468719,encoded,,24463,False
B,1827,61470661,encoded,,16666,False
A,1829,61502051,encoded,,8871,False
B,1828,61504004,encoded,,16667,False
A,1830,61535388,encoded,,16666,False
B,1829,61537338,encoded,,16667,False
A,1831,61568730,encoded,,116274,True
B,1830,61570674,encoded,,16666,False
A,1832,61602073,encoded,,12077,False
B,1831,61604007,encoded,,120041,True
A,1833,61635388,encoded,,29837,False
B,1832,61637334,encoded,,19506,False
A,1834,61668730,encoded,,18623,False
B,1833,61670672,encoded,,12150,False
A,1835,61702061,encoded,,19923,False
B,1834,61704009,encoded,,20440,False
A,1836,61735389,encoded,,24825,False
B,1835,61737344,encoded,,11162,False
A,1837,61768730,encoded,,20766,False
B,1836,61770671,encoded,,20659,False
A,1838,61802055,encoded,,11368,False
B,1837,61804006,encoded,,13656,False
A,1839,61835392,encoded,,9341,False
B,1838,61837329,encoded,,14637,False
A,1840,61868725,encoded,,9093,False
B,1839,61870664,encoded,,15438,False
A,1841,61902063,encoded,,7779,False
B,1840,61904012,encoded,,13132,False
A,1842,61935392,encoded,,7000,False
B,1841,61937334,encoded,,11649,False
A,1843,61968731,encoded,,19569,False
B,1842,61970668,encoded,,10504,False
A,1844,62002071,encoded,,19207,False
B,1843,62004012,encoded,,13038,False
A,1845,62035395,encoded,,12832,False
B,1844,62037331,encoded,,19291,False
A,1846,62068724,encoded,,11504,False
B,1845,62070677,encoded,,8626,False
A,1847,62102058,encoded,,10221,False
B,1846,62104009,encoded,,7495,False
A,1848,62135392,encoded,,11049,False
B,1847,62137335,encoded,,7082,False
A,1849,62168730,encoded,,9660,False
B,1848,62170665,encoded,,6151,False
A,1850,62202059,encoded,,9517,False
B,1849,62204012,encoded,,5787,False
A,1851,62235397,encoded,,8828,False
B,1850,62237336,encoded,,6079,False
A,1852,62268727,encoded,,8310,False
B,1851,62270668,encoded,,5198,False
A,1853,62302066,encoded,,8064,False
B,1852,62304001,encoded,,4946,False
A,1854,62335404,encoded,,8521,False
B,1853,62337345,encoded,,16667,False
A,1855,62368733,encoded,,7576,False
B,1854,62370669,encoded,,29233,False
A,1856,62402060,encoded,,7671,False
B,1855,62404006,encoded,,4100,False
A,1857,62435397,encoded,,10565,False
B,1856,62437334,encoded,,16667,False
A,1858,62468728,encoded,,16667,False
B,1857,62470696,encoded,,16666,False
A,1859,62502061,encoded,,25040,False
B,1858,62504015,encoded,,16667,False
A,1860,62535393,encoded,,8293,False
B,1859,62537338,encoded,,16667,False
A,1861,62568727,encoded,,125400,True
B,1860,62570673,encoded,,16666,False
A,1862,62602077,encoded,,18284,False
B,1861,62604018,encoded,,134440,True
A,1863,62635399,encoded,,6609,False
B,1862,62637377,encoded,,15464,False
A,1864,62668729,encoded,,23074,False
B,1863,62670685,encoded,,14138,False
A,1865,62702079,encoded,,17669,False
B,1864,62704019,encoded,,15717,False
A,1866,62735393,encoded,,23964,False
B,1865,62737340,encoded,,14313,False
A,1867,62768733,encoded,,21273,False
B,1866,62770674,encoded,,15254,False
A,1868,62802066,encoded,,11452,False
B,1867,62804008,encoded,,9715,False
A,1869,62835402,encoded,,9747,False
B,1868,62837345,encoded,,14338,False
A,1870,62868730,encoded,,8532,False
B,1869,62870676,encoded,,10651,False
A,1871,62902071,encoded,,7835,False
B,1870,62904009,encoded,,12244,False
A,1872,62935399,encoded,,19245,False
B,1871,62937342,encoded,,14493,False
A,1873,62968736,encoded,,21067,False
B,1872,62970688,encoded,,20352,False
A,1874,63002065,encoded,,13270,False
B,1873,63004008,encoded,,13563,False
A,1875,63035404,encoded,,11963,False
B,1874,63037355,encoded,,9119,False
A,1876,63068732,encoded,,10543,False
B,1875,63070684,encoded,,8102,False
A,1877,63102066,encoded,,9857,False
B,1876,63104019,encoded,,7576,False
A,1878,63135399,encoded,,9131,False
B,1877,63137352,encoded,,6665,False
B,1878,63170690,encoded,,6227,False
A,1879,63168734,encoded,,9082,False
A,1880,63202068,encoded,,9157,False
B,1879,63204010,encoded,,6081,False
A,1881,63235404,encoded,,8606,False
B,1880,63237341,encoded,,5518,False
A,1882,63268734,encoded,,8122,False
B,1881,63270680,encoded,,5491,False
A,1883,63302068,encoded,,8204,False
B,1882,63304012,encoded,,7206,False
A,1884,63335400,encoded,,8091,False
B,1883,63337344,encoded,,16667,False
A,1885,63368739,encoded,,7351,False
B,1884,63370679,encoded,,38859,False
A,1886,63402070,encoded,,7111,False
B,1885,63404021,encoded,,1977,False
A,1887,63435406,encoded,,15361,False
B,1886,63437355,encoded,,10022,False
A,1888,63468738,encoded,,16667,False
B,1887,63470689,encoded,,15808,False
A,1889,63502071,encoded,,16667,False
B,1888,63504026,encoded,,16667,False
A,1890,63535405,encoded,,16666,False
B,1889,63537358,encoded,,16667,False
A,1891,63568734,encoded,,125317,True
B,1890,63570677,encoded,,16666,False
A,1892,63602067,encoded,,17214,False
B,1891,63604025,encoded,,120126,True
A,1893,63635408,encoded,,11260,False
B,1892,63637346,encoded,,17167,False
A,1894,63668737,encoded,,19303,False
B,1893,63670682,encoded,,12463,False
A,1895,63702075,encoded,,17791,False
B,1894,63704030,encoded,,19957,False
A,1896,63735403,encoded,,23766,False
B,1895,63737356,encoded,,15871,False
A,1897,63768740,encoded,,19942,False
B,1896,63770696,encoded,,22769,False
A,1898,63802071,encoded,,12704,False
B,1897,63804027,encoded,,12671,False
A,1899,63835409,encoded,,9602,False
B,1898,63837359,encoded,,14567,False
A,1900,63868739,encoded,,8184,False
B,1899,63870690,encoded,,20701,False
A,1901,63902075,encoded,,20053,False
B,1900,63904016,encoded,,17119,False
A,1902,63935405,encoded,,4888,False
B,1901,63937348,encoded,,16918,False
A,1903,63968738,encoded,,23598,False
B,1902,63970684,encoded,,15730,False
A,1904,64002081,encoded,,2916,False
B,1903,64004018,encoded,,7119,False
A,1905,64035411,encoded,,16362,False
B,1904,64037353,encoded,,14113,False
A,1906,64068743,encoded,,11687,False
B,1905,64070686,encoded,,10361,False
A,1907,64102074,encoded,,9914,False
B,1906,64104022,encoded,,9404,False
A,1908,64135408,encoded,,9758,False
B,1907,64137357,encoded,,7700,False
A,1909,64168748,encoded,,9664,False
B,1908,64170686,encoded,,7670,False
A,1910,64202086,encoded,,8780,False
B,1909,64204034,encoded,,7853,False
A,1911,64235413,encoded,,8388,False
B,1910,64237353,encoded,,7454,False
A,1912,64268741,encoded,,8244,False
B,1911,64270696,encoded,,6800,False
A,1913,64302084,encoded,,8288,False
B,1912,64304031,encoded,,7120,False
A,1914,64335417,encoded,,7864,False
B,1913,64337362,encoded,,6229,False
A,1915,64368747,encoded,,7642,False
B,1914,64370698,encoded,,6063,False
A,1916,64402077,encoded,,10205,False
B,1915,64404018,encoded,,12722,False
A,1917,64435424,encoded,,16666,False
B,1916,64437372,encoded,,22871,False
A,1918,64468744,encoded,,28717,False
B,1917,64470685,encoded,,28809,False
A,1919,64502076,encoded,,4617,False
B,1918,64504031,encoded,,1955,False
A,1920,64535412,encoded,,16666,False
B,1919,64537354,encoded,,13032,False
B,1920,64570688,encoded,,16666,False
A,1921,64568752,encoded,,125415,True
A,1922,64602077,encoded,,20324,False
B,1921,64604019,encoded,,120000,True
A,1923,64635414,encoded,,10537,False
B,1922,64637360,encoded,,17623,False
A,1924,64668746,encoded,,17242,False
B,1923,64670688,encoded,,12998,False
A,1925,64702080,encoded,,17625,False
B,1924,64704022,encoded,,16403,False
A,1926,64735410,encoded,,23383,False
B,1925,64737357,encoded,,9838,False
A,1927,64768743,encoded,,20846,False
B,1926,64770691,encoded,,21942,False
A,1928,64802091,encoded,,11239,False
B,1927,64804030,encoded,,13243,False
A,1929,64835411,encoded,,9093,False
B,1928,64837364,encoded,,13365,False
A,1930,64868745,encoded,,8015,False
B,1929,64870690,encoded,,13648,False
A,1931,64902079,encoded,,19822,False
B,1930,64904022,encoded,,18297,False
A,1932,64935413,encoded,,22012,False
B,1931,64937356,encoded,,16727,False
A,1933,64968746,encoded,,2775,False
B,1932,64970702,encoded,,16076,False
A,1934,65002094,encoded,,16465,False
B,1933,65004034,encoded,,22374,False
A,1935,65035414,encoded,,11587,False
B,1934,65037370,encoded,,9772,False
A,1936,65068749,encoded,,10298,False
B,1935,65070702,encoded,,8615,False
A,1937,65102092,encoded,,9758,False
B,1936,65104037,encoded,,7855,False
A,1938,65135420,encoded,,10021,False
B,1937,65137357,encoded,,7325,False
A,1939,65168756,encoded,,9016,False
B,1938,65170693,encoded,,7169,False
B,1939,65204025,encoded,,6745,False
A,1940,65202087,encoded,,8427,False
A,1941,65235415,encoded,,8156,False
B,1940,65237363,encoded,,6384,False
A,1942,65268748,encoded,,7824,False
B,1941,65270694,encoded,,6089,False
A,1943,65302083,encoded,,7968,False
B,1942,65304031,encoded,,5938,False
A,1944,65335423,encoded,,7784,False
B,1943,65337360,encoded,,5843,False
A,1945,65368750,encoded,,7865,False
B,1944,65370700,encoded,,15731,False
A,1946,65402088,encoded,,9837,False
B,1945,65404039,encoded,,31254,False
A,1947,65435420,encoded,,16666,False
B,1946,65437367,encoded,,4283,False
A,1948,65468755,encoded,,24417,False
B,1947,65470695,encoded,,14463,False
A,1949,65502096,encoded,,8917,False
B,1948,65504032,encoded,,16667,False
A,1950,65535423,encoded,,16666,False
B,1949,65537359,encoded,,16667,False
A,1951,65568751,encoded,,125656,True
B,1950,65570699,encoded,,16666,False
A,1952,65602083,encoded,,9207,False
B,1951,65604039,encoded,,134372,True
A,1953,65635418,encoded,,26121,False
B,1952,65637369,encoded,,15583,False
B,1953,65670703,encoded,,11748,False
A,1954,65668754,encoded,,15628,False
A,1955,65702084,encoded,,20591,False
B,1954,65704041,encoded,,19435,False
A,1956,65735426,encoded,,21336,False
B,1955,65737375,encoded,,14500,False
A,1957,65768753,encoded,,18557,False
B,1956,65770710,encoded,,21160,False
A,1958,65802091,encoded,,11092,False
B,1957,65804030,encoded,,16941,False
A,1959,65835419,encoded,,8660,False
B,1958,65837364,encoded,,16944,False
A,1960,65868764,encoded,,8429,False
B,1959,65870728,encoded,,14612,False
A,1961,65902087,encoded,,21772,False
B,1960,65904032,encoded,,9373,False
A,1962,65935418,encoded,,20203,False
B,1961,65937377,encoded,,17651,False
B,1962,65970707,encoded,,11597,False
A,1963,65968755,encoded,,13308,False
A,1964,66002092,encoded,,12053,False
B,1963,66004032,encoded,,10267,False
A,1965,66035421,encoded,,10640,False
B,1964,66037366,encoded,,9304,False
B,1965,66070708,encoded,,8543,False
A,1966,66068756,encoded,,10009,False
A,1967,66102092,encoded,,9488,False
B,1966,66104033,encoded,,8198,False
A,1968,66135428,encoded,,9370,False
B,1967,66137367,encoded,,7599,False
A,1969,66168768,encoded,,8932,False
B,1968,66170703,encoded,,7119,False
B,1969,66204035,encoded,,5998,False
A,1970,66202093,encoded,,8476,False
A,1971,66235424,encoded,,8147,False
B,1970,66237368,encoded,,5663,False
A,1972,66268756,encoded,,7938,False
B,1971,66270700,encoded,,5475,False
A,1973,66302092,encoded,,7460,False
B,1972,66304035,encoded,,5116,False
A,1974,66335438,encoded,,7471,False
B,1973,66337383,encoded,,6136,False
A,1975,66368764,encoded,,7286,False
B,1974,66370701,encoded,,16916,False
A,1976,66402096,encoded,,7065,False
B,1975,66404037,encoded,,27787,False
A,1977,66435426,encoded,,15105,False
B,1976,66437368,encoded,,5297,False
A,1978,66468761,encoded,,16667,False
B,1977,66470705,encoded,,16666,False
A,1979,66502100,encoded,,16667,False
B,1978,66504036,encoded,,16667,False
A,1980,66535430,encoded,,16666,False
B,1979,66537379,encoded,,16667,False
A,1981,66568758,encoded,,125396,True
B,1980,66570703,encoded,,16666,False
A,1982,66602097,encoded,,23558,False
B,1981,66604049,encoded,,120020,True
A,1983,66635427,encoded,,9204,False
B,1982,66637383,encoded,,19578,False
A,1984,66668759,encoded,,17312,False
B,1983,66670704,encoded,,15528,False
A,1985,66702093,encoded,,17184,False
B,1984,66704038,encoded,,19642,False
A,1986,66735431,encoded,,23369,False
B,1985,66737371,encoded,,16874,False
A,1987,66768771,encoded,,19773,False
B,1986,66770720,encoded,,23316,False
A,1988,66802093,encoded,,11528,False
B,1987,66804038,encoded,,14856,False
B,1988,66837385,encoded,,13625,False
A,1989,66835428,encoded,,9397,False
A,1990,66868768,encoded,,7956,False
B,1989,66870715,encoded,,16358,False
A,1991,66902095,encoded,,20146,False
B,1990,66904045,encoded,,16476,False
A,1992,66935433,encoded,,21154,False
B,1991,66937373,encoded,,14261,False
A,1993,66968763,encoded,,14074,False
B,1992,66970706,encoded,,9451,False
B,1993,67004058,encoded,,8324,False
A,1994,67002097,encoded,,12168,False
A,1995,67035431,encoded,,11000,False
B,1994,67037377,encoded,,16407,False
A,1996,67068763,encoded,,10222,False
B,1995,67070720,encoded,,11075,False
A,1997,67102100,encoded,,9364,False
B,1996,67104046,encoded,,9848,False
A,1998,67135428,encoded,,8954,False
B,1997,67137376,encoded,,10088,False
A,1999,67168772,encoded,,9514,False
B,1998,67170710,encoded,,8456,False
A,2000,67202114,encoded,,8791,False
B,1999,67204053,encoded,,7333,False
A,2001,67235431,encoded,,8465,False
B,2000,67237378,encoded,,7089,False
A,2002,67268777,encoded,,7921,False
B,2001,67270721,encoded,,6604,False
A,2003,67302105,encoded,,7664,False
B,2002,67304043,encoded,,6647,False
A,2004,67335450,encoded,,7402,False
B,2003,67337381,encoded,,6504,False
A,2005,67368778,encoded,,7301,False
B,2004,67370729,encoded,,7018,False
A,2006,67402107,encoded,,7187,False
B,2005,67404047,encoded,,11289,False
A,2007,67435436,encoded,,13996,False
B,2006,67437380,encoded,,16667,False
A,2008,67468770,encoded,,19449,False
B,2007,67470711,encoded,,16666,False
A,2009,67502110,encoded,,13885,False
B,2008,67504046,encoded,,16667,False
A,2010,67535437,encoded,,16666,False
B,2009,67537390,encoded,,16667,False
A,2011,67568776,encoded,,125669,True
B,2010,67570721,encoded,,16666,False
A,2012,67602105,encoded,,23906,False
B,2011,67604058,encoded,,120041,True
A,2013,67635446,encoded,,9673,False
B,2012,67637392,encoded,,19582,False
A,2014,67668788,encoded,,14895,False
B,2013,67670726,encoded,,15860,False
A,2015,67702115,encoded,,17877,False
B,2014,67704059,encoded,,16830,False
A,2016,67735445,encoded,,23459,False
B,2015,67737383,encoded,,13482,False
A,2017,67768776,encoded,,20488,False
B,2016,67770722,encoded,,22794,False
A,2018,67802107,encoded,,11447,False
B,2017,67804057,encoded,,13456,False
A,2019,67835473,encoded,,9149,False
B,2018,67837382,encoded,,14348,False
A,2020,67868782,encoded,,8071,False
B,2019,67870716,encoded,,14691,False
A,2021,67902110,encoded,,20798,False
B,2020,67904050,encoded,,16888,False
A,2022,67935441,encoded,,20858,False
B,2021,67937385,encoded,,19203,False
A,2023,67968774,encoded,,13424,False
B,2022,67970716,encoded,,21444,False
A,2024,68002107,encoded,,11725,False
B,2023,68004051,encoded,,9935,False
A,2025,68035437,encoded,,10736,False
B,2024,68037383,encoded,,8910,False
A,2026,68068775,encoded,,9716,False
B,2025,68070718,encoded,,8723,False
A,2027,68102103,encoded,,9600,False
B,2026,68104050,encoded,,7599,False
A,2028,68135447,encoded,,8991,False
B,2027,68137385,encoded,,6833,False
A,2029,68168773,encoded,,8570,False
B,2028,68170736,encoded,,6533,False
A,2030,68202108,encoded,,8437,False
B,2029,68204051,encoded,,6225,False
A,2031,68235438,encoded,,8013,False
B,2030,68237398,encoded,,6028,False
A,2032,68268784,encoded,,7706,False
B,2031,68270722,encoded,,5514,False
B,2032,68304052,encoded,,4989,False
A,2033,68302105,encoded,,7430,False
B,2033,68337394,encoded,,4836,False
A,2034,68335448,encoded,,7408,False
B,2034,68370724,encoded,,15256,False
A,2035,68368819,encoded,,7341,False
A,2036,68402114,encoded,,7947,False
B,2035,68404051,encoded,,29602,False
A,2037,68435438,encoded,,16666,False
B,2036,68437399,encoded,,11486,False
A,2038,68468777,encoded,,37148,False
B,2037,68470720,encoded,,8912,False
A,2039,68502111,encoded,,4094,False
B,2038,68504055,encoded,,16667,False
A,2040,68535446,encoded,,8758,False
B,2039,68537395,encoded,,16667,False
A,2041,68568778,encoded,,125598,True
B,2040,68570719,encoded,,16666,False
A,2042,68602111,encoded,,17757,False
B,2041,68604052,encoded,,134178,True
A,2043,68635442,encoded,,7085,False
B,2042,68637387,encoded,,12724,False
A,2044,68668782,encoded,,23880,False
B,2043,68670731,encoded,,12755,False
A,2045,68702109,encoded,,17705,False
B,2044,68704055,encoded,,21761,False
A,2046,68735441,encoded,,23601,False
B,2045,68737388,encoded,,14811,False
A,2047,68768774,encoded,,21333,False
B,2046,68770733,encoded,,21593,False
A,2048,68802111,encoded,,11892,False
B,2047,68804056,encoded,,17780,False
A,2049,68835444,encoded,,9282,False
B,2048,68837390,encoded,,13158,False
B,2049,68870723,encoded,,14054,False
A,2050,68868778,encoded,,8490,False
A,2051,68902110,encoded,,20546,False
B,2050,68904057,encoded,,14151,False
A,2052,68935448,encoded,,15308,False
B,2051,68937403,encoded,,19263,False
A,2053,68968786,encoded,,18127,False
B,2052,68970722,encoded,,5592,False
A,2054,69002110,encoded,,12449,False
B,2053,69004064,encoded,,12814,False
A,2055,69035450,encoded,,10984,False
B,2054,69037394,encoded,,8723,False
B,2055,69070724,encoded,,8643,False
A,2056,69068779,encoded,,10188,False
A,2057,69102117,encoded,,10380,False
B,2056,69104059,encoded,,7907,False
A,2058,69135448,encoded,,9041,False
B,2057,69137393,encoded,,6540,False
A,2059,69168779,encoded,,8764,False
B,2058,69170730,encoded,,6900,False
A,2060,69202114,encoded,,8167,False
B,2059,69204060,encoded,,6522,False
A,2061,69235452,encoded,,8136,False
B,2060,69237394,encoded,,6037,False
A,2062,69268780,encoded,,7926,False
B,2061,69270726,encoded,,5771,False
A,2063,69302114,encoded,,7556,False
B,2062,69304064,encoded,,5497,False
A,2064,69335449,encoded,,7611,False
B,2063,69337407,encoded,,6160,False
A,2065,69368781,encoded,,7480,False
B,2064,69370739,encoded,,16666,False
A,2066,69402115,encoded,,7147,False
B,2065,69404072,encoded,,30872,False
A,2067,69435449,encoded,,13567,False
B,2066,69437394,encoded,,3540,False
A,2068,69468782,encoded,,16667,False
B,2067,69470728,encoded,,15588,False
A,2069,69502120,encoded,,16667,False
B,2068,69504064,encoded,,16667,False
A,2070,69535449,encoded,,16666,False
B,2069,69537398,encoded,,16667,False
A,2071,69568779,encoded,,125565,True
B,2070,69570735,encoded,,16666,False
A,2072,69602117,encoded,,23826,False
B,2071,69604064,encoded,,119807,True
A,2073,69635456,encoded,,9036,False
B,2072,69637397,encoded,,20092,False
A,2074,69668783,encoded,,13779,False
B,2073,69670730,encoded,,18097,False
A,2075,69702115,encoded,,19525,False
B,2074,69704070,encoded,,16472,False
A,2076,69735449,encoded,,10628,False
B,2075,69737396,encoded,,17602,False
A,2077,69768782,encoded,,9534,False
B,2076,69770743,encoded,,23037,False
A,2078,69802118,encoded,,8688,False
B,2077,69804065,encoded,,18016,False
A,2079,69835454,encoded,,27887,False
B,2078,69837398,encoded,,16215,False
A,2080,69868789,encoded,,19014,False
B,2079,69870731,encoded,,21042,False
A,2081,69902123,encoded,,14428,False
B,2080,69904073,encoded,,10270,False
A,2082,69935458,encoded,,17584,False
B,2081,69937409,encoded,,9341,False
A,2083,69968788,encoded,,19285,False
B,2082,69970732,encoded,,17101,False
A,2084,70002120,encoded,,2785,False
B,2083,70004070,encoded,,11283,False
A,2085,70035457,encoded,,15058,False
B,2084,70037401,encoded,,9658,False
A,2086,70068785,encoded,,11569,False
B,2085,70070733,encoded,,9097,False
A,2087,70102125,encoded,,9853,False
B,2086,70104078,encoded,,8235,False
A,2088,70135454,encoded,,9012,False
B,2087,70137409,encoded,,7977,False
A,2089,70168786,encoded,,8658,False
B,2088,70170740,encoded,,6943,False
A,2090,70202120,encoded,,8421,False
B,2089,70204078,encoded,,6441,False
A,2091,70235460,encoded,,8216,False
B,2090,70237399,encoded,,6342,False
A,2092,70268788,encoded,,7727,False
B,2091,70270735,encoded,,6264,False
A,2093,70302123,encoded,,7404,False
B,2092,70304071,encoded,,6158,False
A,2094,70335458,encoded,,7492,False
B,2093,70337402,encoded,,6115,False
A,2095,70368793,encoded,,7602,False
B,2094,70370738,encoded,,8395,False
A,2096,70402128,encoded,,10758,False
B,2095,70404070,encoded,,16667,False
A,2097,70435458,encoded,,16666,False
B,2096,70437419,encoded,,31252,False
A,2098,70468796,encoded,,16667,False
B,2097,70470739,encoded,,3956,False
A,2099,70502128,encoded,,16667,False
B,2098,70504084,encoded,,14792,False
A,2100,70535459,encoded,,16666,False
B,2099,70537406,encoded,,16667,False
A,2101,70568789,encoded,,125398,True
B,2100,70570741,encoded,,16666,False
A,2102,70602123,encoded,,23103,False
B,2101,70604083,encoded,,119878,True
A,2103,70635463,encoded,,8532,False
B,2102,70637421,encoded,,19436,False
A,2104,70668791,encoded,,20204,False
B,2103,70670749,encoded,,10569,False
A,2105,70702135,encoded,,19063,False
B,2104,70704087,encoded,,14775,False
B,2105,70737406,encoded,,19078,False
A,2106,70735458,encoded,,19233,False
A,2107,70768795,encoded,,18962,False
B,2106,70770739,encoded,,17911,False
A,2108,70802125,encoded,,10925,False
B,2107,70804075,encoded,,11024,False
A,2109,70835461,encoded,,9138,False
B,2108,70837434,encoded,,15755,False
A,2110,70868793,encoded,,21868,False
B,2109,70870743,encoded,,20827,False
A,2111,70902130,encoded,,4993,False
B,2110,70904072,encoded,,20323,False
A,2112,70935465,encoded,,16796,False
B,2111,70937410,encoded,,15333,False
B,2112,70970740,encoded,,18340,False
A,2113,70968799,encoded,,17718,False
A,2114,71002126,encoded,,12173,False
B,2113,71004074,encoded,,6755,False
A,2115,71035464,encoded,,10527,False
B,2114,71037407,encoded,,13327,False
A,2116,71068793,encoded,,10624,False
B,2115,71070742,encoded,,9351,False
A,2117,71102131,encoded,,9353,False
B,2116,71104076,encoded,,7547,False
A,2118,71135463,encoded,,8933,False
B,2117,71137414,encoded,,7237,False
A,2119,71168801,encoded,,9287,False
B,2118,71170749,encoded,,6922,False
A,2120,71202129,encoded,,8612,False
B,2119,71204080,encoded,,6884,False
A,2121,71235467,encoded,,8185,False
B,2120,71237414,encoded,,6459,False
A,2122,71268798,encoded,,8313,False
B,2121,71270746,encoded,,6541,False
A,2123,71302135,encoded,,8291,False
B,2122,71304078,encoded,,6492,False
A,2124,71335462,encoded,,7616,False
B,2123,71337412,encoded,,6088,False
A,2125,71368801,encoded,,7729,False
B,2124,71370757,encoded,,13148,False
A,2126,71402129,encoded,,8009,False
B,2125,71404088,encoded,,21212,False
A,2127,71435474,encoded,,16415,False
B,2126,71437426,encoded,,12348,False
A,2128,71468796,encoded,,29397,False
B,2127,71470755,encoded,,16440,False
A,2129,71502143,encoded,,4416,False
B,2128,71504089,encoded,,16667,False
A,2130,71535464,encoded,,16187,False
B,2129,71537430,encoded,,16667,False
A,2131,71568798,encoded,,125618,True
B,2130,71570763,encoded,,16666,False
A,2132,71602128,encoded,,20088,False
B,2131,71604085,encoded,,134164,True
A,2133,71635469,encoded,,10467,False
B,2132,71637420,encoded,,15989,False
A,2134,71668803,encoded,,17102,False
B,2133,71670748,encoded,,14323,False
A,2135,71702141,encoded,,10361,False
B,2134,71704084,encoded,,16414,False
A,2136,71735466,encoded,,25347,False
B,2135,71737422,encoded,,13949,False
B,2136,71770755,encoded,,21147,False
A,2137,71768803,encoded,,17559,False
A,2138,71802130,encoded,,17381,False
B,2137,71804091,encoded,,17894,False
B,2138,71837423,encoded,,12642,False
A,2139,71835470,encoded,,10431,False
A,2140,71868800,encoded,,8781,False
B,2139,71870747,encoded,,18975,False
A,2141,71902134,encoded,,20270,False
B,2140,71904081,encoded,,20701,False
A,2142,71935465,encoded,,22066,False
B,2141,71937432,encoded,,5491,False
A,2143,71968814,encoded,,13446,False
B,2142,71970761,encoded,,13791,False
A,2144,72002134,encoded,,12061,False
B,2143,72004093,encoded,,9906,False
A,2145,72035471,encoded,,10665,False
B,2144,72037430,encoded,,8964,False
A,2146,72068804,encoded,,10199,False
B,2145,72070751,encoded,,8762,False
A,2147,72102137,encoded,,9486,False
B,2146,72104091,encoded,,8873,False
A,2148,72135471,encoded,,9369,False
B,2147,72137424,encoded,,8014,False
A,2149,72168806,encoded,,8885,False
B,2148,72170752,encoded,,7003,False
A,2150,72202135,encoded,,8644,False
B,2149,72204086,encoded,,7255,False
A,2151,72235470,encoded,,8685,False
B,2150,72237416,encoded,,6223,False
A,2152,72268804,encoded,,8113,False
B,2151,72270761,encoded,,5812,False
A,2153,72302136,encoded,,8083,False
B,2152,72304097,encoded,,5577,False
B,2153,72337418,encoded,,5206,False
A,2154,72335469,encoded,,7573,False
A,2155,72368803,encoded,,7329,False
B,2154,72370754,encoded,,12925,False
A,2156,72402138,encoded,,7396,False
B,2155,72404086,encoded,,39203,False
A,2157,72435473,encoded,,14595,False
B,2156,72437432,encoded,,9080,False
A,2158,72468812,encoded,,18831,False
B,2157,72470763,encoded,,3564,False
A,2159,72502135,encoded,,14503,False
B,2158,72504099,encoded,,14820,False
A,2160,72535473,encoded,,16666,False
B,2159,72537441,encoded,,16667,False
A,2161,72568806,encoded,,125497,True
B,2160,72570758,encoded,,16666,False
A,2162,72602138,encoded,,23208,False
B,2161,72604089,encoded,,119992,True
B,2162,72637426,encoded,,16297,False
A,2163,72635475,encoded,,9628,False
A,2164,72668812,encoded,,14446,False
B,2163,72670758,encoded,,18428,False
A,2165,72702141,encoded,,17777,False
B,2164,72704087,encoded,,19957,False
A,2166,72735475,encoded,,23113,False
B,2165,72737423,encoded,,16430,False
A,2167,72768808,encoded,,20395,False
B,2166,72770769,encoded,,23822,False
A,2168,72802149,encoded,,11243,False
B,2167,72804091,encoded,,13869,False
B,2168,72837424,encoded,,15280,False
A,2169,72835474,encoded,,9272,False
A,2170,72868808,encoded,,8517,False
B,2169,72870756,encoded,,15769,False
A,2171,72902159,encoded,,22252,False
B,2170,72904092,encoded,,13526,False
A,2172,72935475,encoded,,19920,False
B,2171,72937427,encoded,,22480,False
B,2172,72970758,encoded,,15175,False
A,2173,72968825,encoded,,13093,False
A,2174,73002146,encoded,,11621,False
B,2173,73004091,encoded,,10304,False
A,2175,73035485,encoded,,10503,False
B,2174,73037438,encoded,,9757,False
A,2176,73068810,encoded,,9887,False
B,2175,73070758,encoded,,8247,False
A,2177,73102152,encoded,,9326,False
B,2176,73104090,encoded,,6984,False
A,2178,73135484,encoded,,9143,False
B,2177,73137427,encoded,,7207,False
B,2178,73170766,encoded,,6085,False
A,2179,73168808,encoded,,8676,False
A,2180,73202148,encoded,,9169,False
B,2179,73204094,encoded,,6285,False
A,2181,73235477,encoded,,8751,False
B,2180,73237427,encoded,,5553,False
A,2182,73268813,encoded,,8325,False
B,2181,73270761,encoded,,5212,False
A,2183,73302145,encoded,,7713,False
B,2182,73304095,encoded,,5266,False
A,2184,73335484,encoded,,7318,False
B,2183,73337427,encoded,,5108,False
A,2185,73368811,encoded,,7243,False
B,2184,73370763,encoded,,12967,False
A,2186,73402154,encoded,,7298,False
B,2185,73404109,encoded,,20728,False
A,2187,73435478,encoded,,16666,False
B,2186,73437430,encoded,,12606,False
A,2188,73468811,encoded,,37456,False
B,2187,73470762,encoded,,16666,False
A,2189,73502146,encoded,,3931,False
B,2188,73504094,encoded,,16667,False
A,2190,73535488,encoded,,8613,False
B,2189,73537431,encoded,,16667,False
B,2190,73570766,encoded,,16666,False
A,2191,73568814,encoded,,125557,True
A,2192,73602154,encoded,,17490,False
B,2191,73604097,encoded,,120025,True
A,2193,73635483,encoded,,7043,False
B,2192,73637438,encoded,,19480,False
A,2194,73668813,encoded,,23201,False
B,2193,73670763,encoded,,10476,False
A,2195,73702146,encoded,,9166,False
B,2194,73704097,encoded,,19698,False
A,2196,73735487,encoded,,26439,False
B,2195,73737431,encoded,,15972,False
A,2197,73768815,encoded,,16946,False
B,2196,73770764,encoded,,22060,False
A,2198,73802154,encoded,,18447,False
B,2197,73804097,encoded,,13423,False
A,2199,73835481,encoded,,10447,False
B,2198,73837433,encoded,,12494,False
A,2200,73868816,encoded,,8838,False
B,2199,73870766,encoded,,14870,False
A,2201,73902153,encoded,,20870,False
B,2200,73904121,encoded,,15017,False
A,2202,73935487,encoded,,6347,False
B,2201,73937431,encoded,,15016,False
A,2203,73968815,encoded,,5611,False
B,2202,73970764,encoded,,11810,False
A,2204,74002156,encoded,,23634,False
B,2203,74004101,encoded,,12838,False
A,2205,74035483,encoded,,13242,False
B,2204,74037433,encoded,,19798,False
A,2206,74068820,encoded,,11307,False
B,2205,74070767,encoded,,9972,False
A,2207,74102152,encoded,,10831,False
B,2206,74104106,encoded,,9182,False
B,2207,74137480,encoded,,8970,False
A,2208,74135492,encoded,,10135,False
A,2209,74168821,encoded,,9366,False
B,2208,74170776,encoded,,8993,False
A,2210,74202152,encoded,,9076,False
B,2209,74204106,encoded,,7362,False
A,2211,74235486,encoded,,8031,False
B,2210,74237451,encoded,,6800,False
A,2212,74268819,encoded,,8579,False
B,2211,74270775,encoded,,6147,False
A,2213,74302156,encoded,,7782,False
B,2212,74304105,encoded,,6146,False
A,2214,74335489,encoded,,7779,False
B,2213,74337450,encoded,,6154,False
A,2215,74368822,encoded,,8075,False
B,2214,74370784,encoded,,7297,False
A,2216,74402160,encoded,,9095,False
B,2215,74404107,encoded,,16667,False
A,2217,74435488,encoded,,16666,False
B,2216,74437438,encoded,,30845,False
A,2218,74468825,encoded,,38277,False
B,2217,74470787,encoded,,4190,False
B,2218,74504119,encoded,,14965,False
A,2219,74502171,encoded,,4111,False
A,2220,74535492,encoded,,7612,False
B,2219,74537445,encoded,,16667,False
A,2221,74568821,encoded,,125492,True
B,2220,74570770,encoded,,16666,False
A,2222,74602167,encoded,,18174,False
B,2221,74604116,encoded,,134100,True
A,2223,74635485,encoded,,6680,False
B,2222,74637457,encoded,,11613,False
A,2224,74668828,encoded,,22937,False
B,2223,74670785,encoded,,12968,False
A,2225,74702162,encoded,,17871,False
B,2224,74704116,encoded,,22134,False
A,2226,74735488,encoded,,24601,False
B,2225,74737441,encoded,,11798,False
A,2227,74768836,encoded,,21334,False
B,2226,74770792,encoded,,21073,False
A,2228,74802173,encoded,,11620,False
B,2227,74804114,encoded,,15064,False
A,2229,74835489,encoded,,9608,False
B,2228,74837439,encoded,,13908,False
A,2230,74868827,encoded,,8149,False
B,2229,74870784,encoded,,12890,False
A,2231,74902157,encoded,,7747,False
B,2230,74904125,encoded,,11327,False
A,2232,74935495,encoded,,19288,False
B,2231,74937457,encoded,,16621,False
A,2233,74968823,encoded,,20168,False
B,2232,74970782,encoded,,18682,False
A,2234,75002157,encoded,,13160,False
B,2233,75004120,encoded,,6100,False
A,2235,75035502,encoded,,11573,False
B,2234,75037457,encoded,,12916,False
A,2236,75068830,encoded,,11620,False
B,2235,75070789,encoded,,9861,False
A,2237,75102168,encoded,,10287,False
B,2236,75104118,encoded,,8508,False
B,2237,75137441,encoded,,8335,False
A,2238,75135499,encoded,,10115,False
A,2239,75168827,encoded,,8810,False
B,2238,75170778,encoded,,7512,False
B,2239,75204112,encoded,,6918,False
A,2240,75202165,encoded,,9143,False
A,2241,75235492,encoded,,8418,False
B,2240,75237449,encoded,,6058,False
A,2242,75268829,encoded,,8573,False
B,2241,75270779,encoded,,6352,False
A,2243,75302161,encoded,,8000,False
B,2242,75304110,encoded,,6130,False
A,2244,75335499,encoded,,7689,False
B,2243,75337446,encoded,,6080,False
A,2245,75368831,encoded,,7687,False
B,2244,75370778,encoded,,13052,False
A,2246,75402165,encoded,,7605,False
B,2245,75404117,encoded,,22368,False
A,2247,75435494,encoded,,13651,False
B,2246,75437444,encoded,,13666,False
A,2248,75468834,encoded,,16667,False
B,2247,75470783,encoded,,13966,False
A,2249,75502162,encoded,,16667,False
B,2248,75504127,encoded,,16667,False
A,2250,75535499,encoded,,16666,False
B,2249,75537461,encoded,,16667,False
A,2251,75568828,encoded,,125556,True
B,2250,75570788,encoded,,16666,False
A,2252,75602171,encoded,,23826,False
B,2251,75604126,encoded,,120051,True
A,2253,75635503,encoded,,8661,False
B,2252,75637459,encoded,,17260,False
A,2254,75668835,encoded,,16618,False
B,2253,75670792,encoded,,18151,False
A,2255,75702174,encoded,,17554,False
B,2254,75704129,encoded,,19375,False
A,2256,75735493,encoded,,23020,False
B,2255,75737446,encoded,,13277,False
A,2257,75768838,encoded,,20458,False
B,2256,75770780,encoded,,25328,False
A,2258,75802162,encoded,,10991,False
B,2257,75804113,encoded,,18355,False
A,2259,75835498,encoded,,9090,False
B,2258,75837454,encoded,,16042,False
A,2260,75868837,encoded,,7945,False
B,2259,75870783,encoded,,13706,False
A,2261,75902167,encoded,,19631,False
B,2260,75904117,encoded,,11610,False
A,2262,75935503,encoded,,22394,False
B,2261,75937455,encoded,,21251,False
A,2263,75968838,encoded,,2839,False
B,2262,75970786,encoded,,7936,False
A,2264,76002165,encoded,,16339,False
B,2263,76004117,encoded,,15998,False
A,2265,76035499,encoded,,11812,False
B,2264,76037450,encoded,,11555,False
A,2266,76068833,encoded,,10429,False
B,2265,76070785,encoded,,9620,False
A,2267,76102171,encoded,,9712,False
B,2266,76104120,encoded,,8409,False
A,2268,76135501,encoded,,9374,False
B,2267,76137451,encoded,,8017,False
A,2269,76168835,encoded,,9387,False
B,2268,76170786,encoded,,7554,False
A,2270,76202166,encoded,,8583,False
B,2269,76204120,encoded,,7204,False
B,2270,76237462,encoded,,6507,False
A,2271,76235500,encoded,,8162,False
A,2272,76268837,encoded,,7826,False
B,2271,76270791,encoded,,5881,False
A,2273,76302178,encoded,,7626,False
B,2272,76304120,encoded,,5678,False
A,2274,76335503,encoded,,7403,False
B,2273,76337456,encoded,,5898,False
A,2275,76368834,encoded,,7028,False
B,2274,76370787,encoded,,5628,False
A,2276,76402168,encoded,,11070,False
B,2275,76404122,encoded,,16376,False
A,2277,76435508,encoded,,16666,False
B,2276,76437453,encoded,,37463,False
A,2278,76468837,encoded,,19127,False
B,2277,76470788,encoded,,2644,False
A,2279,76502170,encoded,,14207,False
B,2278,76504120,encoded,,9985,False
A,2280,76535505,encoded,,16666,False
B,2279,76537456,encoded,,16575,False
A,2281,76568835,encoded,,125440,True
B,2280,76570795,encoded,,16666,False
A,2282,76602170,encoded,,6920,False
B,2281,76604122,encoded,,134011,True
A,2283,76635509,encoded,,21601,False
B,2282,76637453,encoded,,15781,False
A,2284,76668843,encoded,,14577,False
B,2283,76670793,encoded,,14341,False
A,2285,76702189,encoded,,12998,False
B,2284,76704134,encoded,,16445,False
A,2286,76735503,encoded,,20507,False
B,2285,76737464,encoded,,10760,False
B,2286,76770788,encoded,,23259,False
A,2287,76768837,encoded,,13810,False
A,2288,76802175,encoded,,18319,False
B,2287,76804125,encoded,,17993,False
A,2289,76835511,encoded,,14813,False
B,2288,76837471,encoded,,17207,False
A,2290,76868838,encoded,,9352,False
B,2289,76870789,encoded,,11747,False
A,2291,76902178,encoded,,21050,False
B,2290,76904124,encoded,,17982,False
A,2292,76935507,encoded,,22102,False
B,2291,76937472,encoded,,14646,False
A,2293,76968845,encoded,,2816,False
B,2292,76970800,encoded,,11103,False
A,2294,77002175,encoded,,16914,False
B,2293,77004127,encoded,,10092,False
A,2295,77035510,encoded,,11998,False
B,2294,77037457,encoded,,8717,False
A,2296,77068839,encoded,,10797,False
B,2295,77070790,encoded,,7470,False
A,2297,77102179,encoded,,10216,False
B,2296,77104144,encoded,,6897,False
A,2298,77135508,encoded,,10078,False
B,2297,77137458,encoded,,6631,False
A,2299,77168848,encoded,,9112,False
B,2298,77170809,encoded,,6228,False
A,2300,77202179,encoded,,8754,False
B,2299,77204140,encoded,,5838,False
A,2301,77235513,encoded,,8003,False
B,2300,77237457,encoded,,5958,False
A,2302,77268843,encoded,,8102,False
B,2301,77270794,encoded,,5397,False
A,2303,77302183,encoded,,7543,False
B,2302,77304137,encoded,,5516,False
A,2304,77335510,encoded,,7985,False
B,2303,77337460,encoded,,9315,False
A,2305,77368848,encoded,,7472,False
B,2304,77370895,encoded,,16666,False
A,2306,77402176,encoded,,12055,False
B,2305,77404139,encoded,,29900,False
A,2307,77435514,encoded,,16666,False
B,2306,77437470,encoded,,3434,False
B,2307,77470795,encoded,,16666,False
A,2308,77468844,encoded,,16667,False
A,2309,77502175,encoded,,16667,False
B,2308,77504139,encoded,,16667,False
A,2310,77535511,encoded,,16666,False
B,2309,77537473,encoded,,16667,False
A,2311,77568847,encoded,,116578,True
B,2310,77570839,encoded,,16666,False
B,2311,77604128,encoded,,119858,True
A,2312,77602177,encoded,,20882,False
A,2313,77635529,encoded,,14072,False
B,2312,77637472,encoded,,16293,False
A,2314,77668845,encoded,,23795,False
B,2313,77670809,encoded,,18433,False
A,2315,77702187,encoded,,20086,False
B,2314,77704150,encoded,,19103,False
A,2316,77735512,encoded,,23951,False
B,2315,77737468,encoded,,12425,False
A,2317,77768851,encoded,,20410,False
B,2316,77770811,encoded,,25720,False
A,2318,77802180,encoded,,11689,False
B,2317,77804134,encoded,,19358,False
A,2319,77835528,encoded,,9382,False
B,2318,77837465,encoded,,17719,False
B,2319,77870798,encoded,,17156,False
A,2320,77868850,encoded,,8720,False
A,2321,77902189,encoded,,7943,False
B,2320,77904134,encoded,,13081,False
B,2321,77937471,encoded,,19030,False
A,2322,77935514,encoded,,7194,False
A,2323,77968850,encoded,,20440,False
B,2322,77970801,encoded,,11410,False
A,2324,78002182,encoded,,18956,False
B,2323,78004134,encoded,,9992,False
A,2325,78035516,encoded,,12726,False
B,2324,78037475,encoded,,9144,False
B,2325,78070801,encoded,,7563,False
A,2326,78068869,encoded,,11114,False
A,2327,78102188,encoded,,10203,False
B,2326,78104158,encoded,,7234,False
A,2328,78135515,encoded,,10982,False
B,2327,78137469,encoded,,7117,False
A,2329,78168848,encoded,,9399,False
B,2328,78170801,encoded,,6697,False
A,2330,78202181,encoded,,9128,False
B,2329,78204137,encoded,,6208,False
A,2331,78235520,encoded,,8665,False
B,2330,78237469,encoded,,5719,False
A,2332,78268851,encoded,,9011,False
B,2331,78270821,encoded,,5333,False
A,2333,78302196,encoded,,7780,False
B,2332,78304137,encoded,,4986,False
A,2334,78335519,encoded,,8255,False
B,2333,78337470,encoded,,4822,False
B,2334,78370804,encoded,,15599,False
A,2335,78368851,encoded,,7822,False
A,2336,78402188,encoded,,7920,False
B,2335,78404140,encoded,,29897,False
A,2337,78435523,encoded,,12897,False
B,2336,78437474,encoded,,3437,False
A,2338,78468852,encoded,,16667,False
B,2337,78470808,encoded,,16666,False
A,2339,78502184,encoded,,16667,False
B,2338,78504138,encoded,,16667,False
A,2340,78535519,encoded,,16666,False
B,2339,78537489,encoded,,16667,False
A,2341,78568858,encoded,,125458,True
B,2340,78570817,encoded,,16666,False
A,2342,78602187,encoded,,20882,False
B,2341,78604151,encoded,,120010,True
A,2343,78635523,encoded,,10880,False
B,2342,78637471,encoded,,19942,False
A,2344,78668852,encoded,,17183,False
B,2343,78670817,encoded,,17785,False
A,2345,78702189,encoded,,17600,False
B,2344,78704152,encoded,,16953,False
A,2346,78735520,encoded,,23320,False
B,2345,78737480,encoded,,15946,False
A,2347,78768860,encoded,,20051,False
B,2346,78770824,encoded,,22292,False
A,2348,78802186,encoded,,11677,False
B,2347,78804150,encoded,,14432,False
A,2349,78835525,encoded,,9491,False
B,2348,78837485,encoded,,15454,False
A,2350,78868854,encoded,,7828,False
B,2349,78870818,encoded,,12365,False
A,2351,78902195,encoded,,19889,False
B,2350,78904144,encoded,,13790,False
A,2352,78935519,encoded,,21315,False
B,2351,78937474,encoded,,15876,False
A,2353,78968859,encoded,,2618,False
B,2352,78970822,encoded,,12226,False
A,2354,79002195,encoded,,16288,False
B,2353,79004140,encoded,,18481,False
A,2355,79035536,encoded,,11612,False
B,2354,79037489,encoded,,13763,False
A,2356,79068856,encoded,,10528,False
B,2355,79070822,encoded,,10589,False
A,2357,79102192,encoded,,9492,False
B,2356,79104145,encoded,,9821,False
B,2357,79137480,encoded,,9571,False
A,2358,79135524,encoded,,9341,False
B,2358,79170821,encoded,,8924,False
A,2359,79168865,encoded,,9494,False
A,2360,79202193,encoded,,9211,False
B,2359,79204145,encoded,,8815,False
A,2361,79235535,encoded,,8504,False
B,2360,79237481,encoded,,7606,False
A,2362,79268858,encoded,,8197,False
B,2361,79270811,encoded,,7318,False
A,2363,79302197,encoded,,7756,False
B,2362,79304146,encoded,,6982,False
A,2364,79335525,encoded,,8312,False
B,2363,79337479,encoded,,6552,False
A,2365,79368863,encoded,,7568,False
B,2364,79370813,encoded,,6357,False
A,2366,79402192,encoded,,8839,False
B,2365,79404146,encoded,,6450,False
A,2367,79435525,encoded,,16666,False
B,2366,79437558,encoded,,15034,False
A,2368,79468859,encoded,,29284,False
B,2367,79470810,encoded,,31526,False
A,2369,79502190,encoded,,4404,False
B,2368,79504158,encoded,,3699,False
A,2370,79535527,encoded,,16312,False
B,2369,79537505,encoded,,14775,False
A,2371,79568862,encoded,,125593,True
B,2370,79570814,encoded,,16666,False
A,2372,79602193,encoded,,20631,False
B,2371,79604166,encoded,,134087,True
A,2373,79635534,encoded,,10797,False
B,2372,79637494,encoded,,8476,False
A,2374,79668863,encoded,,17616,False
B,2373,79670828,encoded,,18791,False
A,2375,79702199,encoded,,17558,False
B,2374,79704147,encoded,,14347,False
A,2376,79735528,encoded,,22728,False
B,2375,79737481,encoded,,8636,False
A,2377,79768866,encoded,,20270,False
B,2376,79770823,encoded,,21711,False
A,2378,79802206,encoded,,11443,False
B,2377,79804150,encoded,,10409,False
A,2379,79835535,encoded,,10672,False
B,2378,79837497,encoded,,10471,False
A,2380,79868862,encoded,,8471,False
B,2379,79870815,encoded,,17877,False
A,2381,79902200,encoded,,7667,False
B,2380,79904150,encoded,,13594,False
B,2381,79937483,encoded,,11632,False
A,2382,79935529,encoded,,18888,False
A,2383,79968863,encoded,,20245,False
B,2382,79970818,encoded,,17365,False
A,2384,80002196,encoded,,13401,False
B,2383,80004151,encoded,,19667,False
A,2385,80035534,encoded,,11239,False
B,2384,80037491,encoded,,14447,False
A,2386,80068867,encoded,,10561,False
B,2385,80070820,encoded,,9973,False
A,2387,80102204,encoded,,9732,False
B,2386,80104155,encoded,,9311,False
A,2388,80135533,encoded,,9751,False
B,2387,80137485,encoded,,8836,False
A,2389,80168869,encoded,,8963,False
B,2388,80170817,encoded,,8548,False
A,2390,80202209,encoded,,9098,False
B,2389,80204151,encoded,,8815,False
A,2391,80235530,encoded,,8908,False
B,2390,80237488,encoded,,8466,False
A,2392,80268863,encoded,,8309,False
B,2391,80270820,encoded,,7287,False
A,2393,80302210,encoded,,8058,False
B,2392,80304153,encoded,,6978,False
A,2394,80335532,encoded,,8082,False
B,2393,80337492,encoded,,7289,False
A,2395,80368868,encoded,,7753,False
B,2394,80370822,encoded,,7571,False
A,2396,80402208,encoded,,7658,False
B,2395,80404165,encoded,,12083,False
A,2397,80435533,encoded,,15908,False
B,2396,80437489,encoded,,16667,False
A,2398,80468865,encoded,,24853,False
B,2397,80470822,encoded,,16666,False
A,2399,80502200,encoded,,8481,False
B,2398,80504166,encoded,,16667,False
A,2400,80535542,encoded,,16666,False
B,2399,80537489,encoded,,16667,False
A,2401,80568886,encoded,,125624,True
B,2400,80570822,encoded,,16666,False
A,2402,80602206,encoded,,20627,False
B,2401,80604164,encoded,,119712,True
A,2403,80635551,encoded,,10983,False
B,2402,80637491,encoded,,22510,False
B,2403,80670825,encoded,,10713,False
A,2404,80668869,encoded,,17568,False
A,2405,80702211,encoded,,17812,False
B,2404,80704157,encoded,,17051,False
A,2406,80735540,encoded,,22390,False
B,2405,80737499,encoded,,10491,False
B,2406,80770823,encoded,,20928,False
A,2407,80768870,encoded,,20491,False
A,2408,80802208,encoded,,10877,False
B,2407,80804158,encoded,,12050,False
A,2409,80835535,encoded,,10177,False
B,2408,80837490,encoded,,13600,False
A,2410,80868870,encoded,,8072,False
B,2409,80870826,encoded,,15666,False
A,2411,80902205,encoded,,19959,False
B,2410,80904161,encoded,,19176,False
A,2412,80935546,encoded,,21355,False
B,2411,80937490,encoded,,15542,False
A,2413,80968880,encoded,,13553,False
B,2412,80970829,encoded,,13293,False
A,2414,81002208,encoded,,3161,False
B,2413,81004160,encoded,,15360,False
A,2415,81035540,encoded,,17501,False
B,2414,81037493,encoded,,24649,False
A,2416,81068869,encoded,,14190,False
B,2415,81070838,encoded,,19052,False
A,2417,81102210,encoded,,12164,False
B,2416,81104159,encoded,,16773,False
B,2417,81137497,encoded,,15985,False
A,2418,81135545,encoded,,9977,False
A,2419,81168873,encoded,,9205,False
B,2418,81170826,encoded,,14826,False
A,2420,81202214,encoded,,10219,False
B,2419,81204167,encoded,,15255,False
A,2421,81235578,encoded,,8825,False
B,2420,81237511,encoded,,14492,False
B,2421,81270841,encoded,,14017,False
A,2422,81268877,encoded,,8974,False
A,2423,81302220,encoded,,8796,False
B,2422,81304162,encoded,,13879,False
A,2424,81335539,encoded,,8452,False
B,2423,81337500,encoded,,13860,False
A,2425,81368874,encoded,,8194,False
B,2424,81370828,encoded,,12191,False
A,2426,81402217,encoded,,7940,False
B,2425,81404165,encoded,,11895,False
A,2427,81435542,encoded,,7397,False
B,2426,81437496,encoded,,10892,False
A,2428,81468875,encoded,,12184,False
B,2427,81470835,encoded,,10591,False
A,2429,81502225,encoded,,16667,False
B,2428,81504174,encoded,,10199,False
A,2430,81535563,encoded,,18645,False
B,2429,81537515,encoded,,10157,False
A,2431,81568878,encoded,,125672,True
B,2430,81570841,encoded,,11303,False
A,2432,81602214,encoded,,12761,False
B,2431,81604177,encoded,,111120,True
A,2433,81635552,encoded,,12427,False
B,2432,81637498,encoded,,13410,False
A,2434,81668883,encoded,,23314,False
B,2433,81670887,encoded,,8616,False
A,2435,81702211,encoded,,18678,False
B,2434,81704163,encoded,,18988,False
A,2436,81735549,encoded,,23822,False
B,2435,81737498,encoded,,11685,False
A,2437,81768879,encoded,,20661,False
B,2436,81770844,encoded,,20619,False
A,2438,81802209,encoded,,12266,False
B,2437,81804181,encoded,,13465,False
A,2439,81835545,encoded,,9912,False
B,2438,81837510,encoded,,12803,False
A,2440,81868878,encoded,,8415,False
B,2439,81870844,encoded,,13816,False
A,2441,81902216,encoded,,7567,False
B,2440,81904183,encoded,,13745,False
A,2442,81935548,encoded,,9208,False
B,2441,81937501,encoded,,11751,False
B,2442,81970844,encoded,,10627,False
A,2443,81968879,encoded,,8026,False
A,2444,82002217,encoded,,20725,False
B,2443,82004178,encoded,,12928,False
A,2445,82035546,encoded,,18429,False
B,2444,82037500,encoded,,7981,False
A,2446,82068889,encoded,,12226,False
B,2445,82070836,encoded,,18743,False
A,2447,82102213,encoded,,11380,False
B,2446,82104180,encoded,,13409,False
A,2448,82135552,encoded,,11634,False
B,2447,82137503,encoded,,14127,False
A,2449,82168879,encoded,,10961,False
B,2448,82170843,encoded,,17096,False
A,2450,82202214,encoded,,9809,False
B,2449,82204169,encoded,,12949,False
A,2451,82235551,encoded,,9373,False
B,2450,82237503,encoded,,13036,False
A,2452,82268886,encoded,,9161,False
B,2451,82270841,encoded,,8368,False
A,2453,82302215,encoded,,9859,False
B,2452,82304175,encoded,,13404,False
A,2454,82335548,encoded,,8465,False
B,2453,82337505,encoded,,11676,False
B,2454,82370840,encoded,,11937,False
A,2455,82368883,encoded,,7990,False
A,2456,82402220,encoded,,8255,False
B,2455,82404173,encoded,,20754,False
B,2456,82437504,encoded,,14574,False
A,2457,82435551,encoded,,8045,False
A,2458,82468887,encoded,,15647,False
B,2457,82470840,encoded,,12113,False
A,2459,82502214,encoded,,16667,False
B,2458,82504182,encoded,,12294,False
A,2460,82535556,encoded,,16666,False
B,2459,82537506,encoded,,12367,False
A,2461,82568886,encoded,,125645,True
B,2460,82570845,encoded,,11411,False
A,2462,82602224,encoded,,20276,False
B,2461,82604189,encoded,,102394,True
A,2463,82635552,encoded,,10907,False
B,2462,82637518,encoded,,12459,False
A,2464,82668885,encoded,,17483,False
B,2463,82670842,encoded,,10705,False
B,2464,82704175,encoded,,18286,False
A,2465,82702218,encoded,,17553,False
A,2466,82735556,encoded,,23085,False
B,2465,82737510,encoded,,17056,False
A,2467,82768886,encoded,,20923,False
B,2466,82770841,encoded,,14887,False
A,2468,82802224,encoded,,11761,False
B,2467,82804175,encoded,,17446,False
A,2469,82835552,encoded,,10378,False
B,2468,82837509,encoded,,14159,False
A,2470,82868887,encoded,,8434,False
B,2469,82870865,encoded,,21046,False
A,2471,82902221,encoded,,7598,False
B,2470,82904177,encoded,,16641,False
A,2472,82935557,encoded,,7969,False
B,2471,82937508,encoded,,13652,False
A,2473,82968903,encoded,,6530,False
B,2472,82970887,encoded,,15014,False
A,2474,83002224,encoded,,20520,False
B,2473,83004187,encoded,,10678,False
A,2475,83035556,encoded,,17465,False
B,2474,83037523,encoded,,9051,False
A,2476,83068891,encoded,,13506,False
B,2475,83070875,encoded,,7615,False
A,2477,83102265,encoded,,11167,False
B,2476,83104188,encoded,,7646,False
A,2478,83135559,encoded,,10898,False
B,2477,83137531,encoded,,6998,False
A,2479,83168887,encoded,,9659,False
B,2478,83170880,encoded,,18269,False
A,2480,83202233,encoded,,8937,False
B,2479,83204190,encoded,,22264,False
A,2481,83235555,encoded,,9876,False
B,2480,83237523,encoded,,5646,False
A,2482,83268894,encoded,,8633,False
B,2481,83270859,encoded,,6927,False
A,2483,83302238,encoded,,9009,False
B,2482,83304193,encoded,,7666,False
A,2484,83335556,encoded,,8613,False
B,2483,83337515,encoded,,6857,False
A,2485,83368891,encoded,,8132,False
B,2484,83370869,encoded,,20427,False
B,2485,83404180,encoded,,13528,False
A,2486,83402228,encoded,,8377,False
A,2487,83435558,encoded,,16666,False
B,2486,83437512,encoded,,12771,False
A,2488,83468896,encoded,,25786,False
B,2487,83470867,encoded,,11894,False
A,2489,83502224,encoded,,7548,False
B,2488,83504182,encoded,,10951,False
B,2489,83537515,encoded,,11409,False
A,2490,83535561,encoded,,16666,False
A,2491,83568891,encoded,,125663,True
B,2490,83570867,encoded,,11167,False
A,2492,83602228,encoded,,23649,False
B,2491,83604182,encoded,,110657,True
A,2493,83635563,encoded,,8701,False
B,2492,83637519,encoded,,16282,False
A,2494,83668892,encoded,,17843,False
B,2493,83670861,encoded,,13400,False
B,2494,83704182,encoded,,16193,False
A,2495,83702227,encoded,,18277,False
A,2496,83735572,encoded,,22514,False
B,2495,83737531,encoded,,16579,False
A,2497,83768893,encoded,,20179,False
B,2496,83770873,encoded,,15703,False
B,2497,83804185,encoded,,17896,False
A,2498,83802234,encoded,,11396,False
B,2498,83837517,encoded,,11997,False
A,2499,83835584,encoded,,9610,False
B,2499,83870865,encoded,,16852,False
A,2500,83868899,encoded,,8774,False
A,2501,83902228,encoded,,7950,False
B,2500,83904191,encoded,,14091,False
A,2502,83935584,encoded,,9322,False
B,2501,83937520,encoded,,16192,False
A,2503,83968895,encoded,,19245,False
B,2502,83970865,encoded,,10305,False
A,2504,84002233,encoded,,20612,False
B,2503,84004192,encoded,,15145,False
A,2505,84035563,encoded,,3617,False
B,2504,84037519,encoded,,11323,False
A,2506,84068896,encoded,,17982,False
B,2505,84070886,encoded,,10324,False
A,2507,84102230,encoded,,12065,False
B,2506,84104198,encoded,,9211,False
A,2508,84135564,encoded,,10533,False
B,2507,84137519,encoded,,8999,False
A,2509,84168916,encoded,,10092,False
B,2508,84170879,encoded,,8612,False
A,2510,84202233,encoded,,9413,False
B,2509,84204187,encoded,,8333,False
A,2511,84235563,encoded,,9088,False
B,2510,84237521,encoded,,7248,False
A,2512,84268897,encoded,,8824,False
B,2511,84270886,encoded,,18158,False
A,2513,84302238,encoded,,8856,False
B,2512,84304186,encoded,,6523,False
A,2514,84335567,encoded,,8402,False
B,2513,84337522,encoded,,23970,False
A,2515,84368905,encoded,,8901,False
B,2514,84370872,encoded,,6365,False
A,2516,84402240,encoded,,8021,False
B,2515,84404200,encoded,,7018,False
B,2516,84437532,encoded,,7501,False
A,2517,84435571,encoded,,10471,False
A,2518,84468899,encoded,,16667,False
B,2517,84470869,encoded,,20281,False
A,2519,84502238,encoded,,16667,False
B,2518,84504188,encoded,,13419,False
A,2520,84535570,encoded,,16666,False
B,2519,84537524,encoded,,13213,False
A,2521,84568899,encoded,,125791,True
B,2520,84570871,encoded,,12135,False
A,2522,84602231,encoded,,25994,False
B,2521,84604191,encoded,,121520,True
B,2522,84637525,encoded,,14229,False
A,2523,84635574,encoded,,10031,False
B,2523,84670870,encoded,,11114,False
A,2524,84668901,encoded,,14311,False
A,2525,84702241,encoded,,17261,False
B,2524,84704191,encoded,,15557,False
A,2526,84735568,encoded,,21908,False
B,2525,84737524,encoded,,17461,False
A,2527,84768907,encoded,,21308,False
B,2526,84770863,encoded,,11120,False
B,2527,84804193,encoded,,22137,False
A,2528,84802236,encoded,,12448,False
A,2529,84835568,encoded,,9441,False
B,2528,84837524,encoded,,14055,False
A,2530,84868909,encoded,,7820,False
B,2529,84870873,encoded,,16765,False
A,2531,84902242,encoded,,7468,False
B,2530,84904193,encoded,,18037,False
A,2532,84935569,encoded,,19610,False
B,2531,84937527,encoded,,12135,False
A,2533,84968903,encoded,,20696,False
B,2532,84970864,encoded,,10327,False
A,2534,85002236,encoded,,13529,False
B,2533,85004197,encoded,,10410,False
A,2535,85035578,encoded,,12028,False
B,2534,85037530,encoded,,10039,False
A,2536,85068903,encoded,,10802,False
B,2535,85070866,encoded,,9302,False
A,2537,85102247,encoded,,10151,False
B,2536,85104197,encoded,,8983,False
A,2538,85135573,encoded,,9585,False
B,2537,85137535,encoded,,8380,False
A,2539,85168910,encoded,,10565,False
B,2538,85170873,encoded,,8740,False
A,2540,85202237,encoded,,9944,False
B,2539,85204199,encoded,,8088,False
A,2541,85235576,encoded,,8801,False
B,2540,85237534,encoded,,7763,False
A,2542,85268904,encoded,,8765,False
B,2541,85270865,encoded,,17988,False
A,2543,85302244,encoded,,8060,False
B,2542,85304200,encoded,,22141,False
A,2544,85335570,encoded,,9181,False
B,2543,85337545,encoded,,6135,False
A,2545,85368911,encoded,,8342,False
B,2544,85370870,encoded,,6965,False
A,2546,85402240,encoded,,8751,False
B,2545,85404199,encoded,,13955,False
A,2547,85435578,encoded,,7581,False
B,2546,85437531,encoded,,17724,False
A,2548,85468906,encoded,,16495,False
B,2547,85470872,encoded,,6849,False
A,2549,85502244,encoded,,29456,False
B,2548,85504198,encoded,,13394,False
A,2550,85535575,encoded,,5457,False
B,2549,85537535,encoded,,16667,False
A,2551,85568906,encoded,,125758,True
B,2550,85570873,encoded,,16666,False
A,2552,85602240,encoded,,18487,False
B,2551,85604199,encoded,,120696,True
A,2553,85635581,encoded,,6893,False
B,2552,85637533,encoded,,19547,False
A,2554,85668909,encoded,,23110,False
B,2553,85670872,encoded,,9097,False
A,2555,85702247,encoded,,17595,False
B,2554,85704203,encoded,,15540,False
A,2556,85735575,encoded,,24344,False
B,2555,85737536,encoded,,16246,False
A,2557,85768913,encoded,,22176,False
B,2556,85770870,encoded,,18057,False
A,2558,85802242,encoded,,11796,False
B,2557,85804203,encoded,,18345,False
A,2559,85835576,encoded,,11232,False
B,2558,85837532,encoded,,17716,False
A,2560,85868908,encoded,,8389,False
B,2559,85870872,encoded,,13157,False
A,2561,85902248,encoded,,7569,False
B,2560,85904202,encoded,,16180,False
A,2562,85935581,encoded,,7352,False
B,2561,85937534,encoded,,11702,False
A,2563,85968915,encoded,,20243,False
B,2562,85970872,encoded,,10361,False
A,2564,86002243,encoded,,5791,False
B,2563,86004216,encoded,,10567,False
A,2565,86035581,encoded,,20980,False
B,2564,86037559,encoded,,9130,False
A,2566,86068911,encoded,,3260,False
B,2565,86070869,encoded,,8688,False
A,2567,86102251,encoded,,16851,False
B,2566,86104205,encoded,,8036,False
A,2568,86135579,encoded,,10920,False
B,2567,86137538,encoded,,7945,False
B,2568,86170877,encoded,,18941,False
A,2569,86168918,encoded,,10354,False
A,2570,86202256,encoded,,9705,False
B,2569,86204204,encoded,,6679,False
A,2571,86235584,encoded,,8984,False
B,2570,86237537,encoded,,22958,False
A,2572,86268914,encoded,,10253,False
B,2571,86270871,encoded,,5190,False
A,2573,86302257,encoded,,10508,False
B,2572,86304216,encoded,,17113,False
A,2574,86335587,encoded,,8636,False
B,2573,86337541,encoded,,11322,False
A,2575,86368918,encoded,,10013,False
B,2574,86370881,encoded,,11246,False
B,2575,86404207,encoded,,10742,False
A,2576,86402251,encoded,,8871,False
A,2577,86435585,encoded,,8350,False
B,2576,86437539,encoded,,9708,False
A,2578,86468921,encoded,,16667,False
B,2577,86470875,encoded,,11818,False
A,2579,86502256,encoded,,18950,False
B,2578,86504214,encoded,,11491,False
A,2580,86535583,encoded,,14383,False
B,2579,86537553,encoded,,15116,False
A,2581,86568916,encoded,,125749,True
B,2580,86570878,encoded,,16666,False
A,2582,86602249,encoded,,19000,False
B,2581,86604218,encoded,,120371,True
A,2583,86635588,encoded,,7136,False
B,2582,86637553,encoded,,20030,False
B,2583,86670874,encoded,,11437,False
A,2584,86668925,encoded,,23058,False
A,2585,86702254,encoded,,18191,False
B,2584,86704210,encoded,,18707,False
A,2586,86735583,encoded,,24585,False
B,2585,86737542,encoded,,15355,False
A,2587,86768918,encoded,,21922,False
B,2586,86770874,encoded,,16855,False
B,2587,86804217,encoded,,15590,False
A,2588,86802250,encoded,,11890,False
A,2589,86835582,encoded,,9732,False
B,2588,86837555,encoded,,15660,False
A,2590,86868923,encoded,,8587,False
B,2589,86870876,encoded,,9054,False
A,2591,86902256,encoded,,8001,False
B,2590,86904210,encoded,,7358,False
A,2592,86935585,encoded,,6743,False
B,2591,86937545,encoded,,20877,False
A,2593,86968925,encoded,,19066,False
B,2592,86970879,encoded,,11991,False
A,2594,87002252,encoded,,19685,False
B,2593,87004210,encoded,,18813,False
A,2595,87035593,encoded,,2538,False
B,2594,87037555,encoded,,11000,False
A,2596,87068921,encoded,,16374,False
B,2595,87070877,encoded,,10353,False
A,2597,87102260,encoded,,11724,False
B,2596,87104212,encoded,,9369,False
A,2598,87135588,encoded,,10305,False
B,2597,87137562,encoded,,9760,False
A,2599,87168924,encoded,,9414,False
B,2598,87170879,encoded,,9596,False
A,2600,87202255,encoded,,9026,False
B,2599,87204227,encoded,,9111,False
A,2601,87235593,encoded,,8829,False
B,2600,87237560,encoded,,8991,False
A,2602,87268921,encoded,,8628,False
B,2601,87270886,encoded,,8670,False
A,2603,87302256,encoded,,8488,False
B,2602,87304223,encoded,,8998,False
A,2604,87335589,encoded,,8138,False
B,2603,87337563,encoded,,8989,False
B,2604,87370887,encoded,,8966,False
A,2605,87368927,encoded,,7874,False
A,2606,87402254,encoded,,8651,False
B,2605,87404214,encoded,,10766,False
A,2607,87435593,encoded,,16666,False
B,2606,87437549,encoded,,16667,False
A,2608,87468927,encoded,,32466,False
B,2607,87470882,encoded,,16666,False
A,2609,87502266,encoded,,5099,False
B,2608,87504227,encoded,,16667,False
A,2610,87535589,encoded,,12435,False
B,2609,87537549,encoded,,16667,False
B,2610,87570888,encoded,,16666,False
A,2611,87568928,encoded,,125629,True
A,2612,87602256,encoded,,17804,False
B,2611,87604215,encoded,,120614,True
A,2613,87635589,encoded,,7531,False
B,2612,87637550,encoded,,17073,False
A,2614,87668928,encoded,,24772,False
B,2613,87670884,encoded,,10937,False
A,2615,87702266,encoded,,17709,False
B,2614,87704232,encoded,,12616,False
A,2616,87735592,encoded,,23143,False
B,2615,87737559,encoded,,18735,False
A,2617,87768927,encoded,,21030,False
B,2616,87770909,encoded,,17788,False
A,2618,87802259,encoded,,11539,False
B,2617,87804216,encoded,,17997,False
A,2619,87835596,encoded,,9724,False
B,2618,87837551,encoded,,14772,False
A,2620,87868923,encoded,,8503,False
B,2619,87870898,encoded,,14956,False
B,2620,87904221,encoded,,12058,False
A,2621,87902262,encoded,,7339,False
A,2622,87935591,encoded,,19514,False
B,2621,87937552,encoded,,14927,False
A,2623,87968925,encoded,,20239,False
B,2622,87970887,encoded,,10930,False
A,2624,88002265,encoded,,2953,False
B,2623,88004220,encoded,,9736,False
A,2625,88035598,encoded,,16533,False
B,2624,88037556,encoded,,20438,False
B,2625,88070888,encoded,,12994,False
A,2626,88068932,encoded,,11779,False
A,2627,88102260,encoded,,9953,False
B,2626,88104222,encoded,,12074,False
A,2628,88135598,encoded,,10177,False
B,2627,88137554,encoded,,11301,False
A,2629,88168927,encoded,,10783,False
B,2628,88170897,encoded,,11693,False
A,2630,88202260,encoded,,9424,False
B,2629,88204222,encoded,,18316,False
A,2631,88235594,encoded,,8709,False
B,2630,88237555,encoded,,12439,False
A,2632,88268934,encoded,,8799,False
B,2631,88270898,encoded,,11718,False
A,2633,88302262,encoded,,7868,False
B,2632,88304221,encoded,,10487,False
A,2634,88335598,encoded,,8448,False
B,2633,88337555,encoded,,10526,False
A,2635,88368938,encoded,,8321,False
B,2634,88370892,encoded,,10183,False
A,2636,88402266,encoded,,7862,False
B,2635,88404242,encoded,,10381,False
A,2637,88435596,encoded,,13915,False
B,2636,88437557,encoded,,10181,False
B,2637,88470892,encoded,,10695,False
A,2638,88468933,encoded,,16667,False
A,2639,88502264,encoded,,16667,False
B,2638,88504226,encoded,,11686,False
A,2640,88535598,encoded,,16666,False
B,2639,88537557,encoded,,12055,False
A,2641,88568931,encoded,,125566,True
B,2640,88570889,encoded,,11927,False
A,2642,88602269,encoded,,21474,False
B,2641,88604223,encoded,,135203,True
A,2643,88635599,encoded,,11120,False
B,2642,88637560,encoded,,6768,False
A,2644,88668928,encoded,,14565,False
B,2643,88670894,encoded,,6049,False
B,2644,88704229,encoded,,12898,False
A,2645,88702266,encoded,,20276,False
A,2646,88735603,encoded,,22554,False
B,2645,88737562,encoded,,15960,False
B,2646,88770893,encoded,,17531,False
A,2647,88768932,encoded,,19890,False
A,2648,88802271,encoded,,11570,False
B,2647,88804227,encoded,,15927,False
A,2649,88835602,encoded,,9355,False
B,2648,88837559,encoded,,12211,False
B,2649,88870903,encoded,,16810,False
A,2650,88868933,encoded,,8535,False
A,2651,88902277,encoded,,7381,False
B,2650,88904229,encoded,,18399,False
A,2652,88935601,encoded,,8646,False
B,2651,88937563,encoded,,12568,False
A,2653,88968939,encoded,,21385,False
B,2652,88970895,encoded,,9456,False
A,2654,89002270,encoded,,8211,False
B,2653,89004239,encoded,,13686,False
A,2655,89035602,encoded,,9453,False
B,2654,89037562,encoded,,11636,False
A,2656,89068941,encoded,,6335,False
B,2655,89070895,encoded,,8292,False
A,2657,89102279,encoded,,20924,False
B,2656,89104229,encoded,,8097,False
A,2658,89135607,encoded,,13189,False
B,2657,89137564,encoded,,17849,False
A,2659,89168934,encoded,,11412,False
B,2658,89170895,encoded,,14130,False
A,2660,89202280,encoded,,10679,False
B,2659,89204228,encoded,,21122,False
A,2661,89235602,encoded,,9906,False
B,2660,89237563,encoded,,14276,False
A,2662,89268945,encoded,,9137,False
B,2661,89270912,encoded,,12323,False
A,2663,89302271,encoded,,10251,False
B,2662,89304232,encoded,,13921,False
A,2664,89335608,encoded,,9106,False
B,2663,89337564,encoded,,11512,False
A,2665,89368940,encoded,,8151,False
B,2664,89370899,encoded,,11717,False
A,2666,89402277,encoded,,8075,False
B,2665,89404231,encoded,,9620,False
A,2667,89435606,encoded,,12854,False
B,2666,89437568,encoded,,9605,False
A,2668,89468938,encoded,,16667,False
B,2667,89470899,encoded,,9577,False
A,2669,89502271,encoded,,16667,False
B,2668,89504237,encoded,,8197,False
A,2670,89535611,encoded,,16666,False
B,2669,89537566,encoded,,9373,False
A,2671,89568939,encoded,,116535,True
B,2670,89570902,encoded,,13054,False
A,2672,89602276,encoded,,23802,False
B,2671,89604245,encoded,,120967,True
A,2673,89635606,encoded,,11754,False
B,2672,89637567,encoded,,19984,False
A,2674,89668939,encoded,,23904,False
B,2673,89670901,encoded,,8424,False
A,2675,89702273,encoded,,20364,False
B,2674,89704235,encoded,,18433,False
A,2676,89735603,encoded,,24649,False
B,2675,89737565,encoded,,13483,False
A,2677,89768941,encoded,,21509,False
B,2676,89770902,encoded,,16441,False
A,2678,89802281,encoded,,12684,False
B,2677,89804235,encoded,,17279,False
A,2679,89835608,encoded,,9374,False
B,2678,89837569,encoded,,14550,False
A,2680,89868948,encoded,,8962,False
B,2679,89870903,encoded,,14939,False
A,2681,89902277,encoded,,8542,False
B,2680,89904239,encoded,,15202,False
A,2682,89935610,encoded,,8083,False
B,2681,89937574,encoded,,9768,False
A,2683,89968949,encoded,,6129,False
B,2682,89970903,encoded,,8607,False
A,2684,90002278,encoded,,7922,False
B,2683,90004235,encoded,,10842,False
A,2685,90035615,encoded,,25948,False
B,2684,90037568,encoded,,9914,False
A,2686,90068948,encoded,,14956,False
B,2685,90070905,encoded,,10182,False
A,2687,90102282,encoded,,12721,False
B,2686,90104242,encoded,,9485,False
A,2688,90135613,encoded,,11277,False
B,2687,90137570,encoded,,9050,False
A,2689,90168942,encoded,,9986,False
B,2688,90170915,encoded,,19465,False
A,2690,90202286,encoded,,9096,False
B,2689,90204240,encoded,,14264,False
A,2691,90235611,encoded,,9185,False
B,2690,90237573,encoded,,20345,False
A,2692,90268950,encoded,,9820,False
B,2691,90270905,encoded,,14695,False
A,2693,90302288,encoded,,8935,False
B,2692,90304238,encoded,,12913,False
B,2693,90337573,encoded,,12593,False
A,2694,90335617,encoded,,12448,False
A,2695,90368950,encoded,,8805,False
B,2694,90370906,encoded,,10270,False
A,2696,90402285,encoded,,9359,False
B,2695,90404243,encoded,,10236,False
A,2697,90435615,encoded,,8149,False
B,2696,90437573,encoded,,8476,False
A,2698,90468950,encoded,,11769,False
B,2697,90470913,encoded,,9137,False
A,2699,90502280,encoded,,16667,False
B,2698,90504243,encoded,,9868,False
A,2700,90535619,encoded,,16666,False
B,2699,90537577,encoded,,13522,False
A,2701,90568951,encoded,,125685,True
B,2700,90570909,encoded,,16666,False
A,2702,90602295,encoded,,9437,False
B,2701,90604263,encoded,,120828,True
A,2703,90635620,encoded,,14407,False
B,2702,90637585,encoded,,20271,False
A,2704,90668953,encoded,,24458,False
B,2703,90670919,encoded,,8185,False
A,2705,90702283,encoded,,18205,False
B,2704,90704255,encoded,,11819,False
A,2706,90735626,encoded,,25531,False
B,2705,90737592,encoded,,14654,False
A,2707,90768947,encoded,,21156,False
B,2706,90770922,encoded,,16680,False
A,2708,90802282,encoded,,11251,False
B,2707,90804261,encoded,,21551,False
A,2709,90835614,encoded,,10275,False
B,2708,90837578,encoded,,17713,False
B,2709,90870914,encoded,,16261,False
A,2710,90868951,encoded,,8593,False
A,2711,90902285,encoded,,8482,False
B,2710,90904244,encoded,,12664,False
A,2712,90935622,encoded,,7642,False
B,2711,90937581,encoded,,11914,False
A,2713,90968951,encoded,,6727,False
B,2712,90970913,encoded,,10774,False
B,2713,91004252,encoded,,9394,False
A,2714,91002289,encoded,,26334,False
A,2715,91035617,encoded,,14193,False
B,2714,91037580,encoded,,8427,False
B,2715,91070914,encoded,,20321,False
A,2716,91068950,encoded,,11613,False
A,2717,91102286,encoded,,11243,False
B,2716,91104247,encoded,,6866,False
A,2718,91135623,encoded,,9977,False
B,2717,91137581,encoded,,14060,False
A,2719,91168955,encoded,,9382,False
B,2718,91170916,encoded,,20785,False
A,2720,91202291,encoded,,9057,False
B,2719,91204247,encoded,,14534,False
A,2721,91235620,encoded,,9410,False
B,2720,91237580,encoded,,11617,False
B,2721,91270916,encoded,,10479,False
A,2722,91268960,encoded,,8951,False
A,2723,91302289,encoded,,8098,False
B,2722,91304248,encoded,,9041,False
A,2724,91335618,encoded,,7870,False
B,2723,91337582,encoded,,8862,False
A,2725,91368958,encoded,,7377,False
B,2724,91370917,encoded,,8205,False
A,2726,91402298,encoded,,7980,False
B,2725,91404251,encoded,,8127,False
A,2727,91435621,encoded,,16666,False
B,2726,91437585,encoded,,8044,False
A,2728,91468965,encoded,,30402,False
B,2727,91470917,encoded,,7924,False
A,2729,91502297,encoded,,4587,False
B,2728,91504248,encoded,,16667,False
A,2730,91535628,encoded,,15011,False
B,2729,91537589,encoded,,24053,False
A,2731,91568962,encoded,,125633,True
B,2730,91570918,encoded,,9280,False
A,2732,91602291,encoded,,25080,False
B,2731,91604253,encoded,,121099,True
A,2733,91635623,encoded,,7705,False
B,2732,91637598,encoded,,12936,False
A,2734,91668961,encoded,,15010,False
B,2733,91670918,encoded,,9503,False
A,2735,91702292,encoded,,17909,False
B,2734,91704263,encoded,,23062,False
B,2735,91737594,encoded,,15495,False
A,2736,91735622,encoded,,23340,False
A,2737,91768957,encoded,,21161,False
B,2736,91770919,encoded,,16676,False
A,2738,91802289,encoded,,11473,False
B,2737,91804250,encoded,,16735,False
B,2738,91837584,encoded,,22515,False
A,2739,91835624,encoded,,9317,False
A,2740,91868956,encoded,,8396,False
B,2739,91870919,encoded,,14798,False
B,2740,91904255,encoded,,14355,False
A,2741,91902293,encoded,,7602,False
B,2741,91937588,encoded,,9010,False
A,2742,91935624,encoded,,19653,False
A,2743,91968962,encoded,,20941,False
B,2742,91970922,encoded,,10422,False
A,2744,92002304,encoded,,13274,False
B,2743,92004255,encoded,,17756,False
A,2745,92035626,encoded,,3029,False
B,2744,92037588,encoded,,11690,False
B,2745,92070921,encoded,,10677,False
A,2746,92068965,encoded,,14806,False
A,2747,92102301,encoded,,10664,False
B,2746,92104257,encoded,,9951,False
A,2748,92135641,encoded,,9623,False
B,2747,92137588,encoded,,9853,False
A,2749,92168966,encoded,,9041,False
B,2748,92170922,encoded,,8732,False
A,2750,92202292,encoded,,8755,False
B,2749,92204255,encoded,,7475,False
A,2751,92235629,encoded,,8413,False
B,2750,92237590,encoded,,7261,False
A,2752,92268967,encoded,,8151,False
B,2751,92270927,encoded,,6380,False
A,2753,92302298,encoded,,8113,False
B,2752,92304255,encoded,,6530,False
A,2754,92335630,encoded,,7657,False
B,2753,92337609,encoded,,6324,False
A,2755,92368978,encoded,,8294,False
B,2754,92370925,encoded,,10765,False
A,2756,92402305,encoded,,10294,False
B,2755,92404265,encoded,,16667,False
A,2757,92435634,encoded,,16666,False
B,2756,92437591,encoded,,20200,False
A,2758,92468966,encoded,,20400,False
B,2757,92470926,encoded,,13133,False
A,2759,92502302,encoded,,12934,False
B,2758,92504259,encoded,,16667,False
A,2760,92535632,encoded,,16666,False
B,2759,92537593,encoded,,16667,False
A,2761,92568968,encoded,,125651,True
B,2760,92570926,encoded,,16666,False
A,2762,92602298,encoded,,7416,False
B,2761,92604269,encoded,,135320,True
A,2763,92635636,encoded,,27554,False
B,2762,92637591,encoded,,8768,False
A,2764,92668967,encoded,,13691,False
B,2763,92670926,encoded,,10697,False
A,2765,92702307,encoded,,17128,False
B,2764,92704260,encoded,,18985,False
A,2766,92735631,encoded,,23743,False
B,2765,92737598,encoded,,16682,False
A,2767,92768969,encoded,,20643,False
B,2766,92770928,encoded,,10869,False
B,2767,92804261,encoded,,22112,False
A,2768,92802299,encoded,,11134,False
A,2769,92835638,encoded,,9266,False
B,2768,92837603,encoded,,15108,False
B,2769,92870929,encoded,,11755,False
A,2770,92868969,encoded,,8321,False
A,2771,92902307,encoded,,19816,False
B,2770,92904263,encoded,,10885,False
A,2772,92935632,encoded,,21504,False
B,2771,92937595,encoded,,9088,False
A,2773,92968974,encoded,,2780,False
B,2772,92970928,encoded,,9140,False
A,2774,93002304,encoded,,16378,False
B,2773,93004266,encoded,,15615,False
A,2775,93035638,encoded,,12283,False
B,2774,93037596,encoded,,20775,False
A,2776,93068970,encoded,,11021,False
B,2775,93070931,encoded,,12348,False
A,2777,93102312,encoded,,10248,False
B,2776,93104265,encoded,,11233,False
A,2778,93135633,encoded,,9271,False
B,2777,93137602,encoded,,10425,False
A,2779,93168973,encoded,,9385,False
B,2778,93170935,encoded,,10680,False
A,2780,93202301,encoded,,9955,False
B,2779,93204265,encoded,,10877,False
A,2781,93235643,encoded,,8614,False
B,2780,93237596,encoded,,9465,False
A,2782,93268971,encoded,,8770,False
B,2781,93270932,encoded,,9606,False
B,2782,93304266,encoded,,8198,False
A,2783,93302308,encoded,,9298,False
A,2784,93335636,encoded,,8500,False
B,2783,93337598,encoded,,7395,False
A,2785,93368970,encoded,,8058,False
B,2784,93370932,encoded,,7589,False
A,2786,93402306,encoded,,8251,False
B,2785,93404268,encoded,,7030,False
A,2787,93435643,encoded,,11321,False
B,2786,93437604,encoded,,12689,False
B,2787,93470933,encoded,,16666,False
A,2788,93468971,encoded,,16667,False
A,2789,93502309,encoded,,16667,False
B,2788,93504282,encoded,,16667,False
A,2790,93535637,encoded,,16666,False
B,2789,93537601,encoded,,16667,False
B,2790,93570933,encoded,,16666,False
A,2791,93568978,encoded,,125537,True
A,2792,93602314,encoded,,11661,False
B,2791,93604271,encoded,,120999,True
A,2793,93635644,encoded,,12612,False
B,2792,93637604,encoded,,20108,False
A,2794,93668972,encoded,,23466,False
B,2793,93670935,encoded,,11659,False
A,2795,93702315,encoded,,17803,False
B,2794,93704271,encoded,,12806,False
A,2796,93735643,encoded,,25113,False
B,2795,93737601,encoded,,14878,False
A,2797,93768982,encoded,,20155,False
B,2796,93770947,encoded,,10154,False
A,2798,93802308,encoded,,11514,False
B,2797,93804271,encoded,,12593,False
A,2799,93835645,encoded,,9385,False
B,2798,93837604,encoded,,22995,False
B,2799,93870942,encoded,,13561,False
A,2800,93868976,encoded,,8313,False
A,2801,93902314,encoded,,20735,False
B,2800,93904272,encoded,,18477,False
A,2802,93935642,encoded,,4923,False
B,2801,93937607,encoded,,14018,False
A,2803,93968975,encoded,,22473,False
B,2802,93970939,encoded,,16881,False
A,2804,94002311,encoded,,13585,False
B,2803,94004274,encoded,,17414,False
A,2805,94035660,encoded,,11855,False
B,2804,94037608,encoded,,13661,False
A,2806,94068974,encoded,,10856,False
B,2805,94070939,encoded,,11881,False
A,2807,94102313,encoded,,12260,False
B,2806,94104275,encoded,,21047,False
A,2808,94135642,encoded,,9919,False
B,2807,94137605,encoded,,13653,False
A,2809,94168982,encoded,,9375,False
B,2808,94170942,encoded,,6859,False
A,2810,94202309,encoded,,8687,False
B,2809,94204289,encoded,,10717,False
A,2811,94235647,encoded,,9021,False
B,2810,94237608,encoded,,13748,False
B,2811,94270941,encoded,,11785,False
A,2812,94268977,encoded,,8536,False
A,2813,94302315,encoded,,8429,False
B,2812,94304275,encoded,,11908,False
A,2814,94335644,encoded,,8306,False
B,2813,94337607,encoded,,11956,False
A,2815,94368978,encoded,,8395,False
B,2814,94370955,encoded,,12291,False
A,2816,94402313,encoded,,8123,False
B,2815,94404277,encoded,,11071,False
A,2817,94435653,encoded,,8963,False
B,2816,94437609,encoded,,12128,False
A,2818,94468979,encoded,,16667,False
B,2817,94470944,encoded,,11453,False
B,2818,94504279,encoded,,10185,False
A,2819,94502317,encoded,,30176,False
A,2820,94535647,encoded,,6079,False
B,2819,94537622,encoded,,10169,False
B,2820,94570947,encoded,,10806,False
A,2821,94568986,encoded,,125748,True
A,2822,94602327,encoded,,18676,False
B,2821,94604280,encoded,,120806,True
A,2823,94635651,encoded,,7148,False
B,2822,94637615,encoded,,13503,False
A,2824,94668985,encoded,,24201,False
B,2823,94670947,encoded,,11995,False
A,2825,94702330,encoded,,17915,False
B,2824,94704287,encoded,,19732,False
A,2826,94735649,encoded,,25875,False
B,2825,94737610,encoded,,15908,False
A,2827,94768986,encoded,,14871,False
B,2826,94770945,encoded,,23846,False
A,2828,94802314,encoded,,16755,False
B,2827,94804277,encoded,,16574,False
A,2829,94835649,encoded,,10342,False
B,2828,94837618,encoded,,13769,False
A,2830,94868981,encoded,,9765,False
B,2829,94870944,encoded,,13499,False
A,2831,94902320,encoded,,7711,False
B,2830,94904281,encoded,,16292,False
A,2832,94935649,encoded,,7264,False
B,2831,94937611,encoded,,11333,False
B,2832,94970958,encoded,,10130,False
A,2833,94968996,encoded,,21818,False
A,2834,95002318,encoded,,18568,False
B,2833,95004281,encoded,,9371,False
A,2835,95035653,encoded,,2628,False
B,2834,95037613,encoded,,8819,False
B,2835,95070949,encoded,,9519,False
A,2836,95068987,encoded,,17052,False
A,2837,95102321,encoded,,11945,False
B,2836,95104284,encoded,,8962,False
A,2838,95135651,encoded,,12202,False
B,2837,95137614,encoded,,20146,False
A,2839,95168985,encoded,,10025,False
B,2838,95170947,encoded,,7642,False
A,2840,95202320,encoded,,10077,False
B,2839,95204290,encoded,,8622,False
A,2841,95235656,encoded,,9512,False
B,2840,95237629,encoded,,8591,False
A,2842,95268983,encoded,,8879,False
B,2841,95270960,encoded,,15616,False
A,2843,95302328,encoded,,8881,False
B,2842,95304282,encoded,,20939,False
A,2844,95335652,encoded,,9385,False
B,2843,95337615,encoded,,15907,False
A,2845,95368989,encoded,,8518,False
B,2844,95370950,encoded,,14145,False
A,2846,95402319,encoded,,8131,False
B,2845,95404285,encoded,,13471,False
A,2847,95435652,encoded,,7986,False
B,2846,95437617,encoded,,11244,False
A,2848,95468985,encoded,,11867,False
B,2847,95470953,encoded,,9902,False
A,2849,95502324,encoded,,16667,False
B,2848,95504286,encoded,,10804,False
A,2850,95535656,encoded,,16666,False
B,2849,95537621,encoded,,10947,False
A,2851,95568988,encoded,,125693,True
B,2850,95570959,encoded,,10855,False
A,2852,95602325,encoded,,23848,False
B,2851,95604296,encoded,,120801,True
A,2853,95635657,encoded,,9273,False
B,2852,95637618,encoded,,13553,False
A,2854,95668990,encoded,,17573,False
B,2853,95670956,encoded,,10854,False
A,2855,95702322,encoded,,17861,False
B,2854,95704288,encoded,,17410,False
A,2856,95735668,encoded,,22933,False
B,2855,95737628,encoded,,18237,False
A,2857,95768988,encoded,,20942,False
B,2856,95770962,encoded,,24296,False
A,2858,95802323,encoded,,11575,False
B,2857,95804297,encoded,,18678,False
A,2859,95835658,encoded,,9826,False
B,2858,95837622,encoded,,15993,False
A,2860,95868993,encoded,,8039,False
B,2859,95870955,encoded,,13573,False
A,2861,95902334,encoded,,7939,False
B,2860,95904290,encoded,,12682,False
A,2862,95935656,encoded,,6801,False
B,2861,95937621,encoded,,12010,False
A,2863,95968998,encoded,,18875,False
B,2862,95970956,encoded,,10858,False
A,2864,96002329,encoded,,19803,False
B,2863,96004288,encoded,,9139,False
A,2865,96035660,encoded,,13333,False
B,2864,96037634,encoded,,8461,False
A,2866,96068990,encoded,,11967,False
B,2865,96070956,encoded,,8722,False
A,2867,96102325,encoded,,10955,False
B,2866,96104291,encoded,,8046,False
A,2868,96135663,encoded,,10518,False
B,2867,96137624,encoded,,19832,False
A,2869,96168993,encoded,,9877,False
B,2868,96170958,encoded,,6817,False
A,2870,96202332,encoded,,9971,False
B,2869,96204291,encoded,,15083,False
A,2871,96235663,encoded,,9279,False
B,2870,96237629,encoded,,11926,False
A,2872,96268995,encoded,,8539,False
B,2871,96270959,encoded,,18070,False
B,2872,96304293,encoded,,12002,False
A,2873,96302341,encoded,,9158,False
A,2874,96335665,encoded,,8828,False
B,2873,96337624,encoded,,11663,False
A,2875,96368992,encoded,,8110,False
B,2874,96370960,encoded,,10454,False
A,2876,96402332,encoded,,8094,False
B,2875,96404293,encoded,,9958,False
A,2877,96435666,encoded,,10390,False
B,2876,96437625,encoded,,8208,False
B,2877,96470962,encoded,,8447,False
A,2878,96468999,encoded,,16667,False
A,2879,96502329,encoded,,16667,False
B,2878,96504295,encoded,,7420,False
A,2880,96535662,encoded,,16666,False
B,2879,96537627,encoded,,7488,False
A,2881,96568995,encoded,,125611,True
B,2880,96570960,encoded,,14569,False
A,2882,96602334,encoded,,20857,False
B,2881,96604296,encoded,,120519,True
A,2883,96635664,encoded,,10793,False
B,2882,96637627,encoded,,18422,False
A,2884,96668997,encoded,,16835,False
B,2883,96670961,encoded,,15711,False
A,2885,96702330,encoded,,17607,False
B,2884,96704295,encoded,,10918,False
A,2886,96735668,encoded,,24218,False
B,2885,96737637,encoded,,13125,False
A,2887,96769004,encoded,,20054,False
B,2886,96770961,encoded,,17005,False
A,2888,96802338,encoded,,11550,False
B,2887,96804295,encoded,,11021,False
A,2889,96835665,encoded,,9427,False
B,2888,96837631,encoded,,10659,False
A,2890,96868996,encoded,,8377,False
B,2889,96870964,encoded,,21508,False
A,2891,96902332,encoded,,7881,False
B,2890,96904301,encoded,,12290,False
A,2892,96935673,encoded,,19709,False
B,2891,96937629,encoded,,17517,False
A,2893,96969000,encoded,,20406,False
B,2892,96970965,encoded,,13074,False
A,2894,97002338,encoded,,3711,False
B,2893,97004296,encoded,,15850,False
A,2895,97035667,encoded,,4095,False
B,2894,97037634,encoded,,18841,False
A,2896,97068999,encoded,,17694,False
B,2895,97070965,encoded,,11223,False
A,2897,97102333,encoded,,11507,False
B,2896,97104302,encoded,,9631,False
A,2898,97135671,encoded,,10497,False
B,2897,97137631,encoded,,9401,False
A,2899,97169001,encoded,,9547,False
B,2898,97170967,encoded,,8546,False
A,2900,97202338,encoded,,9358,False
B,2899,97204300,encoded,,8326,False
A,2901,97235667,encoded,,8918,False
B,2900,97237632,encoded,,7227,False
A,2902,97268998,encoded,,8260,False
B,2901,97270966,encoded,,8204,False
B,2902,97304302,encoded,,7689,False
A,2903,97302335,encoded,,8098,False
A,2904,97335677,encoded,,8253,False
B,2903,97337636,encoded,,8690,False
A,2905,97369001,encoded,,8009,False
B,2904,97370974,encoded,,8799,False
A,2906,97402340,encoded,,12062,False
B,2905,97404320,encoded,,12471,False
A,2907,97435674,encoded,,16666,False
B,2906,97437635,encoded,,16667,False
A,2908,97469002,encoded,,19843,False
B,2907,97470979,encoded,,16666,False
A,2909,97502346,encoded,,13491,False
B,2908,97504302,encoded,,16667,False
A,2910,97535674,encoded,,16666,False
B,2909,97537636,encoded,,16667,False
A,2911,97569007,encoded,,125662,True
B,2910,97570970,encoded,,16666,False
B,2911,97604307,encoded,,121009,True
A,2912,97602341,encoded,,8854,False
A,2913,97635669,encoded,,14744,False
B,2912,97637634,encoded,,19562,False
A,2914,97669005,encoded,,24332,False
B,2913,97670978,encoded,,7821,False
A,2915,97702342,encoded,,18641,False
B,2914,97704303,encoded,,20765,False
A,2916,97735676,encoded,,24850,False
B,2915,97737654,encoded,,14936,False
A,2917,97769010,encoded,,20429,False
B,2916,97770980,encoded,,19627,False
A,2918,97802343,encoded,,12716,False
B,2917,97804314,encoded,,15826,False
A,2919,97835674,encoded,,13075,False
B,2918,97837638,encoded,,16327,False
A,2920,97869005,encoded,,8808,False
B,2919,97870970,encoded,,17722,False
A,2921,97902339,encoded,,12258,False
B,2920,97904304,encoded,,15322,False
A,2922,97935678,encoded,,9908,False
B,2921,97937638,encoded,,12367,False
A,2923,97969012,encoded,,6982,False
B,2922,97970970,encoded,,9535,False
A,2924,98002346,encoded,,5787,False
B,2923,98004310,encoded,,9362,False
A,2925,98035676,encoded,,25914,False
B,2924,98037640,encoded,,8612,False
A,2926,98069004,encoded,,3654,False
B,2925,98070972,encoded,,19973,False
A,2927,98102343,encoded,,16925,False
B,2926,98104309,encoded,,13086,False
A,2928,98135683,encoded,,11918,False
B,2927,98137653,encoded,,19507,False
A,2929,98169007,encoded,,10581,False
B,2928,98170982,encoded,,12505,False
A,2930,98202348,encoded,,10770,False
B,2929,98204309,encoded,,11727,False
A,2931,98235676,encoded,,9987,False
B,2930,98237640,encoded,,10245,False
A,2932,98269013,encoded,,9618,False
B,2931,98270984,encoded,,10573,False
A,2933,98302342,encoded,,8975,False
B,2932,98304309,encoded,,9401,False
A,2934,98335675,encoded,,8736,False
B,2933,98337642,encoded,,9854,False
A,2935,98369010,encoded,,8129,False
B,2934,98370976,encoded,,8866,False
A,2936,98402349,encoded,,8158,False
B,2935,98404324,encoded,,8423,False
B,2936,98437644,encoded,,7952,False
A,2937,98435679,encoded,,9589,False
A,2938,98469015,encoded,,16667,False
B,2937,98470979,encoded,,7656,False
A,2939,98502345,encoded,,25832,False
B,2938,98504312,encoded,,8106,False
A,2940,98535684,encoded,,7501,False
B,2939,98537656,encoded,,16667,False
A,2941,98569011,encoded,,125656,True
B,2940,98570979,encoded,,25363,False
A,2942,98602363,encoded,,18287,False
B,2941,98604323,encoded,,120748,True
A,2943,98635694,encoded,,6775,False
B,2942,98637656,encoded,,15725,False
A,2944,98669017,encoded,,22873,False
B,2943,98670984,encoded,,11244,False
A,2945,98702343,encoded,,17871,False
B,2944,98704332,encoded,,19613,False
A,2946,98735683,encoded,,24291,False
B,2945,98737645,encoded,,10244,False
A,2947,98769011,encoded,,21735,False
B,2946,98770978,encoded,,15202,False
A,2948,98802350,encoded,,11669,False
B,2947,98804325,encoded,,10694,False
A,2949,98835681,encoded,,9510,False
B,2948,98837650,encoded,,14508,False
A,2950,98869019,encoded,,9255,False
B,2949,98870979,encoded,,12170,False
A,2951,98902349,encoded,,7714,False
B,2950,98904315,encoded,,13946,False
A,2952,98935688,encoded,,7389,False
B,2951,98937650,encoded,,22278,False
A,2953,98969016,encoded,,6751,False
B,2952,98970983,encoded,,12484,False
A,2954,99002354,encoded,,20106,False
B,2953,99004316,encoded,,16092,False
A,2955,99035682,encoded,,17769,False
B,2954,99037651,encoded,,12256,False
A,2956,99069020,encoded,,12769,False
B,2955,99070994,encoded,,11991,False
A,2957,99102348,encoded,,10748,False
B,2956,99104326,encoded,,18057,False
A,2958,99135687,encoded,,10490,False
B,2957,99137659,encoded,,11266,False
A,2959,99169017,encoded,,9531,False
B,2958,99170991,encoded,,10355,False
A,2960,99202386,encoded,,9271,False
B,2959,99204329,encoded,,9547,False
A,2961,99235682,encoded,,8763,False
B,2960,99237664,encoded,,9449,False
A,2962,99269016,encoded,,9681,False
B,2961,99270983,encoded,,9111,False
A,2963,99302352,encoded,,8746,False
B,2962,99304319,encoded,,8762,False
A,2964,99335691,encoded,,8542,False
B,2963,99337653,encoded,,9590,False
A,2965,99369018,encoded,,7928,False
B,2964,99370989,encoded,,10136,False
A,2966,99402355,encoded,,9214,False
B,2965,99404332,encoded,,9883,False
A,2967,99435686,encoded,,16666,False
B,2966,99437665,encoded,,9000,False
A,2968,99469024,encoded,,27542,False
B,2967,99470987,encoded,,9037,False
A,2969,99502354,encoded,,6685,False
B,2968,99504333,encoded,,14582,False
A,2970,99535685,encoded,,15773,False
B,2969,99537654,encoded,,16667,False
A,2971,99569033,encoded,,125889,True
B,2970,99570998,encoded,,16666,False
A,2972,99602352,encoded,,17836,False
B,2971,99604321,encoded,,135297,True
A,2973,99635688,encoded,,10644,False
B,2972,99637655,encoded,,18642,False
A,2974,99669026,encoded,,21949,False
B,2973,99670989,encoded,,4563,False
A,2975,99702358,encoded,,20109,False
B,2974,99704323,encoded,,12365,False
A,2976,99735688,encoded,,20600,False
B,2975,99737669,encoded,,13694,False
A,2977,99769026,encoded,,19366,False
B,2976,99770987,encoded,,14752,False
A,2978,99802355,encoded,,11402,False
B,2977,99804333,encoded,,16685,False
A,2979,99835693,encoded,,9324,False
B,2978,99837654,encoded,,16602,False
A,2980,99869023,encoded,,8636,False
B,2979,99870999,encoded,,22805,False
A,2981,99902363,encoded,,7541,False
B,2980,99904333,encoded,,13051,False
A,2982,99935691,encoded,,19374,False
B,2981,99937667,encoded,,11623,False
A,2983,99969022,encoded,,4435,False
B,2982,99971000,encoded,,10780,False
A,2984,100002358,encoded,,21743,False
B,2983,100004331,encoded,,10025,False
A,2985,100035696,encoded,,13239,False
B,2984,100037672,encoded,,9762,False
A,2986,100069023,encoded,,11808,False
B,2985,100071001,encoded,,16721,False
A,2987,100102362,encoded,,10690,False
B,2986,100104332,encoded,,9899,False
A,2988,100135692,encoded,,11004,False
B,2987,100137667,encoded,,8202,False
A,2989,100169024,encoded,,9508,False
B,2988,100170992,encoded,,7553,False
A,2990,100202370,encoded,,9877,False
B,2989,100204334,encoded,,7340,False
A,2991,100235697,encoded,,8526,False
B,2990,100237670,encoded,,6791,False
A,2992,100269029,encoded,,9173,False
B,2991,100270995,encoded,,6169,False
A,2993,100302361,encoded,,8206,False
B,2992,100304326,encoded,,12542,False
A,2994,100335692,encoded,,7810,False
B,2993,100337662,encoded,,9882,False
A,2995,100369030,encoded,,7750,False
B,2994,100371001,encoded,,8395,False
A,2996,100402362,encoded,,7295,False
B,2995,100404340,encoded,,12527,False
A,2997,100435698,encoded,,16266,False
B,2996,100437667,encoded,,16667,False
A,2998,100469031,encoded,,25534,False
B,2997,100471031,encoded,,16666,False
A,2999,100502364,encoded,,7800,False
B,2998,100504328,encoded,,16667,False
A,3000,100535694,encoded,,16666,False
B,2999,100537662,encoded,,16667,False
A,3001,100569034,encoded,,116576,True
B,3000,100570996,encoded,,16666,False
A,3002,100602365,encoded,,7858,False
B,3001,100604330,encoded,,120912,True
A,3003,100635702,encoded,,22651,False
B,3002,100637673,encoded,,19339,False
A,3004,100669028,encoded,,28089,False
B,3003,100670999,encoded,,10346,False
A,3005,100702370,encoded,,20313,False
B,3004,100704332,encoded,,16309,False
A,3006,100735698,encoded,,26045,False
B,3005,100737665,encoded,,14664,False
A,3007,100769028,encoded,,19888,False
B,3006,100771008,encoded,,10640,False
A,3008,100802363,encoded,,11547,False
B,3007,100804332,encoded,,21430,False
A,3009,100835702,encoded,,9982,False
B,3008,100837664,encoded,,13875,False
A,3010,100869033,encoded,,8255,False
B,3009,100870999,encoded,,21157,False
A,3011,100902368,encoded,,7329,False
B,3010,100904332,encoded,,16628,False
A,3012,100935698,encoded,,6732,False
B,3011,100937666,encoded,,19729,False
A,3013,100969041,encoded,,20306,False
B,3012,100970999,encoded,,11063,False
A,3014,101002365,encoded,,3987,False
B,3013,101004338,encoded,,10898,False
B,3014,101037667,encoded,,11345,False
A,3015,101035706,encoded,,20342,False
B,3015,101071014,encoded,,11137,False
A,3016,101069032,encoded,,12605,False
A,3017,101102370,encoded,,11068,False
B,3016,101104339,encoded,,10510,False
A,3018,101135699,encoded,,11394,False
B,3017,101137669,encoded,,8735,False
A,3019,101169032,encoded,,9953,False
B,3018,101171000,encoded,,9125,False
A,3020,101202379,encoded,,9922,False
B,3019,101204338,encoded,,9646,False
A,3021,101235704,encoded,,9265,False
B,3020,101237668,encoded,,9870,False
A,3022,101269033,encoded,,8598,False
B,3021,101271002,encoded,,9152,False
A,3023,101302372,encoded,,8257,False
B,3022,101304351,encoded,,8401,False
A,3024,101335700,encoded,,8901,False
B,3023,101337667,encoded,,8011,False
A,3025,101369035,encoded,,7980,False
B,3024,101371003,encoded,,7391,False
A,3026,101402373,encoded,,7729,False
B,3025,101404340,encoded,,7762,False
A,3027,101435710,encoded,,14428,False
B,3026,101437672,encoded,,15259,False
A,3028,101469033,encoded,,16667,False
B,3027,101471007,encoded,,21693,False
B,3028,101504339,encoded,,11640,False
A,3029,101502376,encoded,,16667,False
A,3030,101535708,encoded,,16666,False
B,3029,101537670,encoded,,16667,False
A,3031,101569038,encoded,,125927,True
B,3030,101571004,encoded,,16666,False
A,3032,101602372,encoded,,18812,False
B,3031,101604338,encoded,,120814,True
B,3032,101637671,encoded,,22307,False
A,3033,101635705,encoded,,12400,False
B,3033,101671006,encoded,,10813,False
A,3034,101669036,encoded,,17441,False
A,3035,101702377,encoded,,18016,False
B,3034,101704340,encoded,,10529,False
A,3036,101735707,encoded,,24068,False
B,3035,101737673,encoded,,12753,False
A,3037,101769041,encoded,,19285,False
B,3036,101771004,encoded,,10647,False
A,3038,101802371,encoded,,11399,False
B,3037,101804339,encoded,,10184,False
A,3039,101835709,encoded,,9311,False
B,3038,101837683,encoded,,21719,False
A,3040,101869036,encoded,,9418,False
B,3039,101871011,encoded,,12983,False
A,3041,101902378,encoded,,8182,False
B,3040,101904343,encoded,,13774,False
A,3042,101935707,encoded,,7058,False
B,3041,101937672,encoded,,17131,False
A,3043,101969043,encoded,,19252,False
B,3042,101971026,encoded,,23946,False
A,3044,102002374,encoded,,19655,False
B,3043,102004362,encoded,,21582,False
A,3045,102035712,encoded,,13429,False
B,3044,102037691,encoded,,11648,False
A,3046,102069040,encoded,,11309,False
B,3045,102071011,encoded,,9597,False
A,3047,102102384,encoded,,10696,False
B,3046,102104343,encoded,,9908,False
A,3048,102135708,encoded,,9799,False
B,3047,102137675,encoded,,9486,False
A,3049,102169045,encoded,,11373,False
B,3048,102171010,encoded,,10012,False
A,3050,102202385,encoded,,9266,False
B,3049,102204345,encoded,,9088,False
A,3051,102235712,encoded,,8813,False
B,3050,102237677,encoded,,9096,False
A,3052,102269042,encoded,,8371,False
B,3051,102271012,encoded,,8645,False
A,3053,102302386,encoded,,8005,False
B,3052,102304354,encoded,,8224,False
B,3053,102337676,encoded,,7971,False
A,3054,102335707,encoded,,8035,False
A,3055,102369046,encoded,,7982,False
B,3054,102371010,encoded,,8242,False
A,3056,102402374,encoded,,7913,False
B,3055,102404350,encoded,,8446,False
A,3057,102435715,encoded,,14785,False
B,3056,102437678,encoded,,13789,False
B,3057,102471015,encoded,,16666,False
A,3058,102469043,encoded,,20442,False
A,3059,102502383,encoded,,13554,False
B,3058,102504345,encoded,,16667,False
A,3060,102535710,encoded,,16004,False
B,3059,102537681,encoded,,16667,False
B,3060,102571015,encoded,,16666,False
A,3061,102569047,encoded,,125846,True
A,3062,102602377,encoded,,20738,False
B,3061,102604348,encoded,,120905,True
B,3062,102637686,encoded,,20286,False
A,3063,102635716,encoded,,10396,False
A,3064,102669048,encoded,,16667,False
B,3063,102671015,encoded,,8821,False
A,3065,102702382,encoded,,17775,False
B,3064,102704347,encoded,,11233,False
A,3066,102735713,encoded,,22878,False
B,3065,102737681,encoded,,14341,False
B,3066,102771029,encoded,,10461,False
A,3067,102769052,encoded,,20909,False
A,3068,102802380,encoded,,11537,False
B,3067,102804349,encoded,,23313,False
A,3069,102835716,encoded,,9017,False
B,3068,102837682,encoded,,14276,False
A,3070,102869051,encoded,,8245,False
B,3069,102871017,encoded,,11370,False
B,3070,102904351,encoded,,19881,False
A,3071,102902386,encoded,,7153,False
B,3071,102937686,encoded,,17082,False
A,3072,102935713,encoded,,19634,False
A,3073,102969054,encoded,,21267,False
B,3072,102971028,encoded,,17986,False
A,3074,103002381,encoded,,2979,False
B,3073,103004351,encoded,,19880,False
A,3075,103035715,encoded,,16473,False
B,3074,103037685,encoded,,11045,False
A,3076,103069047,encoded,,11415,False
B,3075,103071018,encoded,,11389,False
B,3076,103104356,encoded,,11669,False
A,3077,103102381,encoded,,9963,False
A,3078,103135714,encoded,,9932,False
B,3077,103137697,encoded,,11815,False
A,3079,103169054,encoded,,10102,False
B,3078,103171025,encoded,,10630,False
A,3080,103202396,encoded,,9830,False
B,3079,103204353,encoded,,9654,False
A,3081,103235717,encoded,,11046,False
B,3080,103237685,encoded,,10729,False
A,3082,103269050,encoded,,8952,False
B,3081,103271020,encoded,,9609,False
A,3083,103302387,encoded,,9901,False
B,3082,103304353,encoded,,10670,False
A,3084,103335716,encoded,,9238,False
B,3083,103337685,encoded,,8241,False
A,3085,103369052,encoded,,7970,False
B,3084,103371018,encoded,,7578,False
A,3086,103402386,encoded,,9601,False
B,3085,103404355,encoded,,8752,False
A,3087,103435718,encoded,,10536,False
B,3086,103437687,encoded,,7602,False
A,3088,103469055,encoded,,16667,False
B,3087,103471021,encoded,,10782,False
A,3089,103502385,encoded,,19338,False
B,3088,103504355,encoded,,16667,False
B,3089,103537688,encoded,,22203,False
A,3090,103535717,encoded,,13995,False
A,3091,103569051,encoded,,125824,True
B,3090,103571022,encoded,,11130,False
A,3092,103602398,encoded,,17512,False
B,3091,103604365,encoded,,135234,True
A,3093,103635720,encoded,,7241,False
B,3092,103637688,encoded,,5231,False
A,3094,103669053,encoded,,23363,False
B,3093,103671023,encoded,,12446,False
A,3095,103702406,encoded,,17757,False
B,3094,103704360,encoded,,15753,False
A,3096,103735725,encoded,,24383,False
B,3095,103737688,encoded,,22245,False
A,3097,103769054,encoded,,21060,False
B,3096,103771035,encoded,,12494,False
A,3098,103802392,encoded,,11576,False
B,3097,103804360,encoded,,16054,False
A,3099,103835728,encoded,,9514,False
B,3098,103837690,encoded,,20890,False
A,3100,103869062,encoded,,8376,False
B,3099,103871033,encoded,,14950,False
A,3101,103902391,encoded,,7585,False
B,3100,103904360,encoded,,12530,False
A,3102,103935727,encoded,,19469,False
B,3101,103937692,encoded,,11216,False
A,3103,103969056,encoded,,20843,False
B,3102,103971032,encoded,,9855,False
A,3104,104002395,encoded,,13761,False
B,3103,104004356,encoded,,9229,False
A,3105,104035723,encoded,,12016,False
B,3104,104037703,encoded,,8819,False
B,3105,104071026,encoded,,9885,False
A,3106,104069056,encoded,,11161,False
B,3106,104104361,encoded,,21125,False
A,3107,104102390,encoded,,9996,False
A,3108,104135725,encoded,,9530,False
B,3107,104137694,encoded,,11557,False
B,3108,104171026,encoded,,10806,False
A,3109,104169057,encoded,,9144,False
A,3110,104202396,encoded,,8868,False
B,3109,104204360,encoded,,9440,False
A,3111,104235726,encoded,,8399,False
B,3110,104237694,encoded,,8915,False
A,3112,104269065,encoded,,8500,False
B,3111,104271028,encoded,,8273,False
A,3113,104302392,encoded,,8093,False
B,3112,104304362,encoded,,7347,False
B,3113,104337695,encoded,,8279,False
A,3114,104335730,encoded,,7908,False
A,3115,104369062,encoded,,7634,False
B,3114,104371028,encoded,,8433,False
A,3116,104402391,encoded,,7531,False
B,3115,104404366,encoded,,8062,False
A,3117,104435725,encoded,,12956,False
B,3116,104437707,encoded,,14266,False
A,3118,104469059,encoded,,16667,False
B,3117,104471039,encoded,,16666,False
A,3119,104502394,encoded,,17319,False
B,3118,104504363,encoded,,16667,False
A,3120,104535731,encoded,,16014,False
B,3119,104537696,encoded,,16667,False
A,3121,104569064,encoded,,125715,True
B,3120,104571040,encoded,,16666,False
A,3122,104602399,encoded,,23898,False
B,3121,104604377,encoded,,121425,True
B,3122,104637704,encoded,,19684,False
A,3123,104635728,encoded,,9200,False
A,3124,104669064,encoded,,14578,False
B,3123,104671031,encoded,,12350,False
B,3124,104704366,encoded,,12042,False
A,3125,104702395,encoded,,18277,False
A,3126,104735736,encoded,,23090,False
B,3125,104737702,encoded,,15476,False
A,3127,104769062,encoded,,20986,False
B,3126,104771033,encoded,,14002,False
B,3127,104804366,encoded,,14805,False
A,3128,104802398,encoded,,11957,False
A,3129,104835730,encoded,,9435,False
B,3128,104837702,encoded,,25419,False
A,3130,104869075,encoded,,8622,False
B,3129,104871058,encoded,,20279,False
B,3130,104904377,encoded,,14617,False
A,3131,104902422,encoded,,7552,False
A,3132,104935735,encoded,,23127,False
B,3131,104937700,encoded,,17738,False
A,3133,104969068,encoded,,17777,False
B,3132,104971037,encoded,,12198,False
A,3134,105002397,encoded,,13074,False
B,3133,105004368,encoded,,11843,False
A,3135,105035738,encoded,,11187,False
B,3134,105037706,encoded,,9078,False
A,3136,105069070,encoded,,10436,False
B,3135,105071052,encoded,,11715,False
A,3137,105102411,encoded,,10853,False
B,3136,105104386,encoded,,17377,False
A,3138,105135746,encoded,,9809,False
B,3137,105137710,encoded,,10878,False
A,3139,105169072,encoded,,9705,False
B,3138,105171037,encoded,,10406,False
A,3140,105202404,encoded,,8923,False
B,3139,105204382,encoded,,10834,False
B,3140,105237707,encoded,,11700,False
A,3141,105235740,encoded,,9597,False
B,3141,105271038,encoded,,11973,False
A,3142,105269072,encoded,,8722,False
B,3142,105304372,encoded,,12194,False
A,3143,105302430,encoded,,8119,False
A,3144,105335739,encoded,,8337,False
B,3143,105337703,encoded,,12074,False
A,3145,105369067,encoded,,8359,False
B,3144,105371046,encoded,,10203,False
A,3146,105402399,encoded,,8225,False
B,3145,105404384,encoded,,8660,False
A,3147,105435755,encoded,,10440,False
B,3146,105437720,encoded,,9083,False
A,3148,105469070,encoded,,16667,False
B,3147,105471046,encoded,,9466,False
A,3149,105502417,encoded,,24630,False
B,3148,105504377,encoded,,9853,False
A,3150,105535735,encoded,,8703,False
B,3149,105537709,encoded,,9618,False
A,3151,105569077,encoded,,125843,True
B,3150,105571044,encoded,,13010,False
A,3152,105602414,encoded,,17779,False
B,3151,105604381,encoded,,120913,True
A,3153,105635757,encoded,,7017,False
B,3152,105637725,encoded,,16687,False
A,3154,105669087,encoded,,24920,False
B,3153,105671045,encoded,,13582,False
A,3155,105702409,encoded,,17818,False
B,3154,105704373,encoded,,14929,False
A,3156,105735753,encoded,,23377,False
B,3155,105737716,encoded,,13617,False
A,3157,105769077,encoded,,20854,False
B,3156,105771051,encoded,,17149,False
A,3158,105802431,encoded,,11708,False
B,3157,105804396,encoded,,12015,False
A,3159,105835758,encoded,,9696,False
B,3158,105837736,encoded,,16037,False
A,3160,105869069,encoded,,9245,False
B,3159,105871061,encoded,,13392,False
A,3161,105902430,encoded,,7756,False
B,3160,105904381,encoded,,14745,False
A,3162,105935747,encoded,,19681,False
B,3161,105937724,encoded,,15757,False
A,3163,105969074,encoded,,5324,False
B,3162,105971045,encoded,,23685,False
A,3164,106002409,encoded,,22837,False
B,3163,106004382,encoded,,14065,False
A,3165,106035753,encoded,,3211,False
B,3164,106037716,encoded,,13400,False
A,3166,106069077,encoded,,17081,False
B,3165,106071047,encoded,,8520,False
A,3167,106102407,encoded,,11492,False
A,3168,106135745,encoded,,10722,False
B,3166,106104382,encoded,,13398,False
B,3167,106137714,encoded,,13016,False
A,3169,106169074,encoded,,9605,False
B,3168,106171057,encoded,,12372,False
A,3170,106202438,encoded,,10197,False
B,3169,106204393,encoded,,20605,False
A,3171,106235755,encoded,,11720,False
B,3170,106237722,encoded,,6681,False
A,3172,106269089,encoded,,9480,False
B,3171,106271061,encoded,,16885,False
A,3173,106302422,encoded,,8783,False
B,3172,106304387,encoded,,12999,False
A,3174,106335748,encoded,,8500,False
B,3173,106337729,encoded,,12146,False
A,3175,106369089,encoded,,7780,False
B,3174,106371053,encoded,,10443,False
A,3176,106402409,encoded,,7614,False
B,3175,106404383,encoded,,9164,False
A,3177,106435745,encoded,,9960,False
B,3176,106471057,encoded,,10481,False
A,3178,106469082,encoded,,16667,False
B,3177,106504382,encoded,,8817,False
A,3179,106502417,encoded,,19940,False
B,3178,106537719,encoded,,9676,False
A,3180,106535746,encoded,,13393,False
B,3179,106571058,encoded,,9524,False
A,3181,106569096,encoded,,125735,True
B,3180,106604383,encoded,,11151,False
A,3182,106602427,encoded,,18665,False
B,3181,106637735,encoded,,121100,True
A,3183,106635767,encoded,,7142,False
B,3182,106671056,encoded,,13926,False
A,3184,106669101,encoded,,23523,False
B,3183,106704386,encoded,,11046,False
A,3185,106735755,encoded,,17576,False
B,3184,106737731,encoded,,20748,False
A,3186,106769096,encoded,,20138,False
B,3185,106771072,encoded,,14415,False
A,3187,106802419,encoded,,15738,False
B,3186,106804389,encoded,,17577,False
A,3188,106835744,encoded,,18498,False
B,3187,106837721,encoded,,11112,False
A,3189,106869093,encoded,,10647,False
B,3188,106871054,encoded,,16071,False
A,3190,106902418,encoded,,9519,False
B,3189,106904400,encoded,,11687,False
A,3191,106935747,encoded,,9377,False
B,3190,106937730,encoded,,12146,False
A,3192,106969161,encoded,,19977,False
B,3191,106971059,encoded,,14628,False
A,3193,107002426,encoded,,5802,False
B,3192,107004390,encoded,,16592,False
A,3194,107035753,encoded,,23981,False
B,3193,107037722,encoded,,9780,False
A,3195,107069085,encoded,,3399,False
B,3194,107071074,encoded,,10533,False
A,3196,107102432,encoded,,19055,False
B,3195,107104390,encoded,,9616,False
A,3197,107135773,encoded,,12722,False
B,3196,107137733,encoded,,19354,False
A,3198,107169114,encoded,,11338,False
B,3197,107171069,encoded,,13889,False
A,3199,107202424,encoded,,10006,False
B,3198,107204398,encoded,,13264,False
A,3200,107235757,encoded,,8999,False
B,3199,107237721,encoded,,19756,False
A,3201,107269095,encoded,,8830,False
B,3200,107271058,encoded,,13519,False
A,3202,107302416,encoded,,8863,False
B,3201,107304388,encoded,,11297,False
A,3203,107335768,encoded,,10764,False
B,3202,107337724,encoded,,11691,False
A,3204,107369093,encoded,,9771,False
B,3203,107371057,encoded,,10124,False
A,3205,107402422,encoded,,8776,False
B,3204,107404398,encoded,,11009,False
A,3206,107435756,encoded,,9052,False
B,3205,107437726,encoded,,9525,False
A,3207,107469083,encoded,,8417,False
B,3206,107471054,encoded,,8645,False
A,3208,107502424,encoded,,10357,False
B,3207,107504394,encoded,,8390,False
A,3209,107535752,encoded,,16667,False
B,3208,107537724,encoded,,7433,False
A,3210,107569098,encoded,,20264,False
B,3209,107571059,encoded,,8610,False
A,3211,107602425,encoded,,116487,True
B,3210,107604392,encoded,,16666,False
A,3212,107635761,encoded,,20631,False
B,3211,107637726,encoded,,135210,True
A,3213,107669087,encoded,,13267,False
B,3212,107671058,encoded,,11493,False
A,3214,107702424,encoded,,27173,False
B,3213,107704396,encoded,,19067,False
A,3215,107735753,encoded,,20262,False
B,3214,107737738,encoded,,8397,False
A,3216,107769101,encoded,,24299,False
B,3215,107771061,encoded,,13731,False
A,3217,107802420,encoded,,20149,False
B,3216,107804405,encoded,,14849,False
A,3218,107835766,encoded,,11424,False
B,3217,107837737,encoded,,16450,False
A,3219,107869101,encoded,,9890,False
B,3218,107871060,encoded,,18035,False
A,3220,107902427,encoded,,8397,False
B,3219,107904396,encoded,,11744,False
A,3221,107935759,encoded,,7772,False
B,3220,107937728,encoded,,10504,False
A,3222,107969089,encoded,,7613,False
B,3221,107971062,encoded,,9240,False
A,3223,108002423,encoded,,6903,False
B,3222,108004394,encoded,,20381,False
A,3224,108035758,encoded,,19673,False
B,3223,108037735,encoded,,12306,False
A,3225,108069087,encoded,,4749,False
B,3224,108071076,encoded,,12111,False
A,3226,108102431,encoded,,20865,False
B,3225,108104397,encoded,,20137,False
A,3227,108135756,encoded,,13181,False
B,3226,108137730,encoded,,14792,False
A,3228,108169101,encoded,,11595,False
B,3227,108171077,encoded,,5722,False
A,3229,108202424,encoded,,10847,False
B,3228,108204398,encoded,,16135,False
A,3230,108235762,encoded,,9696,False
B,3229,108237743,encoded,,12812,False
A,3231,108269093,encoded,,9438,False
B,3230,108271066,encoded,,12686,False
A,3232,108302441,encoded,,8722,False
B,3231,108304411,encoded,,11971,False
A,3233,108335771,encoded,,8376,False
B,3232,108337736,encoded,,12956,False
A,3234,108369113,encoded,,8007,False
B,3233,108371079,encoded,,12187,False
A,3235,108402437,encoded,,8009,False
B,3234,108404399,encoded,,11723,False
A,3236,108435770,encoded,,8203,False
B,3235,108437731,encoded,,10417,False
A,3237,108469091,encoded,,10774,False
B,3236,108471066,encoded,,9219,False
A,3238,108502429,encoded,,16667,False
B,3237,108504398,encoded,,8615,False
A,3239,108535759,encoded,,19144,False
B,3238,108537732,encoded,,8799,False
A,3240,108569099,encoded,,14189,False
B,3239,108571067,encoded,,8891,False
A,3241,108602436,encoded,,126079,True
B,3240,108604400,encoded,,9420,False
A,3242,108635768,encoded,,18448,False
B,3241,108637734,encoded,,120552,True
A,3243,108669105,encoded,,7042,False
B,3242,108671070,encoded,,19644,False
A,3244,108702432,encoded,,23349,False
B,3243,108704401,encoded,,11166,False
A,3245,108735773,encoded,,9891,False
B,3244,108737733,encoded,,16557,False
A,3246,108769108,encoded,,18452,False
B,3245,108771082,encoded,,11436,False
A,3247,108802446,encoded,,18152,False
B,3246,108804409,encoded,,21306,False
A,3248,108835772,encoded,,15021,False
B,3247,108837746,encoded,,13462,False
A,3249,108869109,encoded,,17334,False
B,3248,108871072,encoded,,15700,False
A,3250,108902466,encoded,,10401,False
A,3251,108935763,encoded,,8290,False
B,3249,108904408,encoded,,16161,False
B,3250,108937738,encoded,,23928,False
A,3252,108969097,encoded,,8357,False
B,3251,108971072,encoded,,7059,False
A,3253,109002430,encoded,,20082,False
B,3252,109004408,encoded,,15296,False
A,3254,109035764,encoded,,20395,False
B,3253,109037738,encoded,,11708,False
A,3255,109069108,encoded,,3128,False
B,3254,109071070,encoded,,9421,False
A,3256,109102429,encoded,,16435,False
B,3255,109104405,encoded,,11485,False
A,3257,109135765,encoded,,12024,False
B,3256,109137739,encoded,,18092,False
A,3258,109169102,encoded,,11335,False
B,3257,109171073,encoded,,12943,False
A,3259,109202435,encoded,,10021,False
B,3258,109204408,encoded,,10965,False
A,3260,109235771,encoded,,9111,False
B,3259,109237740,encoded,,11347,False
A,3261,109269099,encoded,,9029,False
B,3260,109271081,encoded,,9994,False
A,3262,109302433,encoded,,8572,False
B,3261,109304421,encoded,,9270,False
A,3263,109335776,encoded,,8202,False
B,3262,109337755,encoded,,8590,False
A,3264,109369110,encoded,,8898,False
B,3263,109371088,encoded,,8507,False
A,3265,109402455,encoded,,8480,False
B,3264,109404427,encoded,,8846,False
A,3266,109435776,encoded,,8173,False
B,3265,109437745,encoded,,8938,False
A,3267,109469115,encoded,,15299,False
B,3266,109471101,encoded,,8880,False
A,3268,109502452,encoded,,20398,False
B,3267,109504409,encoded,,9390,False
A,3269,109535778,encoded,,12936,False
B,3268,109537744,encoded,,16024,False
A,3270,109569119,encoded,,16666,False
B,3269,109571083,encoded,,16667,False
A,3271,109602440,encoded,,125986,True
B,3270,109604411,encoded,,16666,False
A,3272,109635768,encoded,,8793,False
B,3271,109637745,encoded,,121045,True
A,3273,109669103,encoded,,14908,False
B,3272,109671077,encoded,,16285,False
A,3274,109702444,encoded,,23961,False
B,3273,109704410,encoded,,14375,False
A,3275,109735768,encoded,,22406,False
B,3274,109737744,encoded,,17856,False
A,3276,109769115,encoded,,21927,False
B,3275,109771093,encoded,,16745,False
A,3277,109802450,encoded,,18541,False
B,3276,109804425,encoded,,17467,False
A,3278,109835791,encoded,,10805,False
B,3277,109837761,encoded,,17489,False
A,3279,109869119,encoded,,9990,False
B,3278,109871091,encoded,,17448,False
A,3280,109902454,encoded,,8308,False
B,3279,109904422,encoded,,11198,False
A,3281,109935778,encoded,,7477,False
B,3280,109937750,encoded,,9468,False
A,3282,109969125,encoded,,19252,False
B,3281,109971096,encoded,,22548,False
A,3283,110002452,encoded,,20626,False
B,3282,110004425,encoded,,12979,False
A,3284,110035786,encoded,,13153,False
B,3283,110037754,encoded,,11378,False
A,3285,110069107,encoded,,11854,False
B,3284,110071084,encoded,,10738,False
A,3286,110102440,encoded,,10503,False
B,3285,110104412,encoded,,18482,False
A,3287,110135786,encoded,,9783,False
B,3286,110137746,encoded,,11454,False
A,3288,110169124,encoded,,9735,False
B,3287,110171081,encoded,,11363,False
A,3289,110202441,encoded,,9380,False
B,3288,110204419,encoded,,10945,False
A,3290,110235773,encoded,,9194,False
B,3289,110237747,encoded,,10525,False
A,3291,110269107,encoded,,8860,False
B,3290,110271081,encoded,,10056,False
A,3292,110302453,encoded,,8587,False
B,3291,110304415,encoded,,9893,False
A,3293,110335775,encoded,,8553,False
B,3292,110337749,encoded,,9457,False
A,3294,110369107,encoded,,8865,False
B,3293,110371083,encoded,,8281,False
A,3295,110402453,encoded,,8057,False
B,3294,110404416,encoded,,8160,False
A,3296,110435775,encoded,,7493,False
B,3295,110437761,encoded,,7400,False
B,3296,110471084,encoded,,7140,False
A,3297,110469107,encoded,,13003,False
A,3298,110502448,encoded,,16667,False
B,3297,110504420,encoded,,9825,False
A,3299,110535776,encoded,,16667,False
B,3298,110537753,encoded,,16667,False
A,3300,110569115,encoded,,16666,False
B,3299,110571088,encoded,,21711,False
A,3301,110602445,encoded,,125896,True
B,3300,110604427,encoded,,11622,False
A,3302,110635776,encoded,,21152,False
B,3301,110637749,encoded,,120831,True
A,3303,110669111,encoded,,8785,False
B,3302,110671093,encoded,,18460,False
A,3304,110702448,encoded,,18216,False
B,3303,110704418,encoded,,7692,False
A,3305,110735777,encoded,,18747,False
B,3304,110737761,encoded,,13662,False
A,3306,110769116,encoded,,23150,False
B,3305,110771089,encoded,,16198,False
A,3307,110802443,encoded,,20024,False
B,3306,110804423,encoded,,10326,False
A,3308,110835783,encoded,,12094,False
B,3307,110837750,encoded,,23322,False
A,3309,110869111,encoded,,9594,False
B,3308,110871097,encoded,,12822,False
B,3309,110904433,encoded,,13856,False
A,3310,110902446,encoded,,8672,False
A,3311,110935779,encoded,,7839,False
B,3310,110937753,encoded,,17198,False
B,3311,110971090,encoded,,17568,False
A,3312,110969114,encoded,,19172,False
B,3312,111004422,encoded,,16739,False
A,3313,111002456,encoded,,20629,False
B,3313,111037754,encoded,,18028,False
A,3314,111035779,encoded,,13346,False
A,3315,111069114,encoded,,11555,False
B,3314,111071088,encoded,,9925,False
A,3316,111102456,encoded,,10537,False
B,3315,111104422,encoded,,8754,False
A,3317,111135782,encoded,,11786,False
B,3316,111137754,encoded,,7927,False
B,3317,111171090,encoded,,7630,False
A,3318,111169117,encoded,,10095,False
A,3319,111202460,encoded,,9038,False
B,3318,111204424,encoded,,7165,False
A,3320,111235781,encoded,,8442,False
B,3319,111237758,encoded,,6600,False
B,3320,111271099,encoded,,6243,False
A,3321,111269120,encoded,,8376,False
A,3322,111302453,encoded,,7850,False
B,3321,111304425,encoded,,5723,False
A,3323,111335789,encoded,,8736,False
B,3322,111337758,encoded,,12489,False
A,3324,111369129,encoded,,7892,False
B,3323,111371090,encoded,,9205,False
A,3325,111402455,encoded,,7789,False
B,3324,111404424,encoded,,11637,False
A,3326,111435800,encoded,,7507,False
B,3325,111437761,encoded,,16667,False
B,3326,111471094,encoded,,16667,False
A,3327,111469121,encoded,,13081,False
A,3328,111502452,encoded,,16667,False
B,3327,111504427,encoded,,16666,False
A,3329,111535785,encoded,,16667,False
B,3328,111537761,encoded,,16667,False
A,3330,111569120,encoded,,16666,False
B,3329,111571094,encoded,,16667,False
A,3331,111602460,encoded,,125876,True
B,3330,111604427,encoded,,16666,False
A,3332,111635791,encoded,,21996,False
B,3331,111637768,encoded,,134699,True
B,3332,111671094,encoded,,17247,False
A,3333,111669123,encoded,,12189,False
A,3334,111702453,encoded,,18763,False
B,3333,111704431,encoded,,8170,False
A,3335,111735790,encoded,,13847,False
B,3334,111737767,encoded,,13700,False
A,3336,111769119,encoded,,20035,False
B,3335,111771093,encoded,,18834,False
A,3337,111802472,encoded,,13002,False
B,3336,111804441,encoded,,16310,False
A,3338,111835786,encoded,,18921,False
B,3337,111837760,encoded,,13260,False
A,3339,111869130,encoded,,14755,False
B,3338,111871105,encoded,,21210,False
A,3340,111902454,encoded,,9082,False
B,3339,111904431,encoded,,11874,False
A,3341,111935795,encoded,,9768,False
B,3340,111937761,encoded,,10333,False
A,3342,111969122,encoded,,7780,False
B,3341,111971104,encoded,,21973,False
A,3343,112002460,encoded,,19462,False
B,3342,112004439,encoded,,7396,False
A,3344,112035789,encoded,,20223,False
B,3343,112037777,encoded,,13984,False
A,3345,112069121,encoded,,13072,False
B,3344,112071105,encoded,,11541,False
A,3346,112102456,encoded,,11455,False
B,3345,112104443,encoded,,11540,False
A,3347,112135796,encoded,,11083,False
B,3346,112137764,encoded,,19255,False
A,3348,112169122,encoded,,10297,False
B,3347,112171099,encoded,,12864,False
A,3349,112202467,encoded,,10047,False
B,3348,112204434,encoded,,12001,False
A,3350,112235789,encoded,,10676,False
B,3349,112237766,encoded,,11561,False
A,3351,112269123,encoded,,9072,False
B,3350,112271098,encoded,,10021,False
A,3352,112302456,encoded,,8409,False
B,3351,112304433,encoded,,10472,False
A,3353,112335802,encoded,,10128,False
B,3352,112337776,encoded,,10101,False
A,3354,112369129,encoded,,7953,False
B,3353,112371111,encoded,,9733,False
A,3355,112402462,encoded,,8011,False
B,3354,112404432,encoded,,9754,False
A,3356,112435793,encoded,,7667,False
B,3355,112437766,encoded,,9714,False
A,3357,112469130,encoded,,8118,False
B,3356,112471119,encoded,,9318,False
A,3358,112502459,encoded,,14980,False
B,3357,112504444,encoded,,9066,False
A,3359,112535797,encoded,,20599,False
B,3358,112537766,encoded,,7725,False
B,3359,112571103,encoded,,9678,False
A,3360,112569127,encoded,,12734,False
A,3361,112602465,encoded,,125962,True
B,3360,112604437,encoded,,16666,False
A,3362,112635793,encoded,,17966,False
B,3361,112637768,encoded,,119965,True
A,3363,112669131,encoded,,7143,False
B,3362,112671106,encoded,,18184,False
A,3364,112702461,encoded,,23400,False
B,3363,112704435,encoded,,17421,False
A,3365,112735802,encoded,,9915,False
B,3364,112737776,encoded,,15219,False
A,3366,112769127,encoded,,26314,False
B,3365,112771105,encoded,,14293,False
A,3367,112802465,encoded,,17352,False
B,3366,112804439,encoded,,10877,False
A,3368,112835797,encoded,,19513,False
B,3367,112837814,encoded,,22937,False
B,3368,112871118,encoded,,12275,False
A,3369,112869129,encoded,,11149,False
A,3370,112902464,encoded,,9940,False
B,3369,112904443,encoded,,16306,False
A,3371,112935800,encoded,,8671,False
B,3370,112937800,encoded,,16703,False
A,3372,112969131,encoded,,7829,False
B,3371,112971106,encoded,,17418,False
A,3373,113002469,encoded,,19225,False
B,3372,113004470,encoded,,22424,False
A,3374,113035796,encoded,,20388,False
B,3373,113037773,encoded,,12143,False
A,3375,113069131,encoded,,13287,False
B,3374,113071119,encoded,,10073,False
B,3375,113104442,encoded,,9643,False
A,3376,113102475,encoded,,11563,False
A,3377,113135797,encoded,,10534,False
B,3376,113137774,encoded,,8519,False
A,3378,113169131,encoded,,10310,False
B,3377,113171107,encoded,,7671,False
A,3379,113202475,encoded,,9563,False
B,3378,113204454,encoded,,8683,False
A,3380,113235800,encoded,,9028,False
B,3379,113237775,encoded,,7887,False
A,3381,113269132,encoded,,8165,False
B,3380,113271109,encoded,,8098,False
A,3382,113302476,encoded,,8046,False
B,3381,113304441,encoded,,7709,False
A,3383,113335799,encoded,,8461,False
B,3382,113337777,encoded,,7715,False
A,3384,113369131,encoded,,7893,False
B,3383,113371109,encoded,,7017,False
A,3385,113402472,encoded,,7987,False
B,3384,113404461,encoded,,7344,False
B,3385,113437778,encoded,,10143,False
A,3386,113435801,encoded,,7477,False
A,3387,113469138,encoded,,12919,False
B,3386,113471111,encoded,,16667,False
B,3387,113504443,encoded,,38450,False
A,3388,113502467,encoded,,16667,False
A,3389,113535801,encoded,,18131,False
B,3388,113537776,encoded,,8693,False
A,3390,113569134,encoded,,15202,False
B,3389,113571119,encoded,,6698,False
A,3391,113602473,encoded,,125757,True
B,3390,113604446,encoded,,12825,False
A,3392,113635800,encoded,,22170,False
B,3391,113637777,encoded,,134642,True
A,3393,113669135,encoded,,9765,False
B,3392,113671111,encoded,,11432,False
A,3394,113702473,encoded,,14884,False
B,3393,113704444,encoded,,9437,False
A,3395,113735811,encoded,,17630,False
B,3394,113737782,encoded,,17433,False
A,3396,113769138,encoded,,21386,False
B,3395,113771113,encoded,,22179,False
A,3397,113802478,encoded,,16034,False
B,3396,113804448,encoded,,18556,False
A,3398,113835809,encoded,,16790,False
B,3397,113837781,encoded,,18200,False
B,3398,113871114,encoded,,18080,False
A,3399,113869137,encoded,,10230,False
A,3400,113902470,encoded,,10971,False
B,3399,113904457,encoded,,9600,False
A,3401,113935804,encoded,,8181,False
B,3400,113937781,encoded,,11397,False
A,3402,113969138,encoded,,7598,False
B,3401,113971115,encoded,,10135,False
A,3403,114002478,encoded,,18964,False
B,3402,114004449,encoded,,17497,False
A,3404,114035804,encoded,,20077,False
B,3403,114037796,encoded,,11536,False
A,3405,114069142,encoded,,13436,False
B,3404,114071118,encoded,,10349,False
A,3406,114102472,encoded,,11152,False
B,3405,114104451,encoded,,10119,False
A,3407,114135805,encoded,,10624,False
B,3406,114137782,encoded,,9899,False
A,3408,114169139,encoded,,10711,False
B,3407,114171115,encoded,,9480,False
B,3408,114204450,encoded,,9176,False
A,3409,114202478,encoded,,10237,False
A,3410,114235808,encoded,,10117,False
B,3409,114237781,encoded,,8918,False
A,3411,114269145,encoded,,8538,False
B,3410,114271117,encoded,,7946,False
A,3412,114302474,encoded,,9244,False
B,3411,114304454,encoded,,8771,False
A,3413,114335806,encoded,,8731,False
B,3412,114337784,encoded,,9711,False
A,3414,114369149,encoded,,9480,False
B,3413,114371120,encoded,,11248,False
A,3415,114402478,encoded,,12973,False
B,3414,114404452,encoded,,14385,False
A,3416,114435807,encoded,,11243,False
B,3415,114437787,encoded,,14149,False
A,3417,114469145,encoded,,9606,False
B,3416,114471120,encoded,,12723,False
A,3418,114502489,encoded,,10138,False
B,3417,114504453,encoded,,12531,False
A,3419,114535813,encoded,,16667,False
B,3418,114537787,encoded,,12955,False
A,3420,114569154,encoded,,16666,False
B,3419,114571119,encoded,,12508,False
A,3421,114602481,encoded,,125772,True
B,3420,114604454,encoded,,15008,False
A,3422,114635809,encoded,,21646,False
B,3421,114637786,encoded,,120138,True
A,3423,114669148,encoded,,8715,False
B,3422,114671121,encoded,,19656,False
A,3424,114702475,encoded,,18397,False
B,3423,114704464,encoded,,13207,False
A,3425,114735810,encoded,,17824,False
B,3424,114737797,encoded,,18793,False
A,3426,114769142,encoded,,24044,False
B,3425,114771123,encoded,,13868,False
A,3427,114802485,encoded,,20743,False
B,3426,114804457,encoded,,14710,False
A,3428,114835812,encoded,,11802,False
B,3427,114837788,encoded,,11581,False
A,3429,114869154,encoded,,9341,False
B,3428,114871122,encoded,,10515,False
B,3429,114904457,encoded,,21228,False
A,3430,114902482,encoded,,8319,False
A,3431,114935810,encoded,,8663,False
B,3430,114937788,encoded,,12340,False
A,3432,114969146,encoded,,11064,False
B,3431,114971124,encoded,,17224,False
A,3433,115002480,encoded,,7228,False
B,3432,115004458,encoded,,14639,False
A,3434,115035814,encoded,,19910,False
B,3433,115037790,encoded,,18781,False
A,3435,115069146,encoded,,20017,False
B,3434,115071133,encoded,,14012,False
A,3436,115102489,encoded,,3016,False
B,3435,115104459,encoded,,12777,False
A,3437,115135823,encoded,,15853,False
B,3436,115137795,encoded,,11472,False
A,3438,115169156,encoded,,12316,False
B,3437,115171126,encoded,,11301,False
A,3439,115202489,encoded,,10740,False
B,3438,115204462,encoded,,19198,False
A,3440,115235813,encoded,,9935,False
B,3439,115237792,encoded,,12659,False
B,3440,115271127,encoded,,12036,False
A,3441,115269161,encoded,,10385,False
A,3442,115302491,encoded,,9736,False
B,3441,115304460,encoded,,10394,False
A,3443,115335815,encoded,,8802,False
B,3442,115337794,encoded,,10454,False
B,3443,115371128,encoded,,10191,False
A,3444,115369154,encoded,,8636,False
A,3445,115402484,encoded,,8397,False
B,3444,115404462,encoded,,10338,False
A,3446,115435820,encoded,,9390,False
B,3445,115437799,encoded,,11144,False
A,3447,115469148,encoded,,9309,False
B,3446,115471127,encoded,,10606,False
A,3448,115502485,encoded,,16667,False
B,3447,115504475,encoded,,9864,False
A,3449,115535820,encoded,,26442,False
B,3448,115537796,encoded,,8633,False
A,3450,115569151,encoded,,6891,False
B,3449,115571127,encoded,,7595,False
A,3451,115602496,encoded,,125733,True
B,3450,115604463,encoded,,10646,False
A,3452,115635820,encoded,,17748,False
B,3451,115637794,encoded,,120683,True
A,3453,115669152,encoded,,6793,False
B,3452,115671130,encoded,,16367,False
A,3454,115702498,encoded,,24211,False
B,3453,115704472,encoded,,13350,False
A,3455,115735822,encoded,,17969,False
B,3454,115737809,encoded,,12998,False
A,3456,115769150,encoded,,24443,False
B,3455,115771140,encoded,,15552,False
A,3457,115802487,encoded,,21519,False
B,3456,115804464,encoded,,14779,False
A,3458,115835819,encoded,,12925,False
B,3457,115837810,encoded,,11299,False
B,3458,115871132,encoded,,16502,False
A,3459,115869151,encoded,,9744,False
A,3460,115902493,encoded,,8597,False
B,3459,115904466,encoded,,22074,False
A,3461,115935820,encoded,,8029,False
B,3460,115937800,encoded,,11553,False
A,3462,115969155,encoded,,7217,False
B,3461,115971141,encoded,,17597,False
A,3463,116002489,encoded,,19613,False
B,3462,116004484,encoded,,14178,False
A,3464,116035821,encoded,,4227,False
B,3463,116037798,encoded,,9920,False
B,3464,116071134,encoded,,14680,False
A,3465,116069158,encoded,,20558,False
A,3466,116102494,encoded,,12886,False
B,3465,116104468,encoded,,12333,False
A,3467,116135822,encoded,,12126,False
B,3466,116137800,encoded,,12769,False
A,3468,116169161,encoded,,10851,False
B,3467,116171146,encoded,,19034,False
A,3469,116202506,encoded,,9619,False
B,3468,116204485,encoded,,12569,False
A,3470,116235829,encoded,,9144,False
B,3469,116237801,encoded,,11816,False
A,3471,116269156,encoded,,8844,False
B,3470,116271134,encoded,,11222,False
A,3472,116302496,encoded,,9560,False
B,3471,116304469,encoded,,10624,False
A,3473,116335824,encoded,,9268,False
B,3472,116337811,encoded,,11302,False
A,3474,116369157,encoded,,9967,False
B,3473,116371136,encoded,,10254,False
B,3474,116404473,encoded,,9710,False
A,3475,116402492,encoded,,9343,False
A,3476,116435825,encoded,,8933,False
B,3475,116437802,encoded,,8961,False
B,3476,116471137,encoded,,7486,False
A,3477,116469158,encoded,,10133,False
A,3478,116502497,encoded,,16667,False
B,3477,116504470,encoded,,7940,False
A,3479,116535825,encoded,,20304,False
B,3478,116537806,encoded,,9115,False
A,3480,116569165,encoded,,13029,False
B,3479,116571138,encoded,,16667,False
A,3481,116602494,encoded,,125943,True
B,3480,116604474,encoded,,23242,False
A,3482,116635830,encoded,,18267,False
B,3481,116637817,encoded,,120734,True
A,3483,116669159,encoded,,7075,False
B,3482,116671138,encoded,,13099,False
A,3484,116702493,encoded,,23672,False
B,3483,116704471,encoded,,8460,False
A,3485,116735825,encoded,,18265,False
B,3484,116737823,encoded,,17892,False
A,3486,116769165,encoded,,21204,False
B,3485,116771141,encoded,,16725,False
A,3487,116802503,encoded,,15977,False
B,3486,116804476,encoded,,18173,False
A,3488,116835831,encoded,,18554,False
B,3487,116837807,encoded,,18357,False
A,3489,116869160,encoded,,10356,False
B,3488,116871141,encoded,,16726,False
A,3490,116902501,encoded,,8849,False
B,3489,116904476,encoded,,14389,False
A,3491,116935831,encoded,,7963,False
B,3490,116937809,encoded,,16536,False
A,3492,116969161,encoded,,9157,False
B,3491,116971143,encoded,,12937,False
B,3492,117004473,encoded,,12111,False
A,3493,117002495,encoded,,7036,False
A,3494,117035834,encoded,,21031,False
B,3493,117037810,encoded,,12187,False
A,3495,117069166,encoded,,7793,False
B,3494,117071144,encoded,,12412,False
A,3496,117102506,encoded,,9847,False
B,3495,117104478,encoded,,11547,False
A,3497,117135833,encoded,,5851,False
B,3496,117137813,encoded,,9618,False
A,3498,117169171,encoded,,23579,False
B,3497,117171146,encoded,,10042,False
A,3499,117202500,encoded,,13921,False
B,3498,117204489,encoded,,8898,False
A,3500,117235832,encoded,,11181,False
B,3499,117237821,encoded,,17744,False
A,3501,117269167,encoded,,10299,False
B,3500,117271147,encoded,,13937,False
A,3502,117302502,encoded,,8894,False
B,3501,117304479,encoded,,18101,False
A,3503,117335831,encoded,,9526,False
B,3502,117337812,encoded,,13131,False
B,3503,117371145,encoded,,11599,False
A,3504,117369172,encoded,,9332,False
A,3505,117402508,encoded,,8945,False
B,3504,117404479,encoded,,9936,False
A,3506,117435832,encoded,,8510,False
B,3505,117437811,encoded,,9852,False
A,3507,117469167,encoded,,8973,False
B,3506,117471148,encoded,,9533,False
A,3508,117502505,encoded,,16667,False
B,3507,117504478,encoded,,10584,False
A,3509,117535833,encoded,,31515,False
B,3508,117537814,encoded,,11721,False
A,3510,117569173,encoded,,5436,False
B,3509,117571148,encoded,,11549,False
A,3511,117602509,encoded,,116736,True
B,3510,117604481,encoded,,11084,False
A,3512,117635842,encoded,,19621,False
B,3511,117637812,encoded,,121304,True
A,3513,117669169,encoded,,16687,False
B,3512,117671148,encoded,,12926,False
A,3514,117702507,encoded,,18985,False
B,3513,117704485,encoded,,12144,False
A,3515,117735835,encoded,,16293,False
B,3514,117737813,encoded,,20349,False
B,3515,117771150,encoded,,13905,False
A,3516,117769170,encoded,,27392,False
A,3517,117802505,encoded,,18408,False
B,3516,117804485,encoded,,15105,False
A,3518,117835836,encoded,,17680,False
B,3517,117837816,encoded,,9873,False
A,3519,117869172,encoded,,10746,False
B,3518,117871150,encoded,,9804,False
A,3520,117902511,encoded,,8973,False
B,3519,117904482,encoded,,10899,False
A,3521,117935838,encoded,,8175,False
B,3520,117937819,encoded,,9486,False
B,3521,117971150,encoded,,19355,False
A,3522,117969170,encoded,,7371,False
A,3523,118002504,encoded,,6699,False
B,3522,118004485,encoded,,12057,False
B,3523,118037818,encoded,,15122,False
A,3524,118035842,encoded,,19794,False
B,3524,118071150,encoded,,23695,False
A,3525,118069169,encoded,,4740,False
A,3526,118102509,encoded,,20158,False
B,3525,118104486,encoded,,7988,False
A,3527,118135837,encoded,,13893,False
B,3526,118137818,encoded,,13901,False
A,3528,118169177,encoded,,11139,False
B,3527,118171152,encoded,,20810,False
B,3528,118204488,encoded,,13144,False
A,3529,118202509,encoded,,11603,False
A,3530,118235844,encoded,,10922,False
B,3529,118237820,encoded,,13349,False
A,3531,118269172,encoded,,9925,False
B,3530,118271156,encoded,,6207,False
A,3532,118302517,encoded,,9701,False
B,3531,118304491,encoded,,6873,False
A,3533,118335843,encoded,,8753,False
B,3532,118337834,encoded,,10230,False
A,3534,118369175,encoded,,8316,False
B,3533,118371165,encoded,,10778,False
A,3535,118402516,encoded,,8752,False
B,3534,118404499,encoded,,13255,False
A,3536,118435842,encoded,,8684,False
B,3535,118437829,encoded,,12093,False
A,3537,118469175,encoded,,8059,False
B,3536,118471167,encoded,,9894,False
A,3538,118502515,encoded,,14844,False
B,3537,118504490,encoded,,10534,False
A,3539,118535843,encoded,,20886,False
B,3538,118537822,encoded,,9830,False
A,3540,118569176,encoded,,12447,False
B,3539,118571164,encoded,,12234,False
A,3541,118602514,encoded,,125766,True
B,3540,118604490,encoded,,16666,False
A,3542,118635849,encoded,,17991,False
B,3541,118637822,encoded,,121251,True
B,3542,118671165,encoded,,18241,False
A,3543,118669178,encoded,,7443,False
A,3544,118702509,encoded,,23296,False
B,3543,118704492,encoded,,14798,False
A,3545,118735844,encoded,,18488,False
B,3544,118737841,encoded,,13681,False
A,3546,118769178,encoded,,23847,False
B,3545,118771172,encoded,,14782,False
A,3547,118802510,encoded,,21513,False
B,3546,118804503,encoded,,16623,False
A,3548,118835845,encoded,,11693,False
B,3547,118837838,encoded,,16578,False
A,3549,118869179,encoded,,10011,False
B,3548,118871169,encoded,,14284,False
A,3550,118902512,encoded,,8413,False
B,3549,118904492,encoded,,12697,False
B,3550,118937824,encoded,,12027,False
A,3551,118935851,encoded,,7590,False
A,3552,118969179,encoded,,6961,False
B,3551,118971158,encoded,,15212,False
A,3553,119002518,encoded,,20237,False
B,3552,119004493,encoded,,11036,False
A,3554,119035848,encoded,,4641,False
B,3553,119037826,encoded,,10408,False
A,3555,119069177,encoded,,21333,False
B,3554,119071170,encoded,,11202,False
A,3556,119102515,encoded,,13624,False
B,3555,119104493,encoded,,10565,False
A,3557,119135848,encoded,,3561,False
B,3556,119137831,encoded,,11859,False
B,3557,119171161,encoded,,9627,False
A,3558,119169181,encoded,,17411,False
A,3559,119202521,encoded,,12048,False
B,3558,119204493,encoded,,9142,False
A,3560,119235849,encoded,,10096,False
B,3559,119237837,encoded,,18637,False
A,3561,119269181,encoded,,9827,False
B,3560,119271163,encoded,,15069,False
A,3562,119302515,encoded,,9013,False
B,3561,119304505,encoded,,18740,False
B,3562,119337837,encoded,,13509,False
A,3563,119335855,encoded,,8634,False
A,3564,119369185,encoded,,8554,False
B,3563,119371167,encoded,,11808,False
A,3565,119402522,encoded,,8477,False
B,3564,119404511,encoded,,10266,False
A,3566,119435850,encoded,,8815,False
B,3565,119437849,encoded,,9745,False
A,3567,119469187,encoded,,10717,False
B,3566,119471166,encoded,,9349,False
B,3567,119504499,encoded,,8421,False
A,3568,119502518,encoded,,16667,False
A,3569,119535857,encoded,,19353,False
B,3568,119537834,encoded,,7544,False
B,3569,119571167,encoded,,16233,False
A,3570,119569183,encoded,,13980,False
A,3571,119602522,encoded,,126018,True
B,3570,119604499,encoded,,23808,False
A,3572,119635849,encoded,,18834,False
B,3571,119637848,encoded,,120789,True
B,3572,119671168,encoded,,16473,False
A,3573,119669192,encoded,,6986,False
A,3574,119702519,encoded,,23212,False
B,3573,119704501,encoded,,11455,False
B,3574,119737848,encoded,,20497,False
A,3575,119735857,encoded,,18434,False
A,3576,119769186,encoded,,24167,False
B,3575,119771167,encoded,,10734,False
A,3577,119802527,encoded,,21566,False
B,3576,119804499,encoded,,15171,False
A,3578,119835853,encoded,,11687,False
B,3577,119837832,encoded,,10430,False
B,3578,119871170,encoded,,13796,False
A,3579,119869195,encoded,,9504,False
A,3580,119902520,encoded,,8885,False
B,3579,119904504,encoded,,22295,False
A,3581,119935862,encoded,,8078,False
B,3580,119937837,encoded,,12280,False
A,3582,119969189,encoded,,7245,False
B,3581,119971171,encoded,,20337,False
A,3583,120002527,encoded,,18900,False
B,3582,120004502,encoded,,12443,False
A,3584,120035857,encoded,,5046,False
B,3583,120037840,encoded,,11581,False
A,3585,120069194,encoded,,20661,False
B,3584,120071167,encoded,,19853,False
A,3586,120102520,encoded,,13317,False
B,3585,120104501,encoded,,12581,False
A,3587,120135861,encoded,,11350,False
B,3586,120137855,encoded,,11042,False
A,3588,120169192,encoded,,10500,False
B,3587,120171184,encoded,,10785,False
A,3589,120202528,encoded,,9561,False
B,3588,120204513,encoded,,9469,False
A,3590,120235859,encoded,,9661,False
B,3589,120237836,encoded,,9449,False
A,3591,120269190,encoded,,8857,False
B,3590,120271184,encoded,,8502,False
A,3592,120302525,encoded,,9214,False
B,3591,120304517,encoded,,8128,False
A,3593,120335864,encoded,,8640,False
B,3592,120337853,encoded,,8958,False
A,3594,120369190,encoded,,7971,False
B,3593,120371177,encoded,,7820,False
A,3595,120402526,encoded,,7726,False
B,3594,120404511,encoded,,7557,False
A,3596,120435860,encoded,,7573,False
B,3595,120437839,encoded,,7176,False
A,3597,120469192,encoded,,16407,False
B,3596,120471175,encoded,,7445,False
A,3598,120502537,encoded,,31094,False
B,3597,120504514,encoded,,15812,False
B,3598,120537838,encoded,,22640,False
A,3599,120535855,encoded,,4879,False
