camera,sequence,pts_us,status,drop_reason,encoded_bytes,keyframe
A,0,286090,dropped,camera_frame_error,,
B,0,546694,dropped,camera_frame_error,,
A,1,319441,encoded,,65956,True
A,2,552763,encoded,,587,False
B,1,580034,encoded,,79322,True
A,3,586101,encoded,,620,False
B,2,613370,encoded,,278,False
A,4,619432,encoded,,49323,False
B,3,646698,encoded,,1596,False
A,5,652765,encoded,,2203,False
B,4,680044,encoded,,52904,False
A,6,686116,encoded,,14773,False
B,5,713375,encoded,,755,False
A,7,719433,encoded,,8973,False
B,6,746699,encoded,,9327,False
A,8,752770,encoded,,26435,False
B,7,780048,encoded,,22336,False
A,9,786103,encoded,,3936,False
B,8,813388,encoded,,2723,False
A,10,819442,encoded,,10328,False
B,9,846713,encoded,,19222,False
A,11,852780,encoded,,3875,False
B,10,880047,encoded,,8748,False
A,12,886105,encoded,,12862,False
B,11,913388,encoded,,22255,False
A,13,919442,encoded,,4493,False
B,12,946715,encoded,,4828,False
A,14,952777,encoded,,18893,False
B,13,980062,encoded,,3169,False
A,15,986123,encoded,,5918,False
B,14,1013394,encoded,,12630,False
A,16,1019442,encoded,,13185,False
B,15,1046753,encoded,,5201,False
A,17,1052778,encoded,,16667,False
B,16,1080055,encoded,,18204,False
A,18,1086114,encoded,,16666,False
B,17,1113398,encoded,,1332,False
A,19,1119445,encoded,,16667,False
B,18,1146720,encoded,,10863,False
A,20,1152778,encoded,,16667,False
B,19,1180046,encoded,,16667,False
A,21,1186112,encoded,,16666,False
B,20,1213400,encoded,,30283,False
A,22,1219449,encoded,,16667,False
B,21,1246733,encoded,,3050,False
A,23,1252787,encoded,,16667,False
B,22,1280057,encoded,,16667,False
A,24,1286132,encoded,,16666,False
B,23,1313386,encoded,,16667,False
A,25,1319450,encoded,,16667,False
B,24,1346720,encoded,,16666,False
A,26,1352801,encoded,,16667,False
B,25,1380054,encoded,,16667,False
A,27,1386161,encoded,,16666,False
B,26,1413396,encoded,,16667,False
A,28,1419451,encoded,,16667,False
B,27,1446738,encoded,,16666,False
A,29,1452825,encoded,,16667,False
B,28,1480055,encoded,,16667,False
A,30,1486136,encoded,,16666,False
B,29,1513388,encoded,,16667,False
A,31,1519457,encoded,,115427,True
B,30,1546724,encoded,,16666,False
A,32,1552794,encoded,,23576,False
B,31,1580062,encoded,,125716,True
A,33,1586125,encoded,,514,False
B,32,1613390,encoded,,16425,False
A,34,1619460,encoded,,3611,False
B,33,1646723,encoded,,703,False
A,35,1652792,encoded,,7362,False
B,34,1680059,encoded,,3432,False
A,36,1686126,encoded,,10236,False
B,35,1713392,encoded,,9981,False
A,37,1719459,encoded,,4844,False
B,36,1746727,encoded,,19231,False
A,38,1752793,encoded,,3959,False
B,37,1780061,encoded,,5387,False
A,39,1786127,encoded,,20038,False
B,38,1813399,encoded,,4396,False
A,40,1819466,encoded,,8046,False
B,39,1846736,encoded,,16490,False
A,41,1852799,encoded,,6498,False
B,40,1880069,encoded,,7352,False
A,42,1886136,encoded,,5529,False
B,41,1913397,encoded,,5565,False
A,43,1919470,encoded,,7027,False
B,42,1946755,encoded,,4505,False
A,44,1952798,encoded,,16667,False
B,43,1980076,encoded,,4026,False
A,45,1986132,encoded,,27647,False
B,44,2013406,encoded,,10125,False
A,46,2019468,encoded,,5686,False
B,45,2046763,encoded,,18144,False
A,47,2052801,encoded,,16667,False
B,46,2080088,encoded,,30529,False
A,48,2086144,encoded,,16666,False
B,47,2113419,encoded,,1327,False
A,49,2119469,encoded,,16667,False
B,48,2146750,encoded,,16666,False
A,50,2152803,encoded,,16667,False
B,49,2180069,encoded,,16667,False
A,51,2186139,encoded,,16666,False
B,50,2213407,encoded,,16667,False
A,52,2219471,encoded,,16667,False
B,51,2246750,encoded,,16666,False
A,53,2252820,encoded,,16667,False
B,52,2280087,encoded,,16667,False
A,54,2286160,encoded,,16666,False
B,53,2313406,encoded,,16667,False
A,55,2319478,encoded,,16667,False
B,54,2346766,encoded,,16666,False
A,56,2352811,encoded,,16667,False
B,55,2380098,encoded,,16667,False
A,57,2386165,encoded,,16666,False
B,56,2413409,encoded,,16667,False
A,58,2419480,encoded,,16667,False
B,57,2446742,encoded,,16666,False
A,59,2452824,encoded,,16667,False
B,58,2480080,encoded,,16667,False
A,60,2486155,encoded,,16666,False
B,59,2513412,encoded,,16667,False
A,61,2519480,encoded,,115351,True
B,60,2546745,encoded,,16666,False
A,62,2552826,encoded,,26137,False
B,61,2580082,encoded,,125427,True
A,63,2586161,encoded,,8851,False
B,62,2613416,encoded,,20153,False
A,64,2619482,encoded,,10062,False
B,63,2646746,encoded,,10114,False
A,65,2652830,encoded,,14715,False
B,64,2680080,encoded,,10067,False
A,66,2686168,encoded,,14295,False
B,65,2713416,encoded,,19749,False
A,67,2719494,encoded,,15407,False
B,66,2746751,encoded,,14349,False
A,68,2752818,encoded,,8943,False
B,67,2780092,encoded,,6543,False
A,69,2786155,encoded,,7201,False
B,68,2813427,encoded,,19038,False
A,70,2819491,encoded,,6317,False
B,69,2846768,encoded,,8717,False
A,71,2852819,encoded,,5586,False
B,70,2880100,encoded,,6485,False
A,72,2886155,encoded,,4976,False
B,71,2913429,encoded,,5681,False
A,73,2919491,encoded,,19434,False
B,72,2946767,encoded,,4952,False
A,74,2952824,encoded,,2489,False
B,73,2980092,encoded,,4910,False
A,75,2986156,encoded,,12265,False
B,74,3013431,encoded,,18526,False
A,76,3019495,encoded,,8679,False
B,75,3046772,encoded,,18638,False
A,77,3052825,encoded,,6851,False
B,76,3080109,encoded,,9934,False
A,78,3086157,encoded,,12441,False
B,77,3113435,encoded,,7925,False
A,79,3119506,encoded,,16667,False
B,78,3146781,encoded,,7080,False
A,80,3152840,encoded,,23549,False
B,79,3180117,encoded,,6245,False
A,81,3186182,encoded,,9784,False
B,80,3213431,encoded,,8801,False
A,82,3219513,encoded,,16667,False
B,81,3246776,encoded,,16666,False
A,83,3252848,encoded,,16667,False
B,82,3280122,encoded,,24747,False
A,84,3286187,encoded,,16666,False
B,83,3313452,encoded,,8587,False
A,85,3319499,encoded,,16667,False
B,84,3346778,encoded,,16666,False
A,86,3352848,encoded,,16667,False
B,85,3380103,encoded,,16667,False
A,87,3386179,encoded,,16666,False
B,86,3413447,encoded,,16667,False
A,88,3419505,encoded,,16667,False
B,87,3446773,encoded,,16666,False
A,89,3452844,encoded,,16667,False
B,88,3480111,encoded,,16667,False
A,90,3486181,encoded,,16666,False
B,89,3513436,encoded,,16667,False
A,91,3519503,encoded,,124341,True
B,90,3546771,encoded,,16666,False
A,92,3552841,encoded,,20274,False
B,91,3580108,encoded,,125322,True
A,93,3586172,encoded,,10352,False
B,92,3613441,encoded,,16759,False
A,94,3619507,encoded,,21093,False
B,93,3646785,encoded,,18505,False
A,95,3652839,encoded,,16628,False
B,94,3680125,encoded,,14081,False
A,96,3686174,encoded,,9262,False
B,95,3713450,encoded,,19230,False
A,97,3719512,encoded,,8128,False
B,96,3746782,encoded,,17008,False
A,98,3752844,encoded,,18571,False
B,97,3780128,encoded,,13839,False
A,99,3786176,encoded,,15249,False
B,98,3813467,encoded,,7778,False
A,100,3819509,encoded,,9706,False
B,99,3846807,encoded,,6022,False
A,101,3852845,encoded,,8279,False
B,100,3880148,encoded,,19510,False
A,102,3886182,encoded,,8120,False
B,101,3913458,encoded,,10814,False
A,103,3919512,encoded,,6719,False
B,102,3946800,encoded,,18249,False
A,104,3952851,encoded,,6241,False
B,103,3980129,encoded,,9550,False
A,105,3986182,encoded,,5717,False
B,104,4013463,encoded,,7453,False
A,106,4019519,encoded,,5498,False
B,105,4046799,encoded,,6869,False
A,107,4052853,encoded,,5315,False
B,106,4080124,encoded,,6212,False
A,108,4086205,encoded,,23773,False
B,107,4113463,encoded,,5755,False
A,109,4119518,encoded,,12953,False
B,108,4146792,encoded,,5138,False
A,110,4152862,encoded,,10870,False
B,109,4180126,encoded,,4759,False
A,111,4186185,encoded,,9810,False
B,110,4213461,encoded,,4258,False
A,112,4219520,encoded,,9768,False
B,111,4246790,encoded,,12889,False
A,113,4252869,encoded,,16667,False
B,112,4280124,encoded,,21550,False
A,114,4286189,encoded,,16666,False
B,113,4313456,encoded,,25105,False
A,115,4319537,encoded,,16667,False
B,114,4346788,encoded,,3345,False
A,116,4352865,encoded,,16667,False
B,115,4380128,encoded,,16667,False
A,117,4386198,encoded,,16666,False
B,116,4413458,encoded,,16667,False
A,118,4419528,encoded,,16667,False
B,117,4446797,encoded,,16666,False
A,119,4452860,encoded,,16667,False
B,118,4480151,encoded,,16667,False
A,120,4486195,encoded,,16666,False
B,119,4513483,encoded,,16667,False
A,121,4519529,encoded,,124429,True
B,120,4546821,encoded,,16666,False
A,122,4552868,encoded,,8011,False
B,121,4580144,encoded,,125333,True
A,123,4586196,encoded,,16020,False
B,122,4613489,encoded,,16872,False
A,124,4619531,encoded,,19483,False
B,123,4646828,encoded,,12055,False
A,125,4652911,encoded,,24276,False
B,124,4680152,encoded,,15798,False
A,126,4686200,encoded,,9656,False
B,125,4713472,encoded,,14400,False
A,127,4719545,encoded,,20045,False
B,126,4746806,encoded,,16252,False
A,128,4752883,encoded,,16351,False
B,127,4780136,encoded,,22330,False
A,129,4786215,encoded,,9966,False
B,128,4813470,encoded,,18218,False
A,130,4819541,encoded,,8568,False
B,129,4846803,encoded,,11435,False
A,131,4852876,encoded,,7531,False
B,130,4880142,encoded,,14440,False
A,132,4886218,encoded,,6682,False
B,131,4913477,encoded,,10372,False
A,133,4919547,encoded,,6122,False
B,132,4946810,encoded,,16736,False
A,134,4952875,encoded,,26371,False
B,133,4980149,encoded,,8540,False
A,135,4986216,encoded,,2603,False
B,134,5013477,encoded,,7211,False
A,136,5019544,encoded,,16800,False
B,135,5046810,encoded,,6348,False
A,137,5052877,encoded,,11618,False
B,136,5080148,encoded,,5340,False
A,138,5086223,encoded,,11139,False
B,137,5113477,encoded,,5043,False
A,139,5119542,encoded,,9447,False
B,138,5146811,encoded,,4783,False
A,140,5152876,encoded,,9147,False
B,139,5180144,encoded,,11624,False
A,141,5186210,encoded,,8956,False
B,140,5213479,encoded,,7765,False
A,142,5219547,encoded,,8311,False
B,141,5246819,encoded,,6642,False
A,143,5252878,encoded,,7806,False
B,142,5280169,encoded,,9130,False
A,144,5286222,encoded,,10662,False
B,143,5313502,encoded,,16667,False
A,145,5319547,encoded,,16667,False
B,144,5346834,encoded,,34026,False
A,146,5352887,encoded,,21132,False
B,145,5380152,encoded,,3137,False
A,147,5386219,encoded,,12201,False
B,146,5413505,encoded,,12837,False
A,148,5419553,encoded,,16667,False
B,147,5446847,encoded,,16666,False
A,149,5452886,encoded,,16667,False
B,148,5480172,encoded,,16667,False
A,150,5486220,encoded,,16666,False
B,149,5513499,encoded,,16667,False
A,151,5519554,encoded,,124385,True
B,150,5546824,encoded,,16666,False
A,152,5552893,encoded,,17935,False
B,151,5580172,encoded,,125280,True
A,153,5586231,encoded,,10584,False
B,152,5613489,encoded,,12453,False
A,154,5619557,encoded,,15362,False
B,153,5646843,encoded,,13521,False
A,155,5652905,encoded,,20290,False
B,154,5680177,encoded,,18404,False
A,156,5686224,encoded,,23708,False
B,155,5713515,encoded,,15759,False
A,157,5719597,encoded,,19357,False
B,156,5746839,encoded,,16570,False
A,158,5752921,encoded,,11076,False
B,157,5780165,encoded,,24143,False
A,159,5786247,encoded,,8912,False
B,158,5813496,encoded,,17257,False
A,160,5819573,encoded,,8260,False
B,159,5846832,encoded,,17040,False
A,161,5852906,encoded,,7136,False
B,160,5880162,encoded,,11735,False
A,162,5886238,encoded,,6841,False
B,161,5913500,encoded,,16391,False
A,163,5919565,encoded,,20719,False
B,162,5946838,encoded,,8501,False
A,164,5952904,encoded,,17803,False
B,163,5980164,encoded,,7373,False
A,165,5986237,encoded,,12350,False
B,164,6013499,encoded,,6397,False
A,166,6019574,encoded,,10944,False
B,165,6046837,encoded,,5864,False
A,167,6052924,encoded,,9696,False
B,166,6080168,encoded,,5115,False
A,168,6086243,encoded,,9057,False
B,167,6113500,encoded,,5002,False
A,169,6152900,encoded,,8990,False
B,168,6146855,encoded,,12000,False
A,170,6186235,encoded,,8245,False
B,169,6180187,encoded,,8088,False
A,171,6219569,encoded,,8207,False
B,170,6213516,encoded,,6982,False
A,172,6252904,encoded,,7632,False
B,171,6246852,encoded,,6150,False
A,173,6286236,encoded,,7978,False
B,172,6280189,encoded,,6642,False
A,174,6319571,encoded,,7455,False
B,173,6313516,encoded,,16667,False
A,175,6352906,encoded,,13745,False
B,174,6346858,encoded,,33430,False
A,176,6386240,encoded,,19455,False
B,175,6380198,encoded,,3042,False
A,177,6419576,encoded,,14050,False
B,176,6413518,encoded,,13528,False
A,178,6452921,encoded,,16495,False
B,177,6446860,encoded,,16666,False
A,179,6486254,encoded,,16667,False
B,178,6480203,encoded,,16667,False
A,180,6519585,encoded,,16666,False
B,179,6513512,encoded,,16667,False
A,181,6552927,encoded,,124425,True
B,180,6580194,encoded,,16666,False
A,182,6586260,encoded,,17809,False
B,181,6613531,encoded,,125364,True
A,183,6619591,encoded,,11917,False
B,182,6646854,encoded,,13241,False
A,184,6652933,encoded,,19246,False
B,183,6680183,encoded,,14730,False
A,185,6686269,encoded,,16852,False
B,184,6713522,encoded,,18705,False
A,186,6719584,encoded,,22505,False
B,185,6746855,encoded,,25087,False
A,187,6752926,encoded,,18740,False
B,186,6780185,encoded,,19295,False
A,188,6786249,encoded,,10995,False
B,187,6813521,encoded,,22494,False
A,189,6819585,encoded,,8655,False
B,188,6846858,encoded,,17316,False
A,190,6852916,encoded,,7469,False
B,189,6880186,encoded,,10923,False
A,191,6886267,encoded,,21487,False
B,190,6913523,encoded,,18766,False
A,192,6919585,encoded,,4261,False
B,191,6946854,encoded,,8623,False
A,193,6952919,encoded,,21539,False
B,192,6980206,encoded,,7968,False
A,194,6986253,encoded,,12720,False
B,193,7013532,encoded,,6194,False
A,195,7019592,encoded,,11128,False
B,194,7046868,encoded,,5910,False
A,196,7052923,encoded,,10001,False
B,195,7080193,encoded,,5488,False
A,197,7086258,encoded,,9643,False
B,196,7113532,encoded,,13035,False
A,198,7119590,encoded,,9061,False
B,197,7146863,encoded,,8424,False
A,199,7152925,encoded,,8814,False
B,198,7180205,encoded,,7630,False
A,200,7186260,encoded,,8508,False
B,199,7213528,encoded,,6914,False
A,201,7219593,encoded,,8210,False
B,200,7246866,encoded,,5974,False
A,202,7252926,encoded,,7706,False
B,201,7280203,encoded,,5618,False
A,203,7286265,encoded,,7533,False
B,202,7313533,encoded,,5500,False
A,204,7319599,encoded,,7565,False
B,203,7346870,encoded,,10135,False
A,205,7352929,encoded,,9878,False
B,204,7380205,encoded,,16666,False
A,206,7386266,encoded,,16667,False
B,205,7413536,encoded,,30284,False
A,207,7419598,encoded,,24722,False
B,206,7446876,encoded,,3050,False
A,208,7452959,encoded,,8611,False
B,207,7480206,encoded,,16666,False
A,209,7486279,encoded,,16667,False
B,208,7513538,encoded,,16667,False
A,210,7519609,encoded,,16666,False
B,209,7546877,encoded,,16667,False
A,211,7552946,encoded,,124501,True
B,210,7580212,encoded,,16666,False
A,212,7586279,encoded,,14033,False
B,211,7613540,encoded,,125262,True
A,213,7619616,encoded,,10297,False
B,212,7646872,encoded,,12728,False
A,214,7652935,encoded,,22846,False
B,213,7680217,encoded,,13218,False
A,215,7719606,encoded,,18152,False
B,214,7713547,encoded,,13279,False
A,216,7752940,encoded,,24110,False
B,215,7746879,encoded,,15561,False
A,217,7786273,encoded,,19902,False
B,216,7780210,encoded,,24374,False
A,218,7819608,encoded,,10845,False
B,217,7813545,encoded,,10168,False
A,219,7852947,encoded,,9484,False
B,218,7846875,encoded,,9662,False
A,220,7886282,encoded,,7905,False
B,219,7880231,encoded,,12291,False
A,221,7919615,encoded,,20318,False
B,220,7913549,encoded,,15101,False
A,222,7952954,encoded,,20623,False
B,221,7946891,encoded,,14399,False
A,223,7986280,encoded,,12916,False
B,222,7980239,encoded,,23129,False
A,224,8019611,encoded,,11189,False
B,223,8013571,encoded,,7575,False
A,225,8052946,encoded,,10631,False
B,224,8046903,encoded,,6654,False
A,226,8086281,encoded,,9507,False
B,225,8080219,encoded,,14587,False
A,227,8119618,encoded,,8799,False
B,226,8113557,encoded,,9267,False
A,228,8152958,encoded,,8529,False
B,227,8146902,encoded,,7710,False
A,229,8186301,encoded,,8167,False
B,228,8213553,encoded,,6925,False
A,230,8219634,encoded,,8264,False
B,229,8246893,encoded,,6100,False
B,230,8280223,encoded,,6013,False
A,231,8252964,encoded,,7736,False
A,232,8286298,encoded,,7722,False
B,231,8313561,encoded,,5393,False
A,233,8319622,encoded,,7399,False
B,232,8346894,encoded,,7271,False
A,234,8352961,encoded,,7465,False
B,233,8380233,encoded,,16822,False
A,235,8386289,encoded,,6781,False
B,234,8413581,encoded,,30204,False
A,236,8419635,encoded,,15213,False
B,235,8446903,encoded,,2974,False
A,237,8452967,encoded,,24724,False
B,236,8480225,encoded,,16667,False
A,238,8486305,encoded,,8609,False
B,237,8513561,encoded,,16666,False
A,239,8519625,encoded,,16667,False
A,240,8552957,encoded,,16666,False
B,238,8546899,encoded,,16667,False
A,241,8586294,encoded,,124419,True
B,239,8580242,encoded,,16667,False
A,242,8619629,encoded,,20296,False
B,240,8613575,encoded,,16666,False
A,243,8652960,encoded,,10109,False
B,241,8646910,encoded,,125264,True
A,244,8686296,encoded,,16165,False
B,242,8680250,encoded,,17243,False
A,245,8719632,encoded,,18751,False
B,243,8713570,encoded,,12774,False
A,246,8752963,encoded,,18273,False
B,244,8746906,encoded,,15483,False
B,245,8780239,encoded,,14824,False
A,247,8786296,encoded,,15227,False
B,246,8813568,encoded,,23266,False
A,248,8819640,encoded,,16967,False
B,247,8846927,encoded,,11225,False
A,249,8852969,encoded,,9928,False
B,248,8880235,encoded,,10927,False
A,250,8886300,encoded,,20684,False
B,249,8913589,encoded,,14360,False
A,251,8919635,encoded,,22489,False
B,250,8946903,encoded,,14647,False
A,252,8952977,encoded,,13566,False
B,251,8980252,encoded,,11291,False
A,253,8986311,encoded,,11373,False
B,252,9013583,encoded,,19216,False
A,254,9019639,encoded,,10914,False
B,253,9046921,encoded,,7220,False
A,255,9052983,encoded,,9674,False
B,254,9080249,encoded,,15474,False
A,256,9086309,encoded,,9532,False
B,255,9113582,encoded,,9773,False
A,257,9119640,encoded,,8983,False
B,256,9146917,encoded,,8230,False
A,258,9152982,encoded,,9135,False
B,257,9180253,encoded,,7253,False
A,259,9219640,encoded,,8843,False
B,258,9213578,encoded,,6724,False
A,260,9252977,encoded,,8090,False
B,259,9246917,encoded,,6363,False
A,261,9286308,encoded,,8031,False
B,260,9280245,encoded,,5652,False
A,262,9319644,encoded,,7557,False
B,261,9313580,encoded,,5315,False
A,263,9352977,encoded,,7019,False
B,262,9346917,encoded,,4939,False
A,264,9386311,encoded,,7143,False
B,263,9380255,encoded,,15871,False
A,265,9419644,encoded,,8103,False
B,264,9413607,encoded,,39988,False
A,266,9452982,encoded,,12063,False
B,265,9446926,encoded,,1589,False
A,267,9486329,encoded,,16666,False
B,266,9480266,encoded,,8423,False
A,268,9519647,encoded,,23122,False
B,267,9513615,encoded,,16666,False
A,269,9552985,encoded,,10212,False
B,268,9546943,encoded,,16667,False
A,270,9586315,encoded,,16666,False
B,269,9580267,encoded,,16667,False
A,271,9619649,encoded,,124438,True
B,270,9613596,encoded,,16666,False
A,272,9652992,encoded,,25636,False
B,271,9680281,encoded,,125120,True
A,273,9686330,encoded,,7467,False
B,272,9713617,encoded,,9865,False
A,274,9719654,encoded,,15404,False
B,273,9746943,encoded,,17631,False
A,275,9752987,encoded,,26790,False
B,274,9780268,encoded,,19585,False
A,276,9786319,encoded,,16856,False
B,275,9813610,encoded,,24962,False
A,277,9819654,encoded,,18720,False
B,276,9846939,encoded,,25234,False
A,278,9853004,encoded,,10392,False
B,277,9880283,encoded,,15179,False
A,279,9886348,encoded,,8644,False
B,278,9913612,encoded,,20039,False
A,280,9919683,encoded,,20601,False
B,279,9946930,encoded,,21074,False
A,281,9953004,encoded,,14658,False
B,280,9980285,encoded,,9488,False
A,282,9986337,encoded,,4614,False
B,281,10013604,encoded,,7689,False
A,283,10019672,encoded,,19817,False
B,282,10046942,encoded,,6949,False
A,284,10053035,encoded,,12454,False
B,283,10080272,encoded,,6217,False
A,285,10086347,encoded,,10217,False
B,284,10113601,encoded,,13736,False
A,286,10119683,encoded,,9598,False
B,285,10146935,encoded,,9046,False
A,287,10153013,encoded,,8684,False
B,286,10180272,encoded,,7693,False
A,288,10186338,encoded,,8971,False
B,287,10213608,encoded,,6979,False
A,289,10219669,encoded,,7973,False
B,288,10246956,encoded,,6291,False
B,289,10280294,encoded,,5685,False
A,290,10253000,encoded,,8465,False
B,290,10313622,encoded,,5223,False
A,291,10286336,encoded,,7854,False
B,291,10346962,encoded,,5114,False
A,292,10319669,encoded,,7587,False
B,292,10380274,encoded,,4667,False
A,293,10353003,encoded,,7099,False
B,293,10413624,encoded,,9868,False
A,294,10419672,encoded,,7221,False
B,294,10446952,encoded,,16666,False
A,295,10453006,encoded,,7171,False
B,295,10480284,encoded,,20957,False
A,296,10486345,encoded,,16003,False
B,296,10513640,encoded,,12377,False
A,297,10519674,encoded,,36606,False
B,297,10546956,encoded,,16666,False
A,298,10553006,encoded,,3596,False
B,298,10580296,encoded,,16667,False
A,299,10586341,encoded,,10885,False
B,299,10613636,encoded,,16667,False
A,300,10619679,encoded,,15579,False
B,300,10646969,encoded,,16666,False
A,301,10653011,encoded,,124320,True
B,301,10680282,encoded,,125165,True
A,302,10686362,encoded,,27848,False
B,302,10713613,encoded,,10068,False
A,303,10719683,encoded,,7399,False
B,303,10746950,encoded,,17044,False
A,304,10753011,encoded,,13384,False
B,304,10780283,encoded,,13747,False
A,305,10786382,encoded,,20007,False
B,305,10813619,encoded,,15638,False
A,306,10819679,encoded,,16960,False
B,306,10846952,encoded,,20883,False
A,307,10853013,encoded,,15333,False
B,307,10880286,encoded,,17035,False
A,308,10886347,encoded,,16075,False
B,308,10913619,encoded,,18054,False
A,309,10919698,encoded,,22646,False
B,309,10946964,encoded,,14923,False
A,310,10953019,encoded,,15234,False
B,310,10980294,encoded,,13146,False
A,311,10986353,encoded,,20130,False
B,311,11013621,encoded,,13035,False
A,312,11019700,encoded,,12787,False
B,312,11046960,encoded,,15553,False
A,313,11053021,encoded,,11125,False
B,313,11080290,encoded,,17482,False
A,314,11086352,encoded,,10012,False
B,314,11113641,encoded,,10619,False
A,315,11119691,encoded,,9573,False
B,315,11146958,encoded,,8535,False
A,316,11153021,encoded,,9053,False
B,316,11180293,encoded,,7386,False
A,317,11186356,encoded,,8399,False
B,317,11213633,encoded,,6748,False
A,318,11219692,encoded,,8025,False
B,318,11246962,encoded,,6187,False
A,319,11253023,encoded,,8481,False
B,319,11280304,encoded,,5892,False
A,320,11286358,encoded,,7834,False
B,320,11313632,encoded,,5432,False
A,321,11319694,encoded,,7678,False
B,321,11346973,encoded,,5180,False
A,322,11353031,encoded,,7090,False
B,322,11380311,encoded,,5072,False
A,323,11386365,encoded,,6943,False
B,323,11413651,encoded,,10510,False
A,324,11419707,encoded,,6870,False
B,324,11446965,encoded,,16666,False
A,325,11453029,encoded,,7058,False
B,325,11480299,encoded,,37042,False
A,326,11486365,encoded,,13070,False
B,326,11513633,encoded,,1708,False
A,327,11519711,encoded,,16666,False
B,327,11546975,encoded,,11250,False
A,328,11553031,encoded,,17535,False
B,328,11580303,encoded,,16667,False
A,329,11586377,encoded,,15799,False
B,329,11613641,encoded,,16667,False
A,330,11619700,encoded,,16666,False
B,330,11646970,encoded,,16666,False
A,331,11653045,encoded,,124256,True
B,331,11680305,encoded,,125240,True
A,332,11686369,encoded,,19922,False
B,332,11713639,encoded,,12697,False
A,333,11719723,encoded,,17283,False
B,333,11746971,encoded,,13665,False
A,334,11786374,encoded,,20897,False
B,334,11780307,encoded,,12895,False
A,335,11819714,encoded,,13130,False
B,335,11813643,encoded,,15218,False
B,336,11846975,encoded,,24164,False
A,336,11853053,encoded,,21002,False
A,337,11886373,encoded,,16596,False
B,337,11880310,encoded,,11183,False
A,338,11919708,encoded,,10476,False
B,338,11913649,encoded,,10079,False
A,339,11953043,encoded,,22434,False
B,339,11946978,encoded,,12165,False
A,340,11986372,encoded,,15478,False
A,341,12019708,encoded,,19246,False
B,340,11980311,encoded,,21724,False
A,342,12053042,encoded,,12618,False
B,341,12013659,encoded,,24173,False
B,342,12046989,encoded,,11122,False
A,343,12086376,encoded,,10995,False
B,343,12080332,encoded,,6149,False
A,344,12119709,encoded,,10339,False
B,344,12113647,encoded,,13827,False
A,345,12153056,encoded,,9493,False
B,345,12146990,encoded,,8695,False
A,346,12186395,encoded,,9128,False
B,346,12180316,encoded,,7611,False
A,347,12219713,encoded,,8261,False
B,347,12213652,encoded,,6657,False
A,348,12253066,encoded,,8119,False
B,348,12246993,encoded,,6374,False
A,349,12286390,encoded,,7753,False
B,349,12280321,encoded,,5627,False
A,350,12319719,encoded,,7415,False
B,350,12313657,encoded,,5381,False
A,351,12353060,encoded,,7484,False
B,351,12346987,encoded,,5634,False
A,352,12386398,encoded,,7262,False
B,352,12413663,encoded,,6387,False
A,353,12419732,encoded,,6923,False
B,353,12446996,encoded,,16667,False
A,354,12453053,encoded,,6807,False
B,354,12480333,encoded,,38876,False
A,355,12486398,encoded,,6758,False
B,355,12513670,encoded,,1916,False
A,356,12519731,encoded,,13259,False
B,356,12546995,encoded,,9208,False
A,357,12553077,encoded,,18712,False
B,357,12580330,encoded,,16666,False
A,358,12586417,encoded,,14621,False
B,358,12613664,encoded,,16667,False
A,359,12619723,encoded,,16667,False
B,359,12647004,encoded,,16667,False
A,360,12653074,encoded,,16666,False
B,360,12680329,encoded,,16666,False
A,361,12686390,encoded,,124517,True
B,361,12713664,encoded,,125283,True
A,362,12719740,encoded,,17846,False
B,362,12747007,encoded,,12516,False
A,363,12753058,encoded,,12133,False
B,363,12780333,encoded,,14954,False
A,364,12786394,encoded,,12310,False
B,364,12813665,encoded,,18039,False
A,365,12819725,encoded,,23002,False
B,365,12847003,encoded,,17233,False
A,366,12853059,encoded,,19966,False
B,366,12880333,encoded,,24054,False
A,367,12886395,encoded,,15416,False
B,367,12913665,encoded,,24559,False
A,368,12919728,encoded,,15587,False
B,368,12947005,encoded,,20741,False
A,369,12953061,encoded,,23330,False
B,369,12980338,encoded,,13722,False
A,370,12986397,encoded,,15606,False
B,370,13013672,encoded,,15084,False
A,371,13019732,encoded,,19072,False
B,371,13047014,encoded,,8282,False
A,372,13053068,encoded,,12585,False
B,372,13080342,encoded,,7183,False
A,373,13086408,encoded,,11163,False
B,373,13113674,encoded,,6090,False
A,374,13119738,encoded,,10079,False
B,374,13147007,encoded,,14218,False
A,375,13153077,encoded,,9297,False
B,375,13180341,encoded,,9194,False
A,376,13186410,encoded,,9081,False
B,376,13213675,encoded,,7927,False
A,377,13219741,encoded,,8392,False
B,377,13247023,encoded,,6897,False
A,378,13253071,encoded,,8249,False
B,378,13280344,encoded,,6136,False
A,379,13286429,encoded,,8066,False
B,379,13313685,encoded,,5654,False
A,380,13319750,encoded,,7464,False
B,380,13347015,encoded,,5672,False
A,381,13353086,encoded,,7213,False
B,381,13380357,encoded,,5042,False
A,382,13386409,encoded,,7159,False
B,382,13413704,encoded,,4853,False
A,383,13419747,encoded,,7307,False
B,383,13447022,encoded,,10001,False
A,384,13453093,encoded,,6769,False
B,384,13480364,encoded,,16666,False
A,385,13486411,encoded,,6860,False
B,385,13513693,encoded,,28193,False
A,386,13519748,encoded,,14865,False
B,386,13547030,encoded,,5141,False
A,387,13553082,encoded,,19002,False
B,387,13580355,encoded,,16666,False
A,388,13586423,encoded,,14331,False
B,388,13613688,encoded,,16667,False
A,389,13619754,encoded,,16667,False
B,389,13647023,encoded,,16667,False
A,390,13653087,encoded,,16666,False
B,390,13680357,encoded,,16666,False
A,391,13686418,encoded,,124158,True
B,391,13713687,encoded,,125304,True
A,392,13719752,encoded,,26269,False
B,392,13747028,encoded,,9244,False
A,393,13753088,encoded,,9191,False
B,393,13780356,encoded,,19728,False
A,394,13786423,encoded,,13184,False
B,394,13813690,encoded,,17174,False
A,395,13853086,encoded,,18173,False
B,395,13847024,encoded,,23922,False
A,396,13886423,encoded,,17927,False
B,396,13880364,encoded,,24835,False
A,397,13919758,encoded,,14602,False
B,397,13913694,encoded,,25244,False
A,398,13953103,encoded,,16392,False
B,398,13947030,encoded,,10949,False
A,399,13986423,encoded,,24091,False
B,399,13980381,encoded,,11160,False
A,400,14019754,encoded,,23255,False
B,400,14013715,encoded,,17745,False
A,401,14053091,encoded,,14151,False
B,401,14047027,encoded,,9011,False
A,402,14086428,encoded,,11443,False
B,402,14080362,encoded,,7663,False
A,403,14119771,encoded,,10758,False
B,403,14113700,encoded,,6784,False
A,404,14153115,encoded,,9740,False
B,404,14147062,encoded,,14755,False
A,405,14186438,encoded,,9116,False
B,405,14180378,encoded,,9595,False
A,406,14219780,encoded,,8607,False
B,406,14213704,encoded,,7619,False
A,407,14253098,encoded,,8332,False
B,407,14247041,encoded,,6732,False
A,408,14286430,encoded,,9211,False
B,408,14280370,encoded,,6168,False
A,409,14319762,encoded,,7704,False
B,409,14347041,encoded,,6163,False
A,410,14353105,encoded,,7902,False
B,410,14380376,encoded,,5602,False
A,411,14386434,encoded,,7973,False
B,411,14413710,encoded,,4993,False
A,412,14419771,encoded,,7275,False
B,412,14447043,encoded,,4927,False
A,413,14453102,encoded,,7268,False
B,413,14480373,encoded,,8017,False
A,414,14486434,encoded,,6672,False
B,414,14513711,encoded,,16666,False
A,415,14519768,encoded,,7420,False
B,415,14547053,encoded,,38461,False
B,416,14580376,encoded,,1637,False
A,416,14553102,encoded,,12520,False
A,417,14586434,encoded,,16666,False
B,417,14613715,encoded,,9902,False
A,418,14619776,encoded,,34947,False
B,418,14647042,encoded,,16667,False
A,419,14653108,encoded,,8332,False
B,419,14680376,encoded,,16667,False
A,420,14686439,encoded,,9150,False
B,420,14713724,encoded,,16666,False
A,421,14719779,encoded,,124341,True
B,421,14747051,encoded,,125207,True
A,422,14753110,encoded,,19438,False
B,422,14780390,encoded,,17076,False
A,423,14786443,encoded,,8703,False
B,423,14813719,encoded,,18367,False
A,424,14819773,encoded,,18755,False
B,424,14847075,encoded,,13230,False
A,425,14853107,encoded,,19860,False
B,425,14880383,encoded,,14794,False
A,426,14886443,encoded,,10852,False
B,426,14913731,encoded,,15568,False
A,427,14919776,encoded,,10043,False
B,427,14947055,encoded,,15267,False
A,428,14953114,encoded,,8963,False
B,428,14980398,encoded,,16562,False
A,429,14986447,encoded,,21531,False
B,429,15013737,encoded,,13487,False
A,430,15019779,encoded,,14014,False
B,430,15047065,encoded,,13659,False
A,431,15053115,encoded,,11785,False
B,431,15080395,encoded,,12508,False
A,432,15086446,encoded,,15279,False
B,432,15113760,encoded,,23612,False
A,433,15119782,encoded,,12201,False
B,433,15147054,encoded,,5520,False
A,434,15153114,encoded,,18626,False
B,434,15180397,encoded,,12949,False
A,435,15186460,encoded,,16786,False
B,435,15213736,encoded,,9150,False
A,436,15219786,encoded,,10613,False
B,436,15247060,encoded,,7828,False
A,437,15253126,encoded,,9975,False
B,437,15280399,encoded,,7152,False
A,438,15286458,encoded,,9550,False
B,438,15313731,encoded,,6569,False
A,439,15319795,encoded,,8830,False
B,439,15347067,encoded,,5913,False
A,440,15353148,encoded,,8181,False
B,440,15380398,encoded,,5404,False
A,441,15386472,encoded,,8755,False
B,441,15413734,encoded,,5026,False
A,442,15419803,encoded,,8019,False
B,442,15447063,encoded,,4894,False
A,443,15453144,encoded,,7439,False
B,443,15480404,encoded,,13592,False
A,444,15519792,encoded,,7242,False
B,444,15513735,encoded,,40277,False
A,445,15553126,encoded,,7275,False
B,445,15547069,encoded,,7482,False
A,446,15586461,encoded,,13849,False
B,446,15580402,encoded,,2241,False
A,447,15619793,encoded,,18493,False
B,447,15613737,encoded,,16666,False
A,448,15653128,encoded,,14840,False
B,448,15647068,encoded,,16667,False
A,449,15686468,encoded,,16667,False
B,449,15680403,encoded,,16667,False
A,450,15719796,encoded,,16666,False
B,450,15713747,encoded,,16666,False
A,451,15753128,encoded,,124377,True
B,451,15747089,encoded,,125192,True
A,452,15786468,encoded,,13907,False
B,452,15780426,encoded,,16891,False
A,453,15819797,encoded,,12939,False
B,453,15813760,encoded,,13950,False
A,454,15853140,encoded,,19730,False
B,454,15847085,encoded,,12420,False
A,455,15886470,encoded,,17555,False
B,455,15880426,encoded,,18988,False
A,456,15919813,encoded,,20400,False
B,456,15913746,encoded,,24049,False
A,457,15953137,encoded,,21957,False
B,457,15947090,encoded,,17366,False
A,458,15986469,encoded,,10538,False
B,458,15980437,encoded,,16138,False
A,459,16019802,encoded,,8857,False
B,459,16047079,encoded,,13108,False
A,460,16053145,encoded,,21039,False
B,460,16080411,encoded,,13716,False
A,461,16086470,encoded,,5708,False
B,461,16113754,encoded,,16971,False
A,462,16119811,encoded,,23397,False
B,462,16147081,encoded,,7648,False
A,463,16153144,encoded,,12997,False
B,463,16180419,encoded,,6519,False
A,464,16186484,encoded,,11891,False
B,464,16213753,encoded,,14933,False
A,465,16219817,encoded,,10339,False
B,465,16247090,encoded,,10094,False
A,466,16253161,encoded,,10007,False
B,466,16280417,encoded,,7999,False
A,467,16286491,encoded,,8952,False
B,467,16313758,encoded,,7212,False
A,468,16319817,encoded,,8543,False
B,468,16347085,encoded,,6380,False
A,469,16353146,encoded,,8474,False
B,469,16380420,encoded,,5960,False
A,470,16386481,encoded,,7852,False
B,470,16413753,encoded,,5336,False
A,471,16419810,encoded,,7625,False
B,471,16447098,encoded,,5035,False
A,472,16453147,encoded,,7863,False
B,472,16480434,encoded,,4996,False
A,473,16486479,encoded,,7558,False
B,473,16513764,encoded,,12433,False
A,474,16519817,encoded,,7260,False
B,474,16547108,encoded,,40283,False
A,475,16553150,encoded,,7013,False
B,475,16580438,encoded,,18346,False
A,476,16586484,encoded,,16556,False
B,476,16613769,encoded,,1466,False
A,477,16619816,encoded,,36752,False
B,477,16647105,encoded,,6571,False
A,478,16653150,encoded,,3591,False
B,478,16680443,encoded,,16667,False
A,479,16686494,encoded,,10890,False
B,479,16713772,encoded,,16667,False
A,480,16719823,encoded,,15433,False
B,480,16747094,encoded,,16666,False
A,481,16753167,encoded,,124572,True
B,481,16780432,encoded,,125259,True
B,482,16813763,encoded,,13182,False
A,482,16786499,encoded,,23540,False
A,483,16819824,encoded,,9092,False
B,483,16847102,encoded,,13624,False
A,484,16853156,encoded,,13701,False
B,484,16880433,encoded,,18156,False
A,485,16886496,encoded,,20026,False
B,485,16913776,encoded,,15750,False
A,486,16919843,encoded,,18357,False
B,486,16947109,encoded,,23280,False
B,487,16980434,encoded,,9900,False
A,487,16953158,encoded,,16631,False
A,488,16986496,encoded,,15395,False
B,488,17013770,encoded,,10233,False
A,489,17019839,encoded,,9450,False
B,489,17047110,encoded,,10095,False
A,490,17053204,encoded,,20949,False
B,490,17080444,encoded,,13315,False
A,491,17086532,encoded,,23066,False
B,491,17113779,encoded,,13814,False
A,492,17119832,encoded,,13487,False
B,492,17147108,encoded,,14947,False
A,493,17153168,encoded,,11524,False
B,493,17180441,encoded,,15255,False
A,494,17219836,encoded,,10531,False
B,494,17213774,encoded,,21431,False
A,495,17253165,encoded,,10058,False
B,495,17247106,encoded,,8874,False
A,496,17286499,encoded,,8930,False
B,496,17280441,encoded,,8162,False
A,497,17319833,encoded,,9275,False
B,497,17313774,encoded,,7022,False
A,498,17353171,encoded,,8455,False
B,498,17347108,encoded,,6218,False
A,499,17386505,encoded,,8252,False
B,499,17380458,encoded,,5701,False
A,500,17419836,encoded,,8052,False
B,500,17413797,encoded,,5648,False
A,501,17453175,encoded,,7765,False
B,501,17447119,encoded,,5206,False
A,502,17486505,encoded,,7217,False
B,502,17480447,encoded,,4917,False
A,503,17519840,encoded,,7088,False
B,503,17513797,encoded,,13345,False
A,504,17553171,encoded,,6845,False
B,504,17547121,encoded,,31369,False
A,505,17586514,encoded,,6962,False
B,505,17580471,encoded,,11807,False
A,506,17619849,encoded,,14114,False
B,506,17613808,encoded,,6824,False
A,507,17653193,encoded,,18792,False
B,507,17647118,encoded,,16666,False
A,508,17686523,encoded,,14541,False
B,508,17680456,encoded,,16667,False
A,509,17719849,encoded,,16667,False
B,509,17713791,encoded,,16667,False
A,510,17753177,encoded,,16666,False
B,510,17780457,encoded,,16666,False
A,511,17786513,encoded,,124545,True
B,511,17813787,encoded,,125183,True
B,512,17847127,encoded,,12575,False
A,512,17819845,encoded,,26849,False
A,513,17853193,encoded,,7254,False
B,513,17880460,encoded,,19537,False
A,514,17886512,encoded,,14259,False
B,514,17913792,encoded,,12470,False
A,515,17919850,encoded,,18398,False
B,515,17947121,encoded,,15541,False
A,516,17953185,encoded,,18481,False
B,516,17980462,encoded,,16893,False
A,517,17986522,encoded,,14482,False
B,517,18013793,encoded,,14979,False
A,518,18019854,encoded,,17113,False
B,518,18047131,encoded,,11487,False
A,519,18053188,encoded,,22954,False
B,519,18080459,encoded,,10506,False
A,520,18086524,encoded,,15657,False
B,520,18113792,encoded,,13983,False
A,521,18119854,encoded,,20119,False
B,521,18147133,encoded,,14850,False
A,522,18153188,encoded,,12944,False
B,522,18180469,encoded,,14832,False
A,523,18186526,encoded,,11115,False
B,523,18213803,encoded,,24422,False
A,524,18219854,encoded,,10066,False
B,524,18247142,encoded,,5251,False
A,525,18253192,encoded,,9629,False
B,525,18280482,encoded,,12380,False
A,526,18286521,encoded,,8980,False
B,526,18313823,encoded,,8163,False
A,527,18319859,encoded,,8761,False
B,527,18347134,encoded,,7005,False
A,528,18353202,encoded,,9176,False
B,528,18380497,encoded,,6393,False
A,529,18386534,encoded,,7983,False
B,529,18413845,encoded,,6111,False
A,530,18419864,encoded,,7878,False
B,530,18447163,encoded,,5398,False
A,531,18453197,encoded,,7302,False
B,531,18480477,encoded,,5445,False
A,532,18486528,encoded,,7154,False
B,532,18513806,encoded,,5006,False
A,533,18519869,encoded,,6873,False
B,533,18547149,encoded,,14924,False
A,534,18553196,encoded,,6929,False
B,534,18580481,encoded,,31498,False
A,535,18586556,encoded,,6662,False
B,535,18613818,encoded,,13146,False
A,536,18619899,encoded,,11771,False
B,536,18647148,encoded,,5356,False
A,537,18686536,encoded,,16666,False
B,537,18680490,encoded,,16666,False
A,538,18719871,encoded,,17606,False
B,538,18713811,encoded,,16667,False
A,539,18753205,encoded,,15728,False
B,539,18747143,encoded,,16667,False
A,540,18786538,encoded,,16666,False
B,540,18780484,encoded,,16666,False
A,541,18819872,encoded,,124483,True
B,541,18813809,encoded,,125186,True
A,542,18853205,encoded,,20670,False
B,542,18847157,encoded,,16782,False
A,543,18886538,encoded,,10434,False
B,543,18880489,encoded,,13198,False
A,544,18919872,encoded,,16696,False
B,544,18913861,encoded,,11386,False
A,545,18953204,encoded,,19705,False
B,545,18947157,encoded,,14951,False
A,546,18986540,encoded,,19002,False
B,546,18980487,encoded,,24829,False
A,547,19019873,encoded,,14671,False
B,547,19013838,encoded,,11748,False
A,548,19053207,encoded,,24539,False
B,548,19047153,encoded,,13113,False
A,549,19086544,encoded,,20232,False
B,549,19080504,encoded,,13086,False
A,550,19119876,encoded,,15301,False
B,550,19113833,encoded,,11494,False
A,551,19153228,encoded,,18474,False
B,551,19180485,encoded,,14896,False
A,552,19186551,encoded,,11841,False
B,552,19213821,encoded,,15406,False
A,553,19219878,encoded,,10673,False
B,553,19247155,encoded,,24823,False
A,554,19253213,encoded,,9960,False
B,554,19280491,encoded,,10496,False
A,555,19286579,encoded,,9054,False
B,555,19313823,encoded,,9607,False
A,556,19319900,encoded,,8837,False
B,556,19347158,encoded,,8851,False
A,557,19353226,encoded,,8716,False
B,557,19380498,encoded,,8517,False
A,558,19386550,encoded,,8210,False
B,558,19413825,encoded,,8353,False
A,559,19419895,encoded,,7876,False
B,559,19447160,encoded,,7831,False
A,560,19453228,encoded,,7667,False
B,560,19480498,encoded,,8167,False
A,561,19486550,encoded,,7326,False
B,561,19513826,encoded,,7746,False
A,562,19519885,encoded,,7330,False
B,562,19547164,encoded,,7547,False
A,563,19553222,encoded,,7041,False
B,563,19580500,encoded,,7564,False
A,564,19586557,encoded,,6965,False
B,564,19613836,encoded,,13447,False
A,565,19619888,encoded,,6855,False
B,565,19647176,encoded,,10857,False
A,566,19653221,encoded,,10776,False
B,566,19680503,encoded,,13453,False
A,567,19686561,encoded,,16666,False
B,567,19713839,encoded,,16666,False
A,568,19719892,encoded,,23399,False
B,568,19747174,encoded,,16667,False
A,569,19753228,encoded,,12408,False
B,569,19780506,encoded,,16667,False
A,570,19786557,encoded,,14193,False
B,570,19813838,encoded,,16666,False
A,571,19819896,encoded,,124531,True
B,571,19847178,encoded,,125088,True
A,572,19853228,encoded,,22280,False
B,572,19880511,encoded,,20140,False
A,573,19886563,encoded,,9815,False
B,573,19913848,encoded,,11989,False
A,574,19919897,encoded,,14604,False
B,574,19947178,encoded,,12962,False
A,575,19953232,encoded,,19140,False
B,575,19980506,encoded,,15893,False
A,576,19986561,encoded,,10659,False
B,576,20013854,encoded,,14339,False
A,577,20019913,encoded,,9301,False
B,577,20047188,encoded,,11799,False
A,578,20053252,encoded,,21897,False
B,578,20080517,encoded,,11712,False
A,579,20086579,encoded,,13632,False
B,579,20113846,encoded,,22263,False
A,580,20119901,encoded,,11628,False
B,580,20147185,encoded,,13182,False
A,581,20153243,encoded,,10559,False
B,581,20180511,encoded,,16163,False
A,582,20186571,encoded,,14601,False
B,582,20213845,encoded,,17914,False
A,583,20253235,encoded,,20830,False
B,583,20247178,encoded,,17370,False
A,584,20286574,encoded,,18515,False
B,584,20280522,encoded,,23580,False
A,585,20319906,encoded,,11541,False
B,585,20313849,encoded,,13449,False
A,586,20353238,encoded,,10894,False
B,586,20347184,encoded,,11813,False
A,587,20386573,encoded,,9886,False
B,587,20380516,encoded,,11563,False
A,588,20419905,encoded,,8944,False
A,589,20453239,encoded,,8643,False
B,588,20413857,encoded,,10299,False
B,589,20447191,encoded,,9869,False
A,590,20486574,encoded,,8348,False
B,590,20480522,encoded,,9298,False
A,591,20519915,encoded,,7918,False
B,591,20513858,encoded,,8607,False
A,592,20553252,encoded,,7675,False
B,592,20547198,encoded,,8498,False
A,593,20586585,encoded,,7693,False
B,593,20613856,encoded,,9395,False
A,594,20619911,encoded,,7264,False
B,594,20647194,encoded,,8218,False
A,595,20653266,encoded,,7312,False
B,595,20680528,encoded,,8531,False
A,596,20686603,encoded,,15224,False
B,596,20713863,encoded,,8214,False
A,597,20719941,encoded,,29032,False
B,597,20747197,encoded,,8214,False
A,598,20753246,encoded,,4585,False
B,598,20780530,encoded,,8187,False
A,599,20786596,encoded,,16383,False
B,599,20813859,encoded,,14785,False
A,600,20819921,encoded,,16666,False
B,600,20847196,encoded,,16666,False
A,601,20853249,encoded,,124386,True
B,601,20880529,encoded,,124886,True
A,602,20886590,encoded,,8754,False
B,602,20913860,encoded,,20479,False
B,603,20947206,encoded,,8300,False
A,603,20919926,encoded,,21229,False
B,604,20980552,encoded,,21465,False
A,604,20953254,encoded,,16698,False
B,605,21013866,encoded,,14963,False
A,605,20986595,encoded,,20713,False
B,606,21047212,encoded,,19750,False
A,606,21019929,encoded,,20166,False
B,607,21080545,encoded,,18445,False
A,607,21053260,encoded,,15260,False
B,608,21113888,encoded,,15622,False
A,608,21086591,encoded,,16449,False
B,609,21147202,encoded,,14349,False
A,609,21153259,encoded,,9781,False
B,610,21180540,encoded,,10781,False
A,610,21186590,encoded,,21131,False
B,611,21213868,encoded,,9728,False
A,611,21219924,encoded,,5532,False
B,612,21247226,encoded,,9461,False
A,612,21253261,encoded,,16089,False
B,613,21280537,encoded,,8921,False
A,613,21286593,encoded,,18260,False
B,614,21313877,encoded,,9004,False
A,614,21319927,encoded,,11929,False
B,615,21347207,encoded,,20242,False
A,615,21353266,encoded,,10763,False
B,616,21380540,encoded,,13698,False
A,616,21386598,encoded,,9588,False
B,617,21413881,encoded,,12466,False
A,617,21419936,encoded,,10428,False
B,618,21447214,encoded,,19842,False
A,618,21453277,encoded,,9007,False
B,619,21480577,encoded,,14280,False
A,619,21486603,encoded,,8723,False
B,620,21513890,encoded,,13122,False
A,620,21519933,encoded,,7981,False
B,621,21547211,encoded,,12249,False
A,621,21553270,encoded,,8193,False
B,622,21580549,encoded,,11574,False
A,622,21586605,encoded,,7432,False
B,623,21613879,encoded,,10828,False
A,623,21619939,encoded,,6988,False
B,624,21647216,encoded,,10737,False
A,624,21653271,encoded,,7240,False
B,625,21680569,encoded,,10275,False
A,625,21686607,encoded,,7220,False
B,626,21713883,encoded,,10284,False
A,626,21719942,encoded,,13394,False
B,627,21747228,encoded,,10118,False
A,627,21753270,encoded,,16666,False
B,628,21780549,encoded,,9667,False
A,628,21786605,encoded,,16667,False
B,629,21813899,encoded,,9852,False
A,629,21819968,encoded,,16667,False
B,630,21847231,encoded,,9542,False
A,630,21853289,encoded,,16666,False
B,631,21880568,encoded,,114498,True
A,631,21886609,encoded,,124508,True
B,632,21913889,encoded,,21074,False
A,632,21919963,encoded,,17635,False
B,633,21947227,encoded,,17928,False
A,633,21953294,encoded,,12226,False
B,634,21980555,encoded,,15763,False
A,634,21986623,encoded,,17339,False
B,635,22013892,encoded,,17806,False
A,635,22019954,encoded,,19118,False
B,636,22047224,encoded,,18132,False
A,636,22053288,encoded,,11527,False
B,637,22080563,encoded,,17269,False
A,637,22086622,encoded,,15546,False
B,638,22113895,encoded,,13142,False
A,638,22119956,encoded,,13996,False
B,639,22147234,encoded,,15329,False
A,639,22153283,encoded,,29103,False
B,640,22180558,encoded,,16724,False
A,640,22186665,encoded,,6745,False
B,641,22213902,encoded,,10259,False
A,641,22219974,encoded,,16549,False
B,642,22247232,encoded,,8729,False
A,642,22253285,encoded,,20259,False
B,643,22280587,encoded,,21041,False
A,643,22319957,encoded,,12735,False
B,644,22313925,encoded,,12203,False
A,644,22353285,encoded,,11142,False
B,645,22347239,encoded,,10433,False
A,645,22386628,encoded,,10149,False
B,646,22380566,encoded,,19510,False
A,646,22419953,encoded,,9414,False
B,647,22413913,encoded,,11879,False
A,647,22453297,encoded,,8629,False
B,648,22447250,encoded,,10389,False
A,648,22486623,encoded,,8747,False
B,649,22480590,encoded,,9832,False
A,649,22519954,encoded,,8043,False
B,650,22513899,encoded,,9313,False
A,650,22553299,encoded,,7930,False
B,651,22580576,encoded,,10077,False
A,651,22586633,encoded,,7541,False
B,652,22613902,encoded,,8181,False
A,652,22619969,encoded,,7527,False
B,653,22647236,encoded,,8203,False
A,653,22653313,encoded,,7202,False
B,654,22680577,encoded,,7879,False
A,654,22686629,encoded,,6927,False
B,655,22713928,encoded,,7566,False
A,655,22719976,encoded,,6797,False
B,656,22747249,encoded,,6817,False
A,656,22753297,encoded,,16000,False
B,657,22780576,encoded,,5877,False
A,657,22786628,encoded,,28044,False
B,658,22813913,encoded,,15884,False
A,658,22819973,encoded,,5289,False
B,659,22847248,encoded,,28623,False
A,659,22853321,encoded,,16667,False
B,660,22880579,encoded,,7637,False
A,660,22886647,encoded,,16666,False
B,661,22913923,encoded,,125145,True
A,661,22919972,encoded,,124379,True
B,662,22947248,encoded,,13958,False
A,662,22953299,encoded,,8799,False
B,663,22980579,encoded,,11805,False
A,663,22986632,encoded,,25881,False
B,664,23013918,encoded,,19610,False
A,664,23019971,encoded,,22634,False
B,665,23047257,encoded,,10072,False
A,665,23053301,encoded,,13766,False
B,666,23080586,encoded,,14299,False
A,666,23086640,encoded,,20198,False
B,667,23113929,encoded,,9726,False
A,667,23119975,encoded,,18296,False
B,668,23147260,encoded,,21260,False
A,668,23153313,encoded,,10728,False
B,669,23180596,encoded,,24286,False
A,669,23186638,encoded,,22302,False
B,670,23213926,encoded,,20462,False
A,670,23219989,encoded,,15295,False
B,671,23247269,encoded,,12649,False
A,671,23253311,encoded,,18819,False
B,672,23280618,encoded,,10983,False
A,672,23286642,encoded,,12346,False
B,673,23313945,encoded,,19391,False
A,673,23319976,encoded,,11485,False
B,674,23347274,encoded,,10855,False
A,674,23353310,encoded,,10146,False
B,675,23380594,encoded,,8613,False
A,675,23386644,encoded,,9630,False
B,676,23413928,encoded,,8053,False
A,676,23419981,encoded,,9015,False
B,677,23447263,encoded,,7385,False
A,677,23453327,encoded,,8838,False
B,678,23480593,encoded,,6296,False
A,678,23486649,encoded,,7918,False
B,679,23513931,encoded,,5668,False
A,679,23520000,encoded,,7932,False
B,680,23547260,encoded,,5527,False
A,680,23553314,encoded,,7521,False
B,681,23580593,encoded,,5409,False
A,681,23586661,encoded,,7649,False
B,682,23613926,encoded,,5307,False
A,682,23653316,encoded,,7229,False
B,683,23647261,encoded,,5445,False
A,683,23686652,encoded,,7134,False
B,684,23680599,encoded,,16094,False
A,684,23719987,encoded,,6763,False
B,685,23713933,encoded,,20978,False
A,685,23753334,encoded,,7106,False
B,686,23747263,encoded,,11131,False
A,686,23786654,encoded,,11525,False
B,687,23780607,encoded,,16666,False
A,687,23819986,encoded,,16666,False
B,688,23813940,encoded,,16667,False
A,688,23853320,encoded,,26723,False
B,689,23847277,encoded,,16667,False
A,689,23886655,encoded,,9872,False
B,690,23880617,encoded,,16666,False
A,690,23919989,encoded,,13405,False
B,691,23913947,encoded,,124954,True
A,691,23953325,encoded,,124551,True
B,692,23947290,encoded,,11970,False
A,692,23986657,encoded,,24568,False
B,693,23980603,encoded,,12187,False
A,693,24019998,encoded,,7354,False
B,694,24013939,encoded,,22570,False
A,694,24053328,encoded,,14823,False
B,695,24047296,encoded,,15034,False
A,695,24086670,encoded,,21443,False
B,696,24080613,encoded,,11154,False
A,696,24119994,encoded,,18037,False
B,697,24113949,encoded,,21732,False
A,697,24153355,encoded,,14955,False
B,698,24147286,encoded,,11253,False
A,698,24186678,encoded,,16356,False
B,699,24180616,encoded,,13984,False
A,699,24220008,encoded,,22544,False
B,700,24213948,encoded,,10862,False
A,700,24253352,encoded,,16765,False
B,701,24280610,encoded,,14516,False
A,701,24286679,encoded,,18734,False
B,702,24313949,encoded,,15330,False
A,702,24320008,encoded,,12920,False
B,703,24347289,encoded,,19352,False
A,703,24353354,encoded,,11330,False
B,704,24380622,encoded,,9918,False
A,704,24386668,encoded,,10297,False
B,705,24413948,encoded,,8477,False
A,705,24420002,encoded,,9644,False
B,706,24447283,encoded,,8112,False
A,706,24453341,encoded,,9180,False
B,707,24480616,encoded,,7632,False
A,707,24486676,encoded,,8347,False
B,708,24513953,encoded,,7007,False
A,708,24520009,encoded,,8357,False
B,709,24547297,encoded,,6347,False
A,709,24553341,encoded,,8170,False
B,710,24580632,encoded,,6193,False
A,710,24586670,encoded,,7624,False
B,711,24613963,encoded,,5851,False
A,711,24620005,encoded,,7614,False
B,712,24647295,encoded,,11882,False
A,712,24653347,encoded,,7203,False
B,713,24680633,encoded,,8394,False
A,713,24686679,encoded,,6975,False
B,714,24713977,encoded,,15289,False
A,714,24720006,encoded,,6919,False
B,715,24747297,encoded,,16667,False
A,715,24753341,encoded,,6638,False
B,716,24780643,encoded,,16667,False
A,716,24786676,encoded,,11986,False
B,717,24813962,encoded,,16666,False
A,717,24820020,encoded,,16666,False
B,718,24847295,encoded,,16667,False
A,718,24853344,encoded,,16667,False
B,719,24880626,encoded,,16667,False
A,719,24886680,encoded,,16667,False
B,720,24913960,encoded,,16666,False
A,720,24920021,encoded,,16666,False
B,721,24947307,encoded,,125063,True
A,721,24953364,encoded,,124641,True
B,722,24980629,encoded,,16595,False
A,722,24986694,encoded,,20889,False
B,723,25013973,encoded,,19324,False
A,723,25020049,encoded,,17399,False
B,724,25047293,encoded,,13711,False
A,724,25053365,encoded,,20156,False
B,725,25080629,encoded,,21807,False
A,725,25086696,encoded,,23526,False
B,726,25113962,encoded,,17867,False
A,726,25120026,encoded,,21623,False
B,727,25147296,encoded,,23681,False
A,727,25153365,encoded,,12199,False
B,728,25180632,encoded,,18838,False
A,728,25186687,encoded,,9036,False
B,729,25213970,encoded,,11577,False
A,729,25220019,encoded,,7648,False
B,730,25247306,encoded,,10296,False
A,730,25286688,encoded,,19979,False
B,731,25280640,encoded,,9749,False
A,731,25320023,encoded,,21936,False
B,732,25313970,encoded,,17505,False
A,732,25353356,encoded,,13301,False
B,733,25347329,encoded,,9605,False
A,733,25386691,encoded,,11652,False
B,734,25380656,encoded,,8120,False
A,734,25420025,encoded,,10478,False
B,735,25413988,encoded,,7352,False
A,735,25453362,encoded,,9451,False
B,736,25447317,encoded,,6327,False
A,736,25486691,encoded,,9068,False
B,737,25480656,encoded,,5724,False
A,737,25520026,encoded,,9033,False
B,738,25513985,encoded,,5372,False
A,738,25553360,encoded,,8246,False
B,739,25547321,encoded,,5261,False
A,739,25586699,encoded,,7858,False
B,740,25580656,encoded,,12264,False
A,740,25620032,encoded,,8028,False
B,741,25647317,encoded,,9275,False
A,741,25653376,encoded,,7566,False
B,742,25680655,encoded,,7541,False
A,742,25686719,encoded,,7407,False
B,743,25713985,encoded,,6951,False
A,743,25720051,encoded,,7259,False
B,744,25747320,encoded,,10195,False
A,744,25753385,encoded,,7051,False
B,745,25780651,encoded,,16667,False
A,745,25786697,encoded,,7060,False
B,746,25813985,encoded,,21949,False
A,746,25820044,encoded,,10844,False
B,747,25847320,encoded,,11384,False
A,747,25853388,encoded,,16666,False
B,748,25880657,encoded,,16667,False
A,748,25886725,encoded,,27381,False
B,749,25913994,encoded,,16667,False
A,749,25920038,encoded,,5953,False
B,750,25947326,encoded,,16666,False
A,750,25953398,encoded,,16666,False
B,751,25980652,encoded,,125119,True
A,751,25986706,encoded,,124732,True
B,752,26013985,encoded,,12884,False
A,752,26020055,encoded,,18933,False
B,753,26047324,encoded,,14129,False
A,753,26053374,encoded,,13392,False
B,754,26080660,encoded,,13171,False
A,754,26086717,encoded,,15423,False
B,755,26113987,encoded,,15773,False
A,755,26120040,encoded,,21027,False
B,756,26147329,encoded,,16687,False
A,756,26153374,encoded,,22591,False
B,757,26180660,encoded,,16188,False
A,757,26186711,encoded,,18897,False
B,758,26213990,encoded,,13098,False
A,758,26220052,encoded,,10292,False
B,759,26247329,encoded,,11753,False
A,759,26253376,encoded,,21669,False
B,760,26280658,encoded,,14656,False
A,760,26286714,encoded,,5608,False
B,761,26314014,encoded,,15225,False
A,761,26320045,encoded,,15990,False
B,762,26347333,encoded,,14859,False
A,762,26353377,encoded,,18320,False
B,763,26380682,encoded,,18012,False
A,763,26386715,encoded,,12226,False
B,764,26414011,encoded,,8372,False
A,764,26420047,encoded,,10575,False
B,765,26447345,encoded,,6851,False
A,765,26453383,encoded,,9771,False
B,766,26480663,encoded,,6231,False
A,766,26486716,encoded,,8983,False
B,767,26514024,encoded,,5665,False
A,767,26520050,encoded,,8808,False
B,768,26547346,encoded,,5743,False
A,768,26553393,encoded,,8119,False
B,769,26580686,encoded,,13121,False
A,769,26586722,encoded,,8094,False
B,770,26613998,encoded,,8441,False
A,770,26620060,encoded,,7769,False
B,771,26647338,encoded,,7458,False
A,771,26653401,encoded,,7208,False
B,772,26680667,encoded,,6871,False
A,772,26686735,encoded,,8786,False
B,773,26714002,encoded,,13027,False
A,773,26720067,encoded,,7521,False
B,774,26747342,encoded,,16666,False
A,774,26753386,encoded,,7437,False
B,775,26780675,encoded,,22914,False
A,775,26786744,encoded,,7632,False
B,776,26814003,encoded,,10420,False
A,776,26820072,encoded,,13531,False
B,777,26847346,encoded,,16666,False
A,777,26853405,encoded,,18527,False
B,778,26880682,encoded,,16667,False
A,778,26886724,encoded,,14806,False
B,779,26914012,encoded,,16667,False
A,779,26920070,encoded,,16667,False
B,780,26947341,encoded,,16666,False
A,780,26986729,encoded,,16666,False
B,781,26980683,encoded,,125206,True
A,781,27020064,encoded,,124514,True
B,782,27014021,encoded,,16584,False
A,782,27053396,encoded,,25876,False
B,783,27047349,encoded,,18973,False
A,783,27086731,encoded,,9873,False
B,784,27080676,encoded,,12745,False
A,784,27120067,encoded,,14842,False
B,785,27114028,encoded,,13937,False
A,785,27153397,encoded,,25616,False
B,786,27147347,encoded,,23226,False
A,786,27186732,encoded,,16634,False
B,787,27180702,encoded,,23952,False
A,787,27220069,encoded,,18266,False
B,788,27214039,encoded,,13056,False
A,788,27253401,encoded,,10561,False
B,789,27247416,encoded,,14759,False
A,789,27286734,encoded,,21794,False
B,790,27280704,encoded,,11762,False
A,790,27320073,encoded,,5691,False
B,791,27314038,encoded,,17408,False
A,791,27353417,encoded,,14171,False
B,792,27347351,encoded,,9106,False
A,792,27386759,encoded,,19312,False
B,793,27414052,encoded,,8024,False
A,793,27420115,encoded,,12287,False
B,794,27447388,encoded,,6938,False
A,794,27453416,encoded,,11276,False
B,795,27480685,encoded,,6395,False
A,795,27486760,encoded,,9869,False
B,796,27514023,encoded,,5941,False
A,796,27520080,encoded,,9383,False
B,797,27547376,encoded,,5640,False
A,797,27553438,encoded,,9077,False
B,798,27580694,encoded,,12965,False
A,798,27586773,encoded,,8407,False
B,799,27614044,encoded,,8677,False
A,799,27620097,encoded,,9049,False
B,800,27647379,encoded,,7579,False
A,800,27653422,encoded,,8113,False
B,801,27680697,encoded,,7141,False
A,801,27686757,encoded,,7446,False
B,802,27714032,encoded,,6289,False
A,802,27720094,encoded,,7721,False
B,803,27747372,encoded,,7031,False
A,803,27753423,encoded,,7188,False
B,804,27780709,encoded,,16666,False
A,804,27786758,encoded,,7101,False
B,805,27814036,encoded,,23817,False
A,805,27820080,encoded,,6979,False
B,806,27847379,encoded,,9517,False
A,806,27853417,encoded,,12288,False
B,807,27880698,encoded,,16666,False
A,807,27886749,encoded,,16666,False
B,808,27914033,encoded,,16667,False
A,808,27920082,encoded,,23291,False
B,809,27947392,encoded,,16667,False
A,809,27953417,encoded,,12142,False
B,810,27980712,encoded,,16666,False
A,810,27986750,encoded,,14567,False
B,811,28014030,encoded,,125104,True
A,811,28020087,encoded,,124581,True
B,812,28047403,encoded,,15220,False
A,812,28053418,encoded,,24844,False
B,813,28080714,encoded,,17278,False
A,813,28086770,encoded,,12271,False
B,814,28114040,encoded,,14267,False
A,814,28120099,encoded,,12688,False
B,815,28147386,encoded,,16041,False
A,815,28153429,encoded,,20083,False
B,816,28180711,encoded,,10965,False
A,816,28186764,encoded,,11577,False
B,817,28214051,encoded,,21983,False
A,817,28220103,encoded,,15703,False
B,818,28247381,encoded,,16309,False
A,818,28253423,encoded,,23440,False
B,819,28280706,encoded,,12338,False
A,819,28286780,encoded,,18435,False
B,820,28314042,encoded,,15355,False
A,820,28320110,encoded,,18904,False
B,821,28347393,encoded,,15973,False
A,821,28353427,encoded,,20741,False
B,822,28380729,encoded,,20075,False
A,822,28386769,encoded,,12444,False
B,823,28414046,encoded,,11840,False
A,823,28420110,encoded,,11214,False
A,824,28453442,encoded,,10456,False
B,824,28447381,encoded,,11828,False
B,825,28480709,encoded,,12017,False
A,825,28486777,encoded,,9246,False
B,826,28514055,encoded,,12622,False
A,826,28520099,encoded,,8955,False
B,827,28547388,encoded,,12067,False
A,827,28553442,encoded,,8211,False
B,828,28580713,encoded,,11488,False
A,828,28586775,encoded,,8198,False
B,829,28614059,encoded,,11309,False
A,829,28620122,encoded,,7782,False
B,830,28647396,encoded,,11232,False
A,830,28653444,encoded,,7383,False
B,831,28680744,encoded,,11176,False
A,831,28720109,encoded,,7330,False
B,832,28714052,encoded,,10822,False
A,832,28753434,encoded,,6932,False
B,833,28747394,encoded,,10949,False
A,833,28786768,encoded,,7188,False
B,834,28780719,encoded,,10715,False
A,834,28820104,encoded,,7233,False
B,835,28814075,encoded,,10958,False
A,835,28853439,encoded,,6506,False
B,836,28847395,encoded,,11126,False
A,836,28886773,encoded,,10989,False
B,837,28880755,encoded,,10871,False
A,837,28920116,encoded,,16666,False
B,838,28914077,encoded,,11034,False
A,838,28953456,encoded,,35591,False
B,839,28980729,encoded,,13365,False
A,839,28986782,encoded,,8779,False
B,840,29014060,encoded,,10609,False
A,840,29020108,encoded,,9261,False
B,841,29047394,encoded,,114890,True
A,841,29053475,encoded,,124704,True
B,842,29080728,encoded,,16938,False
A,842,29086793,encoded,,24451,False
B,843,29114059,encoded,,13933,False
A,843,29120121,encoded,,12297,False
B,844,29147401,encoded,,20957,False
A,844,29153447,encoded,,13126,False
B,845,29180737,encoded,,15440,False
A,845,29186785,encoded,,20605,False
B,846,29214076,encoded,,21701,False
A,846,29220119,encoded,,19482,False
B,847,29247397,encoded,,19432,False
A,847,29253456,encoded,,14624,False
B,848,29280734,encoded,,15449,False
A,848,29286781,encoded,,15624,False
B,849,29314078,encoded,,13856,False
A,849,29320136,encoded,,9609,False
B,850,29347398,encoded,,16292,False
A,850,29353466,encoded,,20909,False
B,851,29380732,encoded,,11344,False
A,851,29386797,encoded,,14758,False
B,852,29414080,encoded,,9880,False
A,852,29420117,encoded,,18699,False
B,853,29447406,encoded,,9378,False
A,853,29453470,encoded,,12088,False
B,854,29480744,encoded,,21118,False
A,854,29486786,encoded,,10481,False
B,855,29514081,encoded,,6972,False
A,855,29520120,encoded,,9785,False
B,856,29547408,encoded,,13978,False
A,856,29553461,encoded,,9521,False
B,857,29580759,encoded,,11838,False
A,857,29586793,encoded,,8839,False
B,858,29614090,encoded,,12797,False
A,858,29620126,encoded,,8979,False
B,859,29647418,encoded,,17860,False
A,859,29653458,encoded,,8419,False
B,860,29680747,encoded,,12392,False
A,860,29686791,encoded,,8200,False
B,861,29714088,encoded,,10658,False
A,861,29720123,encoded,,7563,False
B,862,29747430,encoded,,10277,False
A,862,29753462,encoded,,7404,False
B,863,29780755,encoded,,10519,False
A,863,29786792,encoded,,7107,False
B,864,29814090,encoded,,11010,False
A,864,29820135,encoded,,6871,False
B,865,29847410,encoded,,11297,False
A,865,29853472,encoded,,7270,False
B,866,29880746,encoded,,11509,False
A,866,29886810,encoded,,8288,False
B,867,29914079,encoded,,11472,False
A,867,29920140,encoded,,16666,False
B,868,29947416,encoded,,12050,False
A,868,29953471,encoded,,27552,False
B,869,29980757,encoded,,12215,False
A,869,29986827,encoded,,10450,False
B,870,30014088,encoded,,12322,False
A,870,30020131,encoded,,11998,False
B,871,30047416,encoded,,113626,True
A,871,30053468,encoded,,124550,True
B,872,30080754,encoded,,17626,False
A,872,30086800,encoded,,21664,False
B,873,30114083,encoded,,10636,False
A,873,30120138,encoded,,6536,False
B,874,30147418,encoded,,16267,False
A,874,30186804,encoded,,12856,False
B,875,30180765,encoded,,18535,False
A,875,30220139,encoded,,23540,False
B,876,30214097,encoded,,12443,False
A,876,30253473,encoded,,20101,False
B,877,30247418,encoded,,19541,False
A,877,30286805,encoded,,14705,False
B,878,30280754,encoded,,13803,False
A,878,30320137,encoded,,17747,False
B,879,30314087,encoded,,12610,False
A,879,30353471,encoded,,9666,False
B,880,30347432,encoded,,15570,False
A,880,30386811,encoded,,21505,False
B,881,30380765,encoded,,17729,False
A,881,30420141,encoded,,13480,False
A,882,30453491,encoded,,19414,False
B,882,30414104,encoded,,18264,False
A,883,30486823,encoded,,14080,False
B,883,30447437,encoded,,19185,False
A,884,30520143,encoded,,11401,False
B,884,30480765,encoded,,13388,False
A,885,30553482,encoded,,10178,False
B,885,30514112,encoded,,12057,False
A,886,30586810,encoded,,10104,False
B,886,30580764,encoded,,13995,False
B,887,30614094,encoded,,11935,False
A,887,30620145,encoded,,9354,False
B,888,30647431,encoded,,10657,False
A,888,30653494,encoded,,8345,False
B,889,30680764,encoded,,10922,False
A,889,30686817,encoded,,7999,False
B,890,30714104,encoded,,11275,False
A,890,30720155,encoded,,7786,False
B,891,30747437,encoded,,11159,False
A,891,30753484,encoded,,7950,False
B,892,30780775,encoded,,13200,False
A,892,30786821,encoded,,7283,False
B,893,30814100,encoded,,14408,False
A,893,30820153,encoded,,7266,False
B,894,30847437,encoded,,14723,False
A,894,30853489,encoded,,7113,False
B,895,30880769,encoded,,14947,False
A,895,30886820,encoded,,6756,False
B,896,30914116,encoded,,13242,False
A,896,30920156,encoded,,11955,False
B,897,30947446,encoded,,13066,False
A,897,30953488,encoded,,16666,False
B,898,30980787,encoded,,13531,False
A,898,30986823,encoded,,16667,False
A,899,31020157,encoded,,16667,False
B,899,31014118,encoded,,13601,False
A,900,31053490,encoded,,16666,False
B,900,31047440,encoded,,13762,False
A,901,31086825,encoded,,124687,True
B,901,31080784,encoded,,109677,True
A,902,31120157,encoded,,24036,False
B,902,31114120,encoded,,15758,False
A,903,31153501,encoded,,14532,False
B,903,31147468,encoded,,12612,False
B,904,31180797,encoded,,16296,False
A,904,31186831,encoded,,20344,False
B,905,31214134,encoded,,18981,False
A,905,31220164,encoded,,24479,False
B,906,31247471,encoded,,14945,False
A,906,31253503,encoded,,20594,False
B,907,31280800,encoded,,14138,False
A,907,31286828,encoded,,11314,False
B,908,31314134,encoded,,13722,False
A,908,31320171,encoded,,9156,False
B,909,31347461,encoded,,10889,False
A,909,31353501,encoded,,21364,False
B,910,31380784,encoded,,10119,False
A,910,31386835,encoded,,14187,False
B,911,31414124,encoded,,16530,False
A,911,31420166,encoded,,19492,False
B,912,31447456,encoded,,17798,False
A,912,31453499,encoded,,12665,False
B,913,31480783,encoded,,12556,False
A,913,31520178,encoded,,12158,False
B,914,31514122,encoded,,12146,False
A,914,31553511,encoded,,10759,False
B,915,31547457,encoded,,11335,False
A,915,31586835,encoded,,9680,False
B,916,31580810,encoded,,10598,False
A,916,31620174,encoded,,9271,False
B,917,31614126,encoded,,10585,False
A,917,31653504,encoded,,8794,False
B,918,31647455,encoded,,10424,False
A,918,31686839,encoded,,8143,False
B,919,31680804,encoded,,21269,False
A,919,31720174,encoded,,8052,False
B,920,31714128,encoded,,9134,False
A,920,31753505,encoded,,7672,False
B,921,31747468,encoded,,17019,False
A,921,31786848,encoded,,7183,False
B,922,31780814,encoded,,14310,False
A,922,31820178,encoded,,7370,False
B,923,31814125,encoded,,12985,False
A,923,31853521,encoded,,7318,False
A,924,31886858,encoded,,7209,False
B,924,31847460,encoded,,12017,False
B,925,31914140,encoded,,14820,False
A,925,31920196,encoded,,6848,False
B,926,31947466,encoded,,12023,False
A,926,31953529,encoded,,17636,False
A,927,31986858,encoded,,5222,False
B,927,31980801,encoded,,12589,False
B,928,32014130,encoded,,9596,False
A,928,32020177,encoded,,16502,False
B,929,32047467,encoded,,10235,False
A,929,32053513,encoded,,16667,False
B,930,32080804,encoded,,10517,False
A,930,32086846,encoded,,16666,False
B,931,32114142,encoded,,109252,True
A,931,32120180,encoded,,124816,True
B,932,32147476,encoded,,10002,False
A,932,32153519,encoded,,8558,False
B,933,32180807,encoded,,16067,False
A,933,32186857,encoded,,19337,False
B,934,32214134,encoded,,15549,False
A,934,32220184,encoded,,14759,False
B,935,32247467,encoded,,19216,False
A,935,32253530,encoded,,20209,False
B,936,32280803,encoded,,11539,False
A,936,32286852,encoded,,11088,False
B,937,32314137,encoded,,17807,False
A,937,32320186,encoded,,12697,False
B,938,32347470,encoded,,12073,False
A,938,32353521,encoded,,23750,False
B,939,32380815,encoded,,15365,False
A,939,32386865,encoded,,24483,False
B,940,32414145,encoded,,12389,False
A,940,32420192,encoded,,20183,False
B,941,32447477,encoded,,11576,False
A,941,32453526,encoded,,21454,False
B,942,32480810,encoded,,16983,False
A,942,32486858,encoded,,2810,False
B,943,32514152,encoded,,18130,False
A,943,32520191,encoded,,15762,False
B,944,32547486,encoded,,11182,False
A,944,32553524,encoded,,10721,False
B,945,32580817,encoded,,10382,False
A,945,32586862,encoded,,9827,False
B,946,32614163,encoded,,10375,False
A,946,32620194,encoded,,9450,False
B,947,32647485,encoded,,9682,False
A,947,32653528,encoded,,9144,False
B,948,32680832,encoded,,15015,False
A,948,32686875,encoded,,8281,False
B,949,32714147,encoded,,17006,False
A,949,32720199,encoded,,8368,False
B,950,32747485,encoded,,12446,False
A,950,32753536,encoded,,7971,False
B,951,32780814,encoded,,11450,False
A,951,32786874,encoded,,8191,False
B,952,32814147,encoded,,10633,False
A,952,32820214,encoded,,7978,False
B,953,32847487,encoded,,9956,False
A,953,32886866,encoded,,7431,False
B,954,32880822,encoded,,9824,False
A,954,32920200,encoded,,6885,False
B,955,32914153,encoded,,9609,False
A,955,32953534,encoded,,6712,False
B,956,32947497,encoded,,9379,False
A,956,32986870,encoded,,12469,False
B,957,32980830,encoded,,8983,False
A,957,33020202,encoded,,16666,False
B,958,33014177,encoded,,8585,False
A,958,33053539,encoded,,34499,False
B,959,33047508,encoded,,7963,False
A,959,33086870,encoded,,3575,False
B,960,33080846,encoded,,7508,False
A,960,33120211,encoded,,11926,False
B,961,33147490,encoded,,122569,True
A,961,33153538,encoded,,124647,True
B,962,33180830,encoded,,7623,False
A,962,33186875,encoded,,22264,False
B,963,33214160,encoded,,17362,False
A,963,33220221,encoded,,9472,False
B,964,33247499,encoded,,18900,False
A,964,33253558,encoded,,15146,False
B,965,33280846,encoded,,18282,False
A,965,33286874,encoded,,19073,False
B,966,33314167,encoded,,19434,False
A,966,33320209,encoded,,18659,False
B,967,33347497,encoded,,19545,False
A,967,33353564,encoded,,15239,False
B,968,33380841,encoded,,12996,False
A,968,33386889,encoded,,17587,False
B,969,33414174,encoded,,12110,False
A,969,33420216,encoded,,10160,False
B,970,33447507,encoded,,11726,False
A,970,33453551,encoded,,21594,False
B,971,33480837,encoded,,11646,False
A,971,33486886,encoded,,14944,False
B,972,33514167,encoded,,11336,False
A,972,33520219,encoded,,19185,False
B,973,33547499,encoded,,11184,False
A,973,33553551,encoded,,12410,False
B,974,33580850,encoded,,10171,False
A,974,33586885,encoded,,11063,False
B,975,33614178,encoded,,9336,False
A,975,33620218,encoded,,10157,False
A,976,33653550,encoded,,9434,False
B,976,33647515,encoded,,19199,False
B,977,33680862,encoded,,13013,False
A,977,33686885,encoded,,8701,False
B,978,33714173,encoded,,11750,False
A,978,33720220,encoded,,8292,False
B,979,33747508,encoded,,10994,False
A,979,33753553,encoded,,9011,False
B,980,33780842,encoded,,10648,False
A,980,33786888,encoded,,8080,False
B,981,33814177,encoded,,9901,False
A,981,33820222,encoded,,7748,False
B,982,33847516,encoded,,9492,False
A,982,33853556,encoded,,7392,False
B,983,33880854,encoded,,9600,False
A,983,33886891,encoded,,7185,False
B,984,33914178,encoded,,8796,False
A,984,33920224,encoded,,6954,False
B,985,33947518,encoded,,8372,False
A,985,33953563,encoded,,6674,False
B,986,33980851,encoded,,8152,False
A,986,33986908,encoded,,12263,False
A,987,34020228,encoded,,16666,False
B,987,34014185,encoded,,11901,False
B,988,34047516,encoded,,20552,False
A,988,34053561,encoded,,16667,False
B,989,34080854,encoded,,19039,False
A,989,34086892,encoded,,16667,False
B,990,34114183,encoded,,16215,False
A,990,34153564,encoded,,16666,False
B,991,34147515,encoded,,122797,True
A,991,34186895,encoded,,124570,True
B,992,34180848,encoded,,17988,False
A,992,34220235,encoded,,14330,False
B,993,34214190,encoded,,7226,False
A,993,34253567,encoded,,14489,False
B,994,34247531,encoded,,16552,False
A,994,34286898,encoded,,18079,False
B,995,34280872,encoded,,23967,False
A,995,34320232,encoded,,20529,False
B,996,34314192,encoded,,18273,False
A,996,34353565,encoded,,18896,False
B,997,34347539,encoded,,18346,False
A,997,34386901,encoded,,14970,False
B,998,34380900,encoded,,17923,False
A,998,34420236,encoded,,17029,False
B,999,34414198,encoded,,14425,False
A,999,34453570,encoded,,9986,False
B,1000,34447543,encoded,,11302,False
A,1000,34486918,encoded,,22604,False
B,1001,34480855,encoded,,12466,False
A,1001,34520246,encoded,,5322,False
B,1002,34547526,encoded,,16548,False
A,1002,34553575,encoded,,16882,False
B,1003,34580865,encoded,,13638,False
A,1003,34586908,encoded,,18716,False
B,1004,34614191,encoded,,10836,False
A,1004,34620242,encoded,,12807,False
B,1005,34647532,encoded,,7656,False
A,1005,34653576,encoded,,11552,False
B,1006,34680867,encoded,,16180,False
A,1006,34686920,encoded,,11038,False
B,1007,34714200,encoded,,10550,False
A,1007,34720246,encoded,,9872,False
B,1008,34747529,encoded,,8924,False
A,1008,34753582,encoded,,9964,False
B,1009,34780867,encoded,,8027,False
A,1009,34786928,encoded,,9239,False
B,1010,34814212,encoded,,7552,False
A,1010,34820258,encoded,,9474,False
B,1011,34847543,encoded,,7212,False
A,1011,34853578,encoded,,8305,False
B,1012,34880883,encoded,,6915,False
A,1012,34886920,encoded,,7776,False
B,1013,34914200,encoded,,19491,False
A,1013,34920244,encoded,,8121,False
B,1014,34947548,encoded,,5290,False
A,1014,34953582,encoded,,8259,False
B,1015,34980879,encoded,,22183,False
A,1015,34986917,encoded,,7272,False
B,1016,35014220,encoded,,4475,False
A,1016,35020264,encoded,,7769,False
B,1017,35047552,encoded,,16923,False
A,1017,35053585,encoded,,12150,False
B,1018,35080870,encoded,,12642,False
A,1018,35086932,encoded,,16667,False
B,1019,35114209,encoded,,12074,False
A,1019,35120254,encoded,,35700,False
B,1020,35147542,encoded,,11161,False
A,1020,35153601,encoded,,3704,False
B,1021,35180872,encoded,,122339,True
A,1021,35186920,encoded,,124646,True
B,1022,35214205,encoded,,13818,False
A,1022,35220269,encoded,,17774,False
B,1023,35247545,encoded,,11986,False
A,1023,35253600,encoded,,6540,False
B,1024,35280881,encoded,,15979,False
A,1024,35320272,encoded,,23356,False
A,1025,35353590,encoded,,17503,False
B,1025,35314207,encoded,,18164,False
A,1026,35386941,encoded,,23437,False
B,1026,35347551,encoded,,10798,False
A,1027,35420276,encoded,,20588,False
B,1027,35380877,encoded,,16792,False
A,1028,35453626,encoded,,11257,False
B,1028,35414229,encoded,,11962,False
A,1029,35486930,encoded,,9076,False
B,1029,35447548,encoded,,15417,False
A,1030,35520273,encoded,,8895,False
B,1030,35480914,encoded,,16742,False
A,1031,35553596,encoded,,20676,False
B,1031,35514218,encoded,,15728,False
A,1032,35586940,encoded,,21472,False
B,1032,35547555,encoded,,10468,False
B,1033,35580887,encoded,,9639,False
A,1033,35620276,encoded,,13824,False
B,1034,35614241,encoded,,8643,False
A,1034,35653610,encoded,,11905,False
B,1035,35647551,encoded,,8991,False
A,1035,35686933,encoded,,10999,False
B,1036,35680883,encoded,,8646,False
A,1036,35720270,encoded,,11141,False
B,1037,35714219,encoded,,9019,False
A,1037,35753614,encoded,,10173,False
B,1038,35747552,encoded,,8576,False
A,1038,35786934,encoded,,8901,False
B,1039,35780906,encoded,,7987,False
A,1039,35820290,encoded,,8549,False
B,1040,35814249,encoded,,7689,False
A,1040,35853615,encoded,,8492,False
B,1041,35880897,encoded,,8817,False
A,1041,35886956,encoded,,8203,False
B,1042,35914225,encoded,,28648,False
A,1042,35920281,encoded,,8172,False
B,1043,35947566,encoded,,14850,False
A,1043,35953616,encoded,,8637,False
B,1044,35980904,encoded,,12983,False
A,1044,35986953,encoded,,7618,False
B,1045,36014228,encoded,,11496,False
A,1045,36020273,encoded,,7614,False
B,1046,36047561,encoded,,10040,False
A,1046,36053605,encoded,,7678,False
B,1047,36080896,encoded,,8913,False
A,1047,36086948,encoded,,7098,False
B,1048,36114234,encoded,,16189,False
A,1048,36120274,encoded,,16372,False
B,1049,36147564,encoded,,16667,False
A,1049,36153612,encoded,,35787,False
B,1050,36180915,encoded,,16666,False
A,1050,36186949,encoded,,3829,False
B,1051,36214243,encoded,,122959,True
A,1051,36220275,encoded,,124651,True
B,1052,36247578,encoded,,20325,False
B,1053,36280896,encoded,,11761,False
A,1052,36253611,encoded,,17583,False
A,1053,36286947,encoded,,6909,False
B,1054,36314234,encoded,,19470,False
A,1054,36320285,encoded,,22872,False
B,1055,36347574,encoded,,22524,False
A,1055,36353611,encoded,,17554,False
B,1056,36380906,encoded,,10098,False
A,1056,36386955,encoded,,23960,False
B,1057,36414234,encoded,,22246,False
A,1057,36420292,encoded,,20736,False
B,1058,36447573,encoded,,11547,False
A,1058,36453617,encoded,,11412,False
B,1059,36480902,encoded,,9774,False
A,1059,36486951,encoded,,9095,False
B,1060,36514262,encoded,,8752,False
A,1060,36520283,encoded,,8846,False
B,1061,36547578,encoded,,7845,False
A,1061,36553618,encoded,,20532,False
B,1062,36580924,encoded,,8024,False
A,1062,36586951,encoded,,21789,False
B,1063,36614249,encoded,,7346,False
A,1063,36620299,encoded,,2876,False
B,1064,36647580,encoded,,7153,False
A,1064,36653629,encoded,,16514,False
B,1065,36680908,encoded,,19015,False
A,1065,36686971,encoded,,11404,False
B,1066,36714250,encoded,,22001,False
A,1066,36720291,encoded,,10182,False
B,1067,36747575,encoded,,3796,False
A,1067,36753622,encoded,,9270,False
B,1068,36780911,encoded,,16720,False
A,1068,36786960,encoded,,8785,False
B,1069,36814254,encoded,,12001,False
A,1069,36820295,encoded,,8318,False
B,1070,36847578,encoded,,11313,False
A,1070,36853627,encoded,,7984,False
B,1071,36880918,encoded,,9842,False
A,1071,36920295,encoded,,8465,False
B,1072,36914255,encoded,,9949,False
A,1072,36953628,encoded,,7428,False
B,1073,36947580,encoded,,9332,False
A,1073,36986964,encoded,,8037,False
B,1074,36980923,encoded,,9117,False
A,1074,37020314,encoded,,7640,False
B,1075,37014252,encoded,,8500,False
A,1075,37053634,encoded,,7101,False
B,1076,37047586,encoded,,11924,False
A,1076,37086970,encoded,,7108,False
B,1077,37080919,encoded,,16666,False
A,1077,37120297,encoded,,16666,False
B,1078,37114259,encoded,,16667,False
A,1078,37153631,encoded,,23655,False
B,1079,37147606,encoded,,16667,False
A,1079,37186966,encoded,,9679,False
B,1080,37180943,encoded,,16666,False
A,1080,37220316,encoded,,16666,False
B,1081,37214259,encoded,,122876,True
A,1081,37253654,encoded,,124611,True
B,1082,37280941,encoded,,19614,False
A,1082,37286983,encoded,,21155,False
B,1083,37314261,encoded,,11434,False
A,1083,37320319,encoded,,10258,False
B,1084,37347599,encoded,,11603,False
A,1084,37353634,encoded,,19294,False
B,1085,37380941,encoded,,21456,False
A,1085,37386975,encoded,,25914,False
B,1086,37414257,encoded,,24410,False
A,1086,37420311,encoded,,16495,False
B,1087,37447613,encoded,,18595,False
A,1087,37453672,encoded,,18095,False
B,1088,37480932,encoded,,11349,False
A,1088,37486972,encoded,,11449,False
B,1089,37514260,encoded,,10195,False
A,1089,37520310,encoded,,8775,False
B,1090,37547602,encoded,,8526,False
A,1090,37553657,encoded,,20022,False
B,1091,37580930,encoded,,7763,False
A,1091,37586976,encoded,,5476,False
B,1092,37614265,encoded,,6769,False
A,1092,37620312,encoded,,15684,False
B,1093,37647607,encoded,,19303,False
A,1093,37653645,encoded,,17495,False
B,1094,37680936,encoded,,20930,False
A,1094,37686978,encoded,,11795,False
B,1095,37714282,encoded,,12541,False
A,1095,37720321,encoded,,10439,False
B,1096,37747607,encoded,,10811,False
A,1096,37753652,encoded,,9498,False
B,1097,37780958,encoded,,8805,False
A,1097,37786981,encoded,,9173,False
B,1098,37814277,encoded,,8229,False
A,1098,37820323,encoded,,8888,False
B,1099,37847619,encoded,,7639,False
A,1099,37853648,encoded,,8451,False
B,1100,37880945,encoded,,7234,False
A,1100,37887000,encoded,,8218,False
B,1101,37914300,encoded,,6631,False
A,1101,37920319,encoded,,7759,False
B,1102,37947621,encoded,,5665,False
A,1102,37953655,encoded,,7507,False
B,1103,37980942,encoded,,5446,False
A,1103,37987001,encoded,,7358,False
B,1104,38014278,encoded,,12176,False
A,1104,38020330,encoded,,7864,False
B,1105,38047611,encoded,,16667,False
A,1105,38053664,encoded,,7263,False
B,1106,38080952,encoded,,16667,False
A,1106,38087026,encoded,,14398,False
B,1107,38114279,encoded,,16666,False
A,1107,38120337,encoded,,18190,False
B,1108,38147616,encoded,,16667,False
A,1108,38153658,encoded,,15143,False
B,1109,38180944,encoded,,16667,False
A,1109,38187001,encoded,,16667,False
B,1110,38214284,encoded,,16666,False
A,1110,38220340,encoded,,16666,False
B,1111,38247612,encoded,,122745,True
A,1111,38253669,encoded,,124590,True
B,1112,38280951,encoded,,19772,False
A,1112,38320332,encoded,,22901,False
B,1113,38314281,encoded,,10705,False
A,1113,38353667,encoded,,9504,False
B,1114,38347615,encoded,,15701,False
A,1114,38386997,encoded,,16715,False
B,1115,38380952,encoded,,13762,False
A,1115,38420329,encoded,,25914,False
B,1116,38414302,encoded,,16320,False
A,1116,38453662,encoded,,16546,False
B,1117,38447623,encoded,,13166,False
A,1117,38486999,encoded,,18291,False
B,1118,38480994,encoded,,20414,False
A,1118,38520330,encoded,,10286,False
B,1119,38514296,encoded,,16419,False
A,1119,38553667,encoded,,22526,False
B,1120,38547649,encoded,,15575,False
A,1120,38586999,encoded,,14632,False
B,1121,38580979,encoded,,10887,False
A,1121,38620335,encoded,,19088,False
B,1122,38614294,encoded,,17751,False
A,1122,38653671,encoded,,12581,False
B,1123,38647631,encoded,,10209,False
A,1123,38687006,encoded,,10684,False
B,1124,38680955,encoded,,8375,False
A,1124,38720333,encoded,,10190,False
B,1125,38747629,encoded,,8098,False
A,1125,38753674,encoded,,9339,False
B,1126,38780957,encoded,,6687,False
A,1126,38787022,encoded,,8839,False
B,1127,38814298,encoded,,6241,False
A,1127,38820347,encoded,,8170,False
B,1128,38847628,encoded,,6237,False
A,1128,38853681,encoded,,8204,False
B,1129,38880962,encoded,,5272,False
A,1129,38887009,encoded,,7827,False
B,1130,38914299,encoded,,5259,False
A,1130,38920352,encoded,,8335,False
B,1131,38947629,encoded,,11438,False
A,1131,38953675,encoded,,7353,False
B,1132,38980978,encoded,,8589,False
A,1132,38987008,encoded,,7206,False
B,1133,39014303,encoded,,13712,False
A,1133,39020342,encoded,,7041,False
B,1134,39047633,encoded,,16666,False
A,1134,39053677,encoded,,6749,False
B,1135,39080966,encoded,,16667,False
A,1135,39087013,encoded,,6619,False
B,1136,39114316,encoded,,16667,False
A,1136,39120345,encoded,,13204,False
B,1137,39147634,encoded,,16666,False
A,1137,39153680,encoded,,16666,False
B,1138,39180989,encoded,,16667,False
A,1138,39187011,encoded,,16667,False
B,1139,39214324,encoded,,16667,False
A,1139,39220346,encoded,,16667,False
B,1140,39247636,encoded,,16666,False
A,1140,39253683,encoded,,16666,False
B,1141,39280985,encoded,,122634,True
A,1141,39287017,encoded,,124590,True
B,1142,39314335,encoded,,14033,False
A,1142,39320350,encoded,,15783,False
B,1143,39347639,encoded,,12394,False
A,1143,39353683,encoded,,15850,False
B,1144,39380972,encoded,,14756,False
A,1144,39387017,encoded,,16227,False
B,1145,39414328,encoded,,16258,False
A,1145,39420349,encoded,,20664,False
B,1146,39447649,encoded,,12878,False
A,1146,39453684,encoded,,12262,False
B,1147,39480980,encoded,,23747,False
A,1147,39487020,encoded,,16050,False
B,1148,39514319,encoded,,17748,False
A,1148,39520353,encoded,,23066,False
B,1149,39547653,encoded,,18898,False
A,1149,39553709,encoded,,14891,False
B,1150,39580982,encoded,,17795,False
A,1150,39587038,encoded,,18939,False
B,1151,39614312,encoded,,18013,False
A,1151,39620361,encoded,,20920,False
B,1152,39647645,encoded,,9329,False
A,1152,39653693,encoded,,12784,False
B,1153,39680992,encoded,,8167,False
A,1153,39687026,encoded,,11042,False
A,1154,39753699,encoded,,10096,False
B,1154,39714316,encoded,,7359,False
A,1155,39787028,encoded,,9800,False
B,1155,39747662,encoded,,6726,False
A,1156,39820373,encoded,,8892,False
B,1156,39780984,encoded,,6583,False
A,1157,39853695,encoded,,8642,False
B,1157,39814335,encoded,,6664,False
A,1158,39887031,encoded,,8040,False
B,1158,39880987,encoded,,7572,False
A,1159,39920368,encoded,,7760,False
B,1159,39914325,encoded,,7301,False
A,1160,39953697,encoded,,7862,False
B,1160,39947667,encoded,,8322,False
A,1161,39987039,encoded,,7493,False
B,1161,39980989,encoded,,8837,False
A,1162,40020366,encoded,,8319,False
B,1162,40014329,encoded,,10766,False
A,1163,40053711,encoded,,8617,False
B,1163,40047670,encoded,,11314,False
A,1164,40087055,encoded,,8561,False
B,1164,40080996,encoded,,12175,False
A,1165,40120376,encoded,,7884,False
B,1165,40114327,encoded,,16398,False
A,1166,40153713,encoded,,8300,False
B,1166,40147658,encoded,,16667,False
A,1167,40187056,encoded,,16666,False
B,1167,40181002,encoded,,16666,False
A,1168,40220390,encoded,,24551,False
B,1168,40214332,encoded,,16667,False
A,1169,40253714,encoded,,12387,False
B,1169,40247663,encoded,,16667,False
A,1170,40287039,encoded,,13062,False
B,1170,40280993,encoded,,16666,False
A,1171,40320389,encoded,,124620,True
B,1171,40314327,encoded,,122936,True
A,1172,40353706,encoded,,24667,False
B,1172,40347671,encoded,,17822,False
A,1173,40387043,encoded,,7420,False
B,1173,40381000,encoded,,11825,False
A,1174,40420374,encoded,,14526,False
B,1174,40414333,encoded,,13698,False
A,1175,40453710,encoded,,21064,False
B,1175,40447678,encoded,,15692,False
A,1176,40487045,encoded,,19248,False
B,1176,40481002,encoded,,18333,False
A,1177,40520403,encoded,,22501,False
B,1177,40514333,encoded,,13340,False
A,1178,40553713,encoded,,10539,False
B,1178,40547671,encoded,,16662,False
A,1179,40587055,encoded,,21855,False
B,1179,40581008,encoded,,20844,False
A,1180,40620384,encoded,,15249,False
B,1180,40614364,encoded,,25603,False
A,1181,40653719,encoded,,19627,False
B,1181,40647677,encoded,,13612,False
A,1182,40687045,encoded,,2617,False
B,1182,40681024,encoded,,11944,False
A,1183,40720381,encoded,,15551,False
B,1183,40714353,encoded,,11198,False
A,1184,40753720,encoded,,11159,False
B,1184,40747682,encoded,,10195,False
A,1185,40787050,encoded,,10435,False
B,1185,40781035,encoded,,10353,False
A,1186,40820395,encoded,,9824,False
B,1186,40847679,encoded,,12148,False
A,1187,40853721,encoded,,8855,False
B,1187,40881017,encoded,,10144,False
A,1188,40887073,encoded,,8589,False
B,1188,40914352,encoded,,10375,False
A,1189,40920394,encoded,,8159,False
B,1189,40947695,encoded,,10044,False
A,1190,40953731,encoded,,8165,False
B,1190,40981013,encoded,,20013,False
A,1191,40987070,encoded,,7889,False
B,1191,41014345,encoded,,15200,False
A,1192,41020403,encoded,,7749,False
B,1192,41047693,encoded,,20697,False
A,1193,41053731,encoded,,6871,False
B,1193,41081029,encoded,,13842,False
A,1194,41087076,encoded,,6953,False
B,1194,41114355,encoded,,12642,False
A,1195,41120405,encoded,,6808,False
B,1195,41147686,encoded,,12513,False
A,1196,41153742,encoded,,12394,False
B,1196,41181019,encoded,,12041,False
A,1197,41187075,encoded,,16666,False
B,1197,41214357,encoded,,11321,False
A,1198,41220408,encoded,,18335,False
B,1198,41247706,encoded,,11291,False
A,1199,41253734,encoded,,14999,False
B,1199,41281044,encoded,,11133,False
A,1200,41287072,encoded,,16666,False
B,1200,41314371,encoded,,10762,False
A,1201,41320397,encoded,,124534,True
B,1201,41347689,encoded,,113124,True
A,1202,41353743,encoded,,14824,False
B,1202,41381025,encoded,,16977,False
A,1203,41387073,encoded,,13500,False
B,1203,41414375,encoded,,13580,False
A,1204,41420411,encoded,,17609,False
B,1204,41447700,encoded,,16515,False
A,1205,41453741,encoded,,20757,False
B,1205,41481029,encoded,,17581,False
A,1206,41487086,encoded,,19269,False
B,1206,41514361,encoded,,11723,False
A,1207,41520419,encoded,,16438,False
B,1207,41547693,encoded,,20640,False
A,1208,41553742,encoded,,14991,False
B,1208,41581050,encoded,,12704,False
A,1209,41587074,encoded,,22435,False
B,1209,41614368,encoded,,12010,False
A,1210,41620412,encoded,,6372,False
B,1210,41647701,encoded,,15258,False
A,1211,41653743,encoded,,16523,False
B,1211,41681029,encoded,,15875,False
A,1212,41687091,encoded,,19146,False
B,1212,41714368,encoded,,16532,False
A,1213,41720408,encoded,,3066,False
B,1213,41747697,encoded,,11292,False
A,1214,41787079,encoded,,15720,False
B,1214,41781031,encoded,,10229,False
A,1215,41820411,encoded,,11289,False
B,1215,41814365,encoded,,9698,False
A,1216,41853745,encoded,,9871,False
B,1216,41847704,encoded,,8781,False
A,1217,41887080,encoded,,9156,False
B,1217,41881040,encoded,,19326,False
A,1218,41920410,encoded,,8660,False
B,1218,41914383,encoded,,22957,False
A,1219,41953760,encoded,,9532,False
B,1219,41947701,encoded,,13729,False
A,1220,41987078,encoded,,8475,False
B,1220,41981038,encoded,,11515,False
A,1221,42020422,encoded,,8181,False
B,1221,42014383,encoded,,11125,False
A,1222,42053756,encoded,,7973,False
B,1222,42047723,encoded,,10764,False
A,1223,42087098,encoded,,7470,False
B,1223,42081046,encoded,,10322,False
A,1224,42120436,encoded,,8111,False
B,1224,42147706,encoded,,11931,False
A,1225,42153763,encoded,,7389,False
B,1225,42181042,encoded,,9604,False
B,1226,42214377,encoded,,9742,False
A,1226,42187089,encoded,,12043,False
B,1227,42247720,encoded,,9538,False
A,1227,42220423,encoded,,16666,False
B,1228,42281044,encoded,,9265,False
A,1228,42253756,encoded,,18691,False
B,1229,42314385,encoded,,8603,False
A,1229,42287088,encoded,,14643,False
B,1230,42347726,encoded,,8728,False
A,1230,42320427,encoded,,16666,False
B,1231,42381048,encoded,,113007,True
A,1231,42353757,encoded,,124702,True
B,1232,42414403,encoded,,16475,False
A,1232,42387090,encoded,,17404,False
B,1233,42447722,encoded,,12889,False
A,1233,42420429,encoded,,19091,False
B,1234,42481062,encoded,,14335,False
A,1234,42453768,encoded,,12230,False
B,1235,42514395,encoded,,18766,False
A,1235,42520432,encoded,,19499,False
B,1236,42547716,encoded,,23046,False
A,1236,42553761,encoded,,17899,False
A,1237,42587093,encoded,,14741,False
B,1237,42614389,encoded,,15651,False
A,1238,42620428,encoded,,16162,False
B,1238,42647720,encoded,,12995,False
A,1239,42653765,encoded,,9794,False
B,1239,42681067,encoded,,19185,False
A,1240,42687103,encoded,,21097,False
B,1240,42714391,encoded,,15223,False
A,1241,42720432,encoded,,22471,False
A,1242,42753765,encoded,,13246,False
B,1241,42747732,encoded,,10725,False
B,1242,42781056,encoded,,9768,False
A,1243,42787115,encoded,,12051,False
B,1243,42814390,encoded,,8752,False
A,1244,42820448,encoded,,10384,False
B,1244,42847741,encoded,,8182,False
A,1245,42853787,encoded,,9833,False
B,1245,42881070,encoded,,7725,False
A,1246,42887120,encoded,,8953,False
B,1246,42914407,encoded,,7849,False
A,1247,42920437,encoded,,8430,False
B,1247,42947742,encoded,,19149,False
A,1248,42987101,encoded,,8442,False
B,1248,42981071,encoded,,22965,False
A,1249,43020443,encoded,,7919,False
B,1249,43014412,encoded,,14073,False
A,1250,43053770,encoded,,7841,False
B,1250,43047748,encoded,,12160,False
A,1251,43087111,encoded,,7208,False
B,1251,43081066,encoded,,11205,False
A,1252,43120449,encoded,,8416,False
B,1252,43114409,encoded,,10370,False
A,1253,43153781,encoded,,7605,False
B,1253,43147737,encoded,,9950,False
A,1254,43187117,encoded,,7047,False
B,1254,43181077,encoded,,9138,False
A,1255,43220462,encoded,,7212,False
B,1255,43247758,encoded,,9854,False
A,1256,43253776,encoded,,13657,False
B,1256,43281095,encoded,,6998,False
A,1257,43287117,encoded,,18571,False
B,1257,43314419,encoded,,6598,False
A,1258,43320449,encoded,,14762,False
B,1258,43347746,encoded,,5819,False
A,1259,43353797,encoded,,16667,False
B,1259,43381078,encoded,,12591,False
A,1260,43387141,encoded,,16666,False
B,1260,43414405,encoded,,16666,False
A,1261,43420465,encoded,,124596,True
B,1261,43447738,encoded,,123151,True
A,1262,43453798,encoded,,22101,False
B,1262,43481087,encoded,,14033,False
A,1263,43487114,encoded,,8759,False
B,1263,43514419,encoded,,15134,False
A,1264,43520458,encoded,,17695,False
B,1264,43547765,encoded,,9598,False
A,1265,43553780,encoded,,19232,False
B,1265,43581086,encoded,,14652,False
A,1266,43587120,encoded,,18511,False
B,1266,43614411,encoded,,16813,False
A,1267,43620450,encoded,,15006,False
B,1267,43647742,encoded,,13741,False
A,1268,43653784,encoded,,16217,False
B,1268,43681093,encoded,,15752,False
A,1269,43687119,encoded,,10208,False
B,1269,43714414,encoded,,20380,False
A,1270,43720461,encoded,,21414,False
B,1270,43747756,encoded,,9907,False
A,1271,43753785,encoded,,22292,False
B,1271,43781103,encoded,,9167,False
A,1272,43787123,encoded,,13530,False
B,1272,43814415,encoded,,8543,False
A,1273,43820463,encoded,,12457,False
B,1273,43847752,encoded,,20711,False
A,1274,43853806,encoded,,11243,False
B,1274,43881091,encoded,,13309,False
A,1275,43887124,encoded,,9746,False
B,1275,43914433,encoded,,20653,False
A,1276,43920457,encoded,,9371,False
B,1276,43947759,encoded,,12920,False
A,1277,43953794,encoded,,8659,False
B,1277,43981089,encoded,,10872,False
A,1278,43987150,encoded,,8674,False
B,1278,44014420,encoded,,9636,False
A,1279,44020477,encoded,,8499,False
B,1279,44047756,encoded,,8448,False
A,1280,44053801,encoded,,7631,False
B,1280,44081086,encoded,,7436,False
A,1281,44087142,encoded,,7267,False
B,1281,44114424,encoded,,7100,False
A,1282,44120462,encoded,,6931,False
B,1282,44147752,encoded,,6224,False
A,1283,44153821,encoded,,7384,False
B,1283,44181106,encoded,,6701,False
A,1284,44220466,encoded,,7004,False
B,1284,44214441,encoded,,6387,False
A,1285,44253806,encoded,,6971,False
B,1285,44247764,encoded,,15399,False
A,1286,44287141,encoded,,11936,False
B,1286,44281113,encoded,,27438,False
A,1287,44320470,encoded,,16666,False
B,1287,44314457,encoded,,8719,False
A,1288,44353804,encoded,,35715,False
B,1288,44347780,encoded,,13843,False
A,1289,44387135,encoded,,3465,False
A,1290,44420470,encoded,,10821,False
B,1289,44381098,encoded,,16667,False
A,1291,44453802,encoded,,124544,True
B,1290,44414453,encoded,,16666,False
A,1292,44487164,encoded,,24706,False
B,1291,44447783,encoded,,123229,True
A,1293,44520494,encoded,,7013,False
B,1292,44481099,encoded,,10941,False
B,1293,44514436,encoded,,15845,False
A,1294,44553807,encoded,,14733,False
A,1295,44587140,encoded,,18925,False
B,1294,44547766,encoded,,23925,False
A,1296,44620473,encoded,,18054,False
B,1295,44581101,encoded,,16429,False
B,1296,44614446,encoded,,14310,False
A,1297,44653808,encoded,,15184,False
B,1297,44647777,encoded,,11991,False
A,1298,44687144,encoded,,17496,False
B,1298,44681110,encoded,,14694,False
A,1299,44720476,encoded,,23131,False
B,1299,44747770,encoded,,15393,False
A,1300,44753811,encoded,,15814,False
B,1300,44781115,encoded,,9274,False
A,1301,44787154,encoded,,19717,False
B,1301,44814444,encoded,,22048,False
A,1302,44820479,encoded,,12778,False
B,1302,44847772,encoded,,13234,False
A,1303,44853822,encoded,,11539,False
B,1303,44881110,encoded,,19996,False
A,1304,44887145,encoded,,10593,False
B,1304,44914454,encoded,,11136,False
A,1305,44920487,encoded,,9442,False
B,1305,44947774,encoded,,9192,False
A,1306,44953813,encoded,,8568,False
B,1306,44981127,encoded,,7670,False
A,1307,44987150,encoded,,8746,False
B,1307,45014454,encoded,,7038,False
A,1308,45020482,encoded,,7977,False
B,1308,45047778,encoded,,7109,False
A,1309,45053817,encoded,,8044,False
B,1309,45081125,encoded,,7131,False
A,1310,45087151,encoded,,8120,False
B,1310,45114463,encoded,,7253,False
A,1311,45120487,encoded,,7788,False
B,1311,45147782,encoded,,6925,False
A,1312,45153824,encoded,,7420,False
B,1312,45181124,encoded,,6964,False
A,1313,45187153,encoded,,7162,False
B,1313,45214445,encoded,,6540,False
A,1314,45220490,encoded,,7195,False
B,1314,45247790,encoded,,11733,False
A,1315,45253832,encoded,,6967,False
B,1315,45281114,encoded,,16667,False
A,1316,45287157,encoded,,11677,False
B,1316,45314448,encoded,,23247,False
A,1317,45320490,encoded,,16666,False
B,1317,45347794,encoded,,10086,False
A,1318,45353846,encoded,,22899,False
B,1318,45381119,encoded,,16667,False
A,1319,45387176,encoded,,11732,False
B,1319,45414451,encoded,,16667,False
A,1320,45420496,encoded,,15369,False
B,1320,45447785,encoded,,16666,False
A,1321,45453842,encoded,,124774,True
B,1321,45481129,encoded,,123041,True
A,1322,45520494,encoded,,18543,False
B,1322,45514459,encoded,,20417,False
A,1323,45553840,encoded,,17526,False
B,1323,45547787,encoded,,8408,False
A,1324,45587167,encoded,,13659,False
B,1324,45581122,encoded,,23018,False
A,1325,45620506,encoded,,21406,False
B,1325,45614463,encoded,,19809,False
A,1326,45653832,encoded,,18524,False
B,1326,45647793,encoded,,15857,False
A,1327,45687166,encoded,,21492,False
B,1327,45681126,encoded,,14109,False
A,1328,45720497,encoded,,10113,False
B,1328,45714461,encoded,,11507,False
A,1329,45753840,encoded,,8471,False
B,1329,45747795,encoded,,13499,False
A,1330,45787173,encoded,,21159,False
B,1330,45781133,encoded,,14692,False
A,1331,45820502,encoded,,22055,False
B,1331,45814484,encoded,,9790,False
A,1332,45853834,encoded,,2850,False
B,1332,45847808,encoded,,21588,False
A,1333,45887170,encoded,,16270,False
B,1333,45881146,encoded,,13407,False
A,1334,45920518,encoded,,12043,False
B,1334,45914497,encoded,,12904,False
A,1335,45953842,encoded,,10938,False
B,1335,45947816,encoded,,20205,False
A,1336,45987205,encoded,,9288,False
B,1336,45981155,encoded,,13480,False
A,1337,46020527,encoded,,9994,False
B,1337,46014486,encoded,,12306,False
A,1338,46053866,encoded,,9464,False
B,1338,46081134,encoded,,7206,False
A,1339,46087183,encoded,,8081,False
B,1339,46114470,encoded,,6412,False
A,1340,46120535,encoded,,7826,False
B,1340,46147806,encoded,,16686,False
A,1341,46153862,encoded,,7444,False
B,1341,46181136,encoded,,6478,False
A,1342,46187186,encoded,,7293,False
B,1342,46214473,encoded,,15443,False
A,1343,46220517,encoded,,7084,False
B,1343,46247812,encoded,,13056,False
A,1344,46253851,encoded,,7197,False
B,1344,46281143,encoded,,12240,False
A,1345,46287184,encoded,,7047,False
B,1345,46314477,encoded,,12200,False
A,1346,46320516,encoded,,12793,False
B,1346,46347816,encoded,,11327,False
A,1347,46353849,encoded,,16666,False
B,1347,46381144,encoded,,11202,False
A,1348,46387190,encoded,,18732,False
B,1348,46414486,encoded,,10973,False
A,1349,46420518,encoded,,14602,False
B,1349,46447811,encoded,,10540,False
A,1350,46453854,encoded,,16666,False
B,1350,46481144,encoded,,10798,False
A,1351,46487187,encoded,,124731,True
B,1351,46514484,encoded,,123523,True
A,1352,46520517,encoded,,21863,False
B,1352,46547838,encoded,,12958,False
A,1353,46553852,encoded,,12017,False
B,1353,46581167,encoded,,12302,False
A,1354,46587185,encoded,,15370,False
B,1354,46614489,encoded,,16236,False
A,1355,46620536,encoded,,20516,False
B,1355,46647834,encoded,,17537,False
A,1356,46653855,encoded,,18766,False
B,1356,46681170,encoded,,17941,False
A,1357,46687192,encoded,,14454,False
B,1357,46714484,encoded,,17054,False
A,1358,46720537,encoded,,16302,False
B,1358,46747827,encoded,,12205,False
B,1359,46781152,encoded,,14379,False
A,1359,46753857,encoded,,22847,False
B,1360,46814491,encoded,,16240,False
A,1360,46787218,encoded,,15969,False
A,1361,46820525,encoded,,19863,False
B,1361,46847818,encoded,,10304,False
A,1362,46853867,encoded,,12593,False
B,1362,46881171,encoded,,9199,False
A,1363,46887194,encoded,,11284,False
B,1363,46914488,encoded,,21104,False
A,1364,46920527,encoded,,10002,False
B,1364,46947828,encoded,,7007,False
A,1365,46953860,encoded,,9593,False
B,1365,46981156,encoded,,14612,False
A,1366,46987199,encoded,,9057,False
B,1366,47014495,encoded,,12348,False
A,1367,47020534,encoded,,8962,False
B,1367,47047824,encoded,,20031,False
A,1368,47053870,encoded,,8746,False
B,1368,47081167,encoded,,13813,False
A,1369,47120544,encoded,,8524,False
B,1369,47114491,encoded,,12011,False
A,1370,47153876,encoded,,7909,False
B,1370,47147830,encoded,,10929,False
A,1371,47187204,encoded,,7596,False
B,1371,47181167,encoded,,9691,False
A,1372,47220535,encoded,,7201,False
B,1372,47214517,encoded,,8704,False
A,1373,47253874,encoded,,6978,False
B,1373,47247844,encoded,,7970,False
A,1374,47287201,encoded,,6533,False
B,1374,47281186,encoded,,7797,False
A,1375,47320539,encoded,,6899,False
B,1375,47314523,encoded,,7064,False
A,1376,47353881,encoded,,8759,False
B,1376,47347850,encoded,,6642,False
A,1377,47387214,encoded,,16666,False
B,1377,47381186,encoded,,6740,False
A,1378,47420551,encoded,,37860,False
B,1378,47414515,encoded,,7728,False
A,1379,47453872,encoded,,4457,False
B,1379,47447849,encoded,,16667,False
A,1380,47487222,encoded,,12438,False
A,1381,47520546,encoded,,124772,True
B,1380,47514504,encoded,,24539,False
B,1381,47547851,encoded,,123701,True
A,1382,47553880,encoded,,21653,False
B,1382,47581172,encoded,,18555,False
A,1383,47587212,encoded,,9680,False
B,1383,47614510,encoded,,11793,False
A,1384,47620545,encoded,,14601,False
B,1384,47647840,encoded,,16084,False
A,1385,47653877,encoded,,17637,False
B,1385,47681194,encoded,,13843,False
A,1386,47687213,encoded,,23544,False
B,1386,47714514,encoded,,8885,False
A,1387,47720544,encoded,,20595,False
B,1387,47747845,encoded,,21293,False
A,1388,47753888,encoded,,11336,False
B,1388,47781173,encoded,,10675,False
A,1389,47787224,encoded,,8918,False
B,1389,47814526,encoded,,10667,False
A,1390,47820562,encoded,,21048,False
B,1390,47847860,encoded,,15273,False
A,1391,47853882,encoded,,14420,False
B,1391,47881177,encoded,,20487,False
A,1392,47887220,encoded,,18520,False
B,1392,47914521,encoded,,20884,False
A,1393,47920555,encoded,,12532,False
B,1393,47947850,encoded,,9832,False
A,1394,47953908,encoded,,10922,False
B,1394,47981189,encoded,,8504,False
A,1395,47987223,encoded,,9839,False
B,1395,48014518,encoded,,7744,False
A,1396,48020555,encoded,,9115,False
B,1396,48047852,encoded,,7445,False
A,1397,48053889,encoded,,8945,False
B,1397,48081192,encoded,,6362,False
A,1398,48087225,encoded,,8583,False
B,1398,48114527,encoded,,6211,False
A,1399,48120555,encoded,,8043,False
B,1399,48147874,encoded,,6191,False
A,1400,48153887,encoded,,7742,False
B,1400,48181197,encoded,,5959,False
A,1401,48187224,encoded,,7508,False
B,1401,48214536,encoded,,5550,False
A,1402,48220558,encoded,,7610,False
B,1402,48247859,encoded,,11211,False
A,1403,48253900,encoded,,7350,False
B,1403,48281203,encoded,,8312,False
A,1404,48287229,encoded,,7120,False
B,1404,48314519,encoded,,16666,False
A,1405,48320576,encoded,,7497,False
B,1405,48347863,encoded,,16667,False
A,1406,48353908,encoded,,9049,False
B,1406,48381189,encoded,,16667,False
A,1407,48387239,encoded,,17197,False
B,1407,48414536,encoded,,16666,False
A,1408,48420579,encoded,,33365,False
B,1408,48447863,encoded,,16667,False
A,1409,48453898,encoded,,3463,False
B,1409,48481199,encoded,,16667,False
A,1410,48487249,encoded,,12641,False
B,1410,48514526,encoded,,16666,False
A,1411,48520573,encoded,,124570,True
B,1411,48547859,encoded,,123714,True
A,1412,48553910,encoded,,24666,False
B,1412,48581195,encoded,,16435,False
A,1413,48587262,encoded,,7261,False
B,1413,48614528,encoded,,11376,False
A,1414,48653921,encoded,,14735,False
B,1414,48647862,encoded,,10493,False
A,1415,48687254,encoded,,21151,False
B,1415,48681198,encoded,,16311,False
A,1416,48720589,encoded,,17529,False
B,1416,48714529,encoded,,14018,False
A,1417,48753911,encoded,,15588,False
B,1417,48747863,encoded,,21953,False
A,1418,48787241,encoded,,16982,False
B,1418,48781209,encoded,,12838,False
A,1419,48820574,encoded,,9610,False
B,1419,48814548,encoded,,12509,False
A,1420,48853909,encoded,,21948,False
B,1420,48847866,encoded,,14386,False
A,1421,48887247,encoded,,22937,False
B,1421,48881213,encoded,,16089,False
A,1422,48920574,encoded,,3068,False
B,1422,48914549,encoded,,15618,False
A,1423,48953914,encoded,,17216,False
B,1423,48947883,encoded,,18102,False
A,1424,48987243,encoded,,11896,False
B,1424,48981215,encoded,,8524,False
A,1425,49020579,encoded,,11260,False
B,1425,49014567,encoded,,7052,False
A,1426,49053909,encoded,,9725,False
B,1426,49047893,encoded,,6710,False
A,1427,49087256,encoded,,9739,False
B,1427,49081210,encoded,,6070,False
A,1428,49120600,encoded,,8757,False
B,1428,49114545,encoded,,5655,False
A,1429,49153935,encoded,,8333,False
B,1429,49181223,encoded,,6199,False
A,1430,49187280,encoded,,8113,False
B,1430,49214550,encoded,,12728,False
A,1431,49220596,encoded,,7817,False
B,1431,49247882,encoded,,9171,False
A,1432,49253932,encoded,,8116,False
B,1432,49281212,encoded,,7569,False
A,1433,49287259,encoded,,8187,False
B,1433,49314550,encoded,,9814,False
A,1434,49320587,encoded,,7435,False
B,1434,49347884,encoded,,16666,False
A,1435,49353923,encoded,,6990,False
B,1435,49381214,encoded,,26308,False
A,1436,49387254,encoded,,9705,False
B,1436,49414547,encoded,,7026,False
A,1437,49420586,encoded,,16666,False
B,1437,49447880,encoded,,16666,False
A,1438,49453922,encoded,,36507,False
B,1438,49481215,encoded,,16667,False
A,1439,49487255,encoded,,3544,False
B,1439,49514557,encoded,,16667,False
A,1440,49520592,encoded,,10719,False
B,1440,49547888,encoded,,16666,False
A,1441,49553924,encoded,,124793,True
B,1441,49581233,encoded,,123492,True
A,1442,49587264,encoded,,22220,False
B,1442,49614554,encoded,,19581,False
A,1443,49620590,encoded,,9199,False
B,1443,49647897,encoded,,17006,False
A,1444,49653924,encoded,,14859,False
B,1444,49681239,encoded,,13793,False
A,1445,49687258,encoded,,17485,False
B,1445,49714566,encoded,,14869,False
A,1446,49720592,encoded,,22651,False
B,1446,49747907,encoded,,15061,False
A,1447,49753933,encoded,,20206,False
B,1447,49781242,encoded,,23525,False
A,1448,49787261,encoded,,10950,False
B,1448,49814559,encoded,,18714,False
A,1449,49820607,encoded,,9189,False
B,1449,49847897,encoded,,12626,False
A,1450,49853951,encoded,,21914,False
B,1450,49881231,encoded,,11997,False
A,1451,49887273,encoded,,22115,False
B,1451,49914566,encoded,,12312,False
A,1452,49920597,encoded,,2603,False
B,1452,49947915,encoded,,10123,False
A,1453,49953955,encoded,,16748,False
B,1453,49981235,encoded,,16633,False
A,1454,49987274,encoded,,11336,False
B,1454,50014564,encoded,,9662,False
A,1455,50020599,encoded,,10110,False
B,1455,50047902,encoded,,7941,False
A,1456,50053950,encoded,,9684,False
B,1456,50081236,encoded,,7262,False
A,1457,50120647,encoded,,8974,False
B,1457,50114575,encoded,,6408,False
A,1458,50153960,encoded,,8250,False
B,1458,50147903,encoded,,5900,False
A,1459,50187278,encoded,,8446,False
A,1460,50220607,encoded,,8486,False
A,1461,50253939,encoded,,7794,False
B,1459,50181232,encoded,,13496,False
A,1462,50287272,encoded,,6913,False
B,1460,50214568,encoded,,9316,False
A,1463,50320605,encoded,,7647,False
B,1461,50247902,encoded,,8080,False
B,1462,50281237,encoded,,7121,False
A,1464,50353945,encoded,,7503,False
B,1463,50347905,encoded,,7101,False
A,1465,50387276,encoded,,7200,False
B,1464,50381238,encoded,,7981,False
A,1466,50420616,encoded,,15289,False
B,1465,50414572,encoded,,16667,False
A,1467,50453944,encoded,,24396,False
B,1466,50447908,encoded,,32165,False
A,1468,50487281,encoded,,8937,False
B,1467,50481256,encoded,,3408,False
A,1469,50520614,encoded,,16667,False
B,1468,50514600,encoded,,14427,False
A,1470,50553947,encoded,,16666,False
B,1469,50547922,encoded,,16667,False
A,1471,50587284,encoded,,124696,True
B,1470,50581266,encoded,,16666,False
A,1472,50620630,encoded,,17849,False
B,1471,50614577,encoded,,123581,True
A,1473,50653962,encoded,,13162,False
B,1472,50647916,encoded,,12647,False
A,1474,50687300,encoded,,16938,False
B,1473,50681247,encoded,,12003,False
A,1475,50720627,encoded,,26693,False
B,1474,50714584,encoded,,13953,False
A,1476,50753951,encoded,,13504,False
B,1475,50747923,encoded,,15669,False
A,1477,50787287,encoded,,13903,False
B,1476,50781250,encoded,,16261,False
A,1478,50820619,encoded,,14739,False
B,1477,50814588,encoded,,17548,False
A,1479,50853955,encoded,,22933,False
B,1478,50847923,encoded,,11062,False
A,1480,50887306,encoded,,23290,False
B,1479,50881253,encoded,,12560,False
A,1481,50920642,encoded,,2753,False
B,1480,50914582,encoded,,11901,False
A,1482,50953977,encoded,,17194,False
B,1481,50947921,encoded,,17989,False
A,1483,50987310,encoded,,11733,False
B,1482,50981266,encoded,,22840,False
A,1484,51020640,encoded,,10764,False
B,1483,51014585,encoded,,8214,False
A,1485,51053964,encoded,,9361,False
B,1484,51047927,encoded,,7232,False
A,1486,51087301,encoded,,9114,False
B,1485,51081259,encoded,,6487,False
A,1487,51120626,encoded,,9932,False
B,1486,51114591,encoded,,14196,False
A,1488,51153960,encoded,,8755,False
B,1487,51147941,encoded,,9235,False
A,1489,51187295,encoded,,9014,False
B,1488,51181257,encoded,,7644,False
A,1490,51220628,encoded,,8097,False
B,1489,51214590,encoded,,7159,False
A,1491,51253964,encoded,,8708,False
B,1490,51247945,encoded,,6614,False
A,1492,51287300,encoded,,7576,False
B,1491,51281262,encoded,,6036,False
A,1493,51320636,encoded,,7666,False
B,1492,51347932,encoded,,5836,False
A,1494,51353967,encoded,,6804,False
B,1493,51381284,encoded,,16667,False
A,1495,51387301,encoded,,6936,False
B,1494,51414602,encoded,,40115,False
A,1496,51420642,encoded,,11220,False
B,1495,51447956,encoded,,2082,False
A,1497,51453975,encoded,,16666,False
B,1496,51481263,encoded,,7803,False
A,1498,51487313,encoded,,27523,False
B,1497,51514603,encoded,,16666,False
A,1499,51520650,encoded,,5811,False
B,1498,51547934,encoded,,16667,False
A,1500,51553978,encoded,,16666,False
B,1499,51581276,encoded,,16667,False
A,1501,51587304,encoded,,124746,True
B,1500,51614602,encoded,,16666,False
A,1502,51620651,encoded,,20059,False
B,1501,51647933,encoded,,123568,True
A,1503,51654006,encoded,,13710,False
B,1502,51681270,encoded,,13854,False
A,1504,51687326,encoded,,14607,False
B,1503,51714601,encoded,,11658,False
A,1505,51720654,encoded,,20030,False
B,1504,51747941,encoded,,14309,False
A,1506,51753974,encoded,,18588,False
B,1505,51781282,encoded,,15675,False
A,1507,51787311,encoded,,14527,False
B,1506,51814610,encoded,,16769,False
A,1508,51820644,encoded,,16200,False
B,1507,51847944,encoded,,20017,False
A,1509,51853982,encoded,,22881,False
B,1508,51881273,encoded,,15170,False
A,1510,51887310,encoded,,6305,False
B,1509,51914607,encoded,,14187,False
A,1511,51920644,encoded,,16692,False
B,1510,51947941,encoded,,17107,False
A,1512,51953978,encoded,,19014,False
B,1511,51981279,encoded,,21797,False
A,1513,51987314,encoded,,12284,False
B,1512,52014640,encoded,,14710,False
A,1514,52020647,encoded,,11290,False
B,1513,52047946,encoded,,8963,False
A,1515,52053982,encoded,,9915,False
B,1514,52081288,encoded,,8228,False
A,1516,52087315,encoded,,9125,False
B,1515,52114634,encoded,,8197,False
A,1517,52120652,encoded,,8898,False
B,1516,52147962,encoded,,7395,False
A,1518,52153982,encoded,,8823,False
B,1517,52181287,encoded,,6845,False
A,1519,52187326,encoded,,8085,False
B,1518,52214619,encoded,,7267,False
A,1520,52220668,encoded,,7827,False
B,1519,52247950,encoded,,14416,False
A,1521,52253988,encoded,,8009,False
B,1520,52281290,encoded,,6986,False
A,1522,52287324,encoded,,7624,False
B,1521,52314622,encoded,,8478,False
A,1523,52320657,encoded,,7470,False
B,1522,52347957,encoded,,9554,False
A,1524,52353989,encoded,,7777,False
B,1523,52381287,encoded,,9726,False
A,1525,52387324,encoded,,7688,False
B,1524,52414630,encoded,,9503,False
A,1526,52420669,encoded,,11160,False
B,1525,52447953,encoded,,12288,False
A,1527,52454010,encoded,,16666,False
B,1526,52481299,encoded,,16667,False
A,1528,52487329,encoded,,28768,False
B,1527,52514624,encoded,,16666,False
A,1529,52520658,encoded,,4566,False
B,1528,52547964,encoded,,16667,False
A,1530,52554008,encoded,,16666,False
A,1531,52587333,encoded,,124824,True
B,1529,52581293,encoded,,16667,False
A,1532,52653997,encoded,,22784,False
B,1530,52614624,encoded,,16666,False
B,1531,52647957,encoded,,123001,True
A,1533,52687329,encoded,,9310,False
A,1534,52720663,encoded,,14816,False
B,1532,52681295,encoded,,18689,False
B,1533,52714650,encoded,,12598,False
A,1535,52754019,encoded,,19810,False
B,1534,52747969,encoded,,12364,False
A,1536,52787366,encoded,,18533,False
B,1535,52781305,encoded,,15119,False
A,1537,52820680,encoded,,15989,False
B,1536,52814632,encoded,,12380,False
A,1538,52854002,encoded,,15780,False
B,1537,52847981,encoded,,11632,False
A,1539,52887336,encoded,,22624,False
B,1538,52881315,encoded,,23935,False
A,1540,52920670,encoded,,7444,False
B,1539,52914633,encoded,,11104,False
A,1541,52954001,encoded,,6168,False
B,1540,52947968,encoded,,23799,False
A,1542,52987337,encoded,,16715,False
B,1541,52981300,encoded,,21299,False
A,1543,53020671,encoded,,17859,False
B,1542,53014657,encoded,,11269,False
A,1544,53054013,encoded,,12263,False
B,1543,53047980,encoded,,10744,False
A,1545,53087340,encoded,,10453,False
B,1544,53081337,encoded,,10355,False
B,1545,53114649,encoded,,10005,False
A,1546,53120694,encoded,,9878,False
A,1547,53154040,encoded,,8972,False
B,1546,53147979,encoded,,17202,False
A,1548,53187346,encoded,,8663,False
B,1547,53181314,encoded,,13899,False
A,1549,53220698,encoded,,8559,False
B,1548,53247982,encoded,,21822,False
A,1550,53254025,encoded,,8342,False
B,1549,53281330,encoded,,13840,False
A,1551,53287355,encoded,,7911,False
B,1550,53314645,encoded,,12929,False
A,1552,53320688,encoded,,7743,False
B,1551,53347974,encoded,,12045,False
A,1553,53354018,encoded,,7600,False
B,1552,53381307,encoded,,11773,False
A,1554,53387350,encoded,,7291,False
B,1553,53414643,encoded,,11034,False
A,1555,53420683,encoded,,7057,False
B,1554,53447978,encoded,,10960,False
A,1556,53454014,encoded,,15946,False
B,1555,53481324,encoded,,10801,False
A,1557,53487352,encoded,,24474,False
B,1556,53514661,encoded,,11072,False
A,1558,53520687,encoded,,8859,False
B,1557,53547993,encoded,,10917,False
A,1559,53554019,encoded,,16667,False
B,1558,53581318,encoded,,10524,False
A,1560,53587350,encoded,,16666,False
B,1559,53614654,encoded,,10686,False
A,1561,53620684,encoded,,124757,True
B,1560,53648001,encoded,,10890,False
A,1562,53654019,encoded,,8547,False
B,1561,53681323,encoded,,122958,True
A,1563,53687388,encoded,,22016,False
B,1562,53714653,encoded,,13668,False
B,1563,53747993,encoded,,13065,False
A,1564,53720687,encoded,,17213,False
B,1564,53781335,encoded,,17014,False
A,1565,53754024,encoded,,20829,False
B,1565,53814660,encoded,,18467,False
A,1566,53787379,encoded,,18843,False
B,1566,53847991,encoded,,18609,False
A,1567,53820693,encoded,,15292,False
B,1567,53881321,encoded,,12579,False
A,1568,53854029,encoded,,15365,False
A,1569,53887383,encoded,,9678,False
B,1568,53914657,encoded,,10801,False
A,1570,53920696,encoded,,20603,False
B,1569,53947992,encoded,,16261,False
A,1571,53954039,encoded,,22612,False
B,1570,53981325,encoded,,12273,False
A,1572,53987369,encoded,,13591,False
B,1571,54014661,encoded,,16252,False
A,1573,54020694,encoded,,11714,False
B,1572,54047993,encoded,,16288,False
A,1574,54054042,encoded,,10265,False
B,1573,54081328,encoded,,12290,False
A,1575,54087382,encoded,,9563,False
B,1574,54114661,encoded,,10784,False
A,1576,54120711,encoded,,9246,False
B,1575,54147993,encoded,,9942,False
B,1576,54181338,encoded,,20774,False
A,1577,54154041,encoded,,8619,False
A,1578,54187399,encoded,,8192,False
B,1577,54214679,encoded,,15452,False
A,1579,54220710,encoded,,8208,False
B,1578,54247997,encoded,,21626,False
A,1580,54287370,encoded,,7761,False
B,1579,54281346,encoded,,14339,False
A,1581,54320700,encoded,,7714,False
B,1580,54314664,encoded,,12666,False
A,1582,54354038,encoded,,7515,False
B,1581,54348000,encoded,,12288,False
A,1583,54387374,encoded,,7205,False
B,1582,54381341,encoded,,12596,False
A,1584,54420703,encoded,,7337,False
B,1583,54414677,encoded,,12418,False
A,1585,54454038,encoded,,7069,False
B,1584,54448003,encoded,,12191,False
A,1586,54487385,encoded,,13580,False
B,1585,54481343,encoded,,11939,False
A,1587,54520711,encoded,,18154,False
B,1586,54514687,encoded,,11732,False
A,1588,54554055,encoded,,15179,False
B,1587,54548027,encoded,,11242,False
A,1589,54587392,encoded,,16667,False
B,1588,54614704,encoded,,11852,False
A,1590,54620715,encoded,,16666,False
B,1589,54648007,encoded,,8387,False
A,1591,54654055,encoded,,124715,True
B,1590,54681341,encoded,,8157,False
A,1592,54687394,encoded,,16805,False
B,1591,54714674,encoded,,113079,True
A,1593,54720721,encoded,,19887,False
B,1592,54748027,encoded,,15617,False
A,1594,54754055,encoded,,13807,False
B,1593,54781350,encoded,,8748,False
A,1595,54787385,encoded,,26602,False
B,1594,54814680,encoded,,14337,False
A,1596,54820728,encoded,,17309,False
B,1595,54848022,encoded,,16467,False
A,1597,54854056,encoded,,16311,False
B,1596,54881360,encoded,,19444,False
B,1597,54914682,encoded,,15153,False
A,1598,54887389,encoded,,9956,False
A,1599,54920738,encoded,,8647,False
B,1598,54948014,encoded,,18298,False
A,1600,54954070,encoded,,20549,False
B,1599,54981368,encoded,,14515,False
A,1601,54987386,encoded,,21807,False
B,1600,55014696,encoded,,13230,False
A,1602,55020748,encoded,,13308,False
B,1601,55048016,encoded,,14044,False
A,1603,55054071,encoded,,11630,False
B,1602,55081355,encoded,,9558,False
A,1604,55087387,encoded,,10571,False
B,1603,55114697,encoded,,8700,False
B,1604,55148020,encoded,,8432,False
A,1605,55120721,encoded,,9990,False
B,1605,55181359,encoded,,7854,False
A,1606,55154059,encoded,,9208,False
B,1606,55214686,encoded,,7461,False
A,1607,55187392,encoded,,8390,False
A,1608,55220719,encoded,,8528,False
B,1607,55248025,encoded,,18687,False
A,1609,55254057,encoded,,8287,False
B,1608,55281364,encoded,,22529,False
A,1610,55287394,encoded,,7523,False
B,1609,55314694,encoded,,5015,False
A,1611,55320725,encoded,,7503,False
A,1612,55354058,encoded,,7402,False
B,1610,55348027,encoded,,18412,False
A,1613,55387394,encoded,,7060,False
B,1611,55381366,encoded,,13233,False
B,1612,55414697,encoded,,10952,False
A,1614,55420729,encoded,,6992,False
A,1615,55454062,encoded,,7207,False
B,1613,55448035,encoded,,9714,False
B,1614,55481369,encoded,,9414,False
A,1616,55487401,encoded,,13340,False
B,1615,55514709,encoded,,9009,False
A,1617,55520731,encoded,,18201,False
B,1616,55548043,encoded,,8678,False
A,1618,55554068,encoded,,15132,False
B,1617,55581362,encoded,,7659,False
A,1619,55587417,encoded,,16667,False
B,1618,55614696,encoded,,7256,False
A,1620,55620746,encoded,,16666,False
B,1619,55648030,encoded,,7774,False
A,1621,55654082,encoded,,125058,True
B,1620,55681369,encoded,,9134,False
A,1622,55687424,encoded,,21154,False
B,1621,55714703,encoded,,123467,True
A,1623,55720745,encoded,,10830,False
B,1622,55748037,encoded,,19045,False
A,1624,55787410,encoded,,15964,False
B,1623,55781370,encoded,,10850,False
A,1625,55820752,encoded,,18332,False
B,1624,55814702,encoded,,17600,False
A,1626,55854069,encoded,,18391,False
B,1625,55848039,encoded,,16646,False
A,1627,55887406,encoded,,15127,False
B,1626,55881372,encoded,,24344,False
A,1628,55920741,encoded,,16494,False
B,1627,55914714,encoded,,19603,False
A,1629,55954074,encoded,,9712,False
B,1628,55948045,encoded,,10547,False
A,1630,55987406,encoded,,22102,False
B,1629,55981384,encoded,,9167,False
A,1631,56020744,encoded,,22013,False
B,1630,56014708,encoded,,9042,False
A,1632,56054075,encoded,,13845,False
B,1631,56048043,encoded,,8572,False
A,1633,56087409,encoded,,11893,False
B,1632,56081391,encoded,,8515,False
A,1634,56120747,encoded,,10692,False
B,1633,56114724,encoded,,8970,False
A,1635,56154081,encoded,,9573,False
B,1634,56148057,encoded,,8779,False
A,1636,56187418,encoded,,8990,False
B,1635,56181386,encoded,,9630,False
A,1637,56220746,encoded,,9897,False
B,1636,56248058,encoded,,12132,False
A,1638,56254085,encoded,,9033,False
B,1637,56281386,encoded,,10186,False
A,1639,56287431,encoded,,8263,False
B,1638,56314719,encoded,,10837,False
A,1640,56320774,encoded,,8056,False
B,1639,56348058,encoded,,10929,False
A,1641,56354101,encoded,,7954,False
B,1640,56381383,encoded,,10395,False
A,1642,56387418,encoded,,7718,False
B,1641,56414724,encoded,,10437,False
A,1643,56420765,encoded,,8107,False
B,1642,56448050,encoded,,22448,False
A,1644,56454102,encoded,,7447,False
B,1643,56481384,encoded,,9191,False
A,1645,56487420,encoded,,7268,False
B,1644,56514720,encoded,,10111,False
A,1646,56520756,encoded,,9421,False
B,1645,56548057,encoded,,25685,False
B,1646,56581399,encoded,,8562,False
A,1647,56554088,encoded,,16758,False
A,1648,56587422,encoded,,33741,False
B,1647,56614720,encoded,,9605,False
A,1649,56620755,encoded,,3750,False
B,1648,56648067,encoded,,21318,False
A,1650,56654088,encoded,,12417,False
B,1649,56681406,encoded,,8460,False
A,1651,56687420,encoded,,124878,True
B,1650,56714729,encoded,,14927,False
A,1652,56720763,encoded,,21734,False
B,1651,56748064,encoded,,123137,True
A,1653,56754093,encoded,,9580,False
B,1652,56781399,encoded,,21568,False
A,1654,56787432,encoded,,14541,False
B,1653,56814739,encoded,,13587,False
A,1655,56820760,encoded,,21190,False
B,1654,56848068,encoded,,13381,False
A,1656,56854097,encoded,,17370,False
B,1655,56881414,encoded,,18001,False
A,1657,56887436,encoded,,15905,False
B,1656,56914748,encoded,,20020,False
A,1658,56920763,encoded,,18090,False
B,1657,56948081,encoded,,17681,False
A,1659,56954097,encoded,,10058,False
B,1658,56981399,encoded,,18623,False
A,1660,56987443,encoded,,21972,False
B,1659,57014731,encoded,,14772,False
A,1661,57020776,encoded,,15055,False
B,1660,57048068,encoded,,17000,False
A,1662,57054108,encoded,,5167,False
B,1661,57081397,encoded,,12234,False
A,1663,57087454,encoded,,5208,False
B,1662,57114732,encoded,,10576,False
A,1664,57120790,encoded,,20421,False
B,1663,57148072,encoded,,9535,False
A,1665,57154149,encoded,,12423,False
B,1664,57181407,encoded,,8633,False
A,1666,57220767,encoded,,10552,False
B,1665,57214739,encoded,,8286,False
A,1667,57254102,encoded,,10297,False
B,1666,57248070,encoded,,8292,False
A,1668,57287438,encoded,,9116,False
B,1667,57281404,encoded,,8312,False
A,1669,57320772,encoded,,8610,False
B,1668,57314745,encoded,,19572,False
B,1669,57348072,encoded,,23060,False
A,1670,57354105,encoded,,9160,False
B,1670,57381412,encoded,,4868,False
A,1671,57387441,encoded,,7951,False
A,1672,57420777,encoded,,7741,False
B,1671,57414750,encoded,,17865,False
A,1673,57454111,encoded,,7437,False
B,1672,57448091,encoded,,13583,False
A,1674,57487445,encoded,,7511,False
B,1673,57481433,encoded,,13055,False
A,1675,57520779,encoded,,6918,False
B,1674,57514766,encoded,,12435,False
A,1676,57554118,encoded,,14449,False
B,1675,57548110,encoded,,11676,False
A,1677,57587460,encoded,,19556,False
B,1676,57614749,encoded,,12425,False
A,1678,57620786,encoded,,13777,False
B,1677,57648080,encoded,,10019,False
A,1679,57654128,encoded,,16667,False
B,1678,57681412,encoded,,10676,False
A,1680,57687451,encoded,,16666,False
B,1679,57714747,encoded,,10346,False
A,1681,57720792,encoded,,124728,True
B,1680,57748083,encoded,,10893,False
A,1682,57754117,encoded,,8430,False
B,1681,57781419,encoded,,113283,True
A,1683,57787456,encoded,,26658,False
B,1682,57814759,encoded,,17961,False
B,1683,57848100,encoded,,13292,False
A,1684,57820787,encoded,,22538,False
B,1684,57881420,encoded,,22640,False
A,1685,57854123,encoded,,13744,False
B,1685,57914751,encoded,,18657,False
A,1686,57887452,encoded,,20620,False
B,1686,57948101,encoded,,12770,False
A,1687,57920794,encoded,,18319,False
B,1687,57981425,encoded,,23056,False
A,1688,57954130,encoded,,10938,False
B,1688,58014760,encoded,,14616,False
A,1689,58020787,encoded,,9304,False
B,1689,58048111,encoded,,16054,False
A,1690,58054120,encoded,,21392,False
B,1690,58081421,encoded,,12684,False
A,1691,58087458,encoded,,21910,False
B,1691,58114756,encoded,,16246,False
A,1692,58120793,encoded,,2778,False
B,1692,58148094,encoded,,11225,False
A,1693,58154125,encoded,,16805,False
B,1693,58181431,encoded,,10336,False
A,1694,58187459,encoded,,11798,False
B,1694,58214759,encoded,,9621,False
A,1695,58220798,encoded,,10084,False
B,1695,58248102,encoded,,8842,False
A,1696,58254136,encoded,,9228,False
B,1696,58281428,encoded,,9082,False
A,1697,58287468,encoded,,8751,False
B,1697,58314773,encoded,,8378,False
A,1698,58320798,encoded,,8420,False
B,1698,58348101,encoded,,8083,False
A,1699,58354137,encoded,,7927,False
B,1699,58381440,encoded,,8062,False
A,1700,58387468,encoded,,7992,False
B,1700,58414781,encoded,,18590,False
A,1701,58420798,encoded,,8009,False
B,1701,58448102,encoded,,22448,False
A,1702,58454161,encoded,,7999,False
B,1702,58481438,encoded,,14091,False
A,1703,58487479,encoded,,7691,False
B,1703,58514769,encoded,,11672,False
A,1704,58520798,encoded,,7277,False
B,1704,58548100,encoded,,9900,False
A,1705,58554132,encoded,,7643,False
B,1705,58581434,encoded,,9744,False
A,1706,58587466,encoded,,12351,False
B,1706,58614774,encoded,,10390,False
A,1707,58620807,encoded,,16666,False
B,1707,58648104,encoded,,10068,False
A,1708,58654135,encoded,,18370,False
B,1708,58681437,encoded,,9812,False
A,1709,58687471,encoded,,14964,False
B,1709,58714773,encoded,,10128,False
A,1710,58720810,encoded,,16666,False
B,1710,58748105,encoded,,9895,False
A,1711,58754140,encoded,,124816,True
B,1711,58781443,encoded,,123951,True
A,1712,58787473,encoded,,26684,False
B,1712,58814775,encoded,,13284,False
B,1713,58848126,encoded,,11663,False
A,1713,58820805,encoded,,7210,False
A,1714,58854140,encoded,,14396,False
B,1714,58881457,encoded,,16549,False
A,1715,58887475,encoded,,19154,False
B,1715,58914777,encoded,,18144,False
A,1716,58920815,encoded,,18593,False
B,1716,58948116,encoded,,11843,False
A,1717,58954145,encoded,,15069,False
B,1717,58981444,encoded,,17157,False
A,1718,58987476,encoded,,17005,False
B,1718,59014791,encoded,,13365,False
A,1719,59020838,encoded,,9803,False
B,1719,59048119,encoded,,11608,False
A,1720,59054167,encoded,,21313,False
B,1720,59081468,encoded,,15470,False
A,1721,59087479,encoded,,22271,False
B,1721,59114787,encoded,,17456,False
A,1722,59120825,encoded,,3499,False
B,1722,59148133,encoded,,16568,False
A,1723,59154163,encoded,,17363,False
B,1723,59181460,encoded,,11902,False
A,1724,59187492,encoded,,11677,False
B,1724,59214782,encoded,,10669,False
A,1725,59220835,encoded,,10555,False
B,1725,59248122,encoded,,9648,False
A,1726,59254154,encoded,,9227,False
B,1726,59281457,encoded,,9460,False
A,1727,59320822,encoded,,9548,False
B,1727,59314791,encoded,,8863,False
A,1728,59354161,encoded,,8762,False
B,1728,59348122,encoded,,8063,False
A,1729,59387489,encoded,,8285,False
B,1729,59381464,encoded,,7283,False
A,1730,59420822,encoded,,7814,False
B,1730,59414800,encoded,,20721,False
A,1731,59454155,encoded,,7891,False
B,1731,59448130,encoded,,19366,False
A,1732,59487487,encoded,,8002,False
B,1732,59481463,encoded,,12469,False
A,1733,59520824,encoded,,7349,False
B,1733,59514802,encoded,,10189,False
A,1734,59554162,encoded,,7125,False
B,1734,59548146,encoded,,8511,False
A,1735,59587506,encoded,,7450,False
B,1735,59581474,encoded,,8192,False
A,1736,59620843,encoded,,12473,False
B,1736,59614812,encoded,,8724,False
A,1737,59654159,encoded,,16666,False
B,1737,59648140,encoded,,8790,False
A,1738,59687505,encoded,,16667,False
B,1738,59681486,encoded,,11022,False
A,1739,59720842,encoded,,16667,False
A,1740,59754164,encoded,,16666,False
B,1739,59748138,encoded,,16667,False
A,1741,59787505,encoded,,124680,True
B,1740,59781467,encoded,,16666,False
A,1742,59820833,encoded,,20247,False
B,1741,59814807,encoded,,123308,True
A,1743,59854163,encoded,,17295,False
B,1742,59848138,encoded,,22401,False
A,1744,59887497,encoded,,20930,False
B,1743,59881472,encoded,,11137,False
A,1745,59920831,encoded,,24139,False
B,1744,59914809,encoded,,11877,False
A,1746,59954164,encoded,,21027,False
B,1745,59948136,encoded,,15120,False
A,1747,59987502,encoded,,11589,False
B,1746,59981468,encoded,,10561,False
A,1748,60020834,encoded,,9098,False
B,1747,60014804,encoded,,15727,False
A,1749,60054169,encoded,,20930,False
B,1748,60048145,encoded,,12295,False
B,1749,60081491,encoded,,15899,False
A,1750,60087501,encoded,,12849,False
B,1750,60114824,encoded,,21489,False
A,1751,60120836,encoded,,12313,False
B,1751,60148145,encoded,,11453,False
A,1752,60154173,encoded,,17311,False
B,1752,60181475,encoded,,9527,False
A,1753,60187509,encoded,,12442,False
B,1753,60214817,encoded,,9370,False
A,1754,60220843,encoded,,10718,False
B,1754,60248158,encoded,,8114,False
A,1755,60254177,encoded,,9591,False
B,1755,60281501,encoded,,7368,False
A,1756,60287518,encoded,,10178,False
B,1756,60314813,encoded,,18836,False
A,1757,60320856,encoded,,8785,False
B,1757,60348161,encoded,,22412,False
A,1758,60354179,encoded,,8311,False
B,1758,60381497,encoded,,12740,False
A,1759,60387535,encoded,,7934,False
B,1759,60414813,encoded,,10935,False
B,1760,60448150,encoded,,10502,False
