camera,sequence,pts_us,status,drop_reason,encoded_bytes,keyframe
A,0,295978,dropped,camera_frame_error,,
B,0,559245,dropped,camera_frame_error,,
A,1,329318,encoded,,65997,True
A,2,562650,encoded,,909,False
B,1,592583,encoded,,77719,True
A,3,595988,encoded,,1610,False
B,2,625935,encoded,,70,False
A,4,629337,encoded,,13365,False
B,3,659260,encoded,,1762,False
A,5,662656,encoded,,57943,False
B,4,692589,encoded,,51463,False
A,6,695994,encoded,,436,False
B,5,725922,encoded,,1890,False
A,7,729324,encoded,,6979,False
B,6,759264,encoded,,9122,False
A,8,762660,encoded,,16792,False
B,7,792623,encoded,,22259,False
A,9,796003,encoded,,15788,False
B,8,825966,encoded,,12702,False
A,10,829331,encoded,,4080,False
B,9,859254,encoded,,3339,False
A,11,862670,encoded,,10018,False
B,10,892594,encoded,,19546,False
A,12,895998,encoded,,14757,False
B,11,925937,encoded,,18875,False
A,13,929345,encoded,,4570,False
B,12,959261,encoded,,4163,False
A,14,962665,encoded,,19096,False
B,13,992590,encoded,,3042,False
A,15,996000,encoded,,6072,False
B,14,1025928,encoded,,11420,False
A,16,1029331,encoded,,4484,False
B,15,1059263,encoded,,4825,False
A,17,1062665,encoded,,16131,False
B,16,1092602,encoded,,17367,False
A,18,1096009,encoded,,27140,False
B,17,1125939,encoded,,4443,False
A,19,1129335,encoded,,6193,False
B,18,1159266,encoded,,11686,False
A,20,1162675,encoded,,16667,False
B,19,1192602,encoded,,16667,False
A,21,1196014,encoded,,16666,False
B,20,1225943,encoded,,23551,False
A,22,1229337,encoded,,16667,False
B,21,1259292,encoded,,9782,False
A,23,1262672,encoded,,16667,False
B,22,1292616,encoded,,16667,False
A,24,1296014,encoded,,16666,False
B,23,1325943,encoded,,16667,False
A,25,1329336,encoded,,16667,False
B,24,1359273,encoded,,16666,False
A,26,1396011,encoded,,16667,False
B,25,1392601,encoded,,16667,False
A,27,1429348,encoded,,16666,False
B,26,1425946,encoded,,16667,False
A,28,1462699,encoded,,16667,False
B,27,1492608,encoded,,16666,False
A,29,1496009,encoded,,16667,False
B,28,1525965,encoded,,16667,False
A,30,1529371,encoded,,16666,False
B,29,1559280,encoded,,16667,False
A,31,1562682,encoded,,115313,True
B,30,1592624,encoded,,16666,False
A,32,1629352,encoded,,22907,False
B,31,1625951,encoded,,123800,True
A,33,1662680,encoded,,489,False
B,32,1692619,encoded,,16519,False
A,34,1696022,encoded,,3463,False
B,33,1725950,encoded,,1057,False
A,35,1729361,encoded,,7343,False
B,34,1759289,encoded,,4047,False
A,36,1762695,encoded,,11005,False
B,35,1792613,encoded,,10598,False
A,37,1829350,encoded,,4820,False
B,36,1825945,encoded,,19398,False
A,38,1862684,encoded,,4132,False
B,37,1859291,encoded,,5771,False
A,39,1896027,encoded,,20854,False
B,38,1892629,encoded,,4400,False
A,40,1929360,encoded,,921,False
B,39,1959295,encoded,,17197,False
A,41,1962692,encoded,,10468,False
B,40,1992631,encoded,,7303,False
A,42,1996026,encoded,,6583,False
B,41,2025965,encoded,,5502,False
A,43,2029373,encoded,,8369,False
B,42,2059293,encoded,,4773,False
A,44,2096025,encoded,,16667,False
B,43,2092618,encoded,,4269,False
A,45,2129361,encoded,,29470,False
B,44,2125961,encoded,,8700,False
A,46,2162703,encoded,,3863,False
B,45,2192625,encoded,,16666,False
A,47,2196028,encoded,,16667,False
B,46,2225970,encoded,,28775,False
A,48,2229361,encoded,,16666,False
B,47,2259302,encoded,,4559,False
A,49,2262699,encoded,,16667,False
B,48,2292628,encoded,,16666,False
A,50,2296037,encoded,,16667,False
B,49,2325966,encoded,,16667,False
A,51,2362705,encoded,,16666,False
B,50,2359303,encoded,,16667,False
A,52,2396033,encoded,,16667,False
B,51,2392637,encoded,,16666,False
A,53,2429368,encoded,,16667,False
B,52,2459297,encoded,,16667,False
A,54,2462710,encoded,,16666,False
B,53,2492650,encoded,,16667,False
A,55,2496065,encoded,,16667,False
B,54,2525968,encoded,,16666,False
A,56,2529377,encoded,,16667,False
B,55,2559300,encoded,,16667,False
A,57,2596038,encoded,,16666,False
B,56,2592638,encoded,,16667,False
A,58,2629380,encoded,,16667,False
B,57,2659302,encoded,,16666,False
A,59,2662705,encoded,,16667,False
B,58,2692648,encoded,,16667,False
A,60,2696043,encoded,,16666,False
B,59,2725970,encoded,,16667,False
A,61,2729382,encoded,,115360,True
B,60,2759314,encoded,,16666,False
A,62,2762709,encoded,,23745,False
B,61,2792638,encoded,,123790,True
A,63,2829403,encoded,,9117,False
B,62,2825978,encoded,,20271,False
A,64,2862720,encoded,,10112,False
B,63,2892644,encoded,,10096,False
A,65,2896051,encoded,,14932,False
B,64,2925986,encoded,,10326,False
A,66,2929396,encoded,,14964,False
B,65,2959316,encoded,,12767,False
A,67,2962718,encoded,,8075,False
B,66,2992644,encoded,,14256,False
A,68,2996050,encoded,,13887,False
B,67,3025987,encoded,,17112,False
A,69,3062720,encoded,,8352,False
B,68,3059319,encoded,,18230,False
A,70,3096057,encoded,,7296,False
B,69,3092661,encoded,,7826,False
A,71,3129405,encoded,,6435,False
B,70,3159323,encoded,,6824,False
A,72,3162716,encoded,,5545,False
B,71,3192649,encoded,,5704,False
A,73,3196063,encoded,,4898,False
B,72,3225984,encoded,,5044,False
A,74,3262719,encoded,,19545,False
B,73,3259325,encoded,,4326,False
A,75,3296058,encoded,,10094,False
B,74,3292665,encoded,,19796,False
A,76,3329397,encoded,,8879,False
B,75,3325992,encoded,,17906,False
A,77,3362736,encoded,,7514,False
B,76,3392665,encoded,,1334,False
A,78,3396060,encoded,,11250,False
B,77,3426008,encoded,,12328,False
A,79,3429403,encoded,,16667,False
B,78,3459337,encoded,,8207,False
A,80,3462726,encoded,,30863,False
B,79,3492670,encoded,,7214,False
A,81,3529404,encoded,,4025,False
B,80,3525991,encoded,,9977,False
A,82,3562729,encoded,,15112,False
B,81,3559343,encoded,,16666,False
A,83,3596069,encoded,,16667,False
B,82,3626014,encoded,,26328,False
A,84,3629413,encoded,,16666,False
B,83,3659347,encoded,,7006,False
A,85,3662765,encoded,,16667,False
B,84,3692668,encoded,,16666,False
A,86,3729399,encoded,,16667,False
B,85,3725997,encoded,,16667,False
A,87,3762733,encoded,,16666,False
B,86,3792665,encoded,,16667,False
A,88,3796068,encoded,,16667,False
B,87,3826008,encoded,,16666,False
A,89,3829400,encoded,,16667,False
B,88,3859345,encoded,,16667,False
A,90,3862749,encoded,,16666,False
B,89,3892668,encoded,,16667,False
A,91,3896085,encoded,,124481,True
B,90,3926003,encoded,,16666,False
A,92,3962741,encoded,,25904,False
B,91,3959341,encoded,,123690,True
A,93,3996082,encoded,,4050,False
B,92,3992676,encoded,,20084,False
A,94,4029409,encoded,,12181,False
B,93,4059343,encoded,,10645,False
A,95,4062746,encoded,,15997,False
B,94,4092681,encoded,,18171,False
A,96,4096081,encoded,,15094,False
B,95,4126005,encoded,,20784,False
A,97,4129418,encoded,,8931,False
B,96,4159342,encoded,,16726,False
A,98,4196077,encoded,,24958,False
B,97,4192673,encoded,,15317,False
A,99,4229426,encoded,,2832,False
B,98,4226020,encoded,,8247,False
A,100,4262754,encoded,,13776,False
B,99,4259353,encoded,,6838,False
A,101,4296079,encoded,,8833,False
B,100,4326022,encoded,,20613,False
A,102,4329412,encoded,,8534,False
B,101,4359354,encoded,,11509,False
A,103,4362757,encoded,,6854,False
B,102,4392687,encoded,,18369,False
A,104,4396096,encoded,,6511,False
B,103,4426027,encoded,,9970,False
A,105,4462751,encoded,,6250,False
B,104,4459362,encoded,,8586,False
A,106,4496087,encoded,,5949,False
B,105,4492698,encoded,,7723,False
A,107,4529435,encoded,,5652,False
B,106,4526020,encoded,,7120,False
A,108,4562751,encoded,,5010,False
B,107,4592695,encoded,,6709,False
A,109,4596089,encoded,,21949,False
B,108,4626022,encoded,,5776,False
B,109,4659353,encoded,,5205,False
A,110,4629427,encoded,,37631,False
A,111,4696089,encoded,,1696,False
B,110,4692707,encoded,,5261,False
A,112,4729435,encoded,,10106,False
B,111,4726039,encoded,,4776,False
A,113,4762756,encoded,,10155,False
B,112,4792687,encoded,,14600,False
A,114,4796103,encoded,,16666,False
B,113,4826022,encoded,,20044,False
A,115,4829433,encoded,,16667,False
B,114,4859373,encoded,,13237,False
A,116,4862761,encoded,,16667,False
B,115,4892710,encoded,,16667,False
A,117,4929461,encoded,,16666,False
B,116,4926041,encoded,,16667,False
A,118,4962788,encoded,,16667,False
B,117,4992703,encoded,,16666,False
A,119,4996095,encoded,,16667,False
B,118,5026050,encoded,,16667,False
A,120,5029434,encoded,,16666,False
B,119,5059363,encoded,,16667,False
A,121,5062778,encoded,,124528,True
B,120,5092696,encoded,,16666,False
A,122,5129449,encoded,,26399,False
B,121,5126040,encoded,,123563,True
A,123,5162781,encoded,,9537,False
B,122,5159374,encoded,,19673,False
A,124,5196118,encoded,,17887,False
B,123,5226038,encoded,,10261,False
A,125,5229440,encoded,,15577,False
B,124,5259383,encoded,,15921,False
A,126,5262769,encoded,,8907,False
B,125,5292709,encoded,,13552,False
A,127,5296115,encoded,,18261,False
B,126,5326043,encoded,,15496,False
A,128,5362774,encoded,,16630,False
B,127,5359371,encoded,,23035,False
A,129,5396118,encoded,,10089,False
B,128,5392718,encoded,,18027,False
A,130,5429457,encoded,,8633,False
B,129,5426039,encoded,,17998,False
A,131,5462782,encoded,,7610,False
B,130,5492721,encoded,,11061,False
A,132,5496113,encoded,,6822,False
B,131,5526041,encoded,,19436,False
A,133,5529463,encoded,,6344,False
B,132,5559376,encoded,,9287,False
A,134,5596117,encoded,,6133,False
B,133,5592729,encoded,,7781,False
A,135,5629452,encoded,,5894,False
B,134,5626069,encoded,,6710,False
A,136,5662783,encoded,,25206,False
B,135,5692716,encoded,,6156,False
A,137,5696116,encoded,,2958,False
B,136,5726053,encoded,,5819,False
A,138,5729455,encoded,,16216,False
B,137,5759384,encoded,,5399,False
A,139,5762806,encoded,,11583,False
B,138,5792722,encoded,,5285,False
A,140,5829452,encoded,,10143,False
B,139,5826054,encoded,,12405,False
A,141,5862790,encoded,,9954,False
B,140,5859390,encoded,,8555,False
B,141,5926051,encoded,,7451,False
A,142,5896127,encoded,,8826,False
A,143,5929453,encoded,,9197,False
B,142,5959384,encoded,,6551,False
A,144,5962789,encoded,,16666,False
B,143,5992724,encoded,,13912,False
A,145,5996124,encoded,,21834,False
B,144,6026080,encoded,,25236,False
A,146,6062793,encoded,,11500,False
B,145,6059396,encoded,,12831,False
A,147,6096131,encoded,,16666,False
B,146,6092727,encoded,,11933,False
A,148,6129468,encoded,,16667,False
B,147,6159413,encoded,,16666,False
A,149,6162794,encoded,,16667,False
B,148,6192740,encoded,,16667,False
A,150,6196126,encoded,,16666,False
B,149,6226075,encoded,,16667,False
A,151,6229484,encoded,,124523,True
B,150,6259433,encoded,,16666,False
A,152,6296127,encoded,,15558,False
B,151,6292730,encoded,,123678,True
A,153,6329482,encoded,,13143,False
B,152,6359397,encoded,,19374,False
A,154,6362811,encoded,,15790,False
B,153,6392744,encoded,,16047,False
A,155,6396151,encoded,,23209,False
B,154,6426080,encoded,,15648,False
A,156,6429480,encoded,,21428,False
B,155,6459404,encoded,,19339,False
A,157,6462806,encoded,,18717,False
B,156,6492736,encoded,,16576,False
A,158,6529476,encoded,,10859,False
B,157,6526088,encoded,,22801,False
A,159,6562826,encoded,,9253,False
B,158,6559424,encoded,,18032,False
A,160,6596144,encoded,,8046,False
B,159,6626075,encoded,,11462,False
A,161,6629469,encoded,,7041,False
B,160,6659408,encoded,,9652,False
A,162,6662821,encoded,,6754,False
B,161,6692741,encoded,,18825,False
A,163,6696141,encoded,,21384,False
B,162,6726086,encoded,,9614,False
A,164,6762814,encoded,,3572,False
B,163,6759407,encoded,,8056,False
A,165,6796157,encoded,,19257,False
B,164,6826075,encoded,,7176,False
A,166,6829476,encoded,,12295,False
B,165,6859419,encoded,,6524,False
A,167,6862810,encoded,,10646,False
B,166,6892758,encoded,,6071,False
A,168,6896161,encoded,,9949,False
B,167,6926078,encoded,,5970,False
A,169,6962819,encoded,,9311,False
B,168,6959416,encoded,,13397,False
A,170,6996147,encoded,,8981,False
B,169,6992766,encoded,,9156,False
A,171,7029479,encoded,,8797,False
B,170,7059419,encoded,,8579,False
A,172,7062814,encoded,,7950,False
B,171,7092769,encoded,,7517,False
A,173,7096155,encoded,,7898,False
B,172,7126081,encoded,,6955,False
A,174,7129493,encoded,,7905,False
B,173,7159420,encoded,,6112,False
A,175,7196153,encoded,,14401,False
B,174,7192752,encoded,,13439,False
A,176,7229489,encoded,,20525,False
B,175,7226092,encoded,,24034,False
A,177,7262827,encoded,,12808,False
B,176,7292752,encoded,,12961,False
A,178,7296153,encoded,,16667,False
B,177,7326090,encoded,,13005,False
A,179,7329498,encoded,,16667,False
B,178,7359422,encoded,,16667,False
A,180,7362827,encoded,,16666,False
B,179,7392753,encoded,,16667,False
A,181,7396157,encoded,,124605,True
B,180,7426098,encoded,,16666,False
A,182,7462827,encoded,,18313,False
B,181,7492759,encoded,,123749,True
A,183,7496159,encoded,,13273,False
B,182,7526099,encoded,,14700,False
A,184,7529493,encoded,,16889,False
B,183,7559446,encoded,,18966,False
A,185,7562826,encoded,,17153,False
B,184,7592766,encoded,,14228,False
A,186,7596164,encoded,,23157,False
B,185,7626095,encoded,,22424,False
A,187,7629505,encoded,,19203,False
B,186,7659431,encoded,,24629,False
A,188,7696164,encoded,,10636,False
B,187,7692765,encoded,,17608,False
A,189,7729498,encoded,,9086,False
B,188,7726104,encoded,,12136,False
A,190,7762834,encoded,,7681,False
B,189,7792772,encoded,,12427,False
A,191,7796179,encoded,,6861,False
B,190,7826110,encoded,,11257,False
A,192,7829513,encoded,,19141,False
B,191,7859437,encoded,,9899,False
A,193,7896169,encoded,,19410,False
B,192,7892777,encoded,,16085,False
A,194,7929504,encoded,,12536,False
B,193,7926111,encoded,,8606,False
A,195,7962844,encoded,,11090,False
B,194,7992787,encoded,,7195,False
A,196,7996173,encoded,,10520,False
B,195,8026113,encoded,,6469,False
A,197,8029506,encoded,,9349,False
B,196,8059440,encoded,,14326,False
A,198,8062843,encoded,,10491,False
B,197,8092774,encoded,,9177,False
A,199,8096197,encoded,,8864,False
B,198,8126113,encoded,,7940,False
A,200,8162858,encoded,,8277,False
B,199,8159447,encoded,,7036,False
A,201,8196190,encoded,,8524,False
B,200,8226111,encoded,,6403,False
A,202,8229510,encoded,,7815,False
B,201,8259458,encoded,,6119,False
A,203,8262846,encoded,,7900,False
B,202,8292783,encoded,,5412,False
A,204,8329516,encoded,,7571,False
B,203,8326116,encoded,,6543,False
A,205,8362853,encoded,,8322,False
B,204,8359459,encoded,,16666,False
A,206,8396188,encoded,,16667,False
B,205,8392793,encoded,,30830,False
A,207,8429520,encoded,,29425,False
B,206,8459456,encoded,,2881,False
A,208,8462863,encoded,,4832,False
B,207,8492795,encoded,,16289,False
A,209,8496201,encoded,,15743,False
B,208,8526138,encoded,,16667,False
A,210,8529533,encoded,,16666,False
B,209,8559451,encoded,,16667,False
A,211,8562859,encoded,,124797,True
B,210,8592786,encoded,,16666,False
A,212,8629524,encoded,,9480,False
B,211,8659462,encoded,,123694,True
A,213,8662862,encoded,,13836,False
B,212,8692805,encoded,,16919,False
A,214,8696187,encoded,,26400,False
B,213,8726130,encoded,,18074,False
A,215,8729520,encoded,,20386,False
B,214,8759467,encoded,,20087,False
A,216,8762861,encoded,,21989,False
B,215,8792789,encoded,,17422,False
A,217,8829526,encoded,,17216,False
B,216,8826127,encoded,,22031,False
A,218,8862861,encoded,,10770,False
B,217,8859458,encoded,,17379,False
A,219,8896193,encoded,,9754,False
B,218,8926138,encoded,,12276,False
A,220,8929528,encoded,,7678,False
B,219,8959472,encoded,,13294,False
A,221,8962868,encoded,,7623,False
B,220,8992810,encoded,,11104,False
A,222,8996206,encoded,,19996,False
B,221,9026131,encoded,,15504,False
A,223,9062865,encoded,,20408,False
B,222,9059476,encoded,,8328,False
A,224,9096204,encoded,,12859,False
B,223,9092797,encoded,,6843,False
A,225,9129535,encoded,,12017,False
B,224,9159482,encoded,,15673,False
A,226,9162867,encoded,,10269,False
B,225,9192818,encoded,,4023,False
A,227,9196204,encoded,,9688,False
B,226,9226141,encoded,,10970,False
A,228,9229552,encoded,,9041,False
B,227,9259471,encoded,,8106,False
A,229,9296205,encoded,,8942,False
B,228,9292812,encoded,,7101,False
A,230,9329542,encoded,,8334,False
B,229,9326146,encoded,,6340,False
A,231,9362879,encoded,,7978,False
B,230,9392820,encoded,,6152,False
A,232,9396214,encoded,,7894,False
B,231,9426156,encoded,,6350,False
A,233,9429552,encoded,,8044,False
B,232,9459486,encoded,,5208,False
A,234,9462883,encoded,,7589,False
B,233,9492820,encoded,,10456,False
A,235,9529560,encoded,,7847,False
B,234,9526144,encoded,,16666,False
A,236,9562877,encoded,,12499,False
B,235,9559497,encoded,,38726,False
A,237,9596218,encoded,,16666,False
B,236,9592816,encoded,,1844,False
A,238,9629550,encoded,,18917,False
B,237,9659489,encoded,,9430,False
A,239,9662885,encoded,,14417,False
B,238,9692811,encoded,,16667,False
A,240,9729550,encoded,,16666,False
B,239,9726169,encoded,,16667,False
A,241,9762892,encoded,,124381,True
B,240,9759486,encoded,,16666,False
A,242,9796215,encoded,,21193,False
B,241,9826158,encoded,,123665,True
B,242,9859490,encoded,,17714,False
A,243,9829550,encoded,,10392,False
B,243,9892824,encoded,,12727,False
A,244,9862894,encoded,,17617,False
B,244,9926152,encoded,,9733,False
A,245,9929553,encoded,,17242,False
B,245,9959499,encoded,,14940,False
A,246,9962897,encoded,,22514,False
B,246,9992835,encoded,,22961,False
A,247,9996221,encoded,,19733,False
A,248,10029561,encoded,,11018,False
B,247,10026156,encoded,,11255,False
A,249,10062896,encoded,,9047,False
B,248,10059505,encoded,,10254,False
A,250,10096230,encoded,,7496,False
B,249,10126162,encoded,,13128,False
A,251,10129561,encoded,,22145,False
B,250,10159500,encoded,,15908,False
A,252,10196229,encoded,,19957,False
B,251,10192824,encoded,,15824,False
A,253,10229560,encoded,,13058,False
A,254,10262903,encoded,,11560,False
B,252,10226169,encoded,,21913,False
A,255,10296237,encoded,,10389,False
B,253,10292830,encoded,,8182,False
A,256,10329575,encoded,,10301,False
B,254,10326180,encoded,,15996,False
A,257,10362909,encoded,,9714,False
B,255,10359509,encoded,,5236,False
A,258,10396233,encoded,,8982,False
B,256,10392830,encoded,,11692,False
B,257,10426163,encoded,,8317,False
A,259,10429568,encoded,,8460,False
B,258,10459499,encoded,,7918,False
A,260,10496239,encoded,,7888,False
B,259,10526185,encoded,,6882,False
A,261,10529571,encoded,,8703,False
B,260,10559518,encoded,,5958,False
A,262,10562911,encoded,,8259,False
B,261,10592835,encoded,,5827,False
A,263,10629576,encoded,,7925,False
B,262,10626176,encoded,,5648,False
A,264,10662930,encoded,,7524,False
B,263,10692839,encoded,,11656,False
A,265,10696246,encoded,,7277,False
B,264,10726187,encoded,,24204,False
A,266,10729583,encoded,,10559,False
B,265,10759525,encoded,,29191,False
A,267,10762933,encoded,,16666,False
B,266,10792845,encoded,,1766,False
A,268,10796256,encoded,,36757,False
B,267,10826182,encoded,,11505,False
A,269,10862913,encoded,,4017,False
B,268,10859521,encoded,,16667,False
A,270,10896249,encoded,,9226,False
B,269,10892867,encoded,,16667,False
A,271,10929581,encoded,,124537,True
B,270,10926186,encoded,,16666,False
A,272,10962914,encoded,,17762,False
B,271,10992851,encoded,,123799,True
A,273,10996252,encoded,,6727,False
B,272,11026179,encoded,,20058,False
A,274,11062914,encoded,,23182,False
B,273,11059521,encoded,,15709,False
A,275,11096250,encoded,,17800,False
B,274,11092863,encoded,,20756,False
A,276,11129601,encoded,,23649,False
B,275,11126205,encoded,,17727,False
A,277,11162916,encoded,,20764,False
B,276,11192876,encoded,,21508,False
A,278,11196249,encoded,,11617,False
B,277,11226194,encoded,,17152,False
A,279,11229589,encoded,,9553,False
B,278,11259518,encoded,,18868,False
A,280,11262934,encoded,,8662,False
B,279,11292860,encoded,,12507,False
A,281,11329588,encoded,,7898,False
B,280,11326188,encoded,,9899,False
A,282,11362934,encoded,,19296,False
B,281,11359525,encoded,,13086,False
A,283,11396254,encoded,,20244,False
B,282,11426201,encoded,,7895,False
A,284,11429595,encoded,,13072,False
B,283,11459529,encoded,,16059,False
A,285,11462929,encoded,,10986,False
A,286,11529597,encoded,,10227,False
B,284,11492857,encoded,,10136,False
A,287,11562946,encoded,,9829,False
B,285,11526215,encoded,,8596,False
B,286,11559528,encoded,,7737,False
A,288,11596264,encoded,,9248,False
B,287,11626208,encoded,,7193,False
A,289,11629597,encoded,,8626,False
B,288,11659540,encoded,,6371,False
A,290,11662929,encoded,,8409,False
B,289,11692877,encoded,,5676,False
A,291,11696265,encoded,,7973,False
B,290,11726214,encoded,,5418,False
A,292,11729605,encoded,,7715,False
B,291,11759572,encoded,,5319,False
A,293,11796264,encoded,,7514,False
B,292,11792877,encoded,,4845,False
A,294,11829598,encoded,,7423,False
B,293,11859539,encoded,,7020,False
A,295,11862937,encoded,,7234,False
B,294,11892876,encoded,,16666,False
A,296,11896270,encoded,,13387,False
B,295,11926202,encoded,,37981,False
A,297,11929606,encoded,,16666,False
B,296,11959555,encoded,,2056,False
A,298,11996270,encoded,,16667,False
B,297,11992875,encoded,,9963,False
A,299,12029613,encoded,,16667,False
B,298,12026219,encoded,,16667,False
A,300,12062942,encoded,,16666,False
B,299,12092879,encoded,,16667,False
A,301,12096277,encoded,,124755,True
B,300,12126229,encoded,,16666,False
A,302,12129620,encoded,,22710,False
B,301,12159545,encoded,,123630,True
A,303,12196278,encoded,,8823,False
B,302,12192889,encoded,,15347,False
A,304,12229615,encoded,,16831,False
B,303,12226225,encoded,,22282,False
A,305,12262950,encoded,,20188,False
B,304,12292876,encoded,,17831,False
A,306,12296277,encoded,,19038,False
B,305,12326217,encoded,,19142,False
A,307,12329611,encoded,,16827,False
B,306,12359548,encoded,,23300,False
A,308,12362949,encoded,,15127,False
B,307,12392888,encoded,,19871,False
A,309,12429613,encoded,,9396,False
B,308,12426217,encoded,,13064,False
A,310,12462954,encoded,,8186,False
B,309,12459548,encoded,,12568,False
A,311,12496284,encoded,,19220,False
B,310,12492900,encoded,,9685,False
A,312,12529625,encoded,,21975,False
B,311,12559576,encoded,,20579,False
A,313,12562959,encoded,,13418,False
B,312,12592901,encoded,,14885,False
A,314,12596295,encoded,,11720,False
B,313,12626220,encoded,,10281,False
A,315,12662955,encoded,,10617,False
B,314,12659582,encoded,,9119,False
A,316,12696301,encoded,,10727,False
B,315,12692898,encoded,,7695,False
A,317,12729619,encoded,,9101,False
B,316,12759564,encoded,,7609,False
A,318,12762957,encoded,,9083,False
B,317,12792903,encoded,,6624,False
A,319,12796296,encoded,,8669,False
B,318,12826242,encoded,,6123,False
A,320,12829630,encoded,,8098,False
B,319,12859560,encoded,,5632,False
A,321,12896289,encoded,,7863,False
B,320,12892900,encoded,,5426,False
A,322,12929654,encoded,,8022,False
B,321,12926253,encoded,,5294,False
A,323,12962988,encoded,,7736,False
B,322,12992902,encoded,,5510,False
A,324,12996294,encoded,,7525,False
B,323,13026239,encoded,,4889,False
A,325,13029644,encoded,,7633,False
B,324,13059582,encoded,,13614,False
A,326,13062979,encoded,,10046,False
B,325,13092898,encoded,,31955,False
A,327,13129630,encoded,,16666,False
B,326,13126248,encoded,,12271,False
A,328,13162966,encoded,,28292,False
B,327,13159580,encoded,,5774,False
A,329,13196296,encoded,,5042,False
B,328,13226243,encoded,,16667,False
A,330,13229630,encoded,,16666,False
B,329,13259573,encoded,,16667,False
A,331,13262966,encoded,,124488,True
B,330,13292908,encoded,,16666,False
A,332,13296307,encoded,,21634,False
B,331,13326239,encoded,,123687,True
A,333,13362974,encoded,,10295,False
B,332,13359580,encoded,,8759,False
A,334,13396313,encoded,,17055,False
B,333,13392916,encoded,,15623,False
A,335,13429648,encoded,,18812,False
B,334,13459589,encoded,,18218,False
A,336,13462971,encoded,,18141,False
B,335,13492909,encoded,,18802,False
A,337,13496313,encoded,,14707,False
B,336,13526250,encoded,,18955,False
A,338,13529641,encoded,,17035,False
B,337,13559587,encoded,,13115,False
A,339,13596308,encoded,,10095,False
B,338,13592919,encoded,,12747,False
A,340,13629654,encoded,,22229,False
B,339,13626268,encoded,,15765,False
A,341,13662995,encoded,,22476,False
B,340,13692917,encoded,,16091,False
A,342,13696315,encoded,,2738,False
B,341,13726264,encoded,,16133,False
A,343,13729657,encoded,,16556,False
B,342,13759598,encoded,,15687,False
A,344,13762988,encoded,,11302,False
B,343,13792931,encoded,,22443,False
A,345,13796312,encoded,,10936,False
B,344,13826263,encoded,,9230,False
A,346,13862998,encoded,,9605,False
B,345,13859594,encoded,,8378,False
A,347,13896318,encoded,,9795,False
B,346,13926253,encoded,,8206,False
A,348,13929652,encoded,,9040,False
B,347,13959588,encoded,,6944,False
A,349,13962985,encoded,,8930,False
B,348,13992925,encoded,,6667,False
A,350,13996326,encoded,,8188,False
B,349,14026259,encoded,,5676,False
A,351,14029656,encoded,,7851,False
B,350,14059607,encoded,,5532,False
A,352,14096322,encoded,,7694,False
B,351,14092937,encoded,,5308,False
A,353,14129661,encoded,,7697,False
B,352,14159615,encoded,,5429,False
A,354,14162992,encoded,,7409,False
B,353,14192947,encoded,,5939,False
A,355,14196325,encoded,,7048,False
B,354,14226280,encoded,,16867,False
A,356,14229663,encoded,,11578,False
B,355,14259597,encoded,,34865,False
A,357,14296327,encoded,,16666,False
B,356,14292939,encoded,,1783,False
A,358,14329671,encoded,,23635,False
B,357,14326278,encoded,,13151,False
A,359,14362993,encoded,,9699,False
B,358,14392937,encoded,,16667,False
A,360,14396327,encoded,,16666,False
B,359,14426280,encoded,,16667,False
A,361,14429668,encoded,,124357,True
B,360,14459606,encoded,,16666,False
A,362,14463003,encoded,,12166,False
B,361,14492939,encoded,,123658,True
A,363,14529677,encoded,,24004,False
B,362,14526281,encoded,,16253,False
A,364,14563026,encoded,,22909,False
B,363,14559624,encoded,,18649,False
A,365,14596349,encoded,,13979,False
B,364,14626282,encoded,,20572,False
A,366,14629665,encoded,,21118,False
B,365,14659617,encoded,,12985,False
A,367,14663001,encoded,,17938,False
B,366,14692944,encoded,,21436,False
A,368,14696337,encoded,,10812,False
B,367,14726275,encoded,,13205,False
A,369,14763004,encoded,,8774,False
B,368,14759604,encoded,,10641,False
A,370,14796358,encoded,,21296,False
B,369,14792957,encoded,,17099,False
A,371,14829679,encoded,,22001,False
B,370,14859613,encoded,,12291,False
A,372,14863009,encoded,,2606,False
B,371,14892949,encoded,,12011,False
A,373,14896342,encoded,,16496,False
B,372,14926284,encoded,,13791,False
A,374,14929681,encoded,,11639,False
B,373,14959613,encoded,,18307,False
A,375,14963011,encoded,,10586,False
B,374,14992947,encoded,,12241,False
A,376,15029695,encoded,,9741,False
B,375,15026291,encoded,,8375,False
A,377,15063015,encoded,,8959,False
B,376,15092974,encoded,,7256,False
A,378,15096345,encoded,,8720,False
B,377,15126283,encoded,,6939,False
A,379,15129688,encoded,,9063,False
B,378,15159617,encoded,,6251,False
A,380,15196351,encoded,,9022,False
B,379,15192971,encoded,,5612,False
A,381,15229699,encoded,,8675,False
B,380,15226300,encoded,,5295,False
A,382,15263028,encoded,,8438,False
B,381,15292955,encoded,,5409,False
A,383,15296350,encoded,,7837,False
B,382,15326299,encoded,,4881,False
A,384,15329686,encoded,,7912,False
B,383,15359626,encoded,,10177,False
A,385,15363025,encoded,,8177,False
B,384,15392955,encoded,,16666,False
A,386,15429687,encoded,,7723,False
B,385,15426292,encoded,,36563,False
A,387,15463037,encoded,,15052,False
B,386,15459636,encoded,,1554,False
A,388,15496368,encoded,,19239,False
B,387,15526297,encoded,,11883,False
A,389,15529701,encoded,,14095,False
B,388,15559653,encoded,,16667,False
A,390,15563038,encoded,,16666,False
B,389,15592966,encoded,,16667,False
A,391,15596357,encoded,,124691,True
B,390,15626296,encoded,,16666,False
A,392,15663028,encoded,,25736,False
B,391,15659640,encoded,,123842,True
A,393,15696362,encoded,,9265,False
B,392,15692969,encoded,,18325,False
A,394,15729700,encoded,,14260,False
B,393,15759636,encoded,,17953,False
A,395,15763027,encoded,,19763,False
B,394,15792975,encoded,,19809,False
A,396,15796371,encoded,,21485,False
B,395,15826299,encoded,,10600,False
A,397,15829717,encoded,,19190,False
B,396,15859638,encoded,,21139,False
A,398,15863031,encoded,,10197,False
B,397,15892971,encoded,,11316,False
A,399,15929699,encoded,,8494,False
B,398,15926311,encoded,,14341,False
A,400,15963036,encoded,,20394,False
B,399,15959644,encoded,,14736,False
A,401,15996369,encoded,,21838,False
B,400,16026312,encoded,,16086,False
A,402,16029703,encoded,,13831,False
B,401,16059646,encoded,,13460,False
A,403,16063035,encoded,,11860,False
B,402,16092980,encoded,,12776,False
A,404,16096374,encoded,,10331,False
B,403,16126309,encoded,,9840,False
A,405,16163043,encoded,,10019,False
B,404,16159669,encoded,,19702,False
A,406,16196378,encoded,,9230,False
B,405,16192995,encoded,,8706,False
A,407,16229705,encoded,,9078,False
B,406,16259666,encoded,,7720,False
A,408,16263041,encoded,,8529,False
B,407,16292989,encoded,,6897,False
A,409,16296402,encoded,,8087,False
B,408,16326321,encoded,,6469,False
A,410,16329711,encoded,,7960,False
B,409,16359662,encoded,,5731,False
A,411,16396380,encoded,,7657,False
B,410,16392995,encoded,,5371,False
A,412,16429730,encoded,,7838,False
B,411,16459656,encoded,,5256,False
A,413,16463048,encoded,,7099,False
B,412,16492982,encoded,,5021,False
A,414,16496380,encoded,,7096,False
B,413,16526321,encoded,,8238,False
A,415,16529725,encoded,,7038,False
B,414,16559656,encoded,,16666,False
A,416,16563051,encoded,,12368,False
B,415,16592991,encoded,,35776,False
A,417,16629716,encoded,,16666,False
B,416,16626335,encoded,,1897,False
A,418,16663056,encoded,,17011,False
B,417,16692994,encoded,,12327,False
A,419,16696388,encoded,,16323,False
B,418,16726320,encoded,,16667,False
A,420,16729718,encoded,,16666,False
B,419,16759655,encoded,,16667,False
A,421,16763052,encoded,,124657,True
B,420,16792991,encoded,,16666,False
A,422,16829724,encoded,,17752,False
B,421,16826330,encoded,,123828,True
A,423,16863054,encoded,,18518,False
B,422,16859666,encoded,,9805,False
A,424,16896389,encoded,,22716,False
B,423,16926327,encoded,,15455,False
A,425,16929726,encoded,,14031,False
B,424,16959666,encoded,,23908,False
A,426,16963061,encoded,,20865,False
B,425,16992997,encoded,,8687,False
A,427,16996394,encoded,,17833,False
A,428,17063058,encoded,,10586,False
B,426,17026333,encoded,,22039,False
B,427,17059679,encoded,,15740,False
A,429,17096394,encoded,,9002,False
B,428,17093016,encoded,,18964,False
A,430,17129727,encoded,,21391,False
B,429,17126335,encoded,,17917,False
A,431,17163066,encoded,,21575,False
B,430,17193021,encoded,,14260,False
A,432,17196401,encoded,,3569,False
B,431,17226353,encoded,,12578,False
A,433,17229745,encoded,,16631,False
B,432,17259666,encoded,,11507,False
A,434,17296406,encoded,,12980,False
B,433,17293007,encoded,,10985,False
A,435,17329745,encoded,,10539,False
B,434,17326362,encoded,,16645,False
A,436,17363081,encoded,,9814,False
B,435,17359672,encoded,,8668,False
A,437,17396400,encoded,,9461,False
B,436,17426357,encoded,,7407,False
A,438,17429751,encoded,,8591,False
B,437,17459681,encoded,,6705,False
A,439,17463076,encoded,,8847,False
B,438,17493007,encoded,,6130,False
A,440,17496410,encoded,,8025,False
B,439,17526343,encoded,,5556,False
A,441,17529744,encoded,,8028,False
B,440,17559679,encoded,,5610,False
A,442,17596421,encoded,,7972,False
B,441,17626348,encoded,,5495,False
A,443,17629739,encoded,,7685,False
B,442,17659693,encoded,,5018,False
A,444,17663096,encoded,,7200,False
B,443,17693020,encoded,,10427,False
A,445,17696412,encoded,,7007,False
B,444,17726349,encoded,,16666,False
A,446,17763106,encoded,,8059,False
B,445,17759703,encoded,,29722,False
A,447,17796414,encoded,,20858,False
B,446,17793030,encoded,,3612,False
A,448,17829754,encoded,,36354,False
B,447,17859701,encoded,,16666,False
A,449,17863095,encoded,,3645,False
B,448,17893025,encoded,,16667,False
A,450,17896424,encoded,,5809,False
B,449,17926350,encoded,,16667,False
A,451,17929762,encoded,,124524,True
B,450,17959684,encoded,,16666,False
A,452,17996414,encoded,,17519,False
B,451,17993029,encoded,,138250,True
A,453,18029757,encoded,,18777,False
B,452,18026361,encoded,,13276,False
A,454,18063089,encoded,,23514,False
B,453,18093033,encoded,,12978,False
A,455,18096418,encoded,,14246,False
B,454,18126366,encoded,,20978,False
A,456,18129765,encoded,,21854,False
B,455,18159698,encoded,,14638,False
A,457,18163089,encoded,,17543,False
B,456,18193033,encoded,,22068,False
A,458,18229754,encoded,,11099,False
B,457,18226366,encoded,,11878,False
A,459,18263106,encoded,,9077,False
B,458,18293027,encoded,,17480,False
A,460,18296422,encoded,,20747,False
B,459,18326377,encoded,,11893,False
A,461,18329757,encoded,,5041,False
B,460,18359707,encoded,,13557,False
A,462,18363103,encoded,,23465,False
B,461,18393032,encoded,,9890,False
A,463,18396426,encoded,,13921,False
B,462,18426365,encoded,,9176,False
A,464,18463099,encoded,,11851,False
B,463,18459716,encoded,,13497,False
A,465,18496435,encoded,,10537,False
B,464,18526367,encoded,,12204,False
A,466,18529763,encoded,,9655,False
B,465,18559720,encoded,,8439,False
A,467,18563099,encoded,,9176,False
B,466,18593053,encoded,,7945,False
A,468,18596434,encoded,,8800,False
B,467,18626369,encoded,,6868,False
A,469,18629781,encoded,,8570,False
B,468,18659709,encoded,,6247,False
A,470,18696435,encoded,,7745,False
B,469,18693041,encoded,,6057,False
A,471,18729772,encoded,,9036,False
B,470,18759706,encoded,,6059,False
A,472,18763103,encoded,,8014,False
B,471,18793049,encoded,,5076,False
A,473,18796443,encoded,,7550,False
B,472,18826378,encoded,,4803,False
A,474,18829783,encoded,,8002,False
B,473,18859710,encoded,,10077,False
A,475,18896438,encoded,,7548,False
B,474,18893068,encoded,,16666,False
A,476,18929779,encoded,,7325,False
B,475,18926382,encoded,,36419,False
A,477,18963148,encoded,,14864,False
B,476,18993053,encoded,,4057,False
A,478,18996444,encoded,,16667,False
B,477,19026399,encoded,,12684,False
A,479,19029780,encoded,,16667,False
B,478,19059716,encoded,,13507,False
A,480,19063124,encoded,,16666,False
B,479,19093049,encoded,,16667,False
A,481,19096442,encoded,,124560,True
A,482,19163124,encoded,,22901,False
B,480,19126385,encoded,,16666,False
B,481,19159734,encoded,,123539,True
A,483,19196449,encoded,,8479,False
B,482,19226391,encoded,,15637,False
A,484,19229779,encoded,,16984,False
B,483,19259721,encoded,,11234,False
A,485,19263113,encoded,,18967,False
B,484,19293065,encoded,,18305,False
A,486,19296462,encoded,,10455,False
B,485,19326387,encoded,,11575,False
A,487,19329789,encoded,,16213,False
B,486,19359721,encoded,,20919,False
A,488,19396460,encoded,,13715,False
B,487,19393054,encoded,,17082,False
A,489,19429785,encoded,,23264,False
B,488,19459724,encoded,,17316,False
A,490,19463121,encoded,,21045,False
B,489,19493063,encoded,,16952,False
A,491,19496455,encoded,,5758,False
B,490,19526400,encoded,,16381,False
A,492,19529789,encoded,,22141,False
B,491,19559727,encoded,,20162,False
A,493,19596462,encoded,,14250,False
B,492,19593064,encoded,,18851,False
A,494,19629789,encoded,,11425,False
B,493,19626405,encoded,,13925,False
A,495,19663122,encoded,,10109,False
B,494,19693063,encoded,,9624,False
A,496,19696458,encoded,,9422,False
B,495,19726405,encoded,,8463,False
A,497,19729791,encoded,,9291,False
B,496,19759750,encoded,,7918,False
A,498,19763140,encoded,,9425,False
B,497,19793066,encoded,,7077,False
A,499,19829802,encoded,,8847,False
B,498,19826408,encoded,,6550,False
A,500,19863140,encoded,,8015,False
B,499,19859751,encoded,,6177,False
A,501,19896465,encoded,,7928,False
B,500,19926429,encoded,,6684,False
A,502,19929797,encoded,,7979,False
B,501,19959747,encoded,,5535,False
A,503,19963162,encoded,,7572,False
B,502,19993071,encoded,,5703,False
A,504,20029799,encoded,,7329,False
B,503,20026412,encoded,,5177,False
A,505,20063136,encoded,,8829,False
B,504,20059746,encoded,,9214,False
A,506,20096484,encoded,,8431,False
B,505,20126410,encoded,,16667,False
A,507,20129800,encoded,,16666,False
B,506,20159749,encoded,,28585,False
A,508,20163144,encoded,,24475,False
B,507,20193074,encoded,,4748,False
A,509,20196483,encoded,,8859,False
B,508,20226416,encoded,,16667,False
A,510,20229815,encoded,,16666,False
B,509,20259744,encoded,,16667,False
A,511,20296483,encoded,,124574,True
B,510,20293078,encoded,,16666,False
A,512,20329819,encoded,,9637,False
B,511,20359760,encoded,,123621,True
A,513,20363139,encoded,,18696,False
B,512,20393110,encoded,,9333,False
A,514,20396489,encoded,,18984,False
B,513,20426414,encoded,,17616,False
A,515,20429808,encoded,,18787,False
B,514,20459752,encoded,,24466,False
A,516,20463143,encoded,,24005,False
B,515,20493086,encoded,,13924,False
A,517,20529808,encoded,,19856,False
B,516,20526428,encoded,,21139,False
A,518,20563158,encoded,,11163,False
B,517,20559787,encoded,,17435,False
A,519,20596496,encoded,,9248,False
B,518,20626426,encoded,,16399,False
A,520,20629811,encoded,,21610,False
B,519,20659759,encoded,,13925,False
A,521,20663154,encoded,,5039,False
B,520,20693091,encoded,,13274,False
A,522,20696501,encoded,,23374,False
B,521,20726429,encoded,,14161,False
A,523,20763148,encoded,,13883,False
B,522,20759763,encoded,,11538,False
A,524,20796488,encoded,,11671,False
B,523,20793104,encoded,,15051,False
B,524,20859757,encoded,,12841,False
A,525,20829817,encoded,,10875,False
A,526,20863150,encoded,,9935,False
B,525,20893098,encoded,,9132,False
A,527,20896499,encoded,,9111,False
B,526,20926429,encoded,,7896,False
A,528,20929843,encoded,,8729,False
B,527,20959762,encoded,,7161,False
A,529,20996492,encoded,,8324,False
B,528,20993110,encoded,,6555,False
A,530,21029839,encoded,,8252,False
B,529,21026444,encoded,,6564,False
A,531,21063165,encoded,,8157,False
B,530,21093105,encoded,,5581,False
A,532,21096492,encoded,,7714,False
B,531,21126452,encoded,,5090,False
A,533,21129835,encoded,,7877,False
B,532,21159778,encoded,,5099,False
A,534,21163170,encoded,,7592,False
B,533,21193099,encoded,,5533,False
A,535,21196493,encoded,,7218,False
B,534,21226444,encoded,,16666,False
A,536,21263163,encoded,,9023,False
B,535,21259772,encoded,,39327,False
A,537,21296504,encoded,,16666,False
B,536,21326437,encoded,,2174,False
A,538,21329832,encoded,,24669,False
B,537,21359778,encoded,,8499,False
A,539,21363166,encoded,,8665,False
B,538,21393111,encoded,,16667,False
A,540,21396512,encoded,,16666,False
B,539,21426438,encoded,,16667,False
A,541,21463167,encoded,,124789,True
B,540,21459780,encoded,,16666,False
A,542,21496501,encoded,,18876,False
B,541,21493112,encoded,,123566,True
A,543,21529840,encoded,,12111,False
B,542,21559781,encoded,,14535,False
A,544,21563168,encoded,,18201,False
B,543,21593114,encoded,,19311,False
A,545,21596503,encoded,,26353,False
B,544,21626446,encoded,,14577,False
A,546,21629839,encoded,,15344,False
B,545,21659778,encoded,,16178,False
A,547,21663176,encoded,,13354,False
B,546,21693116,encoded,,23394,False
A,548,21729841,encoded,,15075,False
B,547,21726449,encoded,,11395,False
A,549,21763180,encoded,,9329,False
B,548,21759793,encoded,,11276,False
A,550,21796509,encoded,,22536,False
B,549,21826469,encoded,,10715,False
A,551,21829846,encoded,,5159,False
B,550,21859806,encoded,,14590,False
A,552,21863177,encoded,,22706,False
B,551,21893117,encoded,,14616,False
A,553,21896517,encoded,,13371,False
B,552,21926455,encoded,,15346,False
A,554,21963182,encoded,,11477,False
B,553,21959794,encoded,,22707,False
A,555,21996520,encoded,,10148,False
B,554,21993118,encoded,,12197,False
A,556,22029844,encoded,,10778,False
B,555,22059788,encoded,,9016,False
A,557,22063188,encoded,,9258,False
B,556,22093142,encoded,,7584,False
A,558,22096536,encoded,,8795,False
B,557,22126456,encoded,,7000,False
A,559,22163185,encoded,,8793,False
B,558,22159801,encoded,,6333,False
A,560,22196520,encoded,,8467,False
B,559,22193131,encoded,,5933,False
A,561,22229852,encoded,,7870,False
B,560,22259814,encoded,,5924,False
A,562,22263190,encoded,,7368,False
B,561,22293130,encoded,,5326,False
A,563,22296520,encoded,,7586,False
B,562,22326480,encoded,,5223,False
A,564,22329862,encoded,,7367,False
B,563,22359806,encoded,,6592,False
A,565,22396525,encoded,,7334,False
B,564,22393150,encoded,,16666,False
A,566,22429867,encoded,,10889,False
B,565,22426486,encoded,,36701,False
A,567,22463191,encoded,,16666,False
B,566,22493132,encoded,,1969,False
A,568,22496526,encoded,,16667,False
B,567,22526469,encoded,,11330,False
A,569,22529861,encoded,,16667,False
B,568,22559816,encoded,,16667,False
A,570,22563194,encoded,,16666,False
B,569,22593138,encoded,,16667,False
A,571,22629859,encoded,,124472,True
B,570,22626484,encoded,,16666,False
A,572,22663195,encoded,,19073,False
B,571,22659816,encoded,,123435,True
A,573,22696530,encoded,,18663,False
B,572,22726476,encoded,,12803,False
A,574,22729866,encoded,,21222,False
B,573,22759811,encoded,,19834,False
A,575,22763202,encoded,,13112,False
B,574,22793140,encoded,,18589,False
A,576,22796535,encoded,,19572,False
B,575,22826473,encoded,,19227,False
A,577,22863203,encoded,,18075,False
B,576,22859817,encoded,,24165,False
A,578,22896541,encoded,,10514,False
B,577,22926488,encoded,,14910,False
A,579,22929870,encoded,,9260,False
B,578,22959829,encoded,,14771,False
A,580,22963222,encoded,,22151,False
B,579,22993154,encoded,,15164,False
A,581,22996541,encoded,,21553,False
B,580,23026477,encoded,,15984,False
A,582,23029876,encoded,,2918,False
B,581,23059827,encoded,,12888,False
A,583,23096540,encoded,,16508,False
B,582,23093169,encoded,,18784,False
A,584,23129886,encoded,,11801,False
B,583,23159822,encoded,,5300,False
A,585,23163201,encoded,,10484,False
B,584,23193152,encoded,,12686,False
A,586,23196536,encoded,,9427,False
B,585,23226489,encoded,,9352,False
A,587,23229882,encoded,,9159,False
B,586,23259822,encoded,,7710,False
A,588,23263207,encoded,,8488,False
B,587,23293171,encoded,,7069,False
A,589,23296570,encoded,,8592,False
B,588,23326491,encoded,,6425,False
A,590,23363210,encoded,,8652,False
B,589,23393156,encoded,,6383,False
A,591,23396541,encoded,,7730,False
B,590,23426495,encoded,,5728,False
A,592,23429876,encoded,,7846,False
B,591,23459818,encoded,,5636,False
A,593,23496544,encoded,,7481,False
B,592,23493151,encoded,,5417,False
A,594,23529893,encoded,,7431,False
B,593,23526506,encoded,,4923,False
A,595,23563211,encoded,,7393,False
B,594,23593165,encoded,,12817,False
A,596,23596556,encoded,,11757,False
B,595,23626494,encoded,,39697,False
A,597,23629886,encoded,,16666,False
B,596,23659834,encoded,,31611,False
A,598,23663229,encoded,,18833,False
B,597,23693160,encoded,,1225,False
A,599,23696564,encoded,,14501,False
B,598,23726485,encoded,,1790,False
A,600,23763212,encoded,,16666,False
B,599,23759828,encoded,,9011,False
A,601,23796543,encoded,,124404,True
B,600,23826491,encoded,,16666,False
A,602,23829876,encoded,,25742,False
B,601,23859840,encoded,,123566,True
A,603,23863216,encoded,,9525,False
B,602,23893166,encoded,,11784,False
A,604,23896545,encoded,,13882,False
B,603,23926487,encoded,,25378,False
A,605,23963216,encoded,,26303,False
B,604,23959816,encoded,,13835,False
A,606,23996557,encoded,,16604,False
B,605,23993180,encoded,,12199,False
A,607,24029876,encoded,,18796,False
B,606,24026485,encoded,,15415,False
A,608,24063207,encoded,,10435,False
B,607,24093149,encoded,,15965,False
A,609,24096537,encoded,,8706,False
B,608,24126487,encoded,,14989,False
A,610,24129879,encoded,,20743,False
B,609,24159817,encoded,,20016,False
A,611,24196536,encoded,,21747,False
B,610,24193150,encoded,,11796,False
A,612,24229879,encoded,,13697,False
B,611,24226488,encoded,,19348,False
A,613,24263202,encoded,,11533,False
B,612,24293148,encoded,,18371,False
A,614,24296533,encoded,,10322,False
B,613,24326496,encoded,,13114,False
A,615,24329870,encoded,,9917,False
B,614,24359814,encoded,,8868,False
A,616,24363202,encoded,,9883,False
B,615,24393148,encoded,,7620,False
A,617,24396543,encoded,,9195,False
B,616,24426480,encoded,,7103,False
A,618,24463196,encoded,,8820,False
B,617,24459807,encoded,,6557,False
A,619,24496530,encoded,,8384,False
B,618,24526473,encoded,,6082,False
A,620,24529861,encoded,,8125,False
B,619,24559830,encoded,,6067,False
A,621,24563204,encoded,,7877,False
B,620,24593139,encoded,,5409,False
A,622,24596533,encoded,,7677,False
B,621,24626470,encoded,,4984,False
A,623,24663195,encoded,,7431,False
B,622,24659823,encoded,,4565,False
A,624,24696538,encoded,,7656,False
B,623,24693144,encoded,,10303,False
A,625,24729868,encoded,,7652,False
B,624,24759800,encoded,,16666,False
A,626,24763190,encoded,,8278,False
B,625,24793135,encoded,,28158,False
A,627,24796522,encoded,,16666,False
B,626,24826475,encoded,,5176,False
A,628,24829867,encoded,,28351,False
B,627,24859797,encoded,,16666,False
A,629,24863189,encoded,,4983,False
B,628,24893147,encoded,,16667,False
A,630,24929856,encoded,,16666,False
B,629,24926476,encoded,,16667,False
A,631,24963215,encoded,,124564,True
B,630,24993127,encoded,,16666,False
A,632,24996517,encoded,,17196,False
B,631,25026475,encoded,,123584,True
A,633,25029853,encoded,,19254,False
B,632,25059798,encoded,,16577,False
A,634,25063199,encoded,,22215,False
B,633,25093128,encoded,,19589,False
A,635,25096517,encoded,,13748,False
B,634,25126473,encoded,,23071,False
A,636,25163197,encoded,,19976,False
B,635,25159810,encoded,,19607,False
A,637,25196513,encoded,,18288,False
B,636,25226466,encoded,,23756,False
A,638,25229861,encoded,,10846,False
B,637,25259822,encoded,,22307,False
A,639,25263187,encoded,,8970,False
B,638,25293133,encoded,,11138,False
A,640,25296532,encoded,,21764,False
B,639,25326462,encoded,,11299,False
A,641,25363188,encoded,,14742,False
B,640,25359797,encoded,,18389,False
A,642,25396533,encoded,,18296,False
B,641,25393135,encoded,,9577,False
A,643,25429846,encoded,,12728,False
B,642,25459791,encoded,,7905,False
A,644,25463175,encoded,,11217,False
B,643,25493143,encoded,,16154,False
A,645,25496531,encoded,,10104,False
B,644,25526449,encoded,,10309,False
A,646,25529853,encoded,,9705,False
B,645,25559783,encoded,,8494,False
A,647,25596513,encoded,,9249,False
B,646,25593121,encoded,,7634,False
A,648,25629860,encoded,,8560,False
B,647,25626469,encoded,,6893,False
A,649,25663170,encoded,,8603,False
B,648,25693148,encoded,,7207,False
A,650,25696521,encoded,,7952,False
B,649,25726474,encoded,,6170,False
A,651,25729853,encoded,,7896,False
B,650,25759788,encoded,,5893,False
A,652,25796500,encoded,,7811,False
B,651,25793110,encoded,,5602,False
A,653,25829853,encoded,,7889,False
B,652,25826465,encoded,,5360,False
A,654,25863181,encoded,,7656,False
B,653,25859786,encoded,,5005,False
A,655,25896500,encoded,,7066,False
B,654,25926460,encoded,,8480,False
A,656,25929836,encoded,,7039,False
B,655,25959789,encoded,,16667,False
A,657,25963165,encoded,,16666,False
B,656,25993113,encoded,,27903,False
A,658,26029829,encoded,,24277,False
B,657,26026448,encoded,,5430,False
A,659,26063172,encoded,,12491,False
B,658,26059792,encoded,,16667,False
A,660,26096501,encoded,,13232,False
B,659,26093111,encoded,,16667,False
A,661,26129826,encoded,,124695,True
B,660,26159768,encoded,,16666,False
A,662,26163169,encoded,,21793,False
B,661,26193107,encoded,,123366,True
A,663,26196508,encoded,,9735,False
B,662,26226436,encoded,,8534,False
A,664,26263172,encoded,,14824,False
B,663,26259790,encoded,,15165,False
A,665,26296490,encoded,,20905,False
B,664,26293109,encoded,,15058,False
A,666,26329832,encoded,,18938,False
B,665,26359771,encoded,,21393,False
A,667,26363157,encoded,,16918,False
B,666,26393121,encoded,,15677,False
A,668,26396492,encoded,,15040,False
B,667,26426460,encoded,,17009,False
A,669,26429841,encoded,,9293,False
B,668,26459764,encoded,,24274,False
A,670,26496491,encoded,,20699,False
B,669,26493115,encoded,,16451,False
A,671,26529843,encoded,,22919,False
B,670,26526445,encoded,,21035,False
A,672,26563168,encoded,,13795,False
B,671,26593132,encoded,,9734,False
A,673,26596484,encoded,,12025,False
B,672,26626445,encoded,,8189,False
A,674,26629849,encoded,,10551,False
B,673,26659766,encoded,,16359,False
A,675,26663166,encoded,,11409,False
B,674,26693092,encoded,,10449,False
A,676,26729825,encoded,,9799,False
B,675,26726445,encoded,,8830,False
A,677,26763167,encoded,,9077,False
B,676,26759773,encoded,,8002,False
A,678,26796494,encoded,,8822,False
B,677,26826430,encoded,,7188,False
A,679,26829812,encoded,,8260,False
B,678,26859764,encoded,,6509,False
A,680,26863147,encoded,,8104,False
B,679,26893090,encoded,,5896,False
A,681,26896480,encoded,,7734,False
B,680,26926432,encoded,,5598,False
A,682,26929813,encoded,,7474,False
B,681,26959755,encoded,,5162,False
A,683,26996481,encoded,,7344,False
B,682,26993099,encoded,,4861,False
A,684,27029809,encoded,,7179,False
B,683,27059774,encoded,,8595,False
A,685,27063142,encoded,,7078,False
B,684,27093086,encoded,,16666,False
A,686,27096482,encoded,,8924,False
B,685,27126419,encoded,,29494,False
A,687,27163138,encoded,,16666,False
B,686,27159756,encoded,,3840,False
A,688,27196475,encoded,,24534,False
B,687,27193092,encoded,,16666,False
A,689,27229810,encoded,,8800,False
B,688,27226428,encoded,,16667,False
A,690,27263145,encoded,,16666,False
B,689,27293092,encoded,,16667,False
A,691,27296481,encoded,,124644,True
B,690,27326427,encoded,,16666,False
A,692,27329809,encoded,,11949,False
B,691,27359752,encoded,,123425,True
A,693,27396466,encoded,,23666,False
B,692,27393084,encoded,,12990,False
A,694,27429806,encoded,,16268,False
B,693,27426416,encoded,,19594,False
A,695,27463134,encoded,,22036,False
B,694,27459752,encoded,,23789,False
A,696,27496471,encoded,,14519,False
B,695,27526423,encoded,,15767,False
A,697,27529798,encoded,,18476,False
B,696,27559748,encoded,,24030,False
A,698,27563136,encoded,,14405,False
B,697,27593077,encoded,,22402,False
A,699,27629794,encoded,,10025,False
B,698,27626414,encoded,,15343,False
A,700,27663130,encoded,,20495,False
B,699,27659770,encoded,,14363,False
A,701,27696474,encoded,,5342,False
B,700,27693078,encoded,,13175,False
A,702,27729794,encoded,,22984,False
B,701,27759748,encoded,,8479,False
A,703,27763136,encoded,,13647,False
B,702,27793086,encoded,,16886,False
A,704,27796469,encoded,,11626,False
B,703,27826409,encoded,,10818,False
A,705,27863140,encoded,,10491,False
B,704,27859761,encoded,,8659,False
A,706,27896477,encoded,,9882,False
B,705,27893085,encoded,,7913,False
A,707,27929796,encoded,,9422,False
B,706,27959741,encoded,,7125,False
A,708,27963123,encoded,,8955,False
B,707,27993080,encoded,,6398,False
A,709,27996467,encoded,,8521,False
B,708,28026407,encoded,,6157,False
A,710,28063121,encoded,,8218,False
B,709,28059749,encoded,,5600,False
A,711,28096462,encoded,,8297,False
B,710,28093089,encoded,,5220,False
A,712,28129787,encoded,,8202,False
B,711,28126417,encoded,,4872,False
A,713,28163134,encoded,,7431,False
B,712,28193063,encoded,,4885,False
A,714,28196453,encoded,,7281,False
B,713,28226401,encoded,,5444,False
A,715,28229787,encoded,,7176,False
B,714,28259730,encoded,,16666,False
A,716,28263119,encoded,,9376,False
B,715,28293077,encoded,,29701,False
A,717,28329786,encoded,,16666,False
B,716,28326424,encoded,,3633,False
A,718,28363117,encoded,,36607,False
B,717,28393065,encoded,,16666,False
A,719,28396447,encoded,,3609,False
B,718,28426400,encoded,,16667,False
A,720,28429779,encoded,,10991,False
B,719,28459727,encoded,,16667,False
A,721,28463116,encoded,,124717,True
B,720,28493062,encoded,,16666,False
A,722,28529774,encoded,,24729,False
B,721,28526406,encoded,,123479,True
A,723,28563110,encoded,,7562,False
B,722,28559738,encoded,,15832,False
A,724,28596457,encoded,,14687,False
B,723,28593053,encoded,,12809,False
A,725,28629781,encoded,,19494,False
B,724,28659722,encoded,,14094,False
A,726,28663108,encoded,,11064,False
B,725,28693059,encoded,,21023,False
A,727,28696444,encoded,,9788,False
B,726,28726393,encoded,,17783,False
A,728,28763109,encoded,,15105,False
B,727,28759716,encoded,,16583,False
A,729,28796442,encoded,,22309,False
B,728,28793054,encoded,,14906,False
A,730,28829775,encoded,,16362,False
B,729,28826386,encoded,,15998,False
A,731,28863103,encoded,,17880,False
B,730,28893062,encoded,,15441,False
A,732,28896454,encoded,,21244,False
B,731,28926409,encoded,,15751,False
A,733,28929772,encoded,,13298,False
B,732,28959716,encoded,,15056,False
A,734,28963129,encoded,,11913,False
B,733,28993060,encoded,,15920,False
A,735,29029773,encoded,,10633,False
B,734,29026385,encoded,,13211,False
A,736,29063113,encoded,,9870,False
B,735,29059727,encoded,,9172,False
A,737,29096432,encoded,,9207,False
B,736,29126389,encoded,,8773,False
A,738,29129774,encoded,,8909,False
B,737,29159725,encoded,,7858,False
A,739,29163097,encoded,,8934,False
B,738,29193050,encoded,,7263,False
A,740,29196436,encoded,,8296,False
B,739,29226383,encoded,,6408,False
A,741,29263112,encoded,,7961,False
B,740,29259712,encoded,,5981,False
A,742,29296428,encoded,,7887,False
B,741,29293044,encoded,,5863,False
A,743,29329768,encoded,,7656,False
B,742,29359718,encoded,,6094,False
A,744,29363103,encoded,,7053,False
B,743,29393060,encoded,,5747,False
A,745,29396439,encoded,,7225,False
B,744,29426371,encoded,,8955,False
A,746,29429758,encoded,,8344,False
B,745,29459714,encoded,,16667,False
A,747,29496422,encoded,,16666,False
A,748,29529767,encoded,,28608,False
B,746,29493045,encoded,,38678,False
B,747,29559702,encoded,,2640,False
A,749,29563091,encoded,,4726,False
B,748,29593052,encoded,,8682,False
A,750,29596422,encoded,,16666,False
B,749,29626371,encoded,,16667,False
A,751,29629764,encoded,,124691,True
B,750,29659718,encoded,,16666,False
A,752,29663100,encoded,,18871,False
B,751,29693041,encoded,,138143,True
A,753,29729760,encoded,,11884,False
B,752,29726379,encoded,,15882,False
A,754,29763100,encoded,,17403,False
B,753,29759706,encoded,,14298,False
A,755,29796435,encoded,,18729,False
B,754,29826366,encoded,,18029,False
A,756,29829750,encoded,,18485,False
B,755,29859697,encoded,,14072,False
A,757,29863084,encoded,,14798,False
B,756,29893033,encoded,,22100,False
A,758,29896415,encoded,,16731,False
B,757,29926378,encoded,,16383,False
A,759,29963081,encoded,,9940,False
B,758,29959720,encoded,,15898,False
A,760,29996422,encoded,,21744,False
B,759,29993027,encoded,,11149,False
A,761,30029749,encoded,,22351,False
B,760,30059702,encoded,,13880,False
A,762,30063077,encoded,,2794,False
B,761,30093075,encoded,,14660,False
A,763,30096424,encoded,,16622,False
B,762,30126360,encoded,,14225,False
A,764,30129761,encoded,,11918,False
B,763,30159698,encoded,,10591,False
A,765,30196416,encoded,,10665,False
B,764,30193034,encoded,,8966,False
A,766,30229758,encoded,,9713,False
B,765,30259694,encoded,,8321,False
A,767,30263073,encoded,,9490,False
B,766,30293045,encoded,,7430,False
A,768,30296407,encoded,,8516,False
B,767,30326354,encoded,,6639,False
A,769,30329749,encoded,,8362,False
B,768,30359686,encoded,,6199,False
A,770,30363083,encoded,,8405,False
B,769,30393022,encoded,,5896,False
A,771,30429746,encoded,,7875,False
B,770,30426362,encoded,,5234,False
A,772,30463085,encoded,,7905,False
B,771,30459706,encoded,,6151,False
A,773,30496402,encoded,,7526,False
B,772,30526362,encoded,,5867,False
A,774,30529735,encoded,,7202,False
B,773,30559692,encoded,,4995,False
A,775,30563085,encoded,,7685,False
B,774,30593012,encoded,,14992,False
A,776,30596401,encoded,,13029,False
B,775,30626355,encoded,,31332,False
A,777,30663068,encoded,,16666,False
B,776,30659687,encoded,,2900,False
A,778,30696405,encoded,,18265,False
B,777,30726346,encoded,,15768,False
A,779,30729731,encoded,,15069,False
B,778,30759675,encoded,,16667,False
A,780,30763065,encoded,,16666,False
B,779,30793013,encoded,,16667,False
A,781,30796397,encoded,,124547,True
B,780,30826344,encoded,,16666,False
A,782,30863069,encoded,,20013,False
B,781,30859690,encoded,,123603,True
A,783,30896410,encoded,,17758,False
B,782,30926345,encoded,,17213,False
B,783,30959691,encoded,,10995,False
A,784,30929727,encoded,,20886,False
A,785,30963090,encoded,,13024,False
B,784,30993014,encoded,,24808,False
A,786,30996398,encoded,,20800,False
B,785,31026338,encoded,,14739,False
A,787,31029727,encoded,,17377,False
B,786,31059672,encoded,,25177,False
A,788,31096391,encoded,,10765,False
B,787,31093012,encoded,,15194,False
A,789,31129731,encoded,,8804,False
B,788,31126344,encoded,,14198,False
A,790,31163061,encoded,,22486,False
B,789,31193010,encoded,,13198,False
A,791,31196389,encoded,,21175,False
B,790,31226345,encoded,,13526,False
A,792,31229726,encoded,,13769,False
B,791,31259674,encoded,,14076,False
A,793,31263060,encoded,,11522,False
B,792,31293000,encoded,,11810,False
A,794,31329722,encoded,,10854,False
B,793,31326331,encoded,,15083,False
A,795,31363056,encoded,,10270,False
B,794,31359678,encoded,,13189,False
A,796,31396393,encoded,,9570,False
B,795,31426341,encoded,,9063,False
A,797,31429715,encoded,,9457,False
B,796,31459671,encoded,,7762,False
A,798,31463050,encoded,,9316,False
B,797,31492995,encoded,,6996,False
A,799,31496389,encoded,,10460,False
B,798,31526328,encoded,,6844,False
A,800,31563058,encoded,,8869,False
B,799,31559660,encoded,,6083,False
A,801,31596383,encoded,,8268,False
B,800,31592991,encoded,,6069,False
A,802,31629717,encoded,,7558,False
B,801,31659685,encoded,,5824,False
A,803,31663047,encoded,,8060,False
B,802,31693012,encoded,,5108,False
A,804,31696385,encoded,,7416,False
B,803,31726341,encoded,,4934,False
A,805,31729722,encoded,,7234,False
B,804,31759667,encoded,,17265,False
A,806,31796380,encoded,,8454,False
B,805,31793009,encoded,,34589,False
A,807,31829725,encoded,,11288,False
B,806,31859654,encoded,,2996,False
A,808,31863046,encoded,,16667,False
B,807,31892987,encoded,,9658,False
A,809,31896375,encoded,,17490,False
B,808,31926339,encoded,,16667,False
A,810,31929726,encoded,,15843,False
B,809,31959660,encoded,,16667,False
A,811,31963048,encoded,,124497,True
B,810,31992996,encoded,,16666,False
A,812,32029713,encoded,,25580,False
B,811,32026328,encoded,,123545,True
A,813,32063039,encoded,,9086,False
B,812,32059658,encoded,,19395,False
A,814,32096370,encoded,,12861,False
B,813,32126335,encoded,,16041,False
A,815,32129704,encoded,,27246,False
B,814,32159670,encoded,,15304,False
A,816,32163035,encoded,,16498,False
B,815,32192983,encoded,,13503,False
A,817,32196378,encoded,,19146,False
B,816,32226313,encoded,,21718,False
A,818,32263035,encoded,,10879,False
B,817,32259653,encoded,,17372,False
A,819,32296369,encoded,,8799,False
B,818,32292982,encoded,,16538,False
A,820,32329708,encoded,,20542,False
B,819,32359658,encoded,,14884,False
A,821,32363029,encoded,,15142,False
B,820,32392982,encoded,,14231,False
A,822,32396362,encoded,,18440,False
B,821,32426334,encoded,,11435,False
A,823,32429708,encoded,,12565,False
B,822,32459650,encoded,,11980,False
B,823,32492996,encoded,,10201,False
A,824,32496372,encoded,,11381,False
B,824,32526321,encoded,,18657,False
A,825,32529719,encoded,,10561,False
B,825,32592980,encoded,,9497,False
A,826,32563028,encoded,,9938,False
B,826,32626306,encoded,,8234,False
A,827,32596359,encoded,,9202,False
B,827,32659641,encoded,,7716,False
A,828,32629694,encoded,,8239,False
B,828,32692978,encoded,,6631,False
A,829,32663024,encoded,,8775,False
A,830,32696357,encoded,,8029,False
B,829,32726304,encoded,,6376,False
A,831,32729700,encoded,,8020,False
B,830,32759648,encoded,,5903,False
A,832,32796363,encoded,,8272,False
B,831,32792978,encoded,,5302,False
A,833,32829686,encoded,,7250,False
B,832,32859640,encoded,,5367,False
A,834,32863025,encoded,,7151,False
B,833,32892979,encoded,,5710,False
A,835,32929692,encoded,,6900,False
B,834,32926322,encoded,,14460,False
A,836,32963029,encoded,,8335,False
B,835,32992975,encoded,,31678,False
A,837,32996350,encoded,,17276,False
B,836,33026322,encoded,,12316,False
A,838,33029698,encoded,,38598,False
B,837,33059649,encoded,,6006,False
A,839,33063027,encoded,,3645,False
B,838,33092963,encoded,,16667,False
A,840,33129681,encoded,,7147,False
B,839,33126308,encoded,,16667,False
A,841,33163024,encoded,,124688,True
B,840,33159652,encoded,,16666,False
A,842,33196349,encoded,,17834,False
B,841,33226309,encoded,,123303,True
A,843,33229680,encoded,,18592,False
B,842,33259639,encoded,,17253,False
A,844,33263024,encoded,,13217,False
B,843,33292960,encoded,,12774,False
A,845,33296348,encoded,,28168,False
B,844,33326291,encoded,,17805,False
A,846,33329692,encoded,,13457,False
B,845,33359633,encoded,,9125,False
A,847,33396356,encoded,,13745,False
B,846,33392989,encoded,,25190,False
A,848,33429684,encoded,,16859,False
B,847,33426305,encoded,,18920,False
A,849,33463014,encoded,,9667,False
B,848,33492959,encoded,,19648,False
A,850,33496341,encoded,,21468,False
B,849,33526288,encoded,,13518,False
A,851,33529677,encoded,,5426,False
B,850,33559626,encoded,,13350,False
A,852,33563023,encoded,,15308,False
B,851,33592954,encoded,,14547,False
A,853,33629674,encoded,,18579,False
B,852,33626290,encoded,,11804,False
A,854,33663021,encoded,,13038,False
B,853,33692952,encoded,,17864,False
A,855,33696343,encoded,,10597,False
B,854,33726311,encoded,,10061,False
A,856,33729678,encoded,,10531,False
B,855,33759627,encoded,,8488,False
A,857,33763014,encoded,,9883,False
B,856,33792949,encoded,,7237,False
A,858,33829673,encoded,,9068,False
B,857,33826286,encoded,,7515,False
A,859,33863006,encoded,,8429,False
B,858,33859615,encoded,,6574,False
A,860,33896338,encoded,,8049,False
B,859,33926287,encoded,,6101,False
A,861,33929674,encoded,,8785,False
B,860,33959623,encoded,,5721,False
A,862,33962999,encoded,,7544,False
B,861,33992946,encoded,,5339,False
A,863,34029664,encoded,,8035,False
B,862,34026296,encoded,,5092,False
A,864,34063005,encoded,,7778,False
B,863,34059623,encoded,,6105,False
A,865,34096333,encoded,,7750,False
B,864,34126282,encoded,,16666,False
A,866,34129663,encoded,,7616,False
B,865,34159629,encoded,,37066,False
A,867,34163008,encoded,,15889,False
B,866,34192963,encoded,,2007,False
A,868,34196341,encoded,,24612,False
B,867,34226278,encoded,,10927,False
A,869,34262990,encoded,,8722,False
B,868,34259608,encoded,,16667,False
A,870,34296330,encoded,,16666,False
B,869,34292952,encoded,,16667,False
A,871,34329661,encoded,,124753,True
B,870,34326295,encoded,,16666,False
A,872,34362990,encoded,,22461,False
B,871,34392947,encoded,,123439,True
A,873,34396325,encoded,,8624,False
B,872,34426278,encoded,,18223,False
A,874,34429663,encoded,,17490,False
B,873,34459604,encoded,,11744,False
A,875,34463003,encoded,,19324,False
B,874,34492936,encoded,,18129,False
A,876,34496321,encoded,,18042,False
B,875,34526269,encoded,,12715,False
A,877,34562987,encoded,,12303,False
B,876,34559608,encoded,,22658,False
A,878,34596334,encoded,,19769,False
B,877,34626266,encoded,,18233,False
A,879,34629649,encoded,,9738,False
B,878,34659614,encoded,,17387,False
A,880,34662996,encoded,,21680,False
B,879,34692940,encoded,,13928,False
B,880,34726271,encoded,,12689,False
A,881,34696328,encoded,,22451,False
A,882,34729661,encoded,,3940,False
B,881,34759611,encoded,,14173,False
A,883,34796323,encoded,,4428,False
B,882,34792933,encoded,,17867,False
A,884,34829646,encoded,,18995,False
B,883,34859599,encoded,,14655,False
A,885,34862989,encoded,,11863,False
B,884,34892934,encoded,,9665,False
A,886,34896317,encoded,,10186,False
B,885,34926274,encoded,,8451,False
A,887,34929661,encoded,,9571,False
B,886,34959594,encoded,,7626,False
A,888,34996310,encoded,,8941,False
B,887,34992935,encoded,,6796,False
A,889,35029641,encoded,,8833,False
B,888,35026266,encoded,,6309,False
A,890,35062981,encoded,,8388,False
B,889,35092924,encoded,,6440,False
A,891,35096311,encoded,,8251,False
B,890,35126265,encoded,,6373,False
A,892,35129642,encoded,,7696,False
B,891,35159590,encoded,,5869,False
A,893,35162999,encoded,,7476,False
B,892,35192923,encoded,,5387,False
A,894,35229638,encoded,,7253,False
B,893,35226264,encoded,,5412,False
A,895,35262976,encoded,,7147,False
B,894,35259596,encoded,,15832,False
A,896,35296304,encoded,,13731,False
B,895,35326269,encoded,,30144,False
A,897,35329640,encoded,,18715,False
B,896,35359593,encoded,,3357,False
A,898,35362984,encoded,,14618,False
B,897,35392939,encoded,,16499,False
A,899,35396305,encoded,,16667,False
B,898,35426255,encoded,,16667,False
A,900,35462968,encoded,,16666,False
B,899,35459594,encoded,,16667,False
A,901,35496313,encoded,,124560,True
B,900,35492939,encoded,,16666,False
A,902,35529648,encoded,,13901,False
B,901,35559583,encoded,,123349,True
A,903,35562963,encoded,,21397,False
B,902,35592918,encoded,,13740,False
A,904,35596303,encoded,,22068,False
B,903,35626253,encoded,,19340,False
A,905,35629637,encoded,,13925,False
B,904,35659579,encoded,,22514,False
A,906,35696299,encoded,,20178,False
B,905,35692949,encoded,,13863,False
A,907,35729640,encoded,,17830,False
B,906,35726264,encoded,,20986,False
A,908,35762978,encoded,,10703,False
B,907,35759575,encoded,,12463,False
A,909,35796300,encoded,,9343,False
B,908,35826249,encoded,,11401,False
A,910,35829626,encoded,,21300,False
B,909,35859581,encoded,,10256,False
A,911,35862965,encoded,,21834,False
B,910,35892911,encoded,,16316,False
A,912,35896298,encoded,,2615,False
B,911,35926252,encoded,,12140,False
A,913,35962971,encoded,,17020,False
B,912,35959583,encoded,,11772,False
A,914,35996288,encoded,,12072,False
B,913,36026251,encoded,,13818,False
A,915,36029620,encoded,,10894,False
B,914,36059589,encoded,,17935,False
A,916,36062975,encoded,,9719,False
B,915,36092905,encoded,,13386,False
A,917,36096289,encoded,,9675,False
B,916,36126246,encoded,,9340,False
A,918,36129629,encoded,,8861,False
B,917,36159586,encoded,,8077,False
A,919,36196285,encoded,,8378,False
B,918,36192901,encoded,,7421,False
A,920,36229619,encoded,,8094,False
B,919,36259568,encoded,,7529,False
A,921,36262950,encoded,,7717,False
B,920,36292902,encoded,,6288,False
A,922,36296298,encoded,,7388,False
B,921,36326239,encoded,,5691,False
A,923,36329618,encoded,,8965,False
B,922,36359566,encoded,,5556,False
A,924,36396282,encoded,,7494,False
B,923,36392903,encoded,,5087,False
A,925,36429635,encoded,,7517,False
B,924,36426251,encoded,,11732,False
A,926,36462968,encoded,,9886,False
B,925,36492913,encoded,,16667,False
A,927,36496280,encoded,,16666,False
B,926,36526248,encoded,,29257,False
A,928,36529634,encoded,,24237,False
B,927,36559567,encoded,,4259,False
A,929,36562962,encoded,,9097,False
B,928,36592901,encoded,,16484,False
A,930,36629631,encoded,,16666,False
A,931,36662956,encoded,,124544,True
B,929,36626230,encoded,,16667,False
A,932,36696275,encoded,,26190,False
B,930,36659569,encoded,,16666,False
A,933,36729619,encoded,,7471,False
B,931,36726245,encoded,,123133,True
A,934,36762955,encoded,,15980,False
B,932,36759571,encoded,,19687,False
A,935,36796280,encoded,,26928,False
B,933,36792899,encoded,,10183,False
A,936,36829616,encoded,,16772,False
B,934,36826224,encoded,,20079,False
A,937,36896269,encoded,,18295,False
B,935,36859566,encoded,,13293,False
A,938,36929602,encoded,,10586,False
B,936,36892889,encoded,,22447,False
A,939,36962966,encoded,,8708,False
B,937,36926226,encoded,,17857,False
A,940,36996271,encoded,,20520,False
B,938,36992901,encoded,,13236,False
A,941,37029621,encoded,,14611,False
B,939,37026233,encoded,,13923,False
B,940,37059552,encoded,,15348,False
A,942,37062947,encoded,,18093,False
B,941,37092883,encoded,,14816,False
A,943,37129600,encoded,,12897,False
A,944,37162933,encoded,,10894,False
B,942,37159571,encoded,,12943,False
A,945,37196277,encoded,,10101,False
B,943,37192901,encoded,,17195,False
A,946,37229611,encoded,,9594,False
B,944,37226222,encoded,,13543,False
A,947,37262941,encoded,,9188,False
B,945,37259546,encoded,,8781,False
A,948,37296261,encoded,,8600,False
B,946,37292882,encoded,,7900,False
B,947,37359545,encoded,,7374,False
A,949,37362926,encoded,,8561,False
B,948,37392886,encoded,,6783,False
A,950,37396276,encoded,,7861,False
B,949,37426224,encoded,,6283,False
A,951,37429598,encoded,,8178,False
B,950,37459561,encoded,,5953,False
A,952,37462941,encoded,,7971,False
B,951,37492886,encoded,,6307,False
A,953,37496266,encoded,,7938,False
B,952,37526214,encoded,,6431,False
A,954,37562947,encoded,,7574,False
B,953,37592876,encoded,,7232,False
A,955,37596260,encoded,,7143,False
B,954,37626217,encoded,,9273,False
A,956,37629590,encoded,,8136,False
B,955,37659547,encoded,,16667,False
A,957,37662924,encoded,,17697,False
B,956,37692877,encoded,,30669,False
A,958,37729597,encoded,,35552,False
B,957,37726208,encoded,,3686,False
A,959,37762926,encoded,,4092,False
B,958,37759535,encoded,,15645,False
A,960,37796253,encoded,,11524,False
B,959,37826201,encoded,,16667,False
A,961,37829587,encoded,,124514,True
B,960,37859539,encoded,,16666,False
A,962,37862919,encoded,,24552,False
B,961,37892886,encoded,,123192,True
A,963,37896252,encoded,,7299,False
B,962,37926217,encoded,,17328,False
A,964,37929588,encoded,,15832,False
B,963,37959550,encoded,,12869,False
A,965,37996257,encoded,,17659,False
B,964,37992885,encoded,,10847,False
A,966,38029581,encoded,,23187,False
B,965,38059538,encoded,,14146,False
A,967,38062915,encoded,,20404,False
A,968,38096254,encoded,,11175,False
B,966,38092866,encoded,,23712,False
A,969,38129595,encoded,,9083,False
B,967,38126218,encoded,,10351,False
A,970,38196259,encoded,,21380,False
B,968,38159530,encoded,,10177,False
A,971,38229598,encoded,,14595,False
B,969,38192883,encoded,,14869,False
A,972,38262915,encoded,,19491,False
B,970,38226195,encoded,,20351,False
A,973,38296275,encoded,,12857,False
B,971,38259534,encoded,,14817,False
A,974,38329576,encoded,,11396,False
B,972,38292870,encoded,,16284,False
A,975,38362909,encoded,,10633,False
B,973,38326193,encoded,,22959,False
A,976,38396241,encoded,,9452,False
A,977,38429575,encoded,,9531,False
B,974,38359542,encoded,,9707,False
A,978,38462911,encoded,,8624,False
B,975,38392872,encoded,,8091,False
A,979,38496243,encoded,,8205,False
B,976,38459534,encoded,,8903,False
A,980,38562904,encoded,,8110,False
B,977,38492867,encoded,,8600,False
A,981,38596237,encoded,,7849,False
B,978,38526192,encoded,,9637,False
A,982,38629583,encoded,,7590,False
B,979,38592856,encoded,,6765,False
A,983,38662912,encoded,,7464,False
B,980,38626202,encoded,,10580,False
B,981,38659528,encoded,,9942,False
A,984,38696241,encoded,,7197,False
B,982,38692850,encoded,,10681,False
A,985,38729565,encoded,,6866,False
B,983,38726185,encoded,,10636,False
A,986,38796230,encoded,,7151,False
B,984,38759529,encoded,,10960,False
A,987,38829579,encoded,,15705,False
B,985,38792861,encoded,,10926,False
B,986,38859526,encoded,,10259,False
A,988,38862916,encoded,,37493,False
B,987,38892884,encoded,,12411,False
A,989,38896245,encoded,,3885,False
B,988,38926191,encoded,,16667,False
B,989,38959524,encoded,,16667,False
A,990,38962910,encoded,,8622,False
A,991,38996234,encoded,,124452,True
B,990,39026196,encoded,,16666,False
A,992,39029578,encoded,,17882,False
B,991,39059513,encoded,,122212,True
A,993,39096224,encoded,,18572,False
B,992,39126198,encoded,,18881,False
A,994,39129556,encoded,,13405,False
B,993,39159509,encoded,,12784,False
A,995,39162906,encoded,,20180,False
B,994,39192846,encoded,,12233,False
A,996,39196225,encoded,,9454,False
B,995,39226175,encoded,,18032,False
A,997,39229559,encoded,,9724,False
B,996,39259522,encoded,,15199,False
A,998,39296235,encoded,,8879,False
B,997,39292866,encoded,,17734,False
A,999,39329559,encoded,,21292,False
B,998,39359510,encoded,,19751,False
A,1000,39362891,encoded,,19370,False
B,999,39392840,encoded,,13762,False
A,1001,39396220,encoded,,14195,False
B,1000,39426181,encoded,,17284,False
A,1002,39429553,encoded,,20543,False
B,1001,39459509,encoded,,24065,False
A,1003,39462885,encoded,,19560,False
B,1002,39492844,encoded,,21635,False
A,1004,39529567,encoded,,12010,False
B,1003,39526189,encoded,,11184,False
A,1005,39562886,encoded,,10991,False
B,1004,39559508,encoded,,9206,False
A,1006,39596214,encoded,,9906,False
B,1005,39626169,encoded,,9563,False
A,1007,39629552,encoded,,9312,False
B,1006,39659505,encoded,,8842,False
A,1008,39662890,encoded,,8787,False
B,1007,39692837,encoded,,8777,False
A,1009,39729555,encoded,,8689,False
B,1008,39726173,encoded,,8355,False
A,1010,39762894,encoded,,8053,False
B,1009,39759517,encoded,,8052,False
A,1011,39796213,encoded,,8423,False
A,1012,39829544,encoded,,7981,False
B,1010,39826172,encoded,,8854,False
A,1013,39862880,encoded,,7948,False
B,1011,39859504,encoded,,7392,False
A,1014,39896216,encoded,,7533,False
B,1012,39892830,encoded,,13689,False
A,1015,39929544,encoded,,7136,False
B,1013,39926161,encoded,,9829,False
A,1016,39962895,encoded,,9057,False
B,1014,39959493,encoded,,8325,False
A,1017,40029541,encoded,,16666,False
B,1015,39992825,encoded,,7219,False
A,1018,40062886,encoded,,36228,False
B,1016,40026181,encoded,,7131,False
A,1019,40096206,encoded,,3779,False
B,1017,40059501,encoded,,10010,False
B,1018,40126171,encoded,,16667,False
A,1020,40129550,encoded,,9993,False
B,1019,40159496,encoded,,25454,False
A,1021,40162873,encoded,,124500,True
B,1020,40226157,encoded,,7879,False
A,1022,40229540,encoded,,17986,False
B,1021,40259496,encoded,,137273,True
A,1023,40262878,encoded,,18886,False
B,1022,40292837,encoded,,13045,False
A,1024,40296202,encoded,,13899,False
B,1023,40326162,encoded,,11304,False
A,1025,40329535,encoded,,21443,False
B,1024,40359485,encoded,,21651,False
A,1026,40396206,encoded,,21222,False
B,1025,40392821,encoded,,17180,False
A,1027,40429532,encoded,,20205,False
B,1026,40426155,encoded,,17125,False
A,1028,40462879,encoded,,10383,False
B,1027,40459501,encoded,,15587,False
A,1029,40496198,encoded,,8764,False
A,1030,40529540,encoded,,21204,False
B,1028,40526150,encoded,,16108,False
A,1031,40562883,encoded,,14844,False
B,1029,40559491,encoded,,11981,False
A,1032,40596197,encoded,,18339,False
B,1030,40592828,encoded,,9424,False
A,1033,40629539,encoded,,12959,False
B,1031,40626145,encoded,,17010,False
A,1034,40696196,encoded,,11195,False
B,1032,40659491,encoded,,9129,False
B,1033,40692815,encoded,,8181,False
A,1035,40729534,encoded,,10311,False
B,1034,40759499,encoded,,8980,False
A,1036,40762884,encoded,,9413,False
B,1035,40792834,encoded,,7754,False
A,1037,40796212,encoded,,9109,False
B,1036,40826155,encoded,,7661,False
A,1038,40829541,encoded,,8753,False
B,1037,40859488,encoded,,15008,False
A,1039,40896191,encoded,,8302,False
B,1038,40926148,encoded,,6876,False
A,1040,40929523,encoded,,8292,False
B,1039,40959488,encoded,,12626,False
A,1041,40962863,encoded,,8400,False
B,1040,40992813,encoded,,10859,False
A,1042,41029520,encoded,,7919,False
B,1041,41026158,encoded,,10510,False
A,1043,41062867,encoded,,7860,False
B,1042,41059488,encoded,,10300,False
A,1044,41096188,encoded,,9028,False
B,1043,41126146,encoded,,7559,False
A,1045,41129518,encoded,,8423,False
B,1044,41159478,encoded,,12034,False
A,1046,41162863,encoded,,8571,False
B,1045,41192809,encoded,,10804,False
A,1047,41196183,encoded,,9790,False
B,1046,41226139,encoded,,7808,False
A,1048,41262857,encoded,,16667,False
B,1047,41259473,encoded,,16223,False
A,1049,41296192,encoded,,36658,False
B,1048,41292814,encoded,,16667,False
A,1050,41329524,encoded,,3885,False
B,1049,41326134,encoded,,16667,False
A,1051,41362846,encoded,,124618,True
B,1050,41392822,encoded,,16666,False
A,1052,41396203,encoded,,17679,False
B,1051,41426151,encoded,,121834,True
A,1053,41429512,encoded,,7294,False
B,1052,41459466,encoded,,24778,False
A,1054,41462845,encoded,,23392,False
B,1053,41492796,encoded,,9201,False
A,1055,41529514,encoded,,10735,False
B,1054,41526134,encoded,,11924,False
A,1056,41562855,encoded,,19320,False
B,1055,41592795,encoded,,17411,False
A,1057,41596175,encoded,,12329,False
B,1056,41626137,encoded,,10943,False
A,1058,41629507,encoded,,15244,False
B,1057,41659463,encoded,,10793,False
A,1059,41662842,encoded,,18812,False
B,1058,41692804,encoded,,21839,False
A,1060,41696174,encoded,,10259,False
B,1059,41726129,encoded,,15782,False
A,1061,41762845,encoded,,20784,False
B,1060,41759459,encoded,,13357,False
A,1062,41796174,encoded,,15358,False
B,1061,41792794,encoded,,18500,False
A,1063,41829503,encoded,,18620,False
B,1062,41859463,encoded,,19506,False
A,1064,41862836,encoded,,12591,False
B,1063,41892795,encoded,,15879,False
A,1065,41896173,encoded,,11142,False
B,1064,41926125,encoded,,13614,False
A,1066,41929504,encoded,,10000,False
B,1065,41959469,encoded,,16583,False
A,1067,41996177,encoded,,9649,False
B,1066,41992808,encoded,,10763,False
A,1068,42029521,encoded,,8956,False
B,1067,42026123,encoded,,9177,False
A,1069,42062833,encoded,,8537,False
B,1068,42092797,encoded,,10750,False
A,1070,42096168,encoded,,8873,False
B,1069,42126125,encoded,,9351,False
A,1071,42129505,encoded,,7961,False
B,1070,42159453,encoded,,9607,False
A,1072,42196178,encoded,,8181,False
B,1071,42192803,encoded,,9106,False
A,1073,42229497,encoded,,8029,False
B,1072,42226121,encoded,,9356,False
A,1074,42262831,encoded,,7705,False
B,1073,42292788,encoded,,10649,False
A,1075,42296163,encoded,,7417,False
B,1074,42326125,encoded,,8815,False
A,1076,42329507,encoded,,7291,False
B,1075,42359453,encoded,,8109,False
A,1077,42362840,encoded,,12014,False
B,1076,42392780,encoded,,14221,False
A,1078,42396166,encoded,,16667,False
B,1077,42426128,encoded,,7141,False
A,1079,42462826,encoded,,16667,False
B,1078,42459444,encoded,,12484,False
A,1080,42496158,encoded,,16666,False
B,1079,42526118,encoded,,11861,False
A,1081,42529490,encoded,,124677,True
B,1080,42559456,encoded,,16666,False
A,1082,42562839,encoded,,20642,False
B,1081,42592778,encoded,,123097,True
A,1083,42596167,encoded,,10525,False
B,1082,42626108,encoded,,10771,False
A,1084,42662821,encoded,,17416,False
B,1083,42659462,encoded,,20162,False
A,1085,42696155,encoded,,19990,False
B,1084,42692774,encoded,,14280,False
A,1086,42729506,encoded,,18771,False
B,1085,42759443,encoded,,16389,False
A,1087,42762821,encoded,,15314,False
B,1086,42792782,encoded,,9573,False
A,1088,42796157,encoded,,16067,False
B,1087,42826115,encoded,,24818,False
A,1089,42829495,encoded,,10114,False
B,1088,42859450,encoded,,19597,False
A,1090,42862819,encoded,,8505,False
B,1089,42892774,encoded,,18831,False
A,1091,42929483,encoded,,20032,False
B,1090,42926112,encoded,,15768,False
A,1092,42962830,encoded,,22120,False
B,1091,42959435,encoded,,13870,False
A,1093,42996148,encoded,,13794,False
B,1092,43026102,encoded,,12246,False
A,1094,43029490,encoded,,11835,False
B,1093,43059434,encoded,,16555,False
A,1095,43062827,encoded,,11332,False
B,1094,43092775,encoded,,9559,False
A,1096,43096155,encoded,,10062,False
B,1095,43126100,encoded,,8190,False
A,1097,43162811,encoded,,9503,False
B,1096,43159434,encoded,,7410,False
A,1098,43196149,encoded,,8883,False
B,1097,43226100,encoded,,7932,False
A,1099,43229477,encoded,,8497,False
B,1098,43259443,encoded,,6923,False
A,1100,43262818,encoded,,8081,False
B,1099,43292762,encoded,,5996,False
A,1101,43296141,encoded,,7991,False
B,1100,43326097,encoded,,12709,False
A,1102,43362814,encoded,,7855,False
B,1101,43359435,encoded,,8815,False
A,1103,43396145,encoded,,8224,False
B,1102,43426095,encoded,,8388,False
A,1104,43429471,encoded,,7294,False
B,1103,43459436,encoded,,7648,False
A,1105,43462808,encoded,,7236,False
B,1104,43492769,encoded,,7153,False
A,1106,43496143,encoded,,8574,False
B,1105,43526096,encoded,,9987,False
A,1107,43529485,encoded,,16666,False
B,1106,43559434,encoded,,16667,False
A,1108,43596135,encoded,,27796,False
B,1107,43592770,encoded,,17082,False
A,1109,43629482,encoded,,5538,False
B,1108,43626104,encoded,,16251,False
A,1110,43662811,encoded,,16666,False
B,1109,43692768,encoded,,16667,False
A,1111,43696148,encoded,,124680,True
B,1110,43726100,encoded,,16666,False
A,1112,43729475,encoded,,20259,False
B,1111,43759429,encoded,,123181,True
A,1113,43762812,encoded,,17862,False
B,1112,43792762,encoded,,11377,False
A,1114,43829479,encoded,,20824,False
B,1113,43826086,encoded,,21268,False
A,1115,43862803,encoded,,13458,False
B,1114,43859424,encoded,,15479,False
A,1116,43896131,encoded,,18914,False
B,1115,43926093,encoded,,15309,False
A,1117,43929481,encoded,,19356,False
B,1116,43959432,encoded,,12278,False
A,1118,43962800,encoded,,11942,False
B,1117,43992747,encoded,,21318,False
A,1119,43996130,encoded,,9006,False
B,1118,44026089,encoded,,16691,False
A,1120,44062812,encoded,,21104,False
B,1119,44059435,encoded,,16926,False
A,1121,44096125,encoded,,14567,False
B,1120,44126091,encoded,,17551,False
A,1122,44129458,encoded,,18390,False
B,1121,44159420,encoded,,17558,False
A,1123,44162799,encoded,,12445,False
B,1122,44192763,encoded,,14640,False
A,1124,44196137,encoded,,10794,False
B,1123,44226078,encoded,,9278,False
A,1125,44262791,encoded,,9976,False
B,1124,44259411,encoded,,8182,False
A,1126,44296126,encoded,,9598,False
B,1125,44292797,encoded,,7077,False
A,1127,44329468,encoded,,9062,False
B,1126,44326102,encoded,,6608,False
A,1128,44362787,encoded,,8584,False
B,1127,44392784,encoded,,6599,False
A,1129,44396129,encoded,,8874,False
B,1128,44426084,encoded,,13791,False
A,1130,44429472,encoded,,8266,False
B,1129,44459429,encoded,,9317,False
A,1131,44496127,encoded,,8236,False
B,1130,44492752,encoded,,7820,False
A,1132,44529455,encoded,,7925,False
B,1131,44526072,encoded,,7376,False
A,1133,44562792,encoded,,7344,False
B,1132,44559419,encoded,,6709,False
A,1134,44596114,encoded,,7267,False
B,1133,44626069,encoded,,6938,False
A,1135,44629453,encoded,,7232,False
B,1134,44659411,encoded,,6729,False
A,1136,44662801,encoded,,7369,False
B,1135,44692751,encoded,,16667,False
A,1137,44696125,encoded,,20456,False
B,1136,44726078,encoded,,34310,False
A,1138,44762785,encoded,,38313,False
B,1137,44759411,encoded,,4615,False
A,1139,44796121,encoded,,4073,False
B,1138,44792747,encoded,,11075,False
A,1140,44829446,encoded,,4805,False
B,1139,44859408,encoded,,16667,False
A,1141,44862778,encoded,,124558,True
B,1140,44892742,encoded,,16666,False
A,1142,44896111,encoded,,18253,False
B,1141,44926079,encoded,,123120,True
A,1143,44929451,encoded,,6647,False
B,1142,44959407,encoded,,9580,False
A,1144,44996119,encoded,,23141,False
B,1143,44992734,encoded,,17768,False
A,1145,45029447,encoded,,19285,False
B,1144,45026072,encoded,,19110,False
A,1146,45062795,encoded,,10288,False
B,1145,45092755,encoded,,16484,False
A,1147,45096118,encoded,,16648,False
B,1146,45126078,encoded,,23559,False
A,1148,45129446,encoded,,14096,False
B,1147,45159398,encoded,,25601,False
A,1149,45162781,encoded,,23216,False
B,1148,45192727,encoded,,18493,False
A,1150,45229447,encoded,,12687,False
B,1149,45226073,encoded,,10926,False
A,1151,45262786,encoded,,17780,False
B,1150,45259410,encoded,,11104,False
A,1152,45296103,encoded,,22103,False
B,1151,45326069,encoded,,17212,False
A,1153,45329438,encoded,,2996,False
B,1152,45359403,encoded,,9756,False
A,1154,45362785,encoded,,16090,False
B,1153,45392723,encoded,,7671,False
A,1155,45396109,encoded,,11529,False
B,1154,45426056,encoded,,6735,False
A,1156,45462769,encoded,,10246,False
B,1155,45459398,encoded,,6275,False
A,1157,45496109,encoded,,9251,False
B,1156,45526053,encoded,,6163,False
A,1158,45529429,encoded,,9025,False
B,1157,45559403,encoded,,13202,False
A,1159,45562764,encoded,,8545,False
B,1158,45592734,encoded,,8998,False
A,1160,45596109,encoded,,8664,False
B,1159,45626057,encoded,,7822,False
A,1161,45629439,encoded,,7999,False
B,1160,45659383,encoded,,7148,False
A,1162,45696096,encoded,,7717,False
B,1161,45692728,encoded,,7193,False
A,1163,45729431,encoded,,8270,False
B,1162,45726052,encoded,,6308,False
A,1164,45762767,encoded,,7721,False
B,1163,45792721,encoded,,6849,False
A,1165,45796093,encoded,,7450,False
B,1164,45826058,encoded,,12923,False
A,1166,45829424,encoded,,8148,False
B,1165,45859380,encoded,,23665,False
A,1167,45862767,encoded,,16666,False
B,1166,45892719,encoded,,12871,False
A,1168,45929425,encoded,,23689,False
B,1167,45926052,encoded,,13464,False
A,1169,45962754,encoded,,9645,False
B,1168,45992716,encoded,,16667,False
A,1170,45996089,encoded,,16666,False
B,1169,46026071,encoded,,16667,False
A,1171,46029437,encoded,,124736,True
B,1170,46059383,encoded,,16666,False
A,1172,46062768,encoded,,20637,False
B,1171,46092714,encoded,,123160,True
A,1173,46129418,encoded,,10534,False
B,1172,46126040,encoded,,16716,False
A,1174,46162757,encoded,,17644,False
B,1173,46159374,encoded,,12318,False
A,1175,46196087,encoded,,17899,False
B,1174,46226040,encoded,,10999,False
A,1176,46229416,encoded,,23169,False
B,1175,46259376,encoded,,14090,False
A,1177,46262752,encoded,,19690,False
B,1176,46292726,encoded,,24407,False
A,1178,46296096,encoded,,11256,False
B,1177,46326045,encoded,,11228,False
A,1179,46329419,encoded,,9078,False
B,1178,46359407,encoded,,20506,False
A,1180,46396095,encoded,,20875,False
B,1179,46392723,encoded,,14957,False
A,1181,46429423,encoded,,5983,False
B,1180,46426034,encoded,,14077,False
A,1182,46462745,encoded,,16746,False
B,1181,46492700,encoded,,13383,False
A,1183,46496078,encoded,,17512,False
B,1182,46526039,encoded,,15999,False
A,1184,46529410,encoded,,12341,False
B,1183,46559375,encoded,,8302,False
A,1185,46562749,encoded,,11363,False
B,1184,46592706,encoded,,7265,False
A,1186,46629419,encoded,,11084,False
B,1185,46626044,encoded,,15351,False
A,1187,46662746,encoded,,9527,False
B,1186,46659365,encoded,,10043,False
A,1188,46696082,encoded,,8993,False
B,1187,46726042,encoded,,10306,False
A,1189,46729405,encoded,,8517,False
B,1188,46759377,encoded,,9205,False
A,1190,46762753,encoded,,8090,False
B,1189,46792703,encoded,,8221,False
A,1191,46796071,encoded,,7902,False
B,1190,46826047,encoded,,7652,False
A,1192,46862738,encoded,,7760,False
B,1191,46859366,encoded,,6895,False
A,1193,46896078,encoded,,7599,False
B,1192,46892705,encoded,,6383,False
A,1194,46929408,encoded,,7443,False
B,1193,46959371,encoded,,6618,False
A,1195,46962736,encoded,,7199,False
B,1194,46992695,encoded,,11919,False
A,1196,46996076,encoded,,9757,False
B,1195,47026026,encoded,,16667,False
A,1197,47029412,encoded,,16666,False
B,1196,47059378,encoded,,16667,False
A,1198,47096085,encoded,,29491,False
B,1197,47092697,encoded,,16666,False
A,1199,47129398,encoded,,4290,False
B,1198,47159365,encoded,,16667,False
A,1200,47162729,encoded,,16219,False
B,1199,47192692,encoded,,16667,False
A,1201,47196066,encoded,,124807,True
B,1200,47226024,encoded,,16666,False
A,1202,47229408,encoded,,20238,False
B,1201,47259357,encoded,,137798,True
A,1203,47296062,encoded,,12530,False
B,1202,47292702,encoded,,16013,False
A,1204,47329406,encoded,,15093,False
B,1203,47359367,encoded,,7517,False
A,1205,47362748,encoded,,22976,False
B,1204,47392684,encoded,,9334,False
A,1206,47396077,encoded,,22120,False
B,1205,47426028,encoded,,11584,False
A,1207,47429396,encoded,,18332,False
B,1206,47459377,encoded,,19093,False
A,1208,47462743,encoded,,10404,False
B,1207,47492691,encoded,,17108,False
A,1209,47496062,encoded,,8921,False
B,1208,47526022,encoded,,16148,False
A,1210,47562732,encoded,,20778,False
B,1209,47559358,encoded,,12870,False
A,1211,47596072,encoded,,14865,False
B,1210,47626016,encoded,,14734,False
A,1212,47629389,encoded,,18105,False
B,1211,47659370,encoded,,19862,False
A,1213,47662721,encoded,,12432,False
B,1212,47692680,encoded,,9637,False
A,1214,47696070,encoded,,11212,False
B,1213,47726012,encoded,,8304,False
A,1215,47729398,encoded,,10714,False
B,1214,47759352,encoded,,17078,False
A,1216,47796052,encoded,,9606,False
B,1215,47792699,encoded,,10943,False
A,1217,47829392,encoded,,9410,False
B,1216,47859345,encoded,,9745,False
A,1218,47862721,encoded,,8592,False
B,1217,47892692,encoded,,8417,False
A,1219,47896059,encoded,,8120,False
B,1218,47926017,encoded,,7753,False
A,1220,47929403,encoded,,7967,False
B,1219,47959338,encoded,,7147,False
A,1221,47996059,encoded,,7870,False
B,1220,47992672,encoded,,6595,False
A,1222,48029382,encoded,,7405,False
B,1221,48026010,encoded,,6215,False
A,1223,48062715,encoded,,7346,False
B,1222,48092675,encoded,,5895,False
A,1224,48096043,encoded,,7184,False
B,1223,48126002,encoded,,5302,False
A,1225,48129379,encoded,,7027,False
B,1224,48159343,encoded,,14908,False
A,1226,48162720,encoded,,9280,False
B,1225,48192667,encoded,,31161,False
A,1227,48196046,encoded,,16666,False
B,1226,48226007,encoded,,13265,False
A,1228,48262713,encoded,,37970,False
B,1227,48259344,encoded,,5574,False
A,1229,48296054,encoded,,4897,False
B,1228,48326015,encoded,,16667,False
A,1230,48329376,encoded,,7133,False
B,1229,48359348,encoded,,16667,False
A,1231,48362717,encoded,,124635,True
B,1230,48392667,encoded,,16666,False
A,1232,48396044,encoded,,17993,False
B,1231,48425997,encoded,,122760,True
A,1233,48462710,encoded,,6890,False
B,1232,48459352,encoded,,9399,False
A,1234,48496054,encoded,,22905,False
B,1233,48492689,encoded,,14936,False
A,1235,48529388,encoded,,9147,False
B,1234,48559335,encoded,,25814,False
A,1236,48562706,encoded,,18209,False
B,1235,48592663,encoded,,15446,False
A,1237,48596046,encoded,,10715,False
B,1236,48626013,encoded,,21887,False
A,1238,48629390,encoded,,9447,False
B,1237,48659333,encoded,,23273,False
A,1239,48696038,encoded,,22275,False
B,1238,48692679,encoded,,15732,False
B,1239,48725993,encoded,,14126,False
A,1240,48729388,encoded,,23795,False
A,1241,48762712,encoded,,12657,False
B,1240,48759323,encoded,,15251,False
A,1242,48796031,encoded,,16884,False
B,1241,48825995,encoded,,14241,False
A,1243,48829369,encoded,,19718,False
B,1242,48859327,encoded,,9059,False
A,1244,48862707,encoded,,12378,False
B,1243,48892658,encoded,,7865,False
A,1245,48896034,encoded,,10987,False
B,1244,48925999,encoded,,16011,False
A,1246,48962721,encoded,,10293,False
B,1245,48959356,encoded,,4834,False
A,1247,48996032,encoded,,9284,False
B,1246,49026005,encoded,,12664,False
A,1248,49029359,encoded,,9112,False
B,1247,49059325,encoded,,9256,False
A,1249,49062704,encoded,,8838,False
B,1248,49092660,encoded,,8676,False
A,1250,49096040,encoded,,8030,False
B,1249,49125982,encoded,,7614,False
A,1251,49162691,encoded,,8623,False
B,1250,49159323,encoded,,7598,False
A,1252,49196034,encoded,,7491,False
B,1251,49192661,encoded,,7095,False
A,1253,49229357,encoded,,7643,False
B,1252,49259329,encoded,,7602,False
A,1254,49262688,encoded,,7578,False
B,1253,49292656,encoded,,6523,False
A,1255,49296031,encoded,,7110,False
B,1254,49325985,encoded,,6441,False
A,1256,49329367,encoded,,10697,False
B,1255,49359320,encoded,,12564,False
A,1257,49362696,encoded,,16666,False
B,1256,49392656,encoded,,22366,False
A,1258,49429375,encoded,,23749,False
B,1257,49425998,encoded,,12242,False
A,1259,49462692,encoded,,9585,False
B,1258,49492657,encoded,,15392,False
A,1260,49496021,encoded,,16666,False
B,1259,49525987,encoded,,16667,False
A,1261,49529359,encoded,,124684,True
B,1260,49559315,encoded,,16666,False
A,1262,49562707,encoded,,20444,False
B,1261,49592642,encoded,,123061,True
A,1263,49629351,encoded,,10155,False
B,1262,49625997,encoded,,16559,False
A,1264,49662683,encoded,,17943,False
B,1263,49659313,encoded,,13338,False
A,1265,49696014,encoded,,19398,False
B,1264,49692645,encoded,,10098,False
A,1266,49729353,encoded,,18370,False
B,1265,49759332,encoded,,14992,False
A,1267,49762683,encoded,,14946,False
B,1266,49792661,encoded,,16842,False
A,1268,49796027,encoded,,16546,False
B,1267,49825975,encoded,,16856,False
A,1269,49862681,encoded,,9969,False
B,1268,49859306,encoded,,11210,False
A,1270,49896022,encoded,,22795,False
B,1269,49892653,encoded,,13425,False
A,1271,49929353,encoded,,21716,False
B,1270,49959315,encoded,,16181,False
A,1272,49962681,encoded,,2879,False
B,1271,49992640,encoded,,21484,False
A,1273,49996008,encoded,,17375,False
B,1272,50025993,encoded,,18331,False
A,1274,50029361,encoded,,12160,False
B,1273,50059308,encoded,,9600,False
A,1275,50096010,encoded,,11145,False
B,1274,50092652,encoded,,7997,False
A,1276,50129354,encoded,,9733,False
B,1275,50125981,encoded,,16840,False
A,1277,50162673,encoded,,9188,False
B,1276,50192639,encoded,,6161,False
A,1278,50196008,encoded,,8686,False
B,1277,50225967,encoded,,11999,False
A,1279,50229338,encoded,,8099,False
B,1278,50259300,encoded,,9189,False
A,1280,50262685,encoded,,8213,False
B,1279,50292633,encoded,,7671,False
A,1281,50296003,encoded,,7377,False
B,1280,50325973,encoded,,7016,False
A,1282,50362673,encoded,,7617,False
B,1281,50359294,encoded,,6233,False
A,1283,50396012,encoded,,7623,False
B,1282,50425959,encoded,,6287,False
A,1284,50429334,encoded,,7762,False
B,1283,50459304,encoded,,5781,False
A,1285,50462670,encoded,,7427,False
B,1284,50492640,encoded,,12849,False
A,1286,50495999,encoded,,11084,False
B,1285,50525962,encoded,,23985,False
A,1287,50562664,encoded,,16666,False
B,1286,50559299,encoded,,12386,False
A,1288,50596008,encoded,,18894,False
B,1287,50592630,encoded,,13629,False
A,1289,50629339,encoded,,14440,False
B,1288,50625971,encoded,,16667,False
A,1290,50662662,encoded,,16666,False
B,1289,50692635,encoded,,16667,False
A,1291,50695996,encoded,,124714,True
B,1290,50725956,encoded,,16666,False
A,1292,50729334,encoded,,17433,False
B,1291,50759284,encoded,,122993,True
A,1293,50762667,encoded,,11810,False
B,1292,50792628,encoded,,19241,False
A,1294,50829341,encoded,,18020,False
B,1293,50825958,encoded,,15545,False
A,1295,50862664,encoded,,20779,False
B,1294,50859329,encoded,,14338,False
A,1296,50895993,encoded,,19176,False
B,1295,50892631,encoded,,14313,False
A,1297,50929328,encoded,,14832,False
B,1296,50959290,encoded,,15938,False
A,1298,50962663,encoded,,16687,False
B,1297,50992620,encoded,,16184,False
A,1299,50995992,encoded,,9774,False
B,1298,51025950,encoded,,14438,False
A,1300,51062655,encoded,,21884,False
B,1299,51059288,encoded,,12836,False
A,1301,51095997,encoded,,5356,False
B,1300,51092629,encoded,,10092,False
A,1302,51129321,encoded,,16222,False
B,1301,51159286,encoded,,13029,False
A,1303,51162652,encoded,,18393,False
B,1302,51192631,encoded,,18841,False
A,1304,51195990,encoded,,12134,False
B,1303,51225952,encoded,,19707,False
A,1305,51262651,encoded,,10751,False
B,1304,51259285,encoded,,13587,False
A,1306,51295992,encoded,,9972,False
B,1305,51292617,encoded,,9500,False
A,1307,51329323,encoded,,9549,False
B,1306,51325953,encoded,,8577,False
A,1308,51362662,encoded,,8997,False
A,1309,51395982,encoded,,8643,False
B,1307,51392609,encoded,,7757,False
B,1308,51425949,encoded,,7189,False
A,1310,51429313,encoded,,8617,False
A,1311,51495980,encoded,,8166,False
B,1309,51459288,encoded,,6755,False
A,1312,51529332,encoded,,7914,False
B,1310,51492614,encoded,,6292,False
B,1311,51525936,encoded,,6299,False
A,1313,51562647,encoded,,7760,False
B,1312,51592608,encoded,,6043,False
A,1314,51595977,encoded,,7374,False
B,1313,51625948,encoded,,5528,False
A,1315,51629311,encoded,,7167,False
B,1314,51659273,encoded,,14978,False
A,1316,51662649,encoded,,11210,False
B,1315,51692604,encoded,,39657,False
A,1317,51729306,encoded,,16666,False
B,1316,51725940,encoded,,7661,False
A,1318,51762653,encoded,,28687,False
B,1317,51759293,encoded,,2682,False
A,1319,51795974,encoded,,4647,False
B,1318,51825935,encoded,,16667,False
A,1320,51829306,encoded,,16666,False
B,1319,51859284,encoded,,16667,False
A,1321,51862650,encoded,,124667,True
B,1320,51892602,encoded,,16666,False
A,1322,51929303,encoded,,21631,False
B,1321,51925936,encoded,,122987,True
A,1323,51962639,encoded,,10265,False
B,1322,51959264,encoded,,14333,False
A,1324,51995976,encoded,,17959,False
B,1323,51992607,encoded,,23125,False
A,1325,52029312,encoded,,17532,False
B,1324,52059263,encoded,,15212,False
A,1326,52062637,encoded,,22444,False
B,1325,52092595,encoded,,20066,False
A,1327,52095969,encoded,,20022,False
B,1326,52125926,encoded,,17793,False
A,1328,52129311,encoded,,11565,False
B,1327,52159259,encoded,,22569,False
A,1329,52195974,encoded,,9717,False
B,1328,52192607,encoded,,18257,False
A,1330,52229300,encoded,,21974,False
B,1329,52225944,encoded,,13161,False
A,1331,52262630,encoded,,21898,False
B,1330,52292596,encoded,,17157,False
A,1332,52295964,encoded,,3113,False
B,1331,52325953,encoded,,9643,False
A,1333,52329308,encoded,,16866,False
B,1332,52359262,encoded,,7669,False
A,1334,52362634,encoded,,11941,False
B,1333,52392610,encoded,,15976,False
A,1335,52395965,encoded,,10904,False
B,1334,52425948,encoded,,10388,False
A,1336,52462646,encoded,,9538,False
B,1335,52459285,encoded,,8620,False
A,1337,52495962,encoded,,9339,False
B,1336,52525936,encoded,,7897,False
A,1338,52529291,encoded,,9149,False
B,1337,52559268,encoded,,7063,False
A,1339,52562631,encoded,,8793,False
B,1338,52592585,encoded,,6491,False
A,1340,52595965,encoded,,8569,False
B,1339,52625916,encoded,,6359,False
A,1341,52662625,encoded,,8173,False
B,1340,52659260,encoded,,5544,False
A,1342,52695960,encoded,,7851,False
B,1341,52692584,encoded,,5535,False
A,1343,52729291,encoded,,7461,False
B,1342,52759248,encoded,,5519,False
A,1344,52762637,encoded,,7267,False
B,1343,52792590,encoded,,5352,False
A,1345,52795965,encoded,,7265,False
B,1344,52825918,encoded,,13284,False
A,1346,52829287,encoded,,7431,False
B,1345,52859262,encoded,,39055,False
A,1347,52895957,encoded,,17664,False
B,1346,52892586,encoded,,31872,False
A,1348,52929285,encoded,,45925,False
B,1347,52959258,encoded,,1214,False
A,1349,52962624,encoded,,3336,False
B,1348,52992588,encoded,,1658,False
A,1350,52995960,encoded,,4578,False
B,1349,53025916,encoded,,9535,False
A,1351,53029296,encoded,,124758,True
B,1350,53059244,encoded,,16666,False
A,1352,53095948,encoded,,17973,False
B,1351,53092586,encoded,,122851,True
A,1353,53129281,encoded,,7016,False
B,1352,53159244,encoded,,9933,False
A,1354,53162629,encoded,,22814,False
B,1353,53192582,encoded,,23731,False
A,1355,53195975,encoded,,18031,False
B,1354,53225906,encoded,,9496,False
A,1356,53229280,encoded,,23368,False
B,1355,53259240,encoded,,13128,False
A,1357,53262627,encoded,,20465,False
B,1356,53292576,encoded,,23248,False
A,1358,53295955,encoded,,11937,False
B,1357,53325912,encoded,,13741,False
A,1359,53362617,encoded,,9426,False
B,1358,53359255,encoded,,12945,False
A,1360,53395950,encoded,,8114,False
B,1359,53392585,encoded,,12061,False
A,1361,53429279,encoded,,20351,False
B,1360,53459240,encoded,,14931,False
A,1362,53462612,encoded,,22349,False
B,1361,53492576,encoded,,10875,False
A,1363,53495945,encoded,,2990,False
B,1362,53525901,encoded,,13214,False
A,1364,53562623,encoded,,16495,False
B,1363,53559245,encoded,,10165,False
A,1365,53595941,encoded,,11803,False
B,1364,53592572,encoded,,13085,False
A,1366,53629290,encoded,,10868,False
B,1365,53659236,encoded,,20483,False
A,1367,53662614,encoded,,9693,False
A,1368,53695947,encoded,,8823,False
B,1366,53692569,encoded,,8537,False
B,1367,53725915,encoded,,7209,False
A,1369,53729277,encoded,,9155,False
B,1368,53759232,encoded,,6399,False
A,1370,53795949,encoded,,8662,False
B,1369,53792581,encoded,,5890,False
A,1371,53829295,encoded,,8152,False
B,1370,53825896,encoded,,5634,False
A,1372,53862608,encoded,,7707,False
B,1371,53892569,encoded,,5243,False
A,1373,53895936,encoded,,7699,False
B,1372,53925900,encoded,,5059,False
A,1374,53929277,encoded,,7440,False
B,1373,53959228,encoded,,15476,False
A,1375,53962599,encoded,,7405,False
B,1374,53992563,encoded,,37698,False
A,1376,54029264,encoded,,7327,False
B,1375,54025892,encoded,,7398,False
A,1377,54062615,encoded,,14342,False
B,1376,54059246,encoded,,4904,False
A,1378,54095935,encoded,,18821,False
B,1377,54125893,encoded,,16666,False
A,1379,54129263,encoded,,14513,False
B,1378,54159235,encoded,,16667,False
A,1380,54162605,encoded,,16666,False
B,1379,54192555,encoded,,16667,False
A,1381,54229258,encoded,,124770,True
B,1380,54225896,encoded,,16666,False
A,1382,54262592,encoded,,26781,False
B,1381,54259245,encoded,,122758,True
A,1383,54295927,encoded,,9558,False
B,1382,54292564,encoded,,17380,False
A,1384,54329268,encoded,,22288,False
B,1383,54359225,encoded,,18259,False
B,1384,54392559,encoded,,19373,False
A,1385,54362593,encoded,,13718,False
B,1385,54425890,encoded,,12582,False
A,1386,54395929,encoded,,19729,False
B,1386,54459219,encoded,,19317,False
A,1387,54429254,encoded,,17618,False
B,1387,54492550,encoded,,17148,False
A,1388,54462590,encoded,,10510,False
B,1388,54525898,encoded,,16529,False
A,1389,54529271,encoded,,9130,False
B,1389,54559240,encoded,,17215,False
A,1390,54562611,encoded,,21716,False
B,1390,54592564,encoded,,19753,False
A,1391,54595925,encoded,,14889,False
B,1391,54625900,encoded,,9222,False
A,1392,54629258,encoded,,18296,False
A,1393,54662585,encoded,,3034,False
B,1392,54692547,encoded,,17622,False
A,1394,54695919,encoded,,16627,False
B,1393,54725886,encoded,,11029,False
A,1395,54729252,encoded,,11152,False
B,1394,54759224,encoded,,8694,False
A,1396,54795926,encoded,,10106,False
B,1395,54792561,encoded,,7787,False
A,1397,54829254,encoded,,9526,False
B,1396,54825888,encoded,,6932,False
A,1398,54862579,encoded,,8706,False
B,1397,54892553,encoded,,6793,False
A,1399,54895918,encoded,,8453,False
B,1398,54925877,encoded,,6274,False
A,1400,54962594,encoded,,8363,False
B,1399,54959235,encoded,,6011,False
A,1401,54995932,encoded,,7580,False
B,1400,55025875,encoded,,5521,False
A,1402,55029245,encoded,,8404,False
B,1401,55059208,encoded,,5205,False
A,1403,55062577,encoded,,8088,False
B,1402,55092544,encoded,,5196,False
A,1404,55095919,encoded,,7930,False
B,1403,55125875,encoded,,6734,False
A,1405,55162578,encoded,,7831,False
B,1404,55159220,encoded,,16666,False
A,1406,55195923,encoded,,8531,False
B,1405,55192554,encoded,,29238,False
A,1407,55229246,encoded,,16666,False
B,1406,55259208,encoded,,4096,False
A,1408,55262575,encoded,,37789,False
B,1407,55292557,encoded,,16666,False
A,1409,55295912,encoded,,3950,False
B,1408,55325866,encoded,,16667,False
A,1410,55329271,encoded,,12029,False
B,1409,55359203,encoded,,16667,False
A,1411,55395921,encoded,,124642,True
B,1410,55392537,encoded,,16666,False
A,1412,55429253,encoded,,24905,False
B,1411,55425882,encoded,,137583,True
A,1413,55462576,encoded,,7502,False
B,1412,55492543,encoded,,15798,False
A,1414,55495903,encoded,,15065,False
B,1413,55525877,encoded,,11760,False
A,1415,55529250,encoded,,19068,False
B,1414,55559222,encoded,,19019,False
A,1416,55562579,encoded,,10649,False
B,1415,55592530,encoded,,10913,False
A,1417,55629235,encoded,,17262,False
B,1416,55625882,encoded,,24763,False
A,1418,55662574,encoded,,11577,False
B,1417,55659240,encoded,,13334,False
A,1419,55695901,encoded,,24765,False
B,1418,55692539,encoded,,13865,False
A,1420,55729231,encoded,,12342,False
B,1419,55759197,encoded,,14995,False
A,1421,55762572,encoded,,17054,False
B,1420,55792543,encoded,,21298,False
A,1422,55795919,encoded,,21423,False
B,1421,55825858,encoded,,16278,False
A,1423,55829244,encoded,,12852,False
B,1422,55859196,encoded,,10813,False
A,1424,55895904,encoded,,11246,False
B,1423,55892527,encoded,,9483,False
A,1425,55929229,encoded,,10908,False
B,1424,55925855,encoded,,7876,False
A,1426,55962571,encoded,,9558,False
B,1425,55992544,encoded,,7452,False
A,1427,55995898,encoded,,9096,False
B,1426,56025854,encoded,,6803,False
A,1428,56029236,encoded,,8705,False
B,1427,56059190,encoded,,6489,False
A,1429,56062573,encoded,,8447,False
B,1428,56092526,encoded,,5716,False
A,1430,56095889,encoded,,7872,False
B,1429,56125859,encoded,,5432,False
A,1431,56162560,encoded,,8234,False
B,1430,56159186,encoded,,4891,False
A,1432,56195898,encoded,,7898,False
B,1431,56225860,encoded,,4778,False
A,1433,56229231,encoded,,7256,False
B,1432,56259184,encoded,,4529,False
A,1434,56295893,encoded,,7522,False
B,1433,56292525,encoded,,9466,False
A,1435,56329223,encoded,,7347,False
B,1434,56325851,encoded,,16666,False
A,1436,56362551,encoded,,6890,False
A,1437,56395888,encoded,,16147,False
B,1435,56392528,encoded,,27426,False
A,1438,56429222,encoded,,30824,False
B,1436,56425847,encoded,,8668,False
B,1437,56459182,encoded,,13906,False
A,1439,56462551,encoded,,4018,False
B,1438,56492517,encoded,,16667,False
A,1440,56495884,encoded,,15158,False
B,1439,56525853,encoded,,16667,False
A,1441,56562545,encoded,,124856,True
B,1440,56559185,encoded,,16666,False
A,1442,56595891,encoded,,23359,False
B,1441,56625863,encoded,,122959,True
A,1443,56629214,encoded,,9316,False
B,1442,56659195,encoded,,16207,False
A,1444,56662550,encoded,,14399,False
B,1443,56692518,encoded,,16572,False
A,1445,56695891,encoded,,21008,False
B,1444,56725841,encoded,,18982,False
A,1446,56729214,encoded,,18797,False
B,1445,56759179,encoded,,24415,False
A,1447,56795886,encoded,,23271,False
B,1446,56792506,encoded,,21507,False
A,1448,56829226,encoded,,11725,False
B,1447,56825858,encoded,,21165,False
A,1449,56862548,encoded,,8973,False
B,1448,56892503,encoded,,16469,False
A,1450,56895877,encoded,,7977,False
B,1449,56925852,encoded,,16666,False
A,1451,56929217,encoded,,19147,False
B,1450,56959175,encoded,,12070,False
A,1452,56995873,encoded,,21389,False
B,1451,56992518,encoded,,18144,False
A,1453,57029216,encoded,,13107,False
B,1452,57025849,encoded,,11302,False
A,1454,57062540,encoded,,11225,False
B,1453,57092505,encoded,,9156,False
A,1455,57095913,encoded,,10349,False
B,1454,57125845,encoded,,7905,False
A,1456,57129209,encoded,,10949,False
B,1455,57159173,encoded,,7377,False
A,1457,57162539,encoded,,9741,False
B,1456,57192497,encoded,,6669,False
A,1458,57229203,encoded,,8813,False
B,1457,57225852,encoded,,6387,False
B,1458,57259189,encoded,,5710,False
A,1459,57262543,encoded,,8092,False
A,1460,57295891,encoded,,7855,False
B,1459,57325841,encoded,,5567,False
A,1461,57329203,encoded,,7924,False
B,1460,57359167,encoded,,5571,False
A,1462,57362545,encoded,,7557,False
B,1461,57392512,encoded,,5087,False
A,1463,57395883,encoded,,8181,False
B,1462,57425833,encoded,,4632,False
A,1464,57462551,encoded,,7780,False
B,1463,57459174,encoded,,5040,False
A,1465,57495887,encoded,,7375,False
B,1464,57525826,encoded,,17505,False
A,1466,57529201,encoded,,10169,False
B,1465,57559175,encoded,,35878,False
A,1467,57562528,encoded,,17234,False
B,1466,57592501,encoded,,2601,False
A,1468,57595897,encoded,,37757,False
B,1467,57625841,encoded,,11433,False
A,1469,57629204,encoded,,4067,False
B,1468,57659165,encoded,,13691,False
A,1470,57695875,encoded,,7608,False
B,1469,57692508,encoded,,16667,False
A,1471,57729191,encoded,,124781,True
B,1470,57725836,encoded,,16666,False
A,1472,57762534,encoded,,17473,False
B,1471,57792490,encoded,,122936,True
A,1473,57795888,encoded,,18511,False
B,1472,57825829,encoded,,12607,False
A,1474,57829207,encoded,,13479,False
B,1473,57859162,encoded,,19719,False
A,1475,57895865,encoded,,22115,False
B,1474,57892484,encoded,,23466,False
A,1476,57929188,encoded,,16961,False
B,1475,57925858,encoded,,19811,False
A,1477,57962531,encoded,,15325,False
B,1476,57959167,encoded,,23518,False
A,1478,57995907,encoded,,17151,False
B,1477,58025816,encoded,,16847,False
A,1479,58029187,encoded,,10298,False
B,1478,58059197,encoded,,16923,False
A,1480,58062540,encoded,,21926,False
B,1479,58092487,encoded,,15132,False
A,1481,58095861,encoded,,5486,False
B,1480,58125828,encoded,,12731,False
A,1482,58162525,encoded,,16628,False
B,1481,58159162,encoded,,18643,False
A,1483,58195859,encoded,,18045,False
B,1482,58192497,encoded,,4985,False
A,1484,58229194,encoded,,12478,False
B,1483,58259150,encoded,,12422,False
A,1485,58262517,encoded,,11326,False
B,1484,58292499,encoded,,9222,False
A,1486,58295859,encoded,,9816,False
B,1485,58325844,encoded,,7705,False
A,1487,58329182,encoded,,9122,False
B,1486,58359144,encoded,,7130,False
A,1488,58395846,encoded,,8742,False
B,1487,58392476,encoded,,6543,False
A,1489,58429187,encoded,,8420,False
B,1488,58425824,encoded,,6373,False
A,1490,58462512,encoded,,8049,False
B,1489,58459142,encoded,,5755,False
A,1491,58495847,encoded,,8002,False
B,1490,58525820,encoded,,5596,False
A,1492,58529191,encoded,,7839,False
B,1491,58559149,encoded,,4911,False
A,1493,58595842,encoded,,7588,False
B,1492,58592478,encoded,,5193,False
A,1494,58629180,encoded,,7499,False
B,1493,58625808,encoded,,5166,False
A,1495,58662509,encoded,,7043,False
B,1494,58659140,encoded,,16666,False
A,1496,58695846,encoded,,9231,False
B,1495,58725807,encoded,,30527,False
A,1497,58729174,encoded,,16666,False
B,1496,58759143,encoded,,3270,False
A,1498,58762508,encoded,,24179,False
B,1497,58792492,encoded,,16203,False
A,1499,58829181,encoded,,9155,False
B,1498,58825801,encoded,,16667,False
A,1500,58862520,encoded,,16666,False
B,1499,58859149,encoded,,16667,False
A,1501,58895851,encoded,,124808,True
B,1500,58892488,encoded,,16666,False
A,1502,58929184,encoded,,20672,False
B,1501,58959136,encoded,,122962,True
A,1503,58962510,encoded,,10402,False
B,1502,58992474,encoded,,14000,False
A,1504,58995845,encoded,,17866,False
B,1503,59025801,encoded,,11564,False
A,1505,59029180,encoded,,19352,False
B,1504,59059133,encoded,,23628,False
A,1506,59062518,encoded,,10803,False
B,1505,59092474,encoded,,14272,False
A,1507,59129174,encoded,,16462,False
B,1506,59125800,encoded,,22891,False
A,1508,59162509,encoded,,13691,False
B,1507,59192472,encoded,,15352,False
A,1509,59195831,encoded,,23405,False
B,1508,59225799,encoded,,18607,False
A,1510,59229166,encoded,,11203,False
B,1509,59259141,encoded,,12968,False
A,1511,59262501,encoded,,17737,False
B,1510,59292466,encoded,,14254,False
A,1512,59329160,encoded,,20425,False
B,1511,59325796,encoded,,9586,False
A,1513,59362506,encoded,,12820,False
B,1512,59359135,encoded,,10152,False
A,1514,59395829,encoded,,11670,False
B,1513,59425808,encoded,,11238,False
A,1515,59429172,encoded,,10592,False
B,1514,59459138,encoded,,15866,False
A,1516,59462499,encoded,,9561,False
B,1515,59492461,encoded,,11743,False
A,1517,59495826,encoded,,8813,False
B,1516,59525791,encoded,,8141,False
A,1518,59562494,encoded,,8919,False
B,1517,59559128,encoded,,7618,False
A,1519,59595831,encoded,,8679,False
B,1518,59625787,encoded,,7565,False
A,1520,59629158,encoded,,7961,False
B,1519,59659130,encoded,,6057,False
A,1521,59662492,encoded,,7736,False
B,1520,59692452,encoded,,5737,False
A,1522,59695830,encoded,,7965,False
B,1521,59725788,encoded,,5226,False
A,1523,59762492,encoded,,7760,False
B,1522,59759122,encoded,,5332,False
A,1524,59795856,encoded,,8100,False
B,1523,59792462,encoded,,8575,False
A,1525,59829157,encoded,,7229,False
B,1524,59859123,encoded,,16890,False
A,1526,59862485,encoded,,8703,False
B,1525,59892449,encoded,,28173,False
A,1527,59895821,encoded,,16666,False
B,1526,59925781,encoded,,4937,False
A,1528,59929155,encoded,,37120,False
B,1527,59959115,encoded,,16666,False
A,1529,59995817,encoded,,3912,False
B,1528,59992449,encoded,,16667,False
A,1530,60029150,encoded,,8968,False
B,1529,60059111,encoded,,16667,False
A,1531,60062485,encoded,,124713,True
B,1530,60092453,encoded,,16666,False
A,1532,60095823,encoded,,17987,False
B,1531,60125784,encoded,,122788,True
A,1533,60129154,encoded,,20239,False
B,1532,60159116,encoded,,13823,False
A,1534,60195810,encoded,,15027,False
B,1533,60192452,encoded,,19038,False
A,1535,60229144,encoded,,19626,False
B,1534,60225780,encoded,,22718,False
A,1536,60262478,encoded,,20212,False
B,1535,60259116,encoded,,16070,False
A,1537,60295812,encoded,,19402,False
B,1536,60325797,encoded,,22824,False
A,1538,60329145,encoded,,10994,False
B,1537,60359131,encoded,,18607,False
A,1539,60362491,encoded,,9211,False
B,1538,60392440,encoded,,17137,False
A,1540,60395808,encoded,,21430,False
B,1539,60425773,encoded,,13895,False
