camera,sequence,pts_us,status,drop_reason,encoded_bytes,keyframe
A,0,282786,dropped,camera_frame_error,,
B,0,547376,dropped,camera_frame_error,,
A,1,316123,encoded,,67302,True
A,2,549459,encoded,,92,False
B,1,580721,encoded,,74955,True
A,3,582793,encoded,,162,False
B,2,614052,encoded,,1396,False
A,4,616125,encoded,,9632,False
B,3,647384,encoded,,3600,False
A,5,649458,encoded,,66023,False
A,6,682797,encoded,,157,False
B,4,680730,encoded,,55237,False
B,5,714067,encoded,,2296,False
A,7,716140,encoded,,5943,False
B,6,747408,encoded,,5485,False
A,8,749463,encoded,,8670,False
B,7,780724,encoded,,12823,False
A,9,782795,encoded,,25128,False
B,8,814061,encoded,,15003,False
A,10,816131,encoded,,4363,False
B,9,847396,encoded,,7843,False
A,11,849462,encoded,,12652,False
B,10,880728,encoded,,14754,False
A,12,882798,encoded,,4518,False
A,13,916131,encoded,,19020,False
B,11,914060,encoded,,6339,False
B,12,947395,encoded,,16024,False
A,14,949468,encoded,,6064,False
A,15,982811,encoded,,4406,False
B,13,980730,encoded,,7039,False
B,14,1014067,encoded,,22626,False
A,16,1016133,encoded,,8228,False
A,17,1049466,encoded,,16667,False
B,15,1047397,encoded,,7406,False
B,16,1080729,encoded,,6636,False
A,18,1082805,encoded,,40441,False
A,19,1116140,encoded,,1157,False
B,17,1114064,encoded,,16892,False
B,18,1147405,encoded,,9783,False
A,20,1149469,encoded,,8402,False
B,19,1180736,encoded,,7713,False
A,21,1182799,encoded,,16666,False
A,22,1216137,encoded,,16667,False
B,20,1214065,encoded,,15177,False
B,21,1247405,encoded,,16666,False
A,23,1249475,encoded,,16667,False
B,22,1280736,encoded,,16667,False
A,24,1282806,encoded,,16666,False
B,23,1314065,encoded,,16667,False
A,25,1316150,encoded,,16667,False
B,24,1347399,encoded,,16666,False
A,26,1349470,encoded,,16667,False
B,25,1380739,encoded,,16667,False
A,27,1382808,encoded,,16666,False
A,28,1416139,encoded,,16667,False
B,26,1414073,encoded,,16667,False
B,27,1447399,encoded,,16666,False
A,29,1449473,encoded,,16667,False
B,28,1480737,encoded,,16667,False
A,30,1482810,encoded,,16666,False
B,29,1514071,encoded,,16667,False
A,31,1516141,encoded,,117290,True
B,30,1547412,encoded,,16666,False
A,32,1549490,encoded,,23233,False
A,33,1582810,encoded,,503,False
B,31,1580738,encoded,,111746,True
B,32,1614075,encoded,,10006,False
A,34,1616146,encoded,,3640,False
A,35,1649477,encoded,,7737,False
B,33,1647408,encoded,,6416,False
B,34,1680744,encoded,,10061,False
A,36,1682811,encoded,,11504,False
B,35,1714074,encoded,,13564,False
A,37,1716144,encoded,,5267,False
B,36,1747409,encoded,,14188,False
A,38,1749491,encoded,,4207,False
B,37,1780738,encoded,,14372,False
A,39,1782812,encoded,,21613,False
A,40,1816150,encoded,,9350,False
B,38,1814079,encoded,,16658,False
B,39,1847413,encoded,,18775,False
A,41,1849482,encoded,,6838,False
B,40,1880742,encoded,,19978,False
A,42,1882823,encoded,,6008,False
B,41,1914081,encoded,,17185,False
A,43,1916157,encoded,,5625,False
B,42,1947419,encoded,,16765,False
A,44,1949483,encoded,,10519,False
A,45,1982814,encoded,,16666,False
B,43,1980741,encoded,,15787,False
B,44,2014084,encoded,,14291,False
A,46,2016150,encoded,,26869,False
B,45,2047417,encoded,,20455,False
A,47,2049486,encoded,,6465,False
B,46,2080748,encoded,,13559,False
A,48,2082823,encoded,,16666,False
B,47,2114085,encoded,,12284,False
A,49,2116151,encoded,,16667,False
B,48,2147422,encoded,,10529,False
A,50,2149487,encoded,,16667,False
A,51,2182820,encoded,,16666,False
B,49,2180748,encoded,,16076,False
B,50,2214084,encoded,,11129,False
A,52,2216153,encoded,,16667,False
B,51,2247417,encoded,,9127,False
A,53,2249498,encoded,,16667,False
B,52,2280748,encoded,,7819,False
A,54,2282821,encoded,,16666,False
B,53,2314090,encoded,,17476,False
A,55,2316156,encoded,,16667,False
B,54,2347421,encoded,,9931,False
A,56,2349492,encoded,,16667,False
B,55,2380751,encoded,,8952,False
A,57,2382824,encoded,,16666,False
B,56,2414092,encoded,,8495,False
A,58,2416158,encoded,,16667,False
B,57,2447427,encoded,,8043,False
A,59,2449495,encoded,,16667,False
B,58,2480758,encoded,,13000,False
A,60,2482824,encoded,,16666,False
B,59,2514090,encoded,,16667,False
A,61,2516157,encoded,,117241,True
B,60,2547428,encoded,,21398,False
A,62,2549507,encoded,,24021,False
A,63,2582838,encoded,,9128,False
B,61,2580763,encoded,,122538,True
A,64,2616162,encoded,,10653,False
B,62,2614091,encoded,,13826,False
B,63,2647431,encoded,,2530,False
A,65,2649493,encoded,,16689,False
B,64,2680757,encoded,,6789,False
A,66,2682829,encoded,,14382,False
B,65,2714094,encoded,,13263,False
A,67,2716161,encoded,,16144,False
B,66,2747426,encoded,,7550,False
A,68,2749510,encoded,,9425,False
B,67,2780760,encoded,,6552,False
A,69,2782836,encoded,,8151,False
B,68,2814093,encoded,,14511,False
A,70,2816163,encoded,,6707,False
B,69,2847428,encoded,,15357,False
A,71,2849499,encoded,,5849,False
A,72,2882849,encoded,,5333,False
B,70,2880764,encoded,,8757,False
B,71,2914100,encoded,,7705,False
A,73,2916170,encoded,,5031,False
B,72,2947431,encoded,,6629,False
A,74,2949497,encoded,,19493,False
B,73,2980766,encoded,,6620,False
A,75,2982832,encoded,,10021,False
B,74,3014099,encoded,,6243,False
A,76,3016172,encoded,,8453,False
B,75,3047429,encoded,,18874,False
A,77,3049514,encoded,,7390,False
B,76,3080766,encoded,,11685,False
A,78,3082837,encoded,,6830,False
B,77,3114102,encoded,,9864,False
A,79,3116171,encoded,,15726,False
B,78,3147436,encoded,,15975,False
A,80,3149508,encoded,,30283,False
A,81,3182839,encoded,,3480,False
B,79,3180773,encoded,,16667,False
B,80,3214104,encoded,,16667,False
A,82,3216175,encoded,,16237,False
B,81,3247435,encoded,,16666,False
A,83,3249508,encoded,,16667,False
B,82,3280768,encoded,,16667,False
A,84,3282836,encoded,,16666,False
A,85,3316174,encoded,,16667,False
B,83,3314104,encoded,,16667,False
B,84,3347438,encoded,,16666,False
A,86,3349506,encoded,,16667,False
B,85,3380769,encoded,,16667,False
A,87,3382838,encoded,,16666,False
B,86,3414104,encoded,,16667,False
A,88,3416174,encoded,,16667,False
B,87,3447439,encoded,,16666,False
A,89,3449511,encoded,,16667,False
B,88,3480770,encoded,,16667,False
A,90,3482843,encoded,,16666,False
B,89,3514108,encoded,,16667,False
A,91,3516173,encoded,,117358,True
B,90,3547442,encoded,,16666,False
A,92,3549521,encoded,,24660,False
B,91,3580785,encoded,,120949,True
A,93,3582854,encoded,,9468,False
B,92,3614104,encoded,,16237,False
A,94,3616190,encoded,,14078,False
B,93,3647438,encoded,,6740,False
A,95,3649511,encoded,,16839,False
B,94,3680775,encoded,,12652,False
A,96,3682854,encoded,,18950,False
B,95,3714105,encoded,,8245,False
A,97,3716188,encoded,,12650,False
B,96,3747444,encoded,,14745,False
A,98,3749527,encoded,,8766,False
B,97,3780777,encoded,,17781,False
A,99,3782861,encoded,,18174,False
B,98,3814113,encoded,,11562,False
A,100,3816184,encoded,,16382,False
B,99,3847448,encoded,,10881,False
A,101,3849512,encoded,,9948,False
B,100,3880780,encoded,,9960,False
A,102,3882848,encoded,,9042,False
B,101,3914115,encoded,,9888,False
A,103,3916202,encoded,,8261,False
B,102,3947464,encoded,,10190,False
A,104,3949530,encoded,,7189,False
B,103,3980795,encoded,,9984,False
A,105,3982861,encoded,,6796,False
B,104,4014119,encoded,,10169,False
A,106,4016195,encoded,,6036,False
B,105,4047446,encoded,,22249,False
A,107,4049527,encoded,,5886,False
B,106,4080785,encoded,,7617,False
A,108,4082862,encoded,,6186,False
B,107,4114117,encoded,,16884,False
A,109,4116201,encoded,,5344,False
B,108,4147452,encoded,,13693,False
A,110,4149537,encoded,,11321,False
B,109,4180787,encoded,,13067,False
A,111,4182868,encoded,,16666,False
B,110,4214119,encoded,,12165,False
A,112,4216198,encoded,,26312,False
B,111,4247459,encoded,,11695,False
A,113,4249538,encoded,,7022,False
A,114,4282856,encoded,,16666,False
B,112,4280787,encoded,,11206,False
B,113,4314121,encoded,,10572,False
A,115,4316188,encoded,,16667,False
B,114,4347457,encoded,,10869,False
A,116,4349527,encoded,,16667,False
B,115,4380789,encoded,,16667,False
A,117,4382861,encoded,,16666,False
B,116,4414123,encoded,,16667,False
A,118,4416190,encoded,,16667,False
B,117,4447456,encoded,,16666,False
A,119,4449527,encoded,,16667,False
B,118,4480790,encoded,,16667,False
A,120,4482857,encoded,,16666,False
A,121,4516190,encoded,,126703,True
B,119,4514126,encoded,,16667,False
B,120,4547459,encoded,,16666,False
A,122,4549535,encoded,,26130,False
B,121,4580800,encoded,,130306,True
A,123,4582866,encoded,,9723,False
B,122,4614121,encoded,,14808,False
A,124,4616203,encoded,,17843,False
B,123,4647461,encoded,,2058,False
A,125,4649528,encoded,,16522,False
A,126,4682864,encoded,,8939,False
B,124,4680795,encoded,,14651,False
A,127,4716197,encoded,,18702,False
B,125,4714127,encoded,,9502,False
B,126,4747462,encoded,,9355,False
A,128,4749530,encoded,,17095,False
B,127,4780798,encoded,,22737,False
A,129,4782867,encoded,,10376,False
A,130,4816198,encoded,,8671,False
B,128,4814133,encoded,,15213,False
B,129,4847467,encoded,,8021,False
A,131,4849538,encoded,,8027,False
A,132,4882871,encoded,,6908,False
B,130,4880799,encoded,,16613,False
A,133,4916197,encoded,,6925,False
B,131,4914132,encoded,,8282,False
B,132,4947466,encoded,,16330,False
A,134,4949532,encoded,,6093,False
B,133,4980799,encoded,,13625,False
A,135,4982870,encoded,,5782,False
B,134,5014130,encoded,,13065,False
A,136,5016201,encoded,,25140,False
B,135,5047465,encoded,,12242,False
A,137,5049547,encoded,,2436,False
B,136,5080797,encoded,,12265,False
A,138,5082880,encoded,,16496,False
B,137,5114135,encoded,,12132,False
A,139,5116205,encoded,,11427,False
B,138,5147473,encoded,,12087,False
A,140,5149535,encoded,,10231,False
B,139,5180805,encoded,,11873,False
A,141,5182869,encoded,,9829,False
A,142,5216206,encoded,,8967,False
B,140,5214135,encoded,,10999,False
B,141,5247471,encoded,,10485,False
A,143,5249541,encoded,,9036,False
B,142,5280806,encoded,,10309,False
A,144,5282873,encoded,,11999,False
B,143,5314144,encoded,,10378,False
A,145,5316205,encoded,,16667,False
A,146,5349541,encoded,,16667,False
B,144,5347471,encoded,,9814,False
B,145,5380806,encoded,,18304,False
A,147,5382874,encoded,,16666,False
B,146,5414139,encoded,,13295,False
A,148,5416216,encoded,,16667,False
B,147,5447475,encoded,,11956,False
A,149,5449541,encoded,,16667,False
B,148,5480815,encoded,,15962,False
A,150,5482882,encoded,,16666,False
B,149,5514143,encoded,,16667,False
A,151,5516213,encoded,,117489,True
B,150,5547475,encoded,,16666,False
A,152,5549540,encoded,,20751,False
B,151,5580811,encoded,,120885,True
A,153,5582892,encoded,,14003,False
B,152,5614154,encoded,,15545,False
A,154,5616211,encoded,,15669,False
B,153,5647493,encoded,,5849,False
A,155,5649567,encoded,,13931,False
B,154,5680811,encoded,,12624,False
A,156,5682886,encoded,,20843,False
B,155,5714143,encoded,,15631,False
A,157,5716227,encoded,,15718,False
B,156,5747495,encoded,,9654,False
A,158,5749548,encoded,,13373,False
B,157,5780814,encoded,,12863,False
A,159,5782896,encoded,,17222,False
B,158,5814149,encoded,,16596,False
A,160,5816225,encoded,,14551,False
B,159,5847488,encoded,,11774,False
A,161,5849559,encoded,,8921,False
B,160,5880814,encoded,,16259,False
A,162,5882893,encoded,,7850,False
B,161,5914150,encoded,,21712,False
A,163,5916219,encoded,,6927,False
B,162,5947484,encoded,,10237,False
A,164,5949553,encoded,,6303,False
B,163,5980816,encoded,,9144,False
A,165,5982889,encoded,,26515,False
A,166,6016219,encoded,,2748,False
B,164,6014155,encoded,,8164,False
B,165,6047489,encoded,,7824,False
A,167,6049553,encoded,,17612,False
B,166,6080816,encoded,,7809,False
A,168,6082883,encoded,,11822,False
A,169,6116223,encoded,,10448,False
B,167,6114154,encoded,,7035,False
B,168,6147488,encoded,,6747,False
A,170,6149557,encoded,,9772,False
B,169,6180824,encoded,,6610,False
A,171,6182890,encoded,,9340,False
A,172,6216224,encoded,,8779,False
B,170,6214156,encoded,,10372,False
B,171,6247488,encoded,,16666,False
A,173,6249557,encoded,,8578,False
B,172,6280823,encoded,,24206,False
A,174,6282889,encoded,,8249,False
B,173,6314157,encoded,,16891,False
A,175,6316232,encoded,,9253,False
B,174,6347495,encoded,,11341,False
A,176,6349558,encoded,,16667,False
B,175,6380825,encoded,,14229,False
A,177,6382891,encoded,,31860,False
B,176,6414156,encoded,,16667,False
A,178,6416224,encoded,,4653,False
B,177,6447497,encoded,,16666,False
A,179,6449559,encoded,,13487,False
B,178,6480830,encoded,,16667,False
A,180,6482902,encoded,,16666,False
B,179,6514159,encoded,,16667,False
A,181,6516233,encoded,,126559,True
B,180,6547494,encoded,,16666,False
A,182,6549573,encoded,,7243,False
A,183,6582907,encoded,,16273,False
B,181,6580826,encoded,,135470,True
B,182,6614163,encoded,,19955,False
A,184,6616226,encoded,,19632,False
B,183,6647499,encoded,,4767,False
A,185,6649576,encoded,,21781,False
B,184,6680831,encoded,,12380,False
A,186,6682905,encoded,,25003,False
B,185,6714165,encoded,,12168,False
A,187,6716234,encoded,,20785,False
B,186,6747500,encoded,,14994,False
A,188,6749572,encoded,,11428,False
B,187,6780829,encoded,,16362,False
A,189,6782898,encoded,,9232,False
B,188,6814171,encoded,,17974,False
A,190,6816233,encoded,,7949,False
B,189,6847505,encoded,,12005,False
A,191,6849566,encoded,,7202,False
B,190,6880839,encoded,,10250,False
A,192,6882931,encoded,,6639,False
B,191,6914184,encoded,,9346,False
A,193,6916244,encoded,,6166,False
B,192,6947502,encoded,,9272,False
A,194,6949579,encoded,,26470,False
B,193,6980830,encoded,,8296,False
A,195,6982915,encoded,,2544,False
B,194,7014168,encoded,,7882,False
A,196,7016252,encoded,,16925,False
B,195,7047505,encoded,,7496,False
A,197,7049585,encoded,,11456,False
B,196,7080838,encoded,,7974,False
A,198,7082909,encoded,,10574,False
A,199,7116237,encoded,,9991,False
B,197,7114170,encoded,,7401,False
B,198,7147504,encoded,,18711,False
A,200,7149572,encoded,,9696,False
B,199,7180837,encoded,,21092,False
A,201,7182903,encoded,,8499,False
B,200,7214172,encoded,,13368,False
A,202,7216238,encoded,,8244,False
A,203,7249574,encoded,,7982,False
B,201,7247506,encoded,,11709,False
B,202,7280838,encoded,,10814,False
A,204,7282910,encoded,,7845,False
B,203,7314172,encoded,,9931,False
A,205,7316247,encoded,,10549,False
B,204,7347509,encoded,,9778,False
A,206,7349573,encoded,,16667,False
B,205,7380843,encoded,,10411,False
A,207,7382908,encoded,,20893,False
B,206,7414178,encoded,,13528,False
A,208,7416243,encoded,,12440,False
B,207,7447508,encoded,,16666,False
A,209,7449591,encoded,,16667,False
B,208,7480845,encoded,,16667,False
A,210,7482919,encoded,,16666,False
B,209,7514178,encoded,,16667,False
A,211,7516251,encoded,,126532,True
B,210,7547511,encoded,,16666,False
A,212,7549577,encoded,,17198,False
B,211,7580847,encoded,,121059,True
A,213,7582924,encoded,,11083,False
B,212,7614179,encoded,,19945,False
A,214,7616256,encoded,,19415,False
B,213,7647517,encoded,,11398,False
A,215,7649588,encoded,,17877,False
A,216,7682910,encoded,,23431,False
B,214,7680850,encoded,,18981,False
B,215,7714185,encoded,,15668,False
A,217,7716246,encoded,,20757,False
B,216,7747518,encoded,,22572,False
A,218,7749588,encoded,,11414,False
B,217,7780850,encoded,,18954,False
A,219,7782921,encoded,,9192,False
A,220,7816255,encoded,,8151,False
B,218,7814182,encoded,,10517,False
B,219,7847519,encoded,,8883,False
A,221,7849585,encoded,,7758,False
B,220,7880855,encoded,,8466,False
A,222,7882920,encoded,,6835,False
B,221,7914191,encoded,,7981,False
A,223,7916247,encoded,,20045,False
B,222,7947525,encoded,,7548,False
A,224,7949591,encoded,,19077,False
B,223,7980855,encoded,,20115,False
A,225,7982919,encoded,,12509,False
B,224,8014189,encoded,,11924,False
A,226,8016265,encoded,,11126,False
B,225,8047525,encoded,,19476,False
A,227,8049599,encoded,,10467,False
B,226,8080853,encoded,,12185,False
A,228,8082920,encoded,,9427,False
B,227,8114198,encoded,,10635,False
A,229,8116257,encoded,,8925,False
B,228,8147528,encoded,,9441,False
A,230,8149599,encoded,,8680,False
B,229,8180858,encoded,,8646,False
A,231,8182918,encoded,,8100,False
B,230,8214190,encoded,,8245,False
A,232,8216266,encoded,,8028,False
B,231,8247542,encoded,,7750,False
A,233,8249601,encoded,,7754,False
B,232,8280864,encoded,,7282,False
A,234,8282937,encoded,,7681,False
B,233,8314194,encoded,,6984,False
A,235,8316260,encoded,,7154,False
B,234,8347522,encoded,,6567,False
A,236,8349603,encoded,,14718,False
B,235,8380859,encoded,,15445,False
A,237,8382930,encoded,,19347,False
B,236,8414194,encoded,,23708,False
A,238,8416268,encoded,,13986,False
B,237,8447521,encoded,,9625,False
A,239,8449599,encoded,,16667,False
B,238,8480871,encoded,,16667,False
A,240,8482942,encoded,,16666,False
B,239,8514191,encoded,,16667,False
A,241,8516271,encoded,,126515,True
B,240,8547530,encoded,,16666,False
A,242,8549604,encoded,,20678,False
B,241,8580864,encoded,,121625,True
A,243,8582928,encoded,,10620,False
B,242,8614195,encoded,,19914,False
A,244,8616272,encoded,,16962,False
B,243,8647534,encoded,,10971,False
A,245,8649608,encoded,,17861,False
B,244,8680865,encoded,,15631,False
A,246,8682945,encoded,,22790,False
B,245,8714199,encoded,,14459,False
A,247,8716270,encoded,,20386,False
B,246,8747530,encoded,,11140,False
A,248,8749601,encoded,,11289,False
B,247,8780866,encoded,,12998,False
A,249,8782932,encoded,,9378,False
B,248,8814209,encoded,,22260,False
A,250,8816279,encoded,,7841,False
B,249,8847531,encoded,,12687,False
A,251,8849613,encoded,,19841,False
B,250,8880871,encoded,,16678,False
A,252,8882945,encoded,,5296,False
B,251,8914199,encoded,,16484,False
A,253,8916282,encoded,,16453,False
B,252,8947538,encoded,,21865,False
A,254,8949618,encoded,,17562,False
B,253,8980879,encoded,,11111,False
A,255,8982950,encoded,,11978,False
B,254,9014205,encoded,,9226,False
A,256,9016284,encoded,,10512,False
B,255,9047540,encoded,,8709,False
A,257,9049612,encoded,,9590,False
B,256,9080882,encoded,,8126,False
A,258,9082953,encoded,,9039,False
B,257,9114212,encoded,,7597,False
A,259,9116274,encoded,,8700,False
B,258,9147541,encoded,,7492,False
A,260,9149609,encoded,,8098,False
B,259,9180876,encoded,,7186,False
A,261,9182938,encoded,,8423,False
B,260,9214212,encoded,,6834,False
A,262,9216272,encoded,,8604,False
B,261,9247540,encoded,,6808,False
A,263,9249614,encoded,,8169,False
A,264,9282943,encoded,,7896,False
B,262,9280871,encoded,,6335,False
A,265,9316286,encoded,,7771,False
B,263,9314210,encoded,,7198,False
B,264,9347544,encoded,,16666,False
A,266,9349607,encoded,,11082,False
B,265,9380879,encoded,,21583,False
A,267,9382942,encoded,,16666,False
A,268,9416279,encoded,,16667,False
B,266,9414210,encoded,,11751,False
A,269,9449616,encoded,,16667,False
B,267,9447548,encoded,,16666,False
B,268,9480881,encoded,,16667,False
A,270,9482945,encoded,,16666,False
A,271,9516279,encoded,,126571,True
B,269,9514218,encoded,,16667,False
B,270,9547549,encoded,,16666,False
A,272,9549625,encoded,,7782,False
A,273,9582946,encoded,,15493,False
B,271,9580882,encoded,,121606,True
A,274,9616279,encoded,,24374,False
B,272,9614214,encoded,,20002,False
B,273,9647550,encoded,,10526,False
A,275,9649615,encoded,,18024,False
A,276,9682948,encoded,,23829,False
B,274,9680881,encoded,,10904,False
B,275,9714215,encoded,,15689,False
A,277,9716281,encoded,,20200,False
B,276,9747552,encoded,,14141,False
A,278,9749617,encoded,,11476,False
B,277,9780882,encoded,,12259,False
A,279,9782949,encoded,,9521,False
B,278,9814221,encoded,,22515,False
A,280,9816290,encoded,,8145,False
B,279,9847547,encoded,,13609,False
A,281,9849626,encoded,,7487,False
B,280,9880889,encoded,,15004,False
A,282,9882949,encoded,,19888,False
B,281,9914223,encoded,,12755,False
A,283,9916285,encoded,,20836,False
B,282,9947554,encoded,,11292,False
A,284,9949632,encoded,,2736,False
A,285,9982967,encoded,,15851,False
B,283,9980895,encoded,,16644,False
B,284,10014224,encoded,,16238,False
A,286,10016301,encoded,,11434,False
B,285,10047555,encoded,,9486,False
A,287,10049631,encoded,,10162,False
A,288,10082955,encoded,,10472,False
B,286,10080893,encoded,,8302,False
B,287,10114228,encoded,,7518,False
A,289,10116298,encoded,,9028,False
B,288,10147561,encoded,,6789,False
A,290,10149625,encoded,,8671,False
B,289,10180892,encoded,,6895,False
A,291,10182969,encoded,,8932,False
B,290,10214228,encoded,,6219,False
A,292,10216306,encoded,,8272,False
B,291,10247566,encoded,,13134,False
A,293,10249636,encoded,,7939,False
B,292,10280897,encoded,,9970,False
A,294,10282959,encoded,,7413,False
B,293,10314228,encoded,,8646,False
A,295,10316296,encoded,,7110,False
B,294,10347563,encoded,,9857,False
A,296,10349628,encoded,,11688,False
B,295,10380896,encoded,,16667,False
A,297,10382964,encoded,,16666,False
B,296,10414230,encoded,,31744,False
A,298,10416303,encoded,,16667,False
B,297,10447561,encoded,,5721,False
A,299,10449640,encoded,,16667,False
B,298,10480897,encoded,,12535,False
A,300,10482969,encoded,,16666,False
B,299,10514230,encoded,,16667,False
A,301,10516292,encoded,,126541,True
B,300,10547561,encoded,,16666,False
A,302,10549647,encoded,,9462,False
B,301,10580895,encoded,,135755,True
A,303,10582963,encoded,,13988,False
B,302,10614246,encoded,,8691,False
A,304,10616304,encoded,,24173,False
B,303,10647567,encoded,,11081,False
A,305,10649639,encoded,,18228,False
B,304,10680901,encoded,,17776,False
A,306,10682984,encoded,,23844,False
B,305,10714231,encoded,,17045,False
A,307,10716307,encoded,,20465,False
B,306,10747567,encoded,,14179,False
A,308,10749644,encoded,,11114,False
B,307,10780902,encoded,,22895,False
A,309,10782975,encoded,,9568,False
B,308,10814246,encoded,,16764,False
A,310,10816312,encoded,,8074,False
B,309,10847573,encoded,,9316,False
A,311,10849649,encoded,,20172,False
B,310,10880906,encoded,,10769,False
A,312,10882978,encoded,,5124,False
B,311,10914238,encoded,,17896,False
A,313,10916316,encoded,,22547,False
B,312,10947573,encoded,,9146,False
A,314,10949648,encoded,,13260,False
A,315,10982970,encoded,,11089,False
B,313,10980905,encoded,,7890,False
B,314,11014240,encoded,,6881,False
A,316,11016304,encoded,,10667,False
B,315,11047576,encoded,,6220,False
A,317,11049640,encoded,,9875,False
B,316,11080908,encoded,,5893,False
A,318,11082974,encoded,,9236,False
B,317,11114241,encoded,,12970,False
A,319,11116315,encoded,,9167,False
B,318,11147580,encoded,,9020,False
A,320,11149643,encoded,,9484,False
B,319,11180905,encoded,,8232,False
A,321,11182973,encoded,,8670,False
B,320,11214247,encoded,,7306,False
A,322,11216303,encoded,,8005,False
B,321,11247579,encoded,,7118,False
A,323,11249645,encoded,,7560,False
B,322,11280910,encoded,,6996,False
A,324,11282974,encoded,,8070,False
B,323,11314245,encoded,,13495,False
A,325,11316309,encoded,,7494,False
B,324,11347583,encoded,,24605,False
A,326,11349664,encoded,,7542,False
B,325,11380911,encoded,,13617,False
A,327,11382999,encoded,,16581,False
B,326,11414243,encoded,,11778,False
A,328,11416313,encoded,,29006,False
B,327,11447582,encoded,,16666,False
A,329,11449650,encoded,,4397,False
B,328,11480915,encoded,,16667,False
A,330,11482975,encoded,,16597,False
B,329,11514248,encoded,,16667,False
A,331,11516323,encoded,,117359,True
B,330,11547593,encoded,,16666,False
A,332,11549671,encoded,,15237,False
B,331,11580917,encoded,,121345,True
A,333,11582994,encoded,,15197,False
B,332,11614270,encoded,,13355,False
A,334,11616346,encoded,,24693,False
B,333,11647584,encoded,,13852,False
A,335,11649653,encoded,,14046,False
B,334,11680919,encoded,,13147,False
A,336,11682979,encoded,,20305,False
B,335,11714255,encoded,,16131,False
A,337,11716317,encoded,,18868,False
B,336,11747587,encoded,,16697,False
A,338,11749667,encoded,,14700,False
B,337,11780920,encoded,,16604,False
A,339,11782994,encoded,,16361,False
B,338,11814250,encoded,,13841,False
A,340,11816317,encoded,,9649,False
B,339,11847589,encoded,,23039,False
A,341,11849651,encoded,,7852,False
B,340,11880921,encoded,,15711,False
A,342,11882995,encoded,,20431,False
B,341,11914258,encoded,,19368,False
A,343,11916336,encoded,,5132,False
B,342,11947590,encoded,,8993,False
A,344,11949663,encoded,,22793,False
B,343,11980924,encoded,,7967,False
A,345,11982987,encoded,,13247,False
B,344,12014260,encoded,,7535,False
A,346,12016323,encoded,,11277,False
B,345,12047603,encoded,,6699,False
A,347,12049658,encoded,,10145,False
B,346,12080934,encoded,,14233,False
A,348,12082991,encoded,,9625,False
B,347,12114267,encoded,,9384,False
A,349,12116328,encoded,,8948,False
B,348,12147602,encoded,,7976,False
A,350,12149659,encoded,,8783,False
B,349,12180928,encoded,,7360,False
A,351,12182991,encoded,,8425,False
B,350,12214261,encoded,,6700,False
A,352,12216323,encoded,,8133,False
B,351,12247596,encoded,,5905,False
A,353,12249684,encoded,,8162,False
B,352,12280930,encoded,,6407,False
A,354,12282994,encoded,,7602,False
B,353,12314267,encoded,,11085,False
A,355,12316340,encoded,,7345,False
B,354,12347595,encoded,,16666,False
A,356,12349672,encoded,,9019,False
B,355,12380932,encoded,,31978,False
A,357,12383007,encoded,,16666,False
B,356,12414260,encoded,,3490,False
A,358,12416341,encoded,,25161,False
B,357,12447602,encoded,,14532,False
A,359,12449664,encoded,,8173,False
A,360,12482993,encoded,,16666,False
B,358,12480935,encoded,,16667,False
B,359,12514267,encoded,,16667,False
A,361,12516341,encoded,,126546,True
A,362,12549663,encoded,,23398,False
B,360,12547606,encoded,,16666,False
B,361,12580934,encoded,,121593,True
A,363,12583004,encoded,,8908,False
B,362,12614268,encoded,,11841,False
A,364,12616342,encoded,,16499,False
B,363,12647600,encoded,,16114,False
A,365,12649665,encoded,,17718,False
B,364,12680937,encoded,,19005,False
A,366,12683000,encoded,,23066,False
B,365,12714273,encoded,,16687,False
A,367,12716338,encoded,,20129,False
B,366,12747611,encoded,,24285,False
A,368,12749666,encoded,,11376,False
B,367,12780940,encoded,,18475,False
A,369,12783008,encoded,,9295,False
A,370,12816344,encoded,,7944,False
B,368,12814277,encoded,,16648,False
B,369,12847609,encoded,,16589,False
A,371,12849670,encoded,,19724,False
B,370,12880946,encoded,,16604,False
A,372,12883006,encoded,,4720,False
A,373,12916338,encoded,,22550,False
B,371,12914276,encoded,,13859,False
B,372,12947611,encoded,,8561,False
A,374,12949668,encoded,,13564,False
B,373,12980946,encoded,,7510,False
A,375,12983002,encoded,,12210,False
B,374,13014273,encoded,,7057,False
A,376,13016337,encoded,,10502,False
B,375,13047611,encoded,,6691,False
A,377,13049674,encoded,,9795,False
B,376,13080945,encoded,,14339,False
A,378,13083006,encoded,,9195,False
B,377,13114278,encoded,,9401,False
A,379,13116350,encoded,,8811,False
B,378,13147612,encoded,,8547,False
A,380,13149686,encoded,,8212,False
B,379,13180946,encoded,,7903,False
A,381,13183013,encoded,,7984,False
B,380,13214280,encoded,,7427,False
A,382,13216342,encoded,,8105,False
B,381,13247619,encoded,,7017,False
A,383,13249691,encoded,,7658,False
B,382,13280952,encoded,,6209,False
A,384,13283009,encoded,,7401,False
B,383,13314288,encoded,,6015,False
A,385,13316350,encoded,,7841,False
B,384,13347620,encoded,,11623,False
A,386,13349688,encoded,,10183,False
B,385,13380944,encoded,,24761,False
A,387,13383027,encoded,,16666,False
B,386,13414282,encoded,,29802,False
A,388,13416348,encoded,,24465,False
B,387,13447620,encoded,,2366,False
A,389,13449690,encoded,,8869,False
B,388,13480959,encoded,,9738,False
A,390,13483024,encoded,,16666,False
B,389,13514291,encoded,,16667,False
A,391,13516356,encoded,,126561,True
B,390,13547623,encoded,,16666,False
A,392,13549689,encoded,,7393,False
B,391,13580958,encoded,,121491,True
A,393,13583014,encoded,,15605,False
B,392,13614288,encoded,,19814,False
A,394,13616352,encoded,,24900,False
A,395,13649685,encoded,,17662,False
B,393,13647622,encoded,,11504,False
B,394,13680957,encoded,,8919,False
A,396,13683016,encoded,,24219,False
B,395,13714287,encoded,,13596,False
A,397,13716357,encoded,,20613,False
B,396,13747622,encoded,,15472,False
A,398,13749686,encoded,,11567,False
B,397,13780959,encoded,,16794,False
A,399,13783015,encoded,,9397,False
B,398,13814301,encoded,,10934,False
A,400,13816352,encoded,,8333,False
B,399,13847626,encoded,,13063,False
A,401,13849692,encoded,,19946,False
B,400,13880958,encoded,,15251,False
A,402,13883026,encoded,,5020,False
B,401,13914294,encoded,,16211,False
A,403,13916354,encoded,,22343,False
B,402,13947625,encoded,,16190,False
A,404,13949691,encoded,,13534,False
B,403,13980958,encoded,,26766,False
A,405,13983024,encoded,,11352,False
B,404,14014295,encoded,,4364,False
A,406,14016358,encoded,,10380,False
B,405,14047631,encoded,,10243,False
A,407,14049690,encoded,,9282,False
B,406,14080964,encoded,,8237,False
A,408,14083027,encoded,,8861,False
B,407,14114295,encoded,,7401,False
A,409,14116358,encoded,,8638,False
B,408,14147629,encoded,,7138,False
A,410,14149694,encoded,,9029,False
B,409,14180963,encoded,,6608,False
A,411,14183026,encoded,,8259,False
B,410,14214296,encoded,,6178,False
A,412,14216361,encoded,,7818,False
B,411,14247634,encoded,,6173,False
A,413,14249694,encoded,,7634,False
B,412,14280965,encoded,,5859,False
A,414,14283026,encoded,,7454,False
B,413,14314303,encoded,,15128,False
A,415,14316363,encoded,,7677,False
B,414,14347638,encoded,,23539,False
A,416,14349698,encoded,,9857,False
B,415,14380968,encoded,,9794,False
A,417,14383033,encoded,,16666,False
B,416,14414304,encoded,,16667,False
A,418,14416364,encoded,,24565,False
B,417,14447638,encoded,,16666,False
A,419,14449701,encoded,,8769,False
B,418,14480971,encoded,,16667,False
A,420,14483032,encoded,,16666,False
B,419,14514304,encoded,,16667,False
A,421,14516369,encoded,,126398,True
B,420,14547646,encoded,,16666,False
A,422,14549700,encoded,,9403,False
A,423,14583031,encoded,,14051,False
B,421,14580972,encoded,,135467,True
B,422,14614306,encoded,,8353,False
A,424,14616367,encoded,,24802,False
A,425,14649719,encoded,,18228,False
B,423,14647640,encoded,,9614,False
B,424,14680972,encoded,,19163,False
A,426,14683033,encoded,,23701,False
B,425,14714306,encoded,,16572,False
A,427,14716368,encoded,,20582,False
B,426,14747643,encoded,,22338,False
A,428,14749705,encoded,,11989,False
B,427,14780975,encoded,,17612,False
A,429,14783035,encoded,,9667,False
A,430,14816376,encoded,,8133,False
B,428,14814313,encoded,,12627,False
B,429,14847649,encoded,,10872,False
A,431,14849707,encoded,,7616,False
B,430,14880983,encoded,,10135,False
A,432,14883037,encoded,,19723,False
B,431,14914316,encoded,,12098,False
A,433,14916378,encoded,,20487,False
B,432,14947650,encoded,,17503,False
A,434,14949716,encoded,,13251,False
B,433,14980979,encoded,,10045,False
A,435,14983039,encoded,,11057,False
A,436,15016374,encoded,,10210,False
B,434,15014316,encoded,,8589,False
B,435,15047652,encoded,,16311,False
A,437,15049710,encoded,,9588,False
A,438,15083044,encoded,,9453,False
B,436,15080983,encoded,,11609,False
B,437,15114319,encoded,,10051,False
A,439,15116375,encoded,,9046,False
B,438,15147650,encoded,,9442,False
A,440,15149726,encoded,,8362,False
B,439,15180992,encoded,,8824,False
A,441,15183055,encoded,,8538,False
A,442,15216386,encoded,,7698,False
B,440,15214319,encoded,,8660,False
B,441,15247653,encoded,,8381,False
A,443,15249712,encoded,,7554,False
B,442,15280991,encoded,,8597,False
A,444,15283055,encoded,,8376,False
B,443,15314313,encoded,,7610,False
A,445,15316389,encoded,,7815,False
B,444,15347651,encoded,,7865,False
A,446,15349710,encoded,,7606,False
B,445,15380984,encoded,,8329,False
A,447,15383049,encoded,,16666,False
B,446,15414310,encoded,,16667,False
A,448,15416380,encoded,,24544,False
B,447,15447653,encoded,,34211,False
A,449,15449728,encoded,,8790,False
B,448,15480983,encoded,,4972,False
A,450,15483059,encoded,,16666,False
A,451,15516383,encoded,,126535,True
B,449,15514322,encoded,,10817,False
B,450,15547653,encoded,,16666,False
A,452,15549718,encoded,,20492,False
B,451,15580989,encoded,,121461,True
A,453,15583064,encoded,,10308,False
A,454,15616385,encoded,,17910,False
B,452,15614318,encoded,,13356,False
B,453,15647659,encoded,,13806,False
A,455,15649720,encoded,,17489,False
B,454,15680992,encoded,,13769,False
A,456,15683055,encoded,,23105,False
B,455,15714326,encoded,,16049,False
A,457,15716391,encoded,,20893,False
B,456,15747670,encoded,,21241,False
A,458,15749732,encoded,,11566,False
B,457,15780997,encoded,,24963,False
A,459,15783060,encoded,,9517,False
B,458,15814332,encoded,,18168,False
A,460,15816384,encoded,,8155,False
B,459,15847663,encoded,,15279,False
A,461,15849722,encoded,,20183,False
B,460,15880999,encoded,,13473,False
A,462,15883057,encoded,,21326,False
B,461,15914329,encoded,,16790,False
A,463,15916389,encoded,,2514,False
B,462,15947665,encoded,,8712,False
A,464,15949729,encoded,,16672,False
A,465,15983058,encoded,,11530,False
B,463,15980998,encoded,,7475,False
B,464,16014330,encoded,,7286,False
A,466,16016400,encoded,,10236,False
B,465,16047665,encoded,,14561,False
A,467,16049731,encoded,,10152,False
B,466,16081002,encoded,,9690,False
A,468,16083063,encoded,,10215,False
B,467,16114337,encoded,,8518,False
A,469,16116391,encoded,,8974,False
B,468,16147671,encoded,,7471,False
A,470,16149727,encoded,,8691,False
B,469,16181001,encoded,,7337,False
A,471,16183061,encoded,,8105,False
B,470,16214341,encoded,,6288,False
A,472,16216403,encoded,,8221,False
B,471,16247671,encoded,,6564,False
A,473,16249732,encoded,,8145,False
B,472,16281004,encoded,,5866,False
A,474,16283067,encoded,,7645,False
A,475,16316401,encoded,,7330,False
B,473,16314343,encoded,,5408,False
B,474,16347673,encoded,,16469,False
A,476,16349734,encoded,,7425,False
B,475,16381005,encoded,,31386,False
A,477,16383070,encoded,,16666,False
B,476,16414336,encoded,,3106,False
A,478,16416397,encoded,,29330,False
B,477,16447679,encoded,,15508,False
A,479,16449736,encoded,,4282,False
B,478,16481009,encoded,,16667,False
A,480,16483076,encoded,,16388,False
B,479,16514350,encoded,,16667,False
A,481,16516406,encoded,,126478,True
B,480,16547674,encoded,,16666,False
A,482,16549736,encoded,,23631,False
B,481,16581006,encoded,,121181,True
A,483,16583067,encoded,,9466,False
B,482,16614341,encoded,,16892,False
A,484,16616410,encoded,,14331,False
A,485,16649739,encoded,,9537,False
B,483,16647683,encoded,,11556,False
B,484,16681016,encoded,,10150,False
A,486,16683070,encoded,,25771,False
B,485,16714343,encoded,,15651,False
A,487,16716404,encoded,,16694,False
B,486,16747678,encoded,,24401,False
A,488,16749742,encoded,,17466,False
B,487,16781011,encoded,,14766,False
A,489,16783071,encoded,,10231,False
B,488,16814347,encoded,,14173,False
A,490,16816404,encoded,,8658,False
B,489,16847683,encoded,,13762,False
A,491,16849738,encoded,,21588,False
B,490,16881015,encoded,,15691,False
A,492,16883072,encoded,,21633,False
B,491,16914352,encoded,,14077,False
A,493,16916412,encoded,,2755,False
B,492,16947681,encoded,,22043,False
A,494,16949740,encoded,,16601,False
B,493,16981019,encoded,,5853,False
A,495,16983076,encoded,,12137,False
B,494,17014350,encoded,,13002,False
A,496,17016410,encoded,,10263,False
A,497,17049745,encoded,,9926,False
B,495,17047678,encoded,,9131,False
B,496,17081020,encoded,,7392,False
A,498,17083078,encoded,,9005,False
B,497,17114351,encoded,,6674,False
A,499,17116410,encoded,,8947,False
B,498,17147684,encoded,,7304,False
A,500,17149744,encoded,,8417,False
B,499,17181020,encoded,,6094,False
A,501,17183084,encoded,,7956,False
B,500,17214362,encoded,,5936,False
A,502,17216422,encoded,,7549,False
B,501,17247690,encoded,,5138,False
A,503,17249748,encoded,,7580,False
B,502,17281018,encoded,,5800,False
A,504,17283081,encoded,,7448,False
B,503,17314353,encoded,,16667,False
A,505,17316413,encoded,,7269,False
B,504,17347692,encoded,,21916,False
A,506,17349750,encoded,,11997,False
B,505,17381021,encoded,,11417,False
A,507,17383081,encoded,,16666,False
B,506,17414358,encoded,,16667,False
A,508,17416417,encoded,,27115,False
B,507,17447693,encoded,,16666,False
A,509,17449752,encoded,,11450,False
B,508,17481022,encoded,,16667,False
A,510,17483085,encoded,,11435,False
A,511,17516416,encoded,,117354,True
B,509,17514359,encoded,,16667,False
B,510,17547696,encoded,,16666,False
A,512,17549749,encoded,,19564,False
B,511,17581025,encoded,,121251,True
A,513,17583085,encoded,,16925,False
B,512,17614362,encoded,,13256,False
A,514,17616415,encoded,,25041,False
B,513,17647696,encoded,,12361,False
A,515,17649755,encoded,,12141,False
B,514,17681030,encoded,,17492,False
A,516,17683091,encoded,,25567,False
B,515,17714367,encoded,,12400,False
A,517,17716427,encoded,,14391,False
B,516,17747699,encoded,,27661,False
A,518,17749766,encoded,,20578,False
B,517,17781034,encoded,,13598,False
A,519,17783095,encoded,,11333,False
B,518,17814362,encoded,,13253,False
A,520,17816419,encoded,,9583,False
B,519,17847696,encoded,,17657,False
A,521,17849762,encoded,,7548,False
B,520,17881030,encoded,,12638,False
A,522,17883087,encoded,,7164,False
B,521,17914366,encoded,,19996,False
A,523,17916426,encoded,,6844,False
B,522,17947702,encoded,,19171,False
A,524,17949761,encoded,,19877,False
B,523,17981033,encoded,,12727,False
A,525,17983091,encoded,,18688,False
B,524,18014367,encoded,,9083,False
A,526,18016425,encoded,,12971,False
B,525,18047699,encoded,,7667,False
A,527,18049759,encoded,,11338,False
B,526,18081032,encoded,,7058,False
A,528,18083092,encoded,,10371,False
B,527,18114370,encoded,,6482,False
A,529,18116431,encoded,,9683,False
B,528,18147706,encoded,,5887,False
A,530,18149769,encoded,,9201,False
B,529,18181040,encoded,,5480,False
A,531,18183096,encoded,,8810,False
B,530,18214371,encoded,,5363,False
A,532,18216429,encoded,,9099,False
B,531,18247709,encoded,,5023,False
A,533,18249765,encoded,,8575,False
B,532,18281044,encoded,,4770,False
A,534,18283095,encoded,,8363,False
B,533,18314375,encoded,,13060,False
A,535,18316432,encoded,,7617,False
B,534,18347713,encoded,,39742,False
A,536,18349770,encoded,,8360,False
B,535,18381040,encoded,,7570,False
A,537,18383095,encoded,,13014,False
B,536,18414378,encoded,,6302,False
A,538,18416433,encoded,,16667,False
B,537,18447711,encoded,,13052,False
A,539,18449775,encoded,,18113,False
B,538,18481041,encoded,,16667,False
A,540,18483101,encoded,,15220,False
B,539,18514377,encoded,,16667,False
A,541,18516436,encoded,,126679,True
B,540,18547711,encoded,,16666,False
A,542,18549775,encoded,,20150,False
B,541,18581045,encoded,,135635,True
A,543,18583108,encoded,,8962,False
B,542,18614381,encoded,,13175,False
A,544,18616446,encoded,,19026,False
A,545,18649774,encoded,,18306,False
B,543,18647713,encoded,,13578,False
B,544,18681044,encoded,,18496,False
A,546,18683103,encoded,,24155,False
B,545,18714383,encoded,,14074,False
A,547,18716439,encoded,,20923,False
B,546,18747714,encoded,,22172,False
A,548,18749773,encoded,,11548,False
A,549,18783106,encoded,,9206,False
B,547,18781047,encoded,,17543,False
B,548,18814380,encoded,,17354,False
A,550,18816440,encoded,,8520,False
B,549,18847715,encoded,,11204,False
A,551,18849774,encoded,,7516,False
B,550,18881050,encoded,,11275,False
A,552,18883108,encoded,,19663,False
B,551,18914383,encoded,,17840,False
A,553,18916441,encoded,,20881,False
B,552,18947718,encoded,,11503,False
A,554,18949774,encoded,,2897,False
B,553,18981051,encoded,,9237,False
A,555,18983110,encoded,,16915,False
B,554,19014390,encoded,,8331,False
A,556,19016442,encoded,,12112,False
B,555,19047718,encoded,,7606,False
A,557,19049778,encoded,,10465,False
B,556,19081053,encoded,,6963,False
A,558,19083114,encoded,,9962,False
B,557,19114392,encoded,,6337,False
A,559,19116451,encoded,,9108,False
B,558,19147731,encoded,,6306,False
A,560,19149782,encoded,,9620,False
B,559,19181053,encoded,,6101,False
A,561,19183114,encoded,,8769,False
B,560,19214395,encoded,,5219,False
A,562,19216454,encoded,,8226,False
B,561,19247736,encoded,,4968,False
A,563,19249782,encoded,,7795,False
B,562,19281062,encoded,,4799,False
A,564,19283115,encoded,,7808,False
B,563,19314396,encoded,,13618,False
A,565,19316451,encoded,,8204,False
B,564,19347725,encoded,,24312,False
A,566,19349783,encoded,,7482,False
B,565,19381060,encoded,,14338,False
A,567,19383120,encoded,,15102,False
B,566,19414395,encoded,,11350,False
A,568,19416450,encoded,,16667,False
A,569,19449787,encoded,,16667,False
B,567,19447732,encoded,,16666,False
B,568,19481058,encoded,,16667,False
A,570,19483116,encoded,,16666,False
B,569,19514392,encoded,,16667,False
A,571,19516451,encoded,,126832,True
B,570,19547725,encoded,,16666,False
A,572,19549788,encoded,,19259,False
B,571,19581061,encoded,,121126,True
A,573,19583120,encoded,,10994,False
B,572,19614394,encoded,,8663,False
A,574,19616450,encoded,,19044,False
B,573,19647730,encoded,,18635,False
A,575,19649791,encoded,,17722,False
B,574,19681067,encoded,,21956,False
A,576,19683124,encoded,,22690,False
B,575,19714403,encoded,,9729,False
A,577,19716456,encoded,,20289,False
B,576,19747735,encoded,,26384,False
A,578,19749796,encoded,,12604,False
B,577,19781068,encoded,,15383,False
A,579,19783127,encoded,,9681,False
A,580,19816461,encoded,,7968,False
B,578,19814402,encoded,,14976,False
B,579,19847735,encoded,,13829,False
A,581,19849792,encoded,,7225,False
B,580,19881068,encoded,,17245,False
A,582,19883128,encoded,,21051,False
B,581,19914402,encoded,,15362,False
A,583,19916458,encoded,,19501,False
B,582,19947734,encoded,,19659,False
A,584,19949793,encoded,,13238,False
B,583,19981069,encoded,,13225,False
A,585,19983127,encoded,,11276,False
B,584,20014406,encoded,,9146,False
A,586,20016463,encoded,,10388,False
B,585,20047739,encoded,,8276,False
A,587,20049800,encoded,,9570,False
B,586,20081070,encoded,,7567,False
A,588,20083131,encoded,,9136,False
B,587,20114409,encoded,,6973,False
A,589,20116468,encoded,,8863,False
B,588,20147742,encoded,,7433,False
A,590,20149797,encoded,,8582,False
B,589,20181074,encoded,,6140,False
A,591,20183132,encoded,,8300,False
B,590,20214415,encoded,,6251,False
A,592,20216464,encoded,,8216,False
B,591,20247750,encoded,,5990,False
A,593,20249802,encoded,,7922,False
B,592,20281072,encoded,,5763,False
A,594,20283134,encoded,,7497,False
B,593,20314410,encoded,,5801,False
A,595,20316469,encoded,,7428,False
B,594,20347745,encoded,,14488,False
A,596,20349802,encoded,,8058,False
B,595,20381078,encoded,,39663,False
A,597,20383136,encoded,,16666,False
B,596,20414410,encoded,,7674,False
A,598,20416468,encoded,,29222,False
B,597,20447748,encoded,,2663,False
A,599,20449813,encoded,,4581,False
B,598,20481077,encoded,,16667,False
A,600,20483132,encoded,,16197,False
B,599,20514416,encoded,,16667,False
A,601,20516474,encoded,,126837,True
B,600,20547747,encoded,,16666,False
A,602,20549813,encoded,,17715,False
B,601,20581088,encoded,,121342,True
A,603,20583141,encoded,,12296,False
B,602,20614414,encoded,,13172,False
A,604,20616472,encoded,,17877,False
B,603,20647756,encoded,,14062,False
A,605,20649805,encoded,,18005,False
B,604,20681082,encoded,,22540,False
A,606,20683138,encoded,,23275,False
B,605,20714415,encoded,,13833,False
A,607,20716474,encoded,,21414,False
B,606,20747754,encoded,,24419,False
A,608,20749811,encoded,,11466,False
B,607,20781083,encoded,,12697,False
A,609,20783139,encoded,,9522,False
B,608,20814422,encoded,,12199,False
A,610,20816476,encoded,,8627,False
B,609,20847755,encoded,,19076,False
A,611,20849811,encoded,,7549,False
B,610,20881086,encoded,,15889,False
A,612,20883147,encoded,,19476,False
B,611,20914419,encoded,,11467,False
A,613,20916476,encoded,,20655,False
B,612,20947751,encoded,,14307,False
A,614,20949813,encoded,,13464,False
A,615,20983144,encoded,,12048,False
B,613,20981089,encoded,,19871,False
B,614,21014418,encoded,,8845,False
A,616,21016477,encoded,,10885,False
B,615,21047756,encoded,,7894,False
A,617,21049809,encoded,,10155,False
B,616,21081089,encoded,,7191,False
A,618,21083145,encoded,,9211,False
B,617,21114423,encoded,,6597,False
A,619,21116484,encoded,,9457,False
B,618,21147758,encoded,,6722,False
A,620,21149816,encoded,,8146,False
B,619,21181091,encoded,,5774,False
A,621,21183150,encoded,,8155,False
B,620,21214430,encoded,,5812,False
A,622,21216481,encoded,,7898,False
B,621,21247764,encoded,,5504,False
A,623,21249823,encoded,,7868,False
B,622,21281100,encoded,,5184,False
A,624,21283156,encoded,,7950,False
B,623,21314435,encoded,,8937,False
A,625,21316486,encoded,,7393,False
B,624,21347763,encoded,,16666,False
A,626,21349818,encoded,,7541,False
B,625,21381095,encoded,,29544,False
A,627,21383152,encoded,,15115,False
B,626,21414430,encoded,,3790,False
A,628,21416486,encoded,,16667,False
B,627,21447767,encoded,,16666,False
A,629,21449821,encoded,,16667,False
B,628,21481096,encoded,,16667,False
A,630,21483154,encoded,,16666,False
B,629,21514432,encoded,,16667,False
A,631,21516492,encoded,,126799,True
B,630,21547765,encoded,,16666,False
A,632,21549822,encoded,,17629,False
B,631,21581097,encoded,,121377,True
A,633,21583155,encoded,,13692,False
B,632,21614433,encoded,,17431,False
A,634,21616485,encoded,,17550,False
B,633,21647769,encoded,,10911,False
A,635,21649826,encoded,,17320,False
B,634,21681101,encoded,,19922,False
A,636,21683163,encoded,,20770,False
B,635,21714439,encoded,,13010,False
A,637,21716490,encoded,,21457,False
B,636,21747775,encoded,,23557,False
A,638,21749830,encoded,,10997,False
B,637,21781102,encoded,,11467,False
A,639,21783157,encoded,,9055,False
B,638,21814439,encoded,,12372,False
A,640,21816490,encoded,,8012,False
B,639,21847772,encoded,,17946,False
A,641,21849830,encoded,,7666,False
B,640,21881104,encoded,,16640,False
A,642,21883160,encoded,,19961,False
B,641,21914442,encoded,,14015,False
A,643,21916494,encoded,,20024,False
B,642,21947772,encoded,,12837,False
A,644,21949828,encoded,,13193,False
B,643,21981106,encoded,,21695,False
A,645,21983160,encoded,,11651,False
B,644,22014443,encoded,,9825,False
A,646,22016501,encoded,,10514,False
B,645,22047780,encoded,,8335,False
A,647,22049836,encoded,,9662,False
B,646,22081111,encoded,,7714,False
A,648,22083167,encoded,,9314,False
B,647,22114439,encoded,,7481,False
A,649,22116497,encoded,,9755,False
B,648,22147781,encoded,,6832,False
A,650,22149837,encoded,,8980,False
B,649,22181111,encoded,,6391,False
A,651,22183166,encoded,,8139,False
B,650,22214452,encoded,,6071,False
A,652,22216504,encoded,,7928,False
B,651,22247781,encoded,,5352,False
A,653,22249837,encoded,,7548,False
B,652,22281112,encoded,,5465,False
A,654,22283169,encoded,,7658,False
B,653,22314446,encoded,,6688,False
A,655,22316498,encoded,,7309,False
B,654,22347786,encoded,,16666,False
A,656,22349837,encoded,,10751,False
B,655,22381114,encoded,,28987,False
A,657,22383169,encoded,,16666,False
B,656,22414446,encoded,,4347,False
A,658,22416505,encoded,,16667,False
B,657,22447795,encoded,,16666,False
A,659,22449839,encoded,,16667,False
B,658,22481119,encoded,,16667,False
A,660,22483170,encoded,,16666,False
B,659,22514454,encoded,,16667,False
A,661,22516506,encoded,,117486,True
B,660,22547787,encoded,,16666,False
A,662,22549839,encoded,,11581,False
A,663,22583177,encoded,,18411,False
B,661,22581122,encoded,,135486,True
B,662,22614453,encoded,,16101,False
A,664,22616509,encoded,,30428,False
B,663,22647792,encoded,,13734,False
A,665,22649841,encoded,,20138,False
B,664,22681124,encoded,,15680,False
A,666,22683175,encoded,,24535,False
B,665,22714455,encoded,,10700,False
A,667,22716507,encoded,,20975,False
B,666,22747785,encoded,,23136,False
A,668,22749845,encoded,,11742,False
B,667,22781125,encoded,,13224,False
A,669,22783176,encoded,,9906,False
B,668,22814457,encoded,,13715,False
A,670,22816511,encoded,,8303,False
B,669,22847790,encoded,,15353,False
A,671,22849846,encoded,,7477,False
B,670,22881120,encoded,,12199,False
A,672,22883176,encoded,,6846,False
B,671,22914459,encoded,,9903,False
A,673,22916516,encoded,,19435,False
B,672,22947791,encoded,,15849,False
A,674,22949849,encoded,,4512,False
B,673,22981126,encoded,,13103,False
A,675,22983182,encoded,,20738,False
B,674,23014461,encoded,,8441,False
A,676,23016514,encoded,,13325,False
B,675,23047794,encoded,,7493,False
A,677,23049847,encoded,,12555,False
B,676,23081135,encoded,,6838,False
A,678,23083187,encoded,,2936,False
B,677,23114461,encoded,,6386,False
A,679,23116515,encoded,,13073,False
B,678,23147795,encoded,,6060,False
A,680,23149853,encoded,,9839,False
B,679,23181131,encoded,,5587,False
A,681,23183181,encoded,,9336,False
B,680,23214465,encoded,,5524,False
A,682,23216514,encoded,,8437,False
B,681,23247800,encoded,,5543,False
A,683,23249848,encoded,,8383,False
B,682,23281130,encoded,,21662,False
A,684,23283185,encoded,,8069,False
B,683,23314464,encoded,,3110,False
A,685,23316523,encoded,,7675,False
A,686,23349852,encoded,,7881,False
B,684,23347797,encoded,,15173,False
B,685,23381136,encoded,,16667,False
A,687,23383190,encoded,,15978,False
B,686,23414482,encoded,,16667,False
A,688,23416526,encoded,,16667,False
B,687,23447803,encoded,,16666,False
A,689,23449854,encoded,,16667,False
B,688,23481146,encoded,,16667,False
A,690,23483187,encoded,,16666,False
B,689,23514467,encoded,,16667,False
A,691,23516523,encoded,,126791,True
A,692,23549857,encoded,,17909,False
B,690,23547804,encoded,,16666,False
A,693,23583188,encoded,,11158,False
B,691,23581128,encoded,,121341,True
B,692,23614479,encoded,,18034,False
A,694,23616522,encoded,,19258,False
B,693,23647805,encoded,,17556,False
A,695,23649858,encoded,,17637,False
A,696,23683190,encoded,,23558,False
B,694,23681149,encoded,,18231,False
B,695,23714481,encoded,,10469,False
A,697,23716524,encoded,,21098,False
B,696,23747800,encoded,,21279,False
A,698,23749857,encoded,,12542,False
B,697,23781144,encoded,,16091,False
A,699,23783194,encoded,,9710,False
B,698,23814470,encoded,,13564,False
A,700,23816532,encoded,,8238,False
B,699,23847806,encoded,,17868,False
A,701,23849862,encoded,,7889,False
B,700,23881156,encoded,,14043,False
A,702,23883193,encoded,,7298,False
B,701,23914488,encoded,,13875,False
A,703,23916525,encoded,,19081,False
B,702,23947826,encoded,,12696,False
A,704,23949862,encoded,,19503,False
B,703,23981150,encoded,,17251,False
A,705,23983197,encoded,,12921,False
B,704,24014490,encoded,,12687,False
A,706,24016529,encoded,,11254,False
B,705,24047824,encoded,,8598,False
A,707,24049870,encoded,,10141,False
B,706,24081154,encoded,,7601,False
A,708,24083197,encoded,,9584,False
B,707,24114477,encoded,,7066,False
A,709,24116536,encoded,,8987,False
B,708,24147815,encoded,,6850,False
A,710,24149869,encoded,,9333,False
B,709,24181144,encoded,,6956,False
A,711,24183204,encoded,,8534,False
B,710,24214477,encoded,,5922,False
A,712,24216536,encoded,,7965,False
B,711,24247812,encoded,,5818,False
A,713,24249870,encoded,,8201,False
B,712,24281147,encoded,,5410,False
A,714,24283204,encoded,,8406,False
B,713,24314481,encoded,,5056,False
A,715,24316536,encoded,,7716,False
B,714,24347815,encoded,,15738,False
A,716,24349873,encoded,,8622,False
B,715,24381156,encoded,,17955,False
A,717,24383212,encoded,,16666,False
B,716,24414487,encoded,,15379,False
A,718,24416537,encoded,,25183,False
B,717,24447821,encoded,,16666,False
A,719,24449875,encoded,,8151,False
B,718,24481152,encoded,,16667,False
A,720,24483206,encoded,,16666,False
B,719,24514485,encoded,,16667,False
A,721,24516539,encoded,,126698,True
B,720,24547819,encoded,,16666,False
A,722,24549879,encoded,,12716,False
B,721,24581157,encoded,,121218,True
A,723,24583207,encoded,,11770,False
A,724,24616540,encoded,,23915,False
B,722,24614489,encoded,,17428,False
B,723,24647827,encoded,,10921,False
A,725,24649877,encoded,,18114,False
B,724,24681154,encoded,,19713,False
A,726,24683209,encoded,,24032,False
B,725,24714489,encoded,,17549,False
A,727,24716543,encoded,,20856,False
B,726,24747829,encoded,,20302,False
A,728,24749877,encoded,,11448,False
B,727,24781157,encoded,,16916,False
A,729,24783213,encoded,,9795,False
B,728,24814495,encoded,,16811,False
A,730,24816557,encoded,,8210,False
B,729,24847817,encoded,,16259,False
A,731,24849880,encoded,,7336,False
B,730,24881162,encoded,,12317,False
A,732,24883215,encoded,,19591,False
B,731,24914498,encoded,,19273,False
A,733,24916557,encoded,,20657,False
B,732,24947829,encoded,,8464,False
A,734,24949884,encoded,,13339,False
B,733,24981156,encoded,,15867,False
A,735,24983212,encoded,,11671,False
A,736,25016546,encoded,,10744,False
B,734,25014497,encoded,,10410,False
B,735,25047830,encoded,,8129,False
A,737,25049884,encoded,,10399,False
B,736,25081162,encoded,,7531,False
A,738,25083221,encoded,,9616,False
B,737,25114499,encoded,,6409,False
A,739,25116549,encoded,,9286,False
B,738,25147835,encoded,,6223,False
A,740,25149888,encoded,,8732,False
B,739,25181165,encoded,,5650,False
A,741,25183220,encoded,,8099,False
B,740,25214498,encoded,,5638,False
A,742,25216554,encoded,,7498,False
B,741,25247840,encoded,,5187,False
A,743,25249888,encoded,,7849,False
B,742,25281166,encoded,,4987,False
A,744,25283222,encoded,,7674,False
B,743,25314502,encoded,,10132,False
A,745,25316555,encoded,,7420,False
B,744,25347844,encoded,,16666,False
A,746,25349891,encoded,,7273,False
B,745,25381173,encoded,,25406,False
A,747,25383221,encoded,,15262,False
B,746,25414503,encoded,,11150,False
A,748,25416555,encoded,,16667,False
B,747,25447838,encoded,,13444,False
A,749,25449890,encoded,,16667,False
B,748,25481168,encoded,,16667,False
A,750,25483225,encoded,,16666,False
B,749,25514508,encoded,,16667,False
A,751,25516558,encoded,,126554,True
B,750,25547840,encoded,,16666,False
A,752,25549900,encoded,,23700,False
B,751,25581173,encoded,,121220,True
A,753,25583221,encoded,,8818,False
B,752,25614504,encoded,,13261,False
A,754,25616570,encoded,,16945,False
A,755,25649893,encoded,,17283,False
B,753,25647842,encoded,,11899,False
B,754,25681176,encoded,,19096,False
A,756,25683231,encoded,,22652,False
B,755,25714510,encoded,,24251,False
A,757,25716561,encoded,,20411,False
B,756,25747850,encoded,,25119,False
A,758,25749896,encoded,,11684,False
B,757,25781174,encoded,,18007,False
A,759,25783229,encoded,,9597,False
B,758,25814511,encoded,,17380,False
A,760,25816562,encoded,,8545,False
B,759,25847848,encoded,,18320,False
A,761,25849898,encoded,,7116,False
B,760,25881183,encoded,,12284,False
A,762,25883232,encoded,,8129,False
B,761,25914517,encoded,,18430,False
A,763,25916566,encoded,,19408,False
B,762,25947850,encoded,,11364,False
A,764,25949900,encoded,,19518,False
B,763,25981179,encoded,,9073,False
A,765,25983234,encoded,,12950,False
B,764,26014523,encoded,,8075,False
A,766,26016571,encoded,,11960,False
B,765,26047847,encoded,,7622,False
A,767,26049903,encoded,,11177,False
B,766,26081183,encoded,,6604,False
A,768,26083238,encoded,,9835,False
B,767,26114521,encoded,,6135,False
A,769,26116566,encoded,,9068,False
B,768,26147852,encoded,,5533,False
A,770,26149901,encoded,,8625,False
B,769,26181185,encoded,,5220,False
A,771,26183238,encoded,,8130,False
B,770,26214518,encoded,,4872,False
A,772,26216573,encoded,,9316,False
B,771,26247852,encoded,,4782,False
A,773,26249909,encoded,,8398,False
B,772,26281187,encoded,,4499,False
A,774,26283242,encoded,,8556,False
B,773,26314521,encoded,,10288,False
A,775,26316572,encoded,,7870,False
B,774,26347854,encoded,,16666,False
A,776,26349906,encoded,,7739,False
B,775,26381186,encoded,,27688,False
A,777,26383239,encoded,,16016,False
B,776,26414522,encoded,,8679,False
A,778,26416572,encoded,,16667,False
B,777,26447860,encoded,,13633,False
A,779,26449911,encoded,,16667,False
B,778,26481187,encoded,,16667,False
A,780,26483240,encoded,,16666,False
B,779,26514531,encoded,,16667,False
A,781,26516583,encoded,,126769,True
B,780,26547854,encoded,,16666,False
A,782,26549913,encoded,,20924,False
B,781,26581188,encoded,,135440,True
A,783,26583251,encoded,,9090,False
B,782,26614526,encoded,,8299,False
A,784,26616576,encoded,,19251,False
B,783,26647860,encoded,,15510,False
A,785,26649912,encoded,,18063,False
B,784,26681196,encoded,,22439,False
A,786,26683247,encoded,,23404,False
B,785,26714527,encoded,,9964,False
A,787,26716578,encoded,,20471,False
B,786,26747858,encoded,,21557,False
A,788,26749909,encoded,,12181,False
B,787,26781190,encoded,,15307,False
A,789,26783242,encoded,,9973,False
B,788,26814528,encoded,,15452,False
A,790,26816579,encoded,,8627,False
B,789,26847860,encoded,,15785,False
A,791,26849915,encoded,,7437,False
A,792,26883249,encoded,,19427,False
B,790,26881192,encoded,,21105,False
B,791,26914528,encoded,,15745,False
A,793,26916582,encoded,,20631,False
B,792,26947867,encoded,,10648,False
A,794,26949919,encoded,,13318,False
B,793,26981197,encoded,,9525,False
A,795,26983248,encoded,,11689,False
B,794,27014533,encoded,,9296,False
A,796,27016584,encoded,,10446,False
B,795,27047866,encoded,,8646,False
A,797,27049920,encoded,,9594,False
B,796,27081200,encoded,,7844,False
A,798,27083259,encoded,,9500,False
B,797,27114540,encoded,,7670,False
A,799,27116589,encoded,,9050,False
B,798,27147870,encoded,,7368,False
A,800,27149921,encoded,,8642,False
B,799,27181204,encoded,,6861,False
A,801,27183256,encoded,,8181,False
B,800,27214542,encoded,,6374,False
A,802,27216587,encoded,,8127,False
B,801,27247864,encoded,,6286,False
A,803,27249925,encoded,,7901,False
B,802,27281208,encoded,,5830,False
A,804,27283265,encoded,,7652,False
B,803,27314541,encoded,,6341,False
A,805,27316595,encoded,,7693,False
B,804,27347877,encoded,,10708,False
A,806,27349923,encoded,,7607,False
B,805,27381208,encoded,,16667,False
A,807,27383262,encoded,,14352,False
A,808,27416597,encoded,,19841,False
B,806,27414545,encoded,,32158,False
B,807,27447884,encoded,,4379,False
A,809,27449927,encoded,,13493,False
B,808,27481208,encoded,,13463,False
A,810,27483263,encoded,,16666,False
A,811,27516596,encoded,,117578,True
B,809,27514542,encoded,,16667,False
B,810,27547880,encoded,,16666,False
A,812,27549929,encoded,,26008,False
B,811,27581219,encoded,,121310,True
A,813,27583269,encoded,,15531,False
B,812,27614549,encoded,,13537,False
A,814,27616595,encoded,,18984,False
B,813,27647889,encoded,,13915,False
A,815,27649932,encoded,,18683,False
B,814,27681215,encoded,,22073,False
A,816,27683265,encoded,,24383,False
B,815,27714546,encoded,,11802,False
A,817,27716596,encoded,,20557,False
B,816,27747883,encoded,,24619,False
A,818,27749933,encoded,,11716,False
B,817,27781214,encoded,,13359,False
A,819,27783269,encoded,,9576,False
B,818,27814550,encoded,,16016,False
A,820,27816596,encoded,,8357,False
B,819,27847880,encoded,,14893,False
A,821,27849935,encoded,,7255,False
B,820,27881215,encoded,,14685,False
A,822,27883265,encoded,,7357,False
B,821,27914552,encoded,,13858,False
A,823,27916600,encoded,,18662,False
B,822,27947885,encoded,,11242,False
A,824,27949937,encoded,,19944,False
B,823,27981216,encoded,,10410,False
A,825,27983264,encoded,,12693,False
B,824,28014548,encoded,,12600,False
A,826,28016603,encoded,,11168,False
B,825,28047888,encoded,,18816,False
A,827,28049938,encoded,,10133,False
B,826,28081220,encoded,,9375,False
A,828,28083272,encoded,,9785,False
B,827,28114545,encoded,,8550,False
A,829,28116600,encoded,,10140,False
B,828,28147886,encoded,,7719,False
A,830,28149940,encoded,,9001,False
B,829,28181220,encoded,,7074,False
A,831,28183272,encoded,,9452,False
B,830,28214556,encoded,,6982,False
A,832,28216605,encoded,,9041,False
B,831,28247891,encoded,,6570,False
A,833,28249940,encoded,,8587,False
B,832,28281222,encoded,,6469,False
A,834,28283273,encoded,,8721,False
A,835,28316610,encoded,,7780,False
B,833,28314558,encoded,,6364,False
B,834,28347892,encoded,,7762,False
A,836,28349942,encoded,,8576,False
B,835,28381227,encoded,,16667,False
A,837,28383276,encoded,,10332,False
B,836,28414558,encoded,,22165,False
A,838,28416608,encoded,,16667,False
B,837,28447893,encoded,,11168,False
A,839,28449948,encoded,,16667,False
B,838,28481228,encoded,,16667,False
A,840,28483277,encoded,,16666,False
B,839,28514564,encoded,,16667,False
A,841,28516611,encoded,,126814,True
B,840,28547897,encoded,,16666,False
A,842,28549946,encoded,,7942,False
B,841,28581227,encoded,,121265,True
A,843,28583279,encoded,,15745,False
B,842,28614561,encoded,,13777,False
A,844,28616610,encoded,,24618,False
B,843,28647900,encoded,,11891,False
A,845,28649949,encoded,,11093,False
B,844,28681225,encoded,,24683,False
A,846,28683280,encoded,,19857,False
B,845,28714566,encoded,,13648,False
A,847,28716615,encoded,,17708,False
A,848,28749947,encoded,,20230,False
B,846,28747902,encoded,,22770,False
B,847,28781232,encoded,,14102,False
A,849,28783281,encoded,,10250,False
B,848,28814568,encoded,,18512,False
A,850,28816631,encoded,,9443,False
B,849,28847899,encoded,,15428,False
A,851,28849953,encoded,,7635,False
B,850,28881229,encoded,,15511,False
A,852,28883283,encoded,,19585,False
B,851,28914568,encoded,,17511,False
A,853,28916617,encoded,,20866,False
B,852,28947903,encoded,,18202,False
A,854,28949952,encoded,,2874,False
B,853,28981235,encoded,,11089,False
A,855,28983291,encoded,,16571,False
B,854,29014572,encoded,,9554,False
A,856,29016622,encoded,,11316,False
B,855,29047913,encoded,,8306,False
A,857,29049958,encoded,,10629,False
B,856,29081233,encoded,,7489,False
A,858,29083288,encoded,,9678,False
B,857,29114573,encoded,,6755,False
A,859,29116623,encoded,,9078,False
B,858,29147904,encoded,,6435,False
A,860,29149954,encoded,,8523,False
B,859,29181238,encoded,,6394,False
A,861,29183287,encoded,,8532,False
B,860,29214572,encoded,,5818,False
A,862,29216623,encoded,,8295,False
B,861,29247909,encoded,,5926,False
A,863,29249956,encoded,,8236,False
B,862,29281235,encoded,,5650,False
A,864,29283291,encoded,,8199,False
B,863,29314578,encoded,,5393,False
A,865,29316626,encoded,,8384,False
B,864,29347907,encoded,,13891,False
A,866,29349962,encoded,,11233,False
B,865,29381242,encoded,,29461,False
A,867,29383295,encoded,,16666,False
B,866,29414576,encoded,,12159,False
A,868,29416627,encoded,,16667,False
B,867,29447905,encoded,,8380,False
A,869,29449960,encoded,,16667,False
B,868,29481239,encoded,,16667,False
A,870,29483298,encoded,,16666,False
B,869,29514580,encoded,,16667,False
A,871,29516633,encoded,,126719,True
B,870,29547921,encoded,,16666,False
A,872,29549966,encoded,,23597,False
B,871,29581248,encoded,,135480,True
A,873,29583299,encoded,,8606,False
B,872,29614581,encoded,,16331,False
A,874,29616628,encoded,,17777,False
B,873,29647918,encoded,,11704,False
A,875,29649970,encoded,,17853,False
B,874,29681247,encoded,,19069,False
A,876,29683298,encoded,,23145,False
B,875,29714584,encoded,,14666,False
A,877,29716631,encoded,,20340,False
B,876,29747917,encoded,,21920,False
A,878,29749967,encoded,,11182,False
B,877,29781249,encoded,,12807,False
A,879,29783304,encoded,,9254,False
B,878,29814588,encoded,,16461,False
A,880,29816635,encoded,,8132,False
B,879,29847912,encoded,,11447,False
A,881,29849966,encoded,,7280,False
B,880,29881242,encoded,,13924,False
A,882,29883303,encoded,,19232,False
B,881,29914586,encoded,,10776,False
A,883,29916635,encoded,,21100,False
B,882,29947921,encoded,,14230,False
A,884,29949978,encoded,,13436,False
B,883,29981257,encoded,,12349,False
A,885,29983303,encoded,,11527,False
B,884,30014587,encoded,,8939,False
A,886,30016638,encoded,,10361,False
B,885,30047922,encoded,,8282,False
A,887,30049977,encoded,,10070,False
B,886,30081252,encoded,,7542,False
A,888,30083310,encoded,,9134,False
B,887,30114587,encoded,,7462,False
A,889,30116639,encoded,,8684,False
B,888,30147926,encoded,,6886,False
A,890,30149974,encoded,,8691,False
B,889,30181259,encoded,,6097,False
A,891,30183309,encoded,,9053,False
B,890,30214593,encoded,,6181,False
A,892,30216642,encoded,,8159,False
B,891,30247934,encoded,,5897,False
A,893,30249976,encoded,,7691,False
B,892,30281257,encoded,,5822,False
A,894,30283309,encoded,,8415,False
B,893,30314598,encoded,,9062,False
A,895,30316642,encoded,,7767,False
B,894,30347917,encoded,,16666,False
A,896,30349979,encoded,,7650,False
B,895,30381261,encoded,,30969,False
A,897,30383309,encoded,,15145,False
B,896,30414596,encoded,,3589,False
A,898,30416645,encoded,,19913,False
B,897,30447930,encoded,,15442,False
A,899,30449984,encoded,,13421,False
B,898,30481260,encoded,,16667,False
A,900,30483315,encoded,,16666,False
B,899,30514599,encoded,,16667,False
A,901,30516645,encoded,,126829,True
B,900,30547931,encoded,,16666,False
A,902,30549986,encoded,,8528,False
B,901,30581266,encoded,,121129,True
A,903,30583317,encoded,,15319,False
B,902,30614597,encoded,,17190,False
A,904,30616646,encoded,,24603,False
B,903,30647936,encoded,,10235,False
A,905,30649986,encoded,,18191,False
A,906,30683318,encoded,,23666,False
B,904,30681259,encoded,,21292,False
B,905,30714603,encoded,,13484,False
A,907,30716651,encoded,,20572,False
B,906,30747935,encoded,,21461,False
A,908,30749987,encoded,,11089,False
B,907,30781270,encoded,,11109,False
A,909,30783321,encoded,,9476,False
B,908,30814603,encoded,,13601,False
A,910,30816651,encoded,,8434,False
B,909,30847933,encoded,,15406,False
A,911,30849989,encoded,,20327,False
B,910,30881263,encoded,,12192,False
A,912,30883321,encoded,,4813,False
B,911,30914610,encoded,,18983,False
A,913,30916653,encoded,,22671,False
B,912,30947938,encoded,,15190,False
A,914,30949990,encoded,,13281,False
B,913,30981276,encoded,,20267,False
A,915,30983323,encoded,,11517,False
B,914,31014608,encoded,,9136,False
A,916,31016654,encoded,,10409,False
B,915,31047949,encoded,,8306,False
A,917,31049991,encoded,,9647,False
B,916,31081271,encoded,,7189,False
A,918,31083324,encoded,,9681,False
B,917,31114614,encoded,,6941,False
A,919,31116664,encoded,,9190,False
B,918,31147943,encoded,,6042,False
A,920,31149991,encoded,,8846,False
B,919,31181277,encoded,,6066,False
A,921,31183331,encoded,,8181,False
B,920,31214613,encoded,,5444,False
A,922,31216664,encoded,,8117,False
B,921,31247951,encoded,,5454,False
A,923,31250000,encoded,,7749,False
B,922,31281272,encoded,,4882,False
A,924,31283331,encoded,,7533,False
B,923,31314615,encoded,,12335,False
A,925,31316663,encoded,,7340,False
B,924,31347950,encoded,,22549,False
A,926,31349998,encoded,,7325,False
B,925,31381281,encoded,,28117,False
A,927,31383331,encoded,,16666,False
B,926,31414613,encoded,,1544,False
A,928,31416662,encoded,,24380,False
B,927,31447948,encoded,,14456,False
A,929,31449999,encoded,,8954,False
B,928,31481275,encoded,,16667,False
A,930,31483329,encoded,,16666,False
B,929,31514619,encoded,,16667,False
A,931,31516671,encoded,,126951,True
B,930,31547952,encoded,,16666,False
A,932,31550000,encoded,,6602,False
B,931,31581289,encoded,,120819,True
A,933,31583334,encoded,,16561,False
B,932,31614614,encoded,,13134,False
A,934,31616663,encoded,,24146,False
B,933,31647959,encoded,,11557,False
A,935,31650005,encoded,,17882,False
B,934,31681282,encoded,,14851,False
A,936,31683337,encoded,,24120,False
B,935,31714623,encoded,,22265,False
A,937,31716666,encoded,,20898,False
B,936,31747955,encoded,,21887,False
A,938,31750005,encoded,,11883,False
B,937,31781288,encoded,,17207,False
A,939,31783336,encoded,,9151,False
B,938,31814624,encoded,,16501,False
A,940,31816669,encoded,,8400,False
B,939,31847960,encoded,,13680,False
A,941,31850006,encoded,,7734,False
B,940,31881283,encoded,,14239,False
A,942,31883337,encoded,,6980,False
B,941,31914623,encoded,,12260,False
A,943,31916677,encoded,,20160,False
B,942,31947958,encoded,,11190,False
A,944,31950009,encoded,,19405,False
B,943,31981294,encoded,,16159,False
A,945,31983338,encoded,,13310,False
B,944,32014633,encoded,,11851,False
A,946,32016675,encoded,,11407,False
B,945,32047967,encoded,,8599,False
A,947,32050008,encoded,,10370,False
B,946,32081288,encoded,,7486,False
A,948,32083343,encoded,,9548,False
B,947,32114630,encoded,,6844,False
A,949,32116675,encoded,,9160,False
B,948,32147964,encoded,,5931,False
A,950,32150014,encoded,,9100,False
A,951,32183346,encoded,,8294,False
B,949,32181292,encoded,,5282,False
B,950,32214627,encoded,,5139,False
A,952,32216676,encoded,,8170,False
B,951,32247966,encoded,,4862,False
A,953,32250013,encoded,,7815,False
B,952,32281290,encoded,,4924,False
A,954,32283346,encoded,,7660,False
B,953,32314632,encoded,,16667,False
A,955,32316678,encoded,,7542,False
B,954,32347966,encoded,,28823,False
A,956,32350015,encoded,,10085,False
B,955,32381298,encoded,,4510,False
A,957,32383347,encoded,,16666,False
B,956,32414634,encoded,,16667,False
A,958,32416682,encoded,,38884,False
B,957,32447968,encoded,,16666,False
A,959,32450015,encoded,,3850,False
B,958,32481294,encoded,,16667,False
A,960,32483349,encoded,,7266,False
B,959,32514635,encoded,,16667,False
A,961,32516683,encoded,,117547,True
B,960,32547971,encoded,,16666,False
A,962,32550017,encoded,,19162,False
B,961,32581304,encoded,,121142,True
A,963,32583353,encoded,,16810,False
A,964,32616694,encoded,,23954,False
B,962,32614637,encoded,,13078,False
B,963,32647970,encoded,,11853,False
A,965,32650019,encoded,,16126,False
A,966,32683353,encoded,,24298,False
B,964,32681296,encoded,,17319,False
B,965,32714636,encoded,,16492,False
A,967,32716683,encoded,,15882,False
B,966,32747973,encoded,,19160,False
A,968,32750020,encoded,,17113,False
B,967,32781303,encoded,,11110,False
A,969,32783357,encoded,,10310,False
B,968,32814640,encoded,,10205,False
A,970,32816691,encoded,,9837,False
B,969,32847971,encoded,,24220,False
A,971,32850023,encoded,,7742,False
B,970,32881307,encoded,,16660,False
A,972,32883353,encoded,,7020,False
B,971,32914638,encoded,,13872,False
A,973,32916688,encoded,,19191,False
B,972,32947982,encoded,,12993,False
A,974,32950026,encoded,,20636,False
A,975,32983356,encoded,,13347,False
B,973,32981311,encoded,,19621,False
B,974,33014643,encoded,,8506,False
A,976,33016689,encoded,,11571,False
B,975,33047978,encoded,,7358,False
A,977,33050024,encoded,,11144,False
B,976,33081311,encoded,,6589,False
A,978,33083359,encoded,,9774,False
B,977,33114646,encoded,,5988,False
A,979,33116693,encoded,,9411,False
B,978,33147984,encoded,,6006,False
A,980,33150027,encoded,,9878,False
B,979,33181313,encoded,,5277,False
A,981,33183365,encoded,,8919,False
B,980,33214649,encoded,,5330,False
A,982,33216698,encoded,,9376,False
B,981,33247987,encoded,,4893,False
A,983,33250032,encoded,,8026,False
B,982,33281318,encoded,,8995,False
A,984,33283366,encoded,,8257,False
B,983,33314649,encoded,,16667,False
A,985,33316702,encoded,,7996,False
B,984,33347988,encoded,,28771,False
A,986,33350032,encoded,,7680,False
B,985,33381316,encoded,,4562,False
A,987,33383367,encoded,,8993,False
B,986,33414648,encoded,,16667,False
A,988,33416703,encoded,,16667,False
B,987,33447988,encoded,,16666,False
A,989,33450037,encoded,,29530,False
B,988,33481321,encoded,,16667,False
A,990,33483372,encoded,,4391,False
A,991,33516699,encoded,,126795,True
B,989,33514657,encoded,,16667,False
B,990,33547992,encoded,,16666,False
A,992,33550034,encoded,,18157,False
B,991,33581327,encoded,,135446,True
A,993,33583374,encoded,,6903,False
B,992,33614656,encoded,,12086,False
A,994,33616698,encoded,,23636,False
B,993,33647991,encoded,,13858,False
A,995,33650035,encoded,,17879,False
B,994,33681330,encoded,,18855,False
A,996,33683376,encoded,,24284,False
B,995,33714661,encoded,,14949,False
A,997,33716709,encoded,,21074,False
B,996,33747996,encoded,,22349,False
A,998,33750041,encoded,,11491,False
B,997,33781323,encoded,,13731,False
A,999,33783370,encoded,,9488,False
B,998,33814663,encoded,,12559,False
A,1000,33816703,encoded,,8176,False
B,999,33847988,encoded,,15207,False
A,1001,33850039,encoded,,7561,False
B,1000,33881325,encoded,,10679,False
A,1002,33883374,encoded,,19239,False
B,1001,33914661,encoded,,18449,False
A,1003,33916706,encoded,,20974,False
B,1002,33947996,encoded,,14219,False
A,1004,33950042,encoded,,2935,False
B,1003,33981329,encoded,,9773,False
A,1005,33983373,encoded,,16226,False
B,1004,34014663,encoded,,8342,False
A,1006,34016708,encoded,,11937,False
B,1005,34047996,encoded,,7942,False
A,1007,34050047,encoded,,10134,False
B,1006,34081330,encoded,,7283,False
A,1008,34083377,encoded,,9967,False
B,1007,34114663,encoded,,6680,False
A,1009,34116713,encoded,,9181,False
B,1008,34148000,encoded,,6120,False
A,1010,34150044,encoded,,9087,False
B,1009,34181332,encoded,,6018,False
A,1011,34183379,encoded,,8531,False
B,1010,34214667,encoded,,5836,False
A,1012,34216712,encoded,,9531,False
B,1011,34248000,encoded,,5448,False
A,1013,34250049,encoded,,8409,False
B,1012,34281334,encoded,,5430,False
A,1014,34283379,encoded,,8402,False
B,1013,34314667,encoded,,12075,False
A,1015,34316714,encoded,,8070,False
B,1014,34348004,encoded,,23000,False
A,1016,34350061,encoded,,7679,False
B,1015,34381336,encoded,,28681,False
A,1017,34383383,encoded,,13666,False
B,1016,34414674,encoded,,1986,False
A,1018,34416713,encoded,,16667,False
B,1017,34448006,encoded,,12999,False
A,1019,34450052,encoded,,18151,False
B,1018,34481337,encoded,,16667,False
A,1020,34483382,encoded,,15182,False
B,1019,34514670,encoded,,16667,False
A,1021,34516717,encoded,,126840,True
B,1020,34548008,encoded,,16666,False
A,1022,34550052,encoded,,24933,False
B,1021,34581337,encoded,,121075,True
A,1023,34583389,encoded,,7633,False
B,1022,34614676,encoded,,17457,False
A,1024,34616721,encoded,,14823,False
B,1023,34648010,encoded,,12489,False
A,1025,34650054,encoded,,17920,False
B,1024,34681346,encoded,,18713,False
A,1026,34683390,encoded,,23310,False
B,1025,34714673,encoded,,16318,False
A,1027,34716723,encoded,,20646,False
B,1026,34748020,encoded,,16517,False
A,1028,34750057,encoded,,11679,False
B,1027,34781342,encoded,,13589,False
A,1029,34783390,encoded,,9500,False
B,1028,34814674,encoded,,16233,False
A,1030,34816719,encoded,,8115,False
B,1029,34848012,encoded,,17945,False
A,1031,34850057,encoded,,7259,False
B,1030,34881345,encoded,,23179,False
A,1032,34883398,encoded,,19162,False
B,1031,34914679,encoded,,20943,False
A,1033,34916724,encoded,,21032,False
B,1032,34948014,encoded,,6339,False
A,1034,34950061,encoded,,13588,False
B,1033,34981350,encoded,,13462,False
A,1035,34983392,encoded,,11385,False
B,1034,35014683,encoded,,8813,False
A,1036,35016728,encoded,,10570,False
B,1035,35048015,encoded,,7727,False
A,1037,35050061,encoded,,9796,False
B,1036,35081349,encoded,,6900,False
A,1038,35083394,encoded,,9065,False
B,1037,35114683,encoded,,6273,False
A,1039,35116731,encoded,,9903,False
A,1040,35150060,encoded,,8595,False
B,1038,35148016,encoded,,5606,False
B,1039,35181362,encoded,,5224,False
A,1041,35183400,encoded,,8304,False
B,1040,35214691,encoded,,5074,False
A,1042,35216732,encoded,,8032,False
B,1041,35248026,encoded,,4655,False
A,1043,35250066,encoded,,8647,False
B,1042,35281359,encoded,,4532,False
A,1044,35283405,encoded,,8296,False
B,1043,35314689,encoded,,16903,False
A,1045,35316734,encoded,,7951,False
B,1044,35348034,encoded,,34267,False
A,1046,35350066,encoded,,7295,False
B,1045,35381352,encoded,,2143,False
A,1047,35383402,encoded,,15721,False
B,1046,35414690,encoded,,10958,False
A,1048,35416732,encoded,,30432,False
B,1047,35448025,encoded,,16666,False
A,1049,35450068,encoded,,4562,False
B,1048,35481354,encoded,,16667,False
A,1050,35483401,encoded,,15006,False
B,1049,35514691,encoded,,16667,False
A,1051,35516737,encoded,,126689,True
B,1050,35548058,encoded,,16666,False
A,1052,35550070,encoded,,22480,False
A,1053,35583404,encoded,,10106,False
B,1051,35581358,encoded,,121273,True
B,1052,35614697,encoded,,20006,False
A,1054,35616738,encoded,,14954,False
B,1053,35648045,encoded,,10321,False
A,1055,35650070,encoded,,17657,False
B,1054,35681360,encoded,,12540,False
A,1056,35683407,encoded,,23485,False
B,1055,35714695,encoded,,22876,False
A,1057,35716738,encoded,,20779,False
B,1056,35748071,encoded,,26090,False
A,1058,35750076,encoded,,11383,False
B,1057,35781361,encoded,,18004,False
A,1059,35783406,encoded,,9145,False
B,1058,35814698,encoded,,15044,False
A,1060,35816740,encoded,,8343,False
B,1059,35848061,encoded,,14481,False
A,1061,35850075,encoded,,7443,False
B,1060,35881363,encoded,,12956,False
A,1062,35883407,encoded,,19348,False
B,1061,35914695,encoded,,18014,False
A,1063,35916742,encoded,,20667,False
B,1062,35948071,encoded,,14059,False
A,1064,35950082,encoded,,13519,False
B,1063,35981365,encoded,,9763,False
A,1065,35983412,encoded,,11393,False
B,1064,36014703,encoded,,8594,False
A,1066,36016742,encoded,,11162,False
B,1065,36048052,encoded,,7492,False
A,1067,36050080,encoded,,10065,False
B,1066,36081369,encoded,,6711,False
A,1068,36083414,encoded,,9333,False
B,1067,36114702,encoded,,6230,False
A,1069,36116748,encoded,,8641,False
A,1070,36150083,encoded,,8395,False
B,1068,36148067,encoded,,5981,False
B,1069,36181371,encoded,,5730,False
A,1071,36183413,encoded,,8352,False
B,1070,36214709,encoded,,6168,False
A,1072,36216747,encoded,,8623,False
B,1071,36248060,encoded,,5850,False
A,1073,36250084,encoded,,8032,False
B,1072,36281374,encoded,,5364,False
A,1074,36283415,encoded,,7590,False
B,1073,36314708,encoded,,9787,False
A,1075,36316755,encoded,,7303,False
B,1074,36348063,encoded,,16666,False
A,1076,36350084,encoded,,8447,False
B,1075,36381377,encoded,,30298,False
A,1077,36383423,encoded,,16666,False
B,1076,36414711,encoded,,3144,False
A,1078,36416753,encoded,,30004,False
B,1077,36448058,encoded,,16558,False
A,1079,36450092,encoded,,4746,False
B,1078,36481375,encoded,,16667,False
A,1080,36483423,encoded,,15250,False
B,1079,36514711,encoded,,16667,False
A,1081,36516754,encoded,,126959,True
B,1080,36548052,encoded,,16666,False
A,1082,36550090,encoded,,21217,False
B,1081,36581377,encoded,,121100,True
A,1083,36583426,encoded,,8685,False
B,1082,36614712,encoded,,13045,False
A,1084,36616754,encoded,,18460,False
B,1083,36648066,encoded,,12030,False
A,1085,36650088,encoded,,18104,False
B,1084,36681390,encoded,,18928,False
A,1086,36683425,encoded,,23722,False
B,1085,36714714,encoded,,17120,False
A,1087,36716755,encoded,,21321,False
B,1086,36748054,encoded,,17123,False
A,1088,36750095,encoded,,11519,False
B,1087,36781389,encoded,,16333,False
A,1089,36783430,encoded,,9632,False
B,1088,36814717,encoded,,15827,False
A,1090,36816759,encoded,,8688,False
B,1089,36848066,encoded,,15621,False
A,1091,36850094,encoded,,7483,False
B,1090,36881384,encoded,,13278,False
A,1092,36883424,encoded,,19465,False
B,1091,36914717,encoded,,12785,False
A,1093,36916763,encoded,,20430,False
B,1092,36948050,encoded,,13887,False
A,1094,36950094,encoded,,13035,False
B,1093,36981383,encoded,,17520,False
A,1095,36983429,encoded,,2747,False
B,1094,37014718,encoded,,12110,False
A,1096,37016763,encoded,,14749,False
B,1095,37048052,encoded,,8102,False
A,1097,37050097,encoded,,11045,False
A,1098,37083430,encoded,,9603,False
B,1096,37081387,encoded,,7101,False
A,1099,37116767,encoded,,8952,False
B,1097,37114722,encoded,,6319,False
B,1098,37148077,encoded,,6872,False
A,1100,37150116,encoded,,8786,False
B,1099,37181384,encoded,,6282,False
A,1101,37183435,encoded,,8616,False
B,1100,37214721,encoded,,5399,False
A,1102,37216765,encoded,,8160,False
B,1101,37248061,encoded,,5402,False
A,1103,37250101,encoded,,8079,False
B,1102,37281391,encoded,,5138,False
A,1104,37283442,encoded,,7896,False
B,1103,37314722,encoded,,16012,False
A,1105,37316766,encoded,,7849,False
B,1104,37348058,encoded,,21450,False
A,1106,37350103,encoded,,8641,False
B,1105,37381392,encoded,,11883,False
A,1107,37383439,encoded,,16157,False
B,1106,37414727,encoded,,16667,False
A,1108,37416765,encoded,,29808,False
B,1107,37448058,encoded,,16666,False
A,1109,37450100,encoded,,4468,False
B,1108,37481395,encoded,,16667,False
A,1110,37483435,encoded,,15724,False
B,1109,37514736,encoded,,16667,False
A,1111,37516774,encoded,,117492,True
B,1110,37548065,encoded,,16666,False
A,1112,37550104,encoded,,25811,False
B,1111,37581395,encoded,,135551,True
A,1113,37583437,encoded,,11091,False
B,1112,37614729,encoded,,16496,False
A,1114,37616771,encoded,,22653,False
A,1115,37650109,encoded,,20087,False
B,1113,37648064,encoded,,13967,False
B,1114,37681399,encoded,,16137,False
A,1116,37683440,encoded,,24735,False
B,1115,37714735,encoded,,14010,False
A,1117,37716777,encoded,,20847,False
B,1116,37748064,encoded,,18065,False
A,1118,37750108,encoded,,11900,False
B,1117,37781400,encoded,,10505,False
A,1119,37783443,encoded,,9241,False
B,1118,37814734,encoded,,10120,False
A,1120,37816774,encoded,,7951,False
B,1119,37848073,encoded,,14158,False
A,1121,37850113,encoded,,7399,False
B,1120,37881400,encoded,,9978,False
A,1122,37883445,encoded,,19594,False
B,1121,37914735,encoded,,9349,False
A,1123,37916780,encoded,,4531,False
B,1122,37948075,encoded,,12908,False
A,1124,37950114,encoded,,22439,False
B,1123,37981411,encoded,,17255,False
A,1125,37983448,encoded,,13566,False
B,1124,38014740,encoded,,13056,False
A,1126,38016780,encoded,,11182,False
B,1125,38048076,encoded,,8961,False
A,1127,38050113,encoded,,10448,False
B,1126,38081410,encoded,,7854,False
A,1128,38083452,encoded,,9672,False
B,1127,38114739,encoded,,7262,False
A,1129,38116784,encoded,,9073,False
B,1128,38148084,encoded,,7117,False
A,1130,38150118,encoded,,8667,False
B,1129,38181411,encoded,,6392,False
A,1131,38183453,encoded,,8414,False
B,1130,38214750,encoded,,6235,False
A,1132,38216790,encoded,,7718,False
B,1131,38248083,encoded,,5833,False
A,1133,38250119,encoded,,7739,False
B,1132,38281411,encoded,,5489,False
A,1134,38283449,encoded,,7669,False
B,1133,38314746,encoded,,16636,False
A,1135,38316784,encoded,,7433,False
B,1134,38348075,encoded,,21867,False
A,1136,38350117,encoded,,7624,False
B,1135,38381414,encoded,,14112,False
A,1137,38383451,encoded,,15024,False
B,1136,38414745,encoded,,14021,False
A,1138,38416788,encoded,,16667,False
B,1137,38448077,encoded,,16666,False
A,1139,38450124,encoded,,16667,False
B,1138,38481418,encoded,,16667,False
A,1140,38483458,encoded,,16666,False
B,1139,38514747,encoded,,16667,False
A,1141,38516790,encoded,,126870,True
B,1140,38548080,encoded,,16666,False
A,1142,38550123,encoded,,8600,False
B,1141,38581413,encoded,,121128,True
A,1143,38583456,encoded,,15906,False
B,1142,38614749,encoded,,20284,False
A,1144,38616791,encoded,,23667,False
B,1143,38648088,encoded,,8484,False
A,1145,38650126,encoded,,18150,False
A,1146,38683461,encoded,,21069,False
B,1144,38681415,encoded,,20348,False
B,1145,38714753,encoded,,16651,False
A,1147,38716791,encoded,,15545,False
B,1146,38748086,encoded,,19923,False
A,1148,38750128,encoded,,16452,False
B,1147,38781421,encoded,,12885,False
A,1149,38783466,encoded,,9974,False
B,1148,38814755,encoded,,18531,False
A,1150,38816797,encoded,,8645,False
A,1151,38850129,encoded,,7925,False
B,1149,38848084,encoded,,14491,False
B,1150,38881420,encoded,,11765,False
A,1152,38883466,encoded,,21395,False
B,1151,38914768,encoded,,11702,False
A,1153,38916795,encoded,,4741,False
B,1152,38948090,encoded,,13862,False
A,1154,38950133,encoded,,22088,False
B,1153,38981421,encoded,,17833,False
A,1155,38983470,encoded,,13032,False
B,1154,39014760,encoded,,12069,False
A,1156,39016796,encoded,,12393,False
B,1155,39048086,encoded,,8318,False
A,1157,39050136,encoded,,10407,False
B,1156,39081423,encoded,,7032,False
A,1158,39083468,encoded,,9477,False
B,1157,39114758,encoded,,6220,False
A,1159,39116801,encoded,,9075,False
B,1158,39148096,encoded,,5804,False
A,1160,39150134,encoded,,9393,False
B,1159,39181428,encoded,,5674,False
A,1161,39183468,encoded,,8964,False
B,1160,39214761,encoded,,5890,False
A,1162,39216806,encoded,,8437,False
B,1161,39248095,encoded,,5353,False
A,1163,39250136,encoded,,7928,False
A,1164,39283468,encoded,,7899,False
B,1162,39281429,encoded,,5306,False
A,1165,39316809,encoded,,7937,False
B,1163,39314762,encoded,,13781,False
B,1164,39348096,encoded,,24532,False
A,1166,39350139,encoded,,7472,False
B,1165,39381428,encoded,,13512,False
A,1167,39383471,encoded,,16559,False
B,1166,39414764,encoded,,11956,False
A,1168,39416804,encoded,,29731,False
B,1167,39448096,encoded,,16666,False
A,1169,39450142,encoded,,4816,False
B,1168,39481432,encoded,,16667,False
A,1170,39483476,encoded,,15453,False
A,1171,39516808,encoded,,126909,True
B,1169,39514766,encoded,,16667,False
B,1170,39548099,encoded,,16666,False
A,1172,39550139,encoded,,23837,False
B,1171,39581438,encoded,,121142,True
A,1173,39583480,encoded,,9462,False
B,1172,39614767,encoded,,18354,False
A,1174,39616806,encoded,,14809,False
B,1173,39648100,encoded,,10733,False
A,1175,39650140,encoded,,17866,False
B,1174,39681435,encoded,,17579,False
A,1176,39683475,encoded,,23000,False
B,1175,39714767,encoded,,22673,False
A,1177,39716809,encoded,,20808,False
B,1176,39748102,encoded,,12389,False
A,1178,39750148,encoded,,11296,False
B,1177,39781438,encoded,,11620,False
A,1179,39783476,encoded,,9527,False
B,1178,39814771,encoded,,16122,False
A,1180,39816812,encoded,,8296,False
B,1179,39848104,encoded,,17943,False
A,1181,39850146,encoded,,20235,False
B,1180,39881438,encoded,,23355,False
A,1182,39883482,encoded,,21837,False
B,1181,39914773,encoded,,20533,False
A,1183,39916813,encoded,,2743,False
B,1182,39948108,encoded,,6489,False
A,1184,39950153,encoded,,16661,False
B,1183,39981439,encoded,,12810,False
A,1185,39983482,encoded,,11727,False
B,1184,40014771,encoded,,9193,False
A,1186,40016816,encoded,,11446,False
A,1187,40050151,encoded,,9601,False
B,1185,40048105,encoded,,7315,False
B,1186,40081439,encoded,,6805,False
A,1188,40083486,encoded,,9754,False
B,1187,40114776,encoded,,6054,False
A,1189,40116825,encoded,,8903,False
B,1188,40148107,encoded,,5516,False
A,1190,40150154,encoded,,8661,False
B,1189,40181445,encoded,,5243,False
A,1191,40183487,encoded,,8248,False
B,1190,40214779,encoded,,5172,False
A,1192,40216824,encoded,,11802,False
B,1191,40248111,encoded,,5142,False
A,1193,40250154,encoded,,8449,False
B,1192,40281445,encoded,,4907,False
A,1194,40283490,encoded,,8014,False
B,1193,40314787,encoded,,16245,False
A,1195,40316824,encoded,,7736,False
B,1194,40348113,encoded,,29972,False
A,1196,40350160,encoded,,7507,False
B,1195,40381445,encoded,,3361,False
A,1197,40383491,encoded,,10866,False
B,1196,40414786,encoded,,16667,False
A,1198,40416827,encoded,,16667,False
B,1197,40448121,encoded,,16666,False
A,1199,40450157,encoded,,28622,False
B,1198,40481449,encoded,,16667,False
A,1200,40483495,encoded,,5595,False
A,1201,40516829,encoded,,126729,True
B,1199,40514788,encoded,,16667,False
B,1200,40548116,encoded,,16666,False
A,1202,40550156,encoded,,18395,False
B,1201,40581452,encoded,,135488,True
A,1203,40583492,encoded,,6832,False
B,1202,40614785,encoded,,16408,False
A,1204,40616837,encoded,,23047,False
B,1203,40648118,encoded,,13700,False
A,1205,40650160,encoded,,9229,False
B,1204,40681457,encoded,,15763,False
A,1206,40683494,encoded,,25775,False
A,1207,40716830,encoded,,16553,False
B,1205,40714788,encoded,,14937,False
B,1206,40748128,encoded,,20975,False
A,1208,40750168,encoded,,19075,False
B,1207,40781457,encoded,,12871,False
A,1209,40783497,encoded,,10652,False
B,1208,40814790,encoded,,10111,False
A,1210,40816833,encoded,,9153,False
B,1209,40848124,encoded,,13330,False
A,1211,40850166,encoded,,7850,False
B,1210,40881458,encoded,,9222,False
A,1212,40883499,encoded,,19770,False
B,1211,40914794,encoded,,8478,False
A,1213,40916836,encoded,,21184,False
B,1212,40948127,encoded,,8081,False
A,1214,40950166,encoded,,2860,False
B,1213,40981458,encoded,,8055,False
A,1215,40983500,encoded,,16319,False
B,1214,41014795,encoded,,10282,False
A,1216,41016841,encoded,,12120,False
B,1215,41048125,encoded,,18687,False
A,1217,41050170,encoded,,11103,False
B,1216,41081463,encoded,,8425,False
A,1218,41083502,encoded,,9852,False
B,1217,41114800,encoded,,7282,False
A,1219,41116838,encoded,,9419,False
B,1218,41148128,encoded,,6587,False
A,1220,41150171,encoded,,8760,False
B,1219,41181465,encoded,,6077,False
A,1221,41183505,encoded,,9364,False
B,1220,41214798,encoded,,5819,False
A,1222,41216838,encoded,,8502,False
B,1221,41248133,encoded,,5843,False
A,1223,41250171,encoded,,9107,False
B,1222,41281463,encoded,,10246,False
A,1224,41283506,encoded,,8189,False
B,1223,41314801,encoded,,16667,False
A,1225,41316844,encoded,,7726,False
B,1224,41348150,encoded,,29522,False
A,1226,41350176,encoded,,7368,False
B,1225,41381465,encoded,,3811,False
A,1227,41383505,encoded,,14183,False
B,1226,41414803,encoded,,16667,False
A,1228,41416842,encoded,,19539,False
B,1227,41448134,encoded,,16666,False
A,1229,41450177,encoded,,13795,False
B,1228,41481470,encoded,,16667,False
A,1230,41483512,encoded,,16666,False
B,1229,41514814,encoded,,16667,False
A,1231,41516844,encoded,,126920,True
B,1230,41548139,encoded,,16666,False
A,1232,41550179,encoded,,25851,False
B,1231,41581474,encoded,,121022,True
A,1233,41583516,encoded,,9292,False
B,1232,41614799,encoded,,15055,False
A,1234,41616843,encoded,,13225,False
B,1233,41648147,encoded,,18572,False
A,1235,41650185,encoded,,17255,False
B,1234,41681477,encoded,,21694,False
A,1236,41683521,encoded,,22528,False
A,1237,41716851,encoded,,21200,False
B,1235,41714812,encoded,,23834,False
B,1236,41748140,encoded,,24458,False
A,1238,41750182,encoded,,11039,False
B,1237,41781479,encoded,,17345,False
A,1239,41783523,encoded,,9343,False
B,1238,41814817,encoded,,18164,False
A,1240,41816853,encoded,,8207,False
B,1239,41848147,encoded,,15376,False
A,1241,41850183,encoded,,7334,False
B,1240,41881479,encoded,,8992,False
A,1242,41883525,encoded,,18990,False
B,1241,41914812,encoded,,17387,False
A,1243,41916859,encoded,,20660,False
B,1242,41948147,encoded,,11386,False
A,1244,41950191,encoded,,2760,False
B,1243,41981477,encoded,,8725,False
A,1245,41983523,encoded,,16460,False
B,1244,42014814,encoded,,7888,False
A,1246,42016856,encoded,,11702,False
A,1247,42050194,encoded,,10036,False
B,1245,42048149,encoded,,6662,False
B,1246,42081479,encoded,,6409,False
A,1248,42083519,encoded,,9844,False
B,1247,42114812,encoded,,6042,False
A,1249,42116857,encoded,,9816,False
B,1248,42148148,encoded,,5784,False
A,1250,42150190,encoded,,8732,False
B,1249,42181484,encoded,,5458,False
A,1251,42183520,encoded,,8536,False
A,1252,42216856,encoded,,8302,False
B,1250,42214820,encoded,,5101,False
B,1251,42248147,encoded,,4935,False
A,1253,42250190,encoded,,7789,False
A,1254,42283528,encoded,,7879,False
B,1252,42281486,encoded,,4790,False
B,1253,42314820,encoded,,8255,False
A,1255,42316856,encoded,,7599,False
B,1254,42348153,encoded,,16666,False
A,1256,42350192,encoded,,12035,False
B,1255,42381486,encoded,,36656,False
A,1257,42383526,encoded,,16666,False
B,1256,42414815,encoded,,1780,False
A,1258,42416860,encoded,,16667,False
B,1257,42448156,encoded,,11564,False
A,1259,42450194,encoded,,16667,False
B,1258,42481485,encoded,,16667,False
A,1260,42483530,encoded,,16666,False
B,1259,42514822,encoded,,16667,False
A,1261,42516863,encoded,,117744,True
B,1260,42548163,encoded,,16666,False
A,1262,42550194,encoded,,23213,False
B,1261,42581496,encoded,,121056,True
A,1263,42583536,encoded,,13514,False
B,1262,42614825,encoded,,13138,False
A,1264,42616864,encoded,,22689,False
B,1263,42648162,encoded,,11209,False
A,1265,42650203,encoded,,19510,False
B,1264,42681498,encoded,,19197,False
A,1266,42683534,encoded,,23452,False
A,1267,42716865,encoded,,20915,False
B,1265,42714829,encoded,,24730,False
B,1266,42748156,encoded,,18913,False
A,1268,42750200,encoded,,11668,False
B,1267,42781490,encoded,,16526,False
A,1269,42783535,encoded,,9265,False
B,1268,42814822,encoded,,17302,False
A,1270,42816865,encoded,,8251,False
B,1269,42848164,encoded,,14664,False
A,1271,42850201,encoded,,7111,False
B,1270,42881499,encoded,,13463,False
A,1272,42883546,encoded,,7457,False
B,1271,42914834,encoded,,11739,False
A,1273,42916868,encoded,,19709,False
B,1272,42948161,encoded,,17529,False
A,1274,42950208,encoded,,20028,False
B,1273,42981497,encoded,,12410,False
A,1275,42983543,encoded,,12986,False
B,1274,43014836,encoded,,8545,False
A,1276,43016873,encoded,,11402,False
B,1275,43048164,encoded,,7697,False
A,1277,43050207,encoded,,10601,False
B,1276,43081500,encoded,,6694,False
A,1278,43083540,encoded,,10030,False
B,1277,43114832,encoded,,6312,False
A,1279,43116870,encoded,,9296,False
B,1278,43148166,encoded,,6002,False
A,1280,43150207,encoded,,8865,False
B,1279,43181499,encoded,,5270,False
A,1281,43183540,encoded,,9265,False
B,1280,43214835,encoded,,5100,False
A,1282,43216876,encoded,,8258,False
B,1281,43248171,encoded,,4784,False
A,1283,43250207,encoded,,8308,False
B,1282,43281504,encoded,,4709,False
A,1284,43283544,encoded,,7785,False
B,1283,43314840,encoded,,16536,False
A,1285,43316876,encoded,,7465,False
B,1284,43348171,encoded,,35513,False
A,1286,43350212,encoded,,7492,False
B,1285,43381506,encoded,,1676,False
A,1287,43383545,encoded,,13721,False
B,1286,43414840,encoded,,12620,False
A,1288,43416883,encoded,,19490,False
B,1287,43448174,encoded,,16666,False
A,1289,43450213,encoded,,13844,False
B,1288,43481507,encoded,,16667,False
A,1290,43483548,encoded,,16666,False
B,1289,43514839,encoded,,16667,False
A,1291,43516878,encoded,,127021,True
B,1290,43548185,encoded,,16666,False
A,1292,43550216,encoded,,20496,False
A,1293,43583563,encoded,,10559,False
B,1291,43581506,encoded,,121073,True
B,1292,43614855,encoded,,16839,False
A,1294,43616880,encoded,,17972,False
B,1293,43648186,encoded,,12565,False
A,1295,43650214,encoded,,17302,False
B,1294,43681514,encoded,,22835,False
A,1296,43683551,encoded,,22649,False
B,1295,43714843,encoded,,24517,False
A,1297,43716886,encoded,,20233,False
B,1296,43748176,encoded,,11895,False
A,1298,43750216,encoded,,11245,False
B,1297,43781512,encoded,,10934,False
A,1299,43783552,encoded,,9330,False
B,1298,43814849,encoded,,18711,False
A,1300,43816888,encoded,,8809,False
A,1301,43850219,encoded,,7311,False
B,1299,43848176,encoded,,16689,False
B,1300,43881514,encoded,,15986,False
A,1302,43883555,encoded,,22402,False
B,1301,43914869,encoded,,14633,False
A,1303,43916903,encoded,,19340,False
B,1302,43948195,encoded,,20839,False
A,1304,43950222,encoded,,3396,False
B,1303,43981530,encoded,,9945,False
A,1305,43983557,encoded,,16198,False
B,1304,44014866,encoded,,8667,False
A,1306,44016893,encoded,,11661,False
B,1305,44048183,encoded,,7381,False
A,1307,44050223,encoded,,10662,False
B,1306,44081524,encoded,,7038,False
A,1308,44083554,encoded,,9501,False
B,1307,44114860,encoded,,6370,False
A,1309,44116890,encoded,,8564,False
B,1308,44148188,encoded,,5873,False
A,1310,44150227,encoded,,9034,False
B,1309,44181523,encoded,,5523,False
A,1311,44183561,encoded,,9203,False
B,1310,44214856,encoded,,5440,False
A,1312,44216891,encoded,,8112,False
B,1311,44248188,encoded,,4891,False
A,1313,44250229,encoded,,7970,False
B,1312,44281521,encoded,,4984,False
A,1314,44283562,encoded,,8806,False
B,1313,44314854,encoded,,9706,False
A,1315,44316896,encoded,,7968,False
B,1314,44348186,encoded,,16666,False
A,1316,44350228,encoded,,8353,False
B,1315,44381523,encoded,,29747,False
A,1317,44383561,encoded,,15903,False
B,1316,44414860,encoded,,10719,False
A,1318,44416894,encoded,,25301,False
B,1317,44448189,encoded,,9534,False
A,1319,44450229,encoded,,8033,False
B,1318,44481529,encoded,,16667,False
A,1320,44483564,encoded,,16666,False
B,1319,44514859,encoded,,16667,False
A,1321,44516900,encoded,,126848,True
B,1320,44548196,encoded,,16666,False
A,1322,44550231,encoded,,9960,False
B,1321,44581530,encoded,,134956,True
A,1323,44583565,encoded,,13844,False
B,1322,44614860,encoded,,12061,False
A,1324,44616900,encoded,,24308,False
A,1325,44650237,encoded,,18740,False
B,1323,44648193,encoded,,14080,False
B,1324,44681528,encoded,,18541,False
A,1326,44683565,encoded,,23750,False
B,1325,44714866,encoded,,14692,False
A,1327,44716902,encoded,,20574,False
B,1326,44748196,encoded,,22715,False
A,1328,44750237,encoded,,11669,False
B,1327,44781532,encoded,,16961,False
A,1329,44783568,encoded,,9450,False
B,1328,44814869,encoded,,12428,False
A,1330,44816903,encoded,,8897,False
B,1329,44848196,encoded,,14659,False
A,1331,44850239,encoded,,7985,False
A,1332,44883573,encoded,,7491,False
B,1330,44881531,encoded,,9804,False
B,1331,44914868,encoded,,17481,False
A,1333,44916906,encoded,,19889,False
B,1332,44948201,encoded,,13851,False
A,1334,44950237,encoded,,19845,False
B,1333,44981537,encoded,,9429,False
A,1335,44983571,encoded,,13204,False
B,1334,45014875,encoded,,7595,False
A,1336,45016907,encoded,,11610,False
B,1335,45048205,encoded,,6956,False
A,1337,45050247,encoded,,11584,False
B,1336,45081539,encoded,,6478,False
A,1338,45083581,encoded,,10012,False
B,1337,45114872,encoded,,5836,False
A,1339,45116908,encoded,,9255,False
B,1338,45148208,encoded,,5576,False
A,1340,45150242,encoded,,8815,False
B,1339,45181539,encoded,,5464,False
A,1341,45183577,encoded,,8513,False
B,1340,45214868,encoded,,5126,False
A,1342,45216911,encoded,,7812,False
B,1341,45248204,encoded,,4891,False
A,1343,45250243,encoded,,7964,False
A,1344,45283579,encoded,,7962,False
B,1342,45281537,encoded,,7087,False
B,1343,45314875,encoded,,16667,False
A,1345,45316913,encoded,,7845,False
B,1344,45348207,encoded,,29364,False
A,1346,45350249,encoded,,8106,False
B,1345,45381542,encoded,,11293,False
A,1347,45383579,encoded,,14068,False
B,1346,45414884,encoded,,9343,False
A,1348,45416912,encoded,,20240,False
B,1347,45448211,encoded,,16666,False
A,1349,45450246,encoded,,13094,False
B,1348,45481547,encoded,,16667,False
A,1350,45483583,encoded,,16666,False
B,1349,45514878,encoded,,16667,False
A,1351,45516924,encoded,,126837,True
B,1350,45548213,encoded,,16666,False
A,1352,45550249,encoded,,9744,False
B,1351,45581547,encoded,,120994,True
A,1353,45583584,encoded,,14495,False
B,1352,45614880,encoded,,17093,False
A,1354,45616921,encoded,,24492,False
B,1353,45648216,encoded,,10759,False
A,1355,45650250,encoded,,18343,False
B,1354,45681549,encoded,,18015,False
A,1356,45683587,encoded,,23729,False
B,1355,45714878,encoded,,16041,False
A,1357,45716922,encoded,,20862,False
B,1356,45748211,encoded,,21509,False
A,1358,45750256,encoded,,11331,False
B,1357,45781554,encoded,,18184,False
A,1359,45783590,encoded,,9289,False
B,1358,45814889,encoded,,16856,False
A,1360,45816920,encoded,,8440,False
B,1359,45848218,encoded,,16705,False
A,1361,45850265,encoded,,7431,False
B,1360,45881555,encoded,,20576,False
A,1362,45883587,encoded,,19406,False
B,1361,45914887,encoded,,17091,False
A,1363,45916928,encoded,,20871,False
B,1362,45948218,encoded,,13165,False
A,1364,45950261,encoded,,2603,False
B,1363,45981559,encoded,,9179,False
A,1365,45983604,encoded,,16254,False
B,1364,46014888,encoded,,7806,False
A,1366,46016924,encoded,,11803,False
B,1365,46048221,encoded,,6974,False
A,1367,46050259,encoded,,10417,False
B,1366,46081556,encoded,,6438,False
A,1368,46083592,encoded,,9846,False
B,1367,46114891,encoded,,6098,False
A,1369,46116931,encoded,,8915,False
B,1368,46148225,encoded,,5832,False
A,1370,46150267,encoded,,8519,False
B,1369,46181557,encoded,,5554,False
A,1371,46183597,encoded,,8207,False
B,1370,46214891,encoded,,5208,False
A,1372,46216927,encoded,,8106,False
B,1371,46248226,encoded,,4936,False
A,1373,46250263,encoded,,8012,False
B,1372,46281557,encoded,,4799,False
A,1374,46283599,encoded,,8116,False
B,1373,46314894,encoded,,13522,False
A,1375,46316930,encoded,,7595,False
B,1374,46348226,encoded,,31624,False
A,1376,46350267,encoded,,9671,False
B,1375,46381558,encoded,,20043,False
A,1377,46383594,encoded,,16666,False
B,1376,46414897,encoded,,2026,False
A,1378,46416936,encoded,,29599,False
B,1377,46448227,encoded,,12973,False
A,1379,46450270,encoded,,4623,False
B,1378,46481566,encoded,,16667,False
A,1380,46483601,encoded,,15778,False
B,1379,46514898,encoded,,16667,False
A,1381,46516934,encoded,,126881,True
B,1380,46548232,encoded,,16666,False
A,1382,46550270,encoded,,21691,False
B,1381,46581568,encoded,,121162,True
A,1383,46583601,encoded,,10420,False
B,1382,46614900,encoded,,20216,False
A,1384,46616932,encoded,,16164,False
B,1383,46648235,encoded,,8978,False
A,1385,46650269,encoded,,17928,False
B,1384,46681566,encoded,,16865,False
A,1386,46683604,encoded,,22858,False
B,1385,46714901,encoded,,12882,False
A,1387,46716940,encoded,,21242,False
B,1386,46748241,encoded,,24026,False
A,1388,46750273,encoded,,11665,False
B,1387,46781569,encoded,,12610,False
A,1389,46783605,encoded,,9955,False
B,1388,46814903,encoded,,21131,False
A,1390,46816939,encoded,,8401,False
B,1389,46848233,encoded,,15880,False
A,1391,46850277,encoded,,7626,False
B,1390,46881573,encoded,,14611,False
A,1392,46883609,encoded,,20106,False
B,1391,46914910,encoded,,12943,False
A,1393,46916941,encoded,,20628,False
B,1392,46948240,encoded,,13375,False
A,1394,46950273,encoded,,2774,False
B,1393,46981573,encoded,,18258,False
A,1395,46983605,encoded,,16595,False
B,1394,47014906,encoded,,11556,False
A,1396,47016946,encoded,,12183,False
B,1395,47048239,encoded,,10529,False
A,1397,47050282,encoded,,10626,False
B,1396,47081573,encoded,,9933,False
A,1398,47083611,encoded,,9718,False
B,1397,47114910,encoded,,9308,False
A,1399,47116943,encoded,,9330,False
B,1398,47148241,encoded,,9023,False
A,1400,47150278,encoded,,9367,False
B,1399,47181576,encoded,,9022,False
A,1401,47183612,encoded,,8558,False
B,1400,47214908,encoded,,15951,False
A,1402,47216947,encoded,,8272,False
B,1401,47248248,encoded,,11815,False
A,1403,47250281,encoded,,7944,False
B,1402,47281580,encoded,,10399,False
A,1404,47283615,encoded,,8318,False
B,1403,47314909,encoded,,9949,False
A,1405,47316947,encoded,,7816,False
B,1404,47348244,encoded,,9636,False
A,1406,47350280,encoded,,7575,False
B,1405,47381580,encoded,,8754,False
A,1407,47383617,encoded,,15359,False
B,1406,47414915,encoded,,7934,False
A,1408,47416949,encoded,,16667,False
B,1407,47448250,encoded,,7832,False
A,1409,47450288,encoded,,16667,False
B,1408,47481585,encoded,,12089,False
A,1410,47483620,encoded,,16666,False
A,1411,47516954,encoded,,117782,True
B,1409,47514917,encoded,,16667,False
B,1410,47548247,encoded,,16666,False
A,1412,47550281,encoded,,24340,False
B,1411,47581582,encoded,,135206,True
A,1413,47583619,encoded,,11422,False
B,1412,47614917,encoded,,12143,False
A,1414,47616951,encoded,,23813,False
B,1413,47648251,encoded,,8944,False
A,1415,47650286,encoded,,19958,False
B,1414,47681586,encoded,,12644,False
A,1416,47683620,encoded,,24966,False
B,1415,47714918,encoded,,15272,False
A,1417,47716951,encoded,,20692,False
B,1416,47748256,encoded,,17708,False
A,1418,47750297,encoded,,11508,False
B,1417,47781588,encoded,,20857,False
A,1419,47783626,encoded,,9465,False
B,1418,47814923,encoded,,22729,False
A,1420,47816955,encoded,,8548,False
B,1419,47848255,encoded,,22591,False
A,1421,47850289,encoded,,7552,False
A,1422,47883625,encoded,,6970,False
B,1420,47881587,encoded,,11441,False
B,1421,47914928,encoded,,9550,False
A,1423,47916960,encoded,,18844,False
B,1422,47948255,encoded,,8736,False
A,1424,47950290,encoded,,20187,False
B,1423,47981592,encoded,,7793,False
A,1425,47983628,encoded,,13164,False
B,1424,48014922,encoded,,15616,False
A,1426,48016959,encoded,,11278,False
A,1427,48050296,encoded,,10391,False
B,1425,48048256,encoded,,10921,False
B,1426,48081604,encoded,,9347,False
A,1428,48083630,encoded,,9794,False
B,1427,48114940,encoded,,8673,False
A,1429,48116969,encoded,,8989,False
A,1430,48150298,encoded,,8988,False
B,1428,48148272,encoded,,8109,False
B,1429,48181596,encoded,,6796,False
A,1431,48183631,encoded,,8297,False
B,1430,48214933,encoded,,6348,False
A,1432,48216980,encoded,,8269,False
B,1431,48248273,encoded,,5937,False
A,1433,48250297,encoded,,7685,False
B,1432,48281611,encoded,,5667,False
A,1434,48283637,encoded,,7992,False
B,1433,48314936,encoded,,5447,False
A,1435,48316962,encoded,,8195,False
B,1434,48348261,encoded,,11525,False
A,1436,48350301,encoded,,7477,False
B,1435,48381599,encoded,,16667,False
A,1437,48383635,encoded,,13434,False
B,1436,48414928,encoded,,37484,False
A,1438,48416971,encoded,,16667,False
B,1437,48448265,encoded,,2410,False
A,1439,48450302,encoded,,17492,False
B,1438,48481599,encoded,,10106,False
A,1440,48483640,encoded,,15841,False
B,1439,48514937,encoded,,16667,False
A,1441,48516971,encoded,,126853,True
B,1440,48548266,encoded,,16666,False
A,1442,48550303,encoded,,22995,False
B,1441,48581602,encoded,,121012,True
A,1443,48583637,encoded,,9578,False
A,1444,48616967,encoded,,15023,False
B,1442,48614936,encoded,,11953,False
B,1443,48648269,encoded,,16136,False
A,1445,48650307,encoded,,17694,False
B,1444,48681607,encoded,,28814,False
A,1446,48683641,encoded,,24003,False
B,1445,48714935,encoded,,17452,False
A,1447,48716974,encoded,,20657,False
B,1446,48748277,encoded,,23170,False
A,1448,48750304,encoded,,11428,False
B,1447,48781607,encoded,,18622,False
A,1449,48783643,encoded,,9396,False
B,1448,48814941,encoded,,18023,False
A,1450,48816979,encoded,,8322,False
B,1449,48848280,encoded,,18505,False
A,1451,48850314,encoded,,7464,False
B,1450,48881604,encoded,,15547,False
A,1452,48883645,encoded,,18969,False
B,1451,48914941,encoded,,10929,False
A,1453,48916974,encoded,,20786,False
B,1452,48948279,encoded,,9253,False
A,1454,48950315,encoded,,13714,False
B,1453,48981612,encoded,,8745,False
A,1455,48983645,encoded,,11552,False
B,1454,49014947,encoded,,8949,False
A,1456,49016982,encoded,,10597,False
B,1455,49048277,encoded,,8772,False
A,1457,49050313,encoded,,9977,False
B,1456,49081615,encoded,,8988,False
A,1458,49083647,encoded,,9549,False
B,1457,49114946,encoded,,8671,False
A,1459,49116978,encoded,,9155,False
B,1458,49148281,encoded,,8173,False
A,1460,49150323,encoded,,8914,False
B,1459,49181616,encoded,,7929,False
A,1461,49183653,encoded,,8481,False
B,1460,49214945,encoded,,14648,False
A,1462,49216982,encoded,,8536,False
B,1461,49248280,encoded,,11140,False
A,1463,49250316,encoded,,8065,False
B,1462,49281615,encoded,,10699,False
A,1464,49283658,encoded,,7676,False
B,1463,49314954,encoded,,9928,False
A,1465,49316983,encoded,,7364,False
B,1464,49348282,encoded,,9949,False
A,1466,49350315,encoded,,7286,False
A,1467,49383656,encoded,,15966,False
B,1465,49381615,encoded,,9482,False
B,1466,49414950,encoded,,8864,False
A,1468,49416986,encoded,,25910,False
B,1467,49448285,encoded,,8979,False
A,1469,49450321,encoded,,7424,False
B,1468,49481620,encoded,,13335,False
A,1470,49483653,encoded,,16666,False
B,1469,49514954,encoded,,16667,False
A,1471,49516992,encoded,,127028,True
A,1472,49550330,encoded,,21326,False
B,1470,49548290,encoded,,16666,False
B,1471,49581624,encoded,,120772,True
A,1473,49583656,encoded,,10797,False
A,1474,49617000,encoded,,17244,False
B,1472,49614955,encoded,,20521,False
B,1473,49648292,encoded,,11233,False
A,1475,49650325,encoded,,17026,False
B,1474,49681620,encoded,,12227,False
A,1476,49683657,encoded,,22589,False
B,1475,49714953,encoded,,15437,False
A,1477,49716991,encoded,,20663,False
B,1476,49748289,encoded,,17200,False
A,1478,49750325,encoded,,11482,False
B,1477,49781624,encoded,,18062,False
A,1479,49783662,encoded,,9480,False
B,1478,49814964,encoded,,22127,False
A,1480,49816992,encoded,,8242,False
B,1479,49848292,encoded,,25596,False
A,1481,49850326,encoded,,7280,False
B,1480,49881628,encoded,,11923,False
A,1482,49883667,encoded,,19169,False
B,1481,49914965,encoded,,20742,False
A,1483,49916995,encoded,,21245,False
B,1482,49948294,encoded,,10648,False
A,1484,49950328,encoded,,3942,False
B,1483,49981628,encoded,,9043,False
A,1485,49983663,encoded,,16775,False
B,1484,50014961,encoded,,8536,False
A,1486,50017001,encoded,,11837,False
B,1485,50048295,encoded,,7163,False
A,1487,50050332,encoded,,10494,False
B,1486,50081631,encoded,,6879,False
A,1488,50083663,encoded,,9638,False
B,1487,50114966,encoded,,13575,False
A,1489,50117002,encoded,,9096,False
B,1488,50148296,encoded,,9759,False
A,1490,50150333,encoded,,9124,False
B,1489,50181633,encoded,,8444,False
A,1491,50183671,encoded,,8387,False
B,1490,50214969,encoded,,8052,False
A,1492,50217003,encoded,,8280,False
B,1491,50248301,encoded,,6830,False
A,1493,50250332,encoded,,8589,False
B,1492,50281637,encoded,,6555,False
A,1494,50283675,encoded,,7764,False
B,1493,50314969,encoded,,5984,False
A,1495,50317004,encoded,,7687,False
B,1494,50348303,encoded,,5889,False
A,1496,50350336,encoded,,8150,False
B,1495,50381636,encoded,,13470,False
A,1497,50383673,encoded,,16666,False
B,1496,50414969,encoded,,33862,False
A,1498,50417002,encoded,,25323,False
B,1497,50448303,encoded,,12597,False
A,1499,50450342,encoded,,8011,False
B,1498,50481638,encoded,,4247,False
A,1500,50483674,encoded,,16666,False
B,1499,50514972,encoded,,15961,False
A,1501,50517009,encoded,,126978,True
B,1500,50548307,encoded,,16666,False
A,1502,50550339,encoded,,20806,False
B,1501,50581642,encoded,,120865,True
A,1503,50583677,encoded,,10831,False
B,1502,50614976,encoded,,13685,False
A,1504,50617008,encoded,,17216,False
B,1503,50648309,encoded,,19162,False
A,1505,50650344,encoded,,17412,False
B,1504,50681643,encoded,,15053,False
A,1506,50683681,encoded,,23260,False
B,1505,50714980,encoded,,16052,False
A,1507,50717009,encoded,,20722,False
B,1506,50748309,encoded,,23404,False
A,1508,50750344,encoded,,11069,False
B,1507,50781644,encoded,,17666,False
A,1509,50783677,encoded,,9246,False
B,1508,50814983,encoded,,12767,False
A,1510,50817009,encoded,,8064,False
B,1509,50848310,encoded,,11136,False
A,1511,50850348,encoded,,7416,False
B,1510,50881647,encoded,,11155,False
A,1512,50883681,encoded,,7390,False
B,1511,50914976,encoded,,13841,False
A,1513,50917013,encoded,,19654,False
B,1512,50948313,encoded,,18655,False
A,1514,50950348,encoded,,19614,False
B,1513,50981645,encoded,,8302,False
A,1515,50983680,encoded,,13342,False
B,1514,51014984,encoded,,7097,False
A,1516,51017025,encoded,,11817,False
B,1515,51048317,encoded,,15447,False
A,1517,51050353,encoded,,10376,False
B,1516,51081652,encoded,,9788,False
A,1518,51083678,encoded,,9974,False
B,1517,51114983,encoded,,8491,False
A,1519,51117017,encoded,,9147,False
B,1518,51148318,encoded,,7756,False
A,1520,51150352,encoded,,8671,False
B,1519,51181653,encoded,,6986,False
A,1521,51183686,encoded,,8732,False
B,1520,51214991,encoded,,6271,False
A,1522,51217019,encoded,,8358,False
B,1521,51248313,encoded,,5998,False
A,1523,51250352,encoded,,8050,False
B,1522,51281653,encoded,,6222,False
A,1524,51283690,encoded,,8687,False
B,1523,51314989,encoded,,7535,False
A,1525,51317021,encoded,,7878,False
B,1524,51348323,encoded,,16666,False
A,1526,51350353,encoded,,8624,False
B,1525,51381655,encoded,,37840,False
A,1527,51383688,encoded,,16666,False
B,1526,51414989,encoded,,2103,False
A,1528,51417028,encoded,,25616,False
B,1527,51448321,encoded,,10057,False
A,1529,51450354,encoded,,7718,False
B,1528,51481658,encoded,,16667,False
A,1530,51483692,encoded,,16666,False
B,1529,51514993,encoded,,16667,False
A,1531,51517024,encoded,,126882,True
B,1530,51548326,encoded,,16666,False
A,1532,51550359,encoded,,18778,False
B,1531,51581664,encoded,,135201,True
A,1533,51583695,encoded,,12515,False
B,1532,51614995,encoded,,8086,False
A,1534,51617027,encoded,,17359,False
B,1533,51648330,encoded,,14985,False
A,1535,51650360,encoded,,17875,False
B,1534,51681659,encoded,,14885,False
A,1536,51683693,encoded,,23397,False
B,1535,51714997,encoded,,21891,False
A,1537,51717026,encoded,,20023,False
B,1536,51748330,encoded,,24336,False
A,1538,51750360,encoded,,11342,False
B,1537,51781663,encoded,,18661,False
A,1539,51783698,encoded,,9099,False
B,1538,51814999,encoded,,16633,False
A,1540,51817031,encoded,,8463,False
B,1539,51848332,encoded,,14478,False
A,1541,51850364,encoded,,20803,False
B,1540,51881668,encoded,,9079,False
A,1542,51883698,encoded,,4572,False
B,1541,51915003,encoded,,7958,False
A,1543,51917030,encoded,,22510,False
B,1542,51948331,encoded,,7432,False
A,1544,51950366,encoded,,13366,False
B,1543,51981668,encoded,,15482,False
A,1545,51983698,encoded,,11233,False
B,1544,52015000,encoded,,10052,False
A,1546,52017033,encoded,,10819,False
B,1545,52048332,encoded,,7835,False
A,1547,52050367,encoded,,9786,False
B,1546,52081679,encoded,,7327,False
A,1548,52083709,encoded,,9354,False
B,1547,52115003,encoded,,6766,False
A,1549,52117033,encoded,,8954,False
B,1548,52148332,encoded,,6732,False
A,1550,52150363,encoded,,9587,False
B,1549,52181670,encoded,,6538,False
A,1551,52183704,encoded,,8468,False
B,1550,52215005,encoded,,6038,False
A,1552,52217042,encoded,,8052,False
B,1551,52248335,encoded,,5499,False
A,1553,52250373,encoded,,7800,False
B,1552,52281673,encoded,,5554,False
A,1554,52283703,encoded,,7528,False
B,1553,52315006,encoded,,11886,False
A,1555,52317038,encoded,,8828,False
B,1554,52348338,encoded,,23527,False
A,1556,52350375,encoded,,7512,False
B,1555,52381671,encoded,,29510,False
A,1557,52383702,encoded,,15095,False
B,1556,52415007,encoded,,2047,False
A,1558,52417038,encoded,,19556,False
B,1557,52448343,encoded,,11582,False
A,1559,52450377,encoded,,13778,False
B,1558,52481678,encoded,,16667,False
A,1560,52483710,encoded,,16666,False
B,1559,52515012,encoded,,16667,False
A,1561,52517046,encoded,,117919,True
B,1560,52548344,encoded,,16666,False
A,1562,52550377,encoded,,17672,False
B,1561,52581682,encoded,,121016,True
A,1563,52583711,encoded,,16390,False
B,1562,52615010,encoded,,12994,False
A,1564,52617041,encoded,,24763,False
B,1563,52648346,encoded,,11777,False
A,1565,52650382,encoded,,20228,False
B,1564,52681684,encoded,,19299,False
A,1566,52683720,encoded,,24375,False
B,1565,52715013,encoded,,11550,False
A,1567,52717045,encoded,,20933,False
B,1566,52748346,encoded,,24094,False
A,1568,52750380,encoded,,11889,False
A,1569,52783713,encoded,,9780,False
B,1567,52781687,encoded,,12038,False
B,1568,52815018,encoded,,12963,False
A,1570,52817050,encoded,,8518,False
B,1569,52848352,encoded,,16619,False
A,1571,52850383,encoded,,7455,False
B,1570,52881682,encoded,,17039,False
A,1572,52883716,encoded,,7021,False
B,1571,52915019,encoded,,16294,False
A,1573,52917053,encoded,,20143,False
B,1572,52948352,encoded,,20136,False
A,1574,52950381,encoded,,19074,False
B,1573,52981685,encoded,,16534,False
A,1575,52983716,encoded,,13152,False
B,1574,53015022,encoded,,8793,False
A,1576,53017051,encoded,,11268,False
B,1575,53048353,encoded,,8059,False
A,1577,53050383,encoded,,10495,False
B,1576,53081686,encoded,,6926,False
A,1578,53083719,encoded,,9730,False
A,1579,53117056,encoded,,9248,False
B,1577,53115025,encoded,,6226,False
B,1578,53148356,encoded,,6097,False
A,1580,53150387,encoded,,9063,False
B,1579,53181687,encoded,,5609,False
A,1581,53183725,encoded,,8646,False
B,1580,53215023,encoded,,5248,False
A,1582,53217056,encoded,,7985,False
B,1581,53248354,encoded,,4995,False
A,1583,53250390,encoded,,7827,False
B,1582,53281691,encoded,,4909,False
A,1584,53283725,encoded,,7957,False
B,1583,53315025,encoded,,14119,False
A,1585,53317058,encoded,,8275,False
B,1584,53348360,encoded,,38162,False
A,1586,53350391,encoded,,7601,False
B,1585,53381693,encoded,,7340,False
A,1587,53383723,encoded,,12593,False
B,1586,53415030,encoded,,4498,False
A,1588,53417066,encoded,,16667,False
B,1587,53448362,encoded,,16666,False
A,1589,53450395,encoded,,16667,False
B,1588,53481696,encoded,,16667,False
A,1590,53483730,encoded,,16666,False
B,1589,53515030,encoded,,16667,False
A,1591,53517061,encoded,,127068,True
B,1590,53548362,encoded,,16666,False
A,1592,53550393,encoded,,10677,False
B,1591,53581696,encoded,,120877,True
A,1593,53583729,encoded,,13900,False
B,1592,53615028,encoded,,13524,False
A,1594,53617060,encoded,,23744,False
B,1593,53648368,encoded,,11777,False
A,1595,53650402,encoded,,17870,False
B,1594,53681697,encoded,,23781,False
A,1596,53683731,encoded,,24216,False
B,1595,53715031,encoded,,14020,False
A,1597,53717061,encoded,,20274,False
B,1596,53748367,encoded,,21909,False
A,1598,53750398,encoded,,11057,False
B,1597,53781703,encoded,,11009,False
A,1599,53783732,encoded,,9355,False
B,1598,53815033,encoded,,9049,False
A,1600,53817067,encoded,,8170,False
B,1599,53848365,encoded,,20654,False
A,1601,53850398,encoded,,7412,False
B,1600,53881701,encoded,,12926,False
A,1602,53883733,encoded,,19494,False
B,1601,53915034,encoded,,19858,False
A,1603,53917065,encoded,,20655,False
B,1602,53948367,encoded,,19368,False
A,1604,53950401,encoded,,2696,False
B,1603,53981703,encoded,,13140,False
A,1605,53983737,encoded,,16108,False
B,1604,54015039,encoded,,8631,False
A,1606,54017069,encoded,,11495,False
B,1605,54048370,encoded,,7698,False
A,1607,54050402,encoded,,10497,False
B,1606,54081709,encoded,,7514,False
A,1608,54083736,encoded,,9667,False
B,1607,54115044,encoded,,6476,False
A,1609,54117073,encoded,,9001,False
B,1608,54148375,encoded,,5886,False
A,1610,54150404,encoded,,8865,False
B,1609,54181707,encoded,,5422,False
A,1611,54183740,encoded,,8409,False
B,1610,54215039,encoded,,5208,False
A,1612,54217073,encoded,,8527,False
B,1611,54248373,encoded,,6159,False
A,1613,54250408,encoded,,7985,False
B,1612,54281707,encoded,,5004,False
A,1614,54283740,encoded,,7806,False
B,1613,54315048,encoded,,13444,False
A,1615,54317076,encoded,,7757,False
B,1614,54348381,encoded,,23591,False
A,1616,54350409,encoded,,10629,False
B,1615,54381712,encoded,,13084,False
A,1617,54383744,encoded,,16666,False
B,1616,54415047,encoded,,13325,False
A,1618,54417076,encoded,,25422,False
B,1617,54448381,encoded,,16666,False
A,1619,54450414,encoded,,7912,False
B,1618,54481717,encoded,,16667,False
A,1620,54483744,encoded,,16666,False
B,1619,54515049,encoded,,16667,False
A,1621,54517078,encoded,,127040,True
B,1620,54548383,encoded,,16666,False
A,1622,54550412,encoded,,23508,False
B,1621,54581719,encoded,,135164,True
A,1623,54583750,encoded,,9256,False
B,1622,54615049,encoded,,11933,False
A,1624,54617077,encoded,,16793,False
B,1623,54648387,encoded,,14109,False
A,1625,54650415,encoded,,17712,False
B,1624,54681727,encoded,,19135,False
A,1626,54683754,encoded,,23058,False
B,1625,54715058,encoded,,14695,False
A,1627,54717082,encoded,,20432,False
B,1626,54748389,encoded,,22056,False
A,1628,54750418,encoded,,12110,False
B,1627,54781718,encoded,,17124,False
A,1629,54783753,encoded,,9255,False
B,1628,54815055,encoded,,16619,False
A,1630,54817083,encoded,,8156,False
B,1629,54848392,encoded,,20510,False
A,1631,54850425,encoded,,7336,False
B,1630,54881731,encoded,,15944,False
A,1632,54883755,encoded,,19247,False
B,1631,54915061,encoded,,4951,False
A,1633,54917084,encoded,,20930,False
B,1632,54948386,encoded,,11793,False
A,1634,54950422,encoded,,13371,False
B,1633,54981727,encoded,,8505,False
A,1635,54983753,encoded,,2963,False
B,1634,55015062,encoded,,7831,False
A,1636,55017086,encoded,,14769,False
B,1635,55048392,encoded,,7096,False
A,1637,55050422,encoded,,10569,False
B,1636,55081728,encoded,,6658,False
A,1638,55083758,encoded,,10056,False
B,1637,55115059,encoded,,6162,False
A,1639,55117089,encoded,,9074,False
B,1638,55148391,encoded,,5491,False
A,1640,55150426,encoded,,9104,False
B,1639,55181732,encoded,,5558,False
A,1641,55183759,encoded,,8619,False
B,1640,55215067,encoded,,5323,False
A,1642,55217090,encoded,,8953,False
A,1643,55250426,encoded,,8203,False
B,1641,55248395,encoded,,5078,False
B,1642,55281733,encoded,,4932,False
A,1644,55283765,encoded,,7725,False
B,1643,55315067,encoded,,16667,False
A,1645,55317095,encoded,,7772,False
B,1644,55348395,encoded,,30147,False
A,1646,55350431,encoded,,7474,False
A,1647,55383760,encoded,,16515,False
B,1645,55381730,encoded,,3186,False
B,1646,55415064,encoded,,16667,False
A,1648,55417094,encoded,,25866,False
B,1647,55448397,encoded,,16666,False
A,1649,55450430,encoded,,7468,False
B,1648,55481737,encoded,,16667,False
A,1650,55483762,encoded,,16666,False
B,1649,55515070,encoded,,16667,False
A,1651,55517098,encoded,,127069,True
B,1650,55548398,encoded,,16666,False
A,1652,55550431,encoded,,15633,False
B,1651,55581735,encoded,,120909,True
A,1653,55583763,encoded,,13174,False
B,1652,55615070,encoded,,19514,False
A,1654,55617096,encoded,,16628,False
B,1653,55648403,encoded,,12888,False
A,1655,55650439,encoded,,21191,False
B,1654,55681740,encoded,,20061,False
A,1656,55683771,encoded,,24749,False
B,1655,55715068,encoded,,15948,False
A,1657,55717099,encoded,,20947,False
B,1656,55748416,encoded,,15594,False
A,1658,55750435,encoded,,11502,False
B,1657,55781739,encoded,,15949,False
A,1659,55783768,encoded,,9702,False
B,1658,55815072,encoded,,15561,False
A,1660,55817101,encoded,,8597,False
B,1659,55848402,encoded,,12874,False
A,1661,55850438,encoded,,7415,False
B,1660,55881738,encoded,,10484,False
A,1662,55883772,encoded,,20341,False
B,1661,55915092,encoded,,12405,False
A,1663,55917120,encoded,,20055,False
B,1662,55948418,encoded,,9561,False
A,1664,55950439,encoded,,2757,False
B,1663,55981758,encoded,,12396,False
A,1665,55983785,encoded,,16313,False
B,1664,56015083,encoded,,21396,False
A,1666,56017122,encoded,,11823,False
B,1665,56048420,encoded,,8610,False
A,1667,56050453,encoded,,10333,False
B,1666,56081756,encoded,,7075,False
A,1668,56083774,encoded,,9702,False
B,1667,56115080,encoded,,6596,False
A,1669,56117106,encoded,,8844,False
B,1668,56148413,encoded,,5976,False
A,1670,56150461,encoded,,8760,False
B,1669,56181766,encoded,,5734,False
A,1671,56183796,encoded,,8281,False
B,1670,56215085,encoded,,5821,False
A,1672,56217111,encoded,,8245,False
B,1671,56248433,encoded,,5085,False
A,1673,56250450,encoded,,8168,False
B,1672,56281751,encoded,,6230,False
A,1674,56283784,encoded,,8189,False
B,1673,56315081,encoded,,16667,False
A,1675,56317122,encoded,,7899,False
B,1674,56348419,encoded,,28872,False
A,1676,56350446,encoded,,7832,False
B,1675,56381752,encoded,,9156,False
A,1677,56383797,encoded,,15851,False
B,1676,56415085,encoded,,11972,False
A,1678,56417132,encoded,,26193,False
B,1677,56448419,encoded,,16666,False
A,1679,56450458,encoded,,7141,False
B,1678,56481757,encoded,,16667,False
A,1680,56483794,encoded,,16666,False
B,1679,56515084,encoded,,16667,False
A,1681,56517125,encoded,,117913,True
B,1680,56548418,encoded,,16666,False
A,1682,56550450,encoded,,26138,False
B,1681,56581757,encoded,,120879,True
A,1683,56583782,encoded,,10919,False
B,1682,56615086,encoded,,7994,False
A,1684,56617128,encoded,,23205,False
B,1683,56648423,encoded,,20147,False
A,1685,56650467,encoded,,19516,False
B,1684,56681756,encoded,,22502,False
A,1686,56683806,encoded,,24134,False
B,1685,56715107,encoded,,27952,False
A,1687,56717131,encoded,,20852,False
B,1686,56748437,encoded,,25221,False
A,1688,56750464,encoded,,11761,False
B,1687,56781776,encoded,,20169,False
A,1689,56783800,encoded,,9327,False
B,1688,56815106,encoded,,13434,False
A,1690,56817120,encoded,,8178,False
B,1689,56848440,encoded,,11367,False
A,1691,56850469,encoded,,7201,False
B,1690,56881762,encoded,,17935,False
A,1692,56883801,encoded,,19296,False
B,1691,56915096,encoded,,5944,False
A,1693,56917128,encoded,,4491,False
B,1692,56948424,encoded,,13640,False
A,1694,56950464,encoded,,22734,False
B,1693,56981768,encoded,,9255,False
A,1695,56983800,encoded,,13038,False
B,1694,57015093,encoded,,8028,False
A,1696,57017138,encoded,,11387,False
B,1695,57048443,encoded,,7059,False
A,1697,57050471,encoded,,10448,False
B,1696,57081773,encoded,,6505,False
A,1698,57083805,encoded,,9988,False
B,1697,57115105,encoded,,6177,False
A,1699,57117137,encoded,,9213,False
B,1698,57148428,encoded,,5969,False
A,1700,57150458,encoded,,8836,False
B,1699,57181768,encoded,,5643,False
A,1701,57183797,encoded,,9330,False
B,1700,57215101,encoded,,5762,False
A,1702,57217130,encoded,,8433,False
B,1701,57248433,encoded,,5420,False
A,1703,57250469,encoded,,8287,False
B,1702,57281770,encoded,,5273,False
A,1704,57283797,encoded,,8004,False
B,1703,57315102,encoded,,11059,False
A,1705,57317133,encoded,,7647,False
B,1704,57348433,encoded,,16666,False
A,1706,57350469,encoded,,7511,False
B,1705,57381768,encoded,,35310,False
A,1707,57383803,encoded,,12213,False
B,1706,57415104,encoded,,2417,False
A,1708,57417137,encoded,,16667,False
B,1707,57448437,encoded,,12273,False
A,1709,57450481,encoded,,20058,False
B,1708,57481770,encoded,,16667,False
A,1710,57483811,encoded,,13275,False
B,1709,57515104,encoded,,16667,False
A,1711,57517168,encoded,,127107,True
B,1710,57548437,encoded,,16666,False
A,1712,57550485,encoded,,18065,False
B,1711,57581771,encoded,,121023,True
A,1713,57583798,encoded,,6711,False
B,1712,57615104,encoded,,13203,False
A,1714,57617142,encoded,,23696,False
B,1713,57648440,encoded,,18642,False
A,1715,57650481,encoded,,18134,False
B,1714,57681779,encoded,,19208,False
A,1716,57683816,encoded,,24232,False
B,1715,57715124,encoded,,20583,False
A,1717,57717141,encoded,,20811,False
B,1716,57748441,encoded,,16576,False
A,1718,57750479,encoded,,11564,False
B,1717,57781789,encoded,,10522,False
A,1719,57783822,encoded,,9569,False
B,1718,57815120,encoded,,11432,False
A,1720,57817140,encoded,,8714,False
B,1719,57848458,encoded,,17741,False
A,1721,57850488,encoded,,7428,False
B,1720,57881797,encoded,,13257,False
A,1722,57883826,encoded,,19722,False
B,1721,57915113,encoded,,19755,False
A,1723,57917139,encoded,,5359,False
B,1722,57948446,encoded,,19240,False
A,1724,57950486,encoded,,22093,False
B,1723,57981781,encoded,,13546,False
A,1725,57983817,encoded,,3085,False
B,1724,58015113,encoded,,9586,False
A,1726,58017165,encoded,,16422,False
B,1725,58048470,encoded,,8018,False
A,1727,58050488,encoded,,11287,False
B,1726,58081786,encoded,,6718,False
A,1728,58083831,encoded,,10089,False
B,1727,58115130,encoded,,6391,False
A,1729,58117148,encoded,,9507,False
B,1728,58148467,encoded,,5836,False
A,1730,58150491,encoded,,9306,False
B,1729,58181782,encoded,,5741,False
A,1731,58183826,encoded,,8709,False
B,1730,58215118,encoded,,5446,False
A,1732,58217155,encoded,,8497,False
B,1731,58248467,encoded,,5388,False
A,1733,58250501,encoded,,8290,False
B,1732,58281787,encoded,,5680,False
A,1734,58283816,encoded,,8259,False
B,1733,58315119,encoded,,9802,False
A,1735,58317161,encoded,,8771,False
B,1734,58348454,encoded,,16666,False
A,1736,58350492,encoded,,7907,False
B,1735,58381801,encoded,,37486,False
A,1737,58383829,encoded,,16666,False
B,1736,58415123,encoded,,2328,False
A,1738,58417160,encoded,,25449,False
B,1737,58448458,encoded,,10186,False
A,1739,58450491,encoded,,7885,False
B,1738,58481791,encoded,,16667,False
A,1740,58483818,encoded,,16666,False
B,1739,58515125,encoded,,16667,False
A,1741,58517153,encoded,,127088,True
B,1740,58548457,encoded,,16666,False
A,1742,58550486,encoded,,6361,False
B,1741,58581799,encoded,,135103,True
A,1743,58583824,encoded,,16764,False
B,1742,58615127,encoded,,16189,False
A,1744,58617163,encoded,,24747,False
B,1743,58648461,encoded,,13863,False
A,1745,58650499,encoded,,18234,False
B,1744,58681791,encoded,,15985,False
A,1746,58683833,encoded,,24504,False
B,1745,58715147,encoded,,10508,False
A,1747,58717157,encoded,,20159,False
B,1746,58748479,encoded,,23185,False
A,1748,58750493,encoded,,11930,False
B,1747,58781812,encoded,,13704,False
A,1749,58783835,encoded,,9388,False
B,1748,58815133,encoded,,13430,False
A,1750,58817175,encoded,,8345,False
B,1749,58848473,encoded,,15557,False
A,1751,58850505,encoded,,7785,False
B,1750,58881812,encoded,,12764,False
A,1752,58883836,encoded,,19766,False
B,1751,58915139,encoded,,17410,False
A,1753,58917172,encoded,,20371,False
B,1752,58948466,encoded,,13939,False
A,1754,58950504,encoded,,13270,False
B,1753,58981815,encoded,,9549,False
A,1755,58983847,encoded,,11548,False
B,1754,59015159,encoded,,7941,False
A,1756,59017170,encoded,,10379,False
B,1755,59048464,encoded,,7721,False
A,1757,59050513,encoded,,9506,False
B,1756,59081814,encoded,,6726,False
A,1758,59083839,encoded,,9380,False
B,1757,59115136,encoded,,6293,False
A,1759,59117160,encoded,,8942,False
B,1758,59148470,encoded,,6155,False
A,1760,59150493,encoded,,8469,False
B,1759,59181803,encoded,,5698,False
A,1761,59183833,encoded,,8914,False
B,1760,59215138,encoded,,5140,False
A,1762,59217168,encoded,,8198,False
B,1761,59248474,encoded,,5113,False
A,1763,59250497,encoded,,8319,False
B,1762,59281808,encoded,,21242,False
A,1764,59283831,encoded,,7613,False
B,1763,59315150,encoded,,2903,False
A,1765,59317181,encoded,,7631,False
B,1764,59348473,encoded,,13882,False
A,1766,59350500,encoded,,7670,False
B,1765,59381813,encoded,,16667,False
A,1767,59383844,encoded,,14719,False
B,1766,59415139,encoded,,16667,False
A,1768,59417184,encoded,,19757,False
B,1767,59448474,encoded,,16666,False
A,1769,59450515,encoded,,13773,False
B,1768,59481814,encoded,,16667,False
A,1770,59483835,encoded,,16470,False
B,1769,59515145,encoded,,16667,False
A,1771,59517189,encoded,,127114,True
B,1770,59548478,encoded,,16666,False
A,1772,59550521,encoded,,20753,False
B,1771,59581810,encoded,,120990,True
A,1773,59583836,encoded,,10570,False
B,1772,59615161,encoded,,14595,False
A,1774,59617186,encoded,,22096,False
B,1773,59648477,encoded,,17189,False
A,1775,59650527,encoded,,18675,False
B,1774,59681826,encoded,,18209,False
A,1776,59683838,encoded,,19764,False
B,1775,59715145,encoded,,16575,False
A,1777,59717192,encoded,,19567,False
B,1776,59748481,encoded,,15472,False
A,1778,59750519,encoded,,10891,False
B,1777,59781823,encoded,,13143,False
A,1779,59783851,encoded,,9290,False
B,1778,59815147,encoded,,16083,False
A,1780,59817180,encoded,,8349,False
B,1779,59848516,encoded,,17807,False
A,1781,59850513,encoded,,7519,False
B,1780,59881821,encoded,,15043,False
A,1782,59883847,encoded,,19055,False
B,1781,59915155,encoded,,18515,False
A,1783,59917181,encoded,,21216,False
B,1782,59948488,encoded,,17947,False
A,1784,59950524,encoded,,13156,False
B,1783,59981830,encoded,,12684,False
A,1785,59983854,encoded,,11580,False
B,1784,60015159,encoded,,8869,False
A,1786,60017201,encoded,,11000,False
B,1785,60048488,encoded,,7977,False
A,1787,60050523,encoded,,9813,False
B,1786,60081823,encoded,,7137,False
A,1788,60083844,encoded,,9545,False
B,1787,60115159,encoded,,6792,False
A,1789,60117179,encoded,,8979,False
B,1788,60148487,encoded,,6067,False
A,1790,60150531,encoded,,8717,False
B,1789,60181821,encoded,,5822,False
A,1791,60183850,encoded,,8187,False
B,1790,60215156,encoded,,5836,False
A,1792,60217181,encoded,,7889,False
B,1791,60248489,encoded,,5366,False
A,1793,60250517,encoded,,8017,False
B,1792,60281822,encoded,,5579,False
A,1794,60283864,encoded,,7475,False
B,1793,60315159,encoded,,9637,False
A,1795,60317189,encoded,,7469,False
B,1794,60348489,encoded,,16666,False
A,1796,60350521,encoded,,7033,False
B,1795,60381828,encoded,,29218,False
A,1797,60383850,encoded,,16281,False
B,1796,60415158,encoded,,4116,False
A,1798,60417184,encoded,,24982,False
B,1797,60448494,encoded,,16666,False
A,1799,60450524,encoded,,8352,False
B,1798,60481828,encoded,,16667,False
A,1800,60483856,encoded,,16666,False
B,1799,60515159,encoded,,16667,False
A,1801,60517188,encoded,,117858,True
B,1800,60548494,encoded,,16666,False
A,1802,60550523,encoded,,9082,False
B,1801,60581827,encoded,,120883,True
A,1803,60583858,encoded,,25086,False
B,1802,60615164,encoded,,20301,False
A,1804,60617188,encoded,,19330,False
B,1803,60648495,encoded,,15366,False
A,1805,60650523,encoded,,15259,False
B,1804,60681836,encoded,,15230,False
A,1806,60683864,encoded,,20495,False
B,1805,60715164,encoded,,26754,False
A,1807,60717197,encoded,,13271,False
B,1806,60748498,encoded,,17794,False
A,1808,60750536,encoded,,16718,False
B,1807,60781833,encoded,,13505,False
A,1809,60783861,encoded,,19335,False
B,1808,60815168,encoded,,10977,False
A,1810,60817197,encoded,,9934,False
B,1809,60848504,encoded,,13327,False
A,1811,60850529,encoded,,8383,False
B,1810,60881833,encoded,,10049,False
A,1812,60883866,encoded,,7238,False
B,1811,60915175,encoded,,9378,False
A,1813,60917200,encoded,,19525,False
B,1812,60948505,encoded,,11274,False
A,1814,60950532,encoded,,20398,False
B,1813,60981838,encoded,,9323,False
A,1815,60983866,encoded,,13236,False
B,1814,61015172,encoded,,12212,False
A,1816,61017197,encoded,,11984,False
B,1815,61048508,encoded,,19938,False
A,1817,61050530,encoded,,10458,False
B,1816,61081837,encoded,,8745,False
A,1818,61083863,encoded,,10553,False
B,1817,61115177,encoded,,7526,False
A,1819,61117200,encoded,,9788,False
B,1818,61148505,encoded,,7033,False
A,1820,61150532,encoded,,8902,False
B,1819,61181844,encoded,,6464,False
A,1821,61183871,encoded,,8720,False
B,1820,61215176,encoded,,5774,False
A,1822,61217202,encoded,,8502,False
B,1821,61248508,encoded,,5568,False
A,1823,61250533,encoded,,8768,False
B,1822,61281846,encoded,,5042,False
A,1824,61283868,encoded,,7845,False
B,1823,61315177,encoded,,10871,False
A,1825,61317204,encoded,,8023,False
B,1824,61348509,encoded,,16666,False
A,1826,61350535,encoded,,7487,False
B,1825,61381846,encoded,,37194,False
A,1827,61383870,encoded,,13822,False
B,1826,61415181,encoded,,2003,False
A,1828,61417205,encoded,,16667,False
B,1827,61448517,encoded,,10803,False
A,1829,61450542,encoded,,16667,False
B,1828,61481849,encoded,,16667,False
A,1830,61483873,encoded,,16666,False
B,1829,61515181,encoded,,16667,False
A,1831,61517205,encoded,,126921,True
B,1830,61548513,encoded,,16666,False
A,1832,61550538,encoded,,17735,False
B,1831,61581851,encoded,,135220,True
A,1833,61583882,encoded,,11250,False
B,1832,61615180,encoded,,16703,False
A,1834,61617207,encoded,,19399,False
B,1833,61648517,encoded,,13832,False
A,1835,61650544,encoded,,17684,False
B,1834,61681848,encoded,,16037,False
A,1836,61683872,encoded,,23573,False
B,1835,61715186,encoded,,13905,False
A,1837,61717210,encoded,,20756,False
B,1836,61748522,encoded,,21252,False
A,1838,61750546,encoded,,11129,False
B,1837,61781852,encoded,,17494,False
A,1839,61783881,encoded,,9690,False
B,1838,61815190,encoded,,17194,False
A,1840,61817210,encoded,,8453,False
B,1839,61848520,encoded,,15122,False
A,1841,61850550,encoded,,7703,False
B,1840,61881855,encoded,,12114,False
A,1842,61883883,encoded,,19380,False
B,1841,61915188,encoded,,14680,False
A,1843,61917214,encoded,,20711,False
B,1842,61948523,encoded,,13133,False
A,1844,61950548,encoded,,2751,False
B,1843,61981858,encoded,,9160,False
A,1845,61983881,encoded,,16633,False
B,1844,62015191,encoded,,7789,False
A,1846,62017218,encoded,,12021,False
B,1845,62048523,encoded,,7348,False
A,1847,62050551,encoded,,10397,False
B,1846,62081857,encoded,,6925,False
A,1848,62083885,encoded,,9711,False
B,1847,62115192,encoded,,6321,False
A,1849,62117218,encoded,,9061,False
B,1848,62148523,encoded,,5741,False
A,1850,62150550,encoded,,8736,False
B,1849,62181859,encoded,,5602,False
A,1851,62183886,encoded,,8675,False
B,1850,62215198,encoded,,5730,False
A,1852,62217215,encoded,,8322,False
B,1851,62248530,encoded,,5062,False
A,1853,62250556,encoded,,7747,False
B,1852,62281865,encoded,,4820,False
A,1854,62283895,encoded,,7696,False
B,1853,62315197,encoded,,12150,False
A,1855,62317225,encoded,,7574,False
B,1854,62348531,encoded,,16666,False
A,1856,62350554,encoded,,9626,False
B,1855,62381871,encoded,,32429,False
A,1857,62383894,encoded,,16666,False
B,1856,62415200,encoded,,7335,False
A,1858,62417224,encoded,,24764,False
B,1857,62448532,encoded,,10236,False
A,1859,62450556,encoded,,8570,False
B,1858,62481867,encoded,,16667,False
A,1860,62483894,encoded,,16666,False
B,1859,62515202,encoded,,16667,False
A,1861,62517228,encoded,,126917,True
B,1860,62548536,encoded,,16666,False
A,1862,62550562,encoded,,6845,False
B,1861,62581870,encoded,,121124,True
A,1863,62583894,encoded,,15998,False
B,1862,62615197,encoded,,13305,False
A,1864,62617223,encoded,,24951,False
B,1863,62648535,encoded,,12076,False
A,1865,62650562,encoded,,18071,False
B,1864,62681872,encoded,,18706,False
A,1866,62683898,encoded,,24237,False
B,1865,62715206,encoded,,21188,False
A,1867,62717228,encoded,,20588,False
B,1866,62748535,encoded,,21863,False
A,1868,62750563,encoded,,11213,False
B,1867,62781873,encoded,,23125,False
A,1869,62783900,encoded,,10349,False
B,1868,62815205,encoded,,16686,False
A,1870,62817228,encoded,,9180,False
B,1869,62848540,encoded,,15282,False
A,1871,62850566,encoded,,7591,False
B,1870,62881880,encoded,,13853,False
A,1872,62883897,encoded,,7041,False
B,1871,62915210,encoded,,11311,False
A,1873,62917230,encoded,,19184,False
B,1872,62948544,encoded,,15453,False
A,1874,62950574,encoded,,19516,False
B,1873,62981873,encoded,,12576,False
A,1875,62983903,encoded,,13176,False
B,1874,63015211,encoded,,9076,False
A,1876,63017238,encoded,,11858,False
B,1875,63048542,encoded,,7770,False
A,1877,63050572,encoded,,10400,False
B,1876,63081871,encoded,,6935,False
A,1878,63083902,encoded,,9640,False
B,1877,63115211,encoded,,7285,False
A,1879,63117236,encoded,,9258,False
B,1878,63148545,encoded,,6604,False
A,1880,63150569,encoded,,8717,False
B,1879,63181880,encoded,,6289,False
A,1881,63183905,encoded,,9036,False
B,1880,63215211,encoded,,6145,False
A,1882,63217238,encoded,,8826,False
B,1881,63248545,encoded,,5629,False
A,1883,63250569,encoded,,7952,False
B,1882,63281878,encoded,,5354,False
A,1884,63283904,encoded,,7810,False
B,1883,63315217,encoded,,5699,False
A,1885,63317238,encoded,,7528,False
B,1884,63348549,encoded,,16666,False
A,1886,63350578,encoded,,7452,False
B,1885,63381881,encoded,,36573,False
A,1887,63383909,encoded,,16666,False
B,1886,63415217,encoded,,1989,False
A,1888,63417239,encoded,,25659,False
B,1887,63448550,encoded,,11438,False
A,1889,63450575,encoded,,7675,False
B,1888,63481888,encoded,,16667,False
A,1890,63483910,encoded,,16666,False
B,1889,63515214,encoded,,16667,False
A,1891,63517245,encoded,,127166,True
B,1890,63548551,encoded,,16666,False
A,1892,63550577,encoded,,6152,False
B,1891,63581886,encoded,,120972,True
A,1893,63583911,encoded,,16706,False
B,1892,63615217,encoded,,13300,False
A,1894,63617243,encoded,,24911,False
B,1893,63648553,encoded,,18585,False
A,1895,63650580,encoded,,18046,False
B,1894,63681892,encoded,,22727,False
A,1896,63683912,encoded,,24502,False
B,1895,63715222,encoded,,10135,False
A,1897,63717248,encoded,,20178,False
B,1896,63748557,encoded,,21769,False
A,1898,63750580,encoded,,11826,False
B,1897,63781898,encoded,,12048,False
A,1899,63783913,encoded,,9628,False
B,1898,63815224,encoded,,9792,False
A,1900,63817247,encoded,,8462,False
B,1899,63848558,encoded,,18879,False
A,1901,63850581,encoded,,7346,False
B,1900,63881894,encoded,,15276,False
A,1902,63883919,encoded,,19628,False
B,1901,63915228,encoded,,18867,False
A,1903,63917252,encoded,,4888,False
B,1902,63948561,encoded,,18232,False
A,1904,63950582,encoded,,22293,False
B,1903,63981894,encoded,,13883,False
A,1905,63983919,encoded,,13774,False
B,1904,64015229,encoded,,9044,False
A,1906,64017254,encoded,,11487,False
B,1905,64048561,encoded,,7987,False
A,1907,64050582,encoded,,10246,False
B,1906,64081895,encoded,,7416,False
A,1908,64083922,encoded,,9690,False
B,1907,64115229,encoded,,6873,False
A,1909,64117255,encoded,,9299,False
B,1908,64148555,encoded,,6472,False
A,1910,64150589,encoded,,8915,False
B,1909,64181902,encoded,,5937,False
A,1911,64183928,encoded,,8162,False
B,1910,64215233,encoded,,6429,False
A,1912,64217257,encoded,,8226,False
B,1911,64248564,encoded,,5887,False
A,1913,64250588,encoded,,7966,False
B,1912,64281896,encoded,,5232,False
A,1914,64283923,encoded,,8064,False
B,1913,64315230,encoded,,7592,False
A,1915,64317256,encoded,,7643,False
B,1914,64348569,encoded,,16666,False
A,1916,64350595,encoded,,8130,False
B,1915,64381901,encoded,,35745,False
A,1917,64383927,encoded,,16666,False
B,1916,64415237,encoded,,2031,False
A,1918,64417258,encoded,,25066,False
B,1917,64448570,encoded,,12224,False
A,1919,64450595,encoded,,8268,False
B,1918,64481908,encoded,,16667,False
A,1920,64483930,encoded,,16666,False
B,1919,64515236,encoded,,16667,False
A,1921,64517266,encoded,,127141,True
B,1920,64548571,encoded,,16666,False
A,1922,64550595,encoded,,23292,False
B,1921,64581904,encoded,,121152,True
A,1923,64583930,encoded,,8851,False
B,1922,64615236,encoded,,17780,False
A,1924,64617263,encoded,,17303,False
B,1923,64648571,encoded,,17403,False
A,1925,64650596,encoded,,18174,False
B,1924,64681909,encoded,,18906,False
A,1926,64683931,encoded,,23529,False
B,1925,64715245,encoded,,16285,False
A,1927,64717265,encoded,,20346,False
B,1926,64748573,encoded,,20717,False
A,1928,64750598,encoded,,11200,False
B,1927,64781911,encoded,,19693,False
A,1929,64783932,encoded,,9196,False
B,1928,64815248,encoded,,15183,False
A,1930,64817266,encoded,,8237,False
B,1929,64848579,encoded,,14031,False
A,1931,64850603,encoded,,7301,False
B,1930,64881911,encoded,,14406,False
A,1932,64883934,encoded,,19419,False
B,1931,64915247,encoded,,10815,False
A,1933,64917272,encoded,,21070,False
B,1932,64948584,encoded,,17131,False
A,1934,64950601,encoded,,2789,False
B,1933,64981910,encoded,,13435,False
A,1935,64983937,encoded,,15816,False
B,1934,65015247,encoded,,10178,False
A,1936,65017271,encoded,,11691,False
B,1935,65048582,encoded,,8566,False
A,1937,65050603,encoded,,10556,False
B,1936,65081917,encoded,,7593,False
A,1938,65083939,encoded,,9860,False
B,1937,65115251,encoded,,7810,False
A,1939,65117272,encoded,,9153,False
B,1938,65148593,encoded,,6839,False
A,1940,65150609,encoded,,8754,False
B,1939,65181921,encoded,,6828,False
A,1941,65183942,encoded,,9342,False
B,1940,65215250,encoded,,5947,False
A,1942,65217282,encoded,,8863,False
B,1941,65248590,encoded,,5630,False
A,1943,65250608,encoded,,8045,False
B,1942,65281919,encoded,,5399,False
A,1944,65283944,encoded,,8098,False
B,1943,65315254,encoded,,5245,False
A,1945,65317277,encoded,,9216,False
B,1944,65348587,encoded,,13028,False
A,1946,65350620,encoded,,7857,False
B,1945,65381925,encoded,,30779,False
A,1947,65383943,encoded,,14901,False
B,1946,65415255,encoded,,19978,False
A,1948,65417281,encoded,,19703,False
B,1947,65448593,encoded,,1906,False
A,1949,65450608,encoded,,13631,False
B,1948,65481927,encoded,,14004,False
A,1950,65483952,encoded,,16666,False
B,1949,65515259,encoded,,16667,False
A,1951,65517276,encoded,,117927,True
B,1950,65548591,encoded,,16666,False
A,1952,65550614,encoded,,23852,False
B,1951,65581929,encoded,,135316,True
A,1953,65583955,encoded,,11412,False
B,1952,65615260,encoded,,16279,False
A,1954,65617280,encoded,,23790,False
B,1953,65648597,encoded,,14166,False
A,1955,65650623,encoded,,20517,False
B,1954,65681929,encoded,,16090,False
A,1956,65683965,encoded,,24155,False
B,1955,65715265,encoded,,10611,False
A,1957,65717293,encoded,,21143,False
B,1956,65748606,encoded,,23200,False
A,1958,65750630,encoded,,11673,False
B,1957,65781929,encoded,,13647,False
A,1959,65783954,encoded,,9402,False
B,1958,65815267,encoded,,11472,False
A,1960,65817288,encoded,,8504,False
B,1959,65848600,encoded,,14218,False
A,1961,65850623,encoded,,7695,False
B,1960,65881932,encoded,,9992,False
A,1962,65883958,encoded,,19415,False
B,1961,65915272,encoded,,9527,False
A,1963,65917286,encoded,,4611,False
B,1962,65948602,encoded,,11073,False
A,1964,65950622,encoded,,21388,False
B,1963,65981934,encoded,,16102,False
A,1965,65983955,encoded,,13072,False
B,1964,66015266,encoded,,12250,False
A,1966,66017288,encoded,,11565,False
B,1965,66048603,encoded,,8275,False
A,1967,66050621,encoded,,10132,False
B,1966,66081934,encoded,,7989,False
A,1968,66083973,encoded,,9099,False
B,1967,66115270,encoded,,7244,False
A,1969,66117292,encoded,,9064,False
B,1968,66148600,encoded,,7056,False
A,1970,66150626,encoded,,9608,False
B,1969,66181937,encoded,,6639,False
A,1971,66183958,encoded,,8688,False
B,1970,66215274,encoded,,5671,False
A,1972,66217301,encoded,,8247,False
B,1971,66248603,encoded,,5042,False
A,1973,66250626,encoded,,8093,False
B,1972,66281940,encoded,,5526,False
A,1974,66283958,encoded,,7877,False
B,1973,66315272,encoded,,15949,False
A,1975,66317296,encoded,,7601,False
B,1974,66348611,encoded,,31077,False
A,1976,66350629,encoded,,7476,False
B,1975,66381942,encoded,,3887,False
A,1977,66383964,encoded,,13994,False
B,1976,66415282,encoded,,15036,False
A,1978,66417294,encoded,,19957,False
B,1977,66448607,encoded,,16666,False
A,1979,66450633,encoded,,13377,False
B,1978,66481949,encoded,,16667,False
A,1980,66483968,encoded,,16666,False
B,1979,66515280,encoded,,16667,False
A,1981,66517298,encoded,,126975,True
B,1980,66548608,encoded,,16666,False
A,1982,66550633,encoded,,20620,False
B,1981,66581941,encoded,,120986,True
A,1983,66583967,encoded,,10540,False
B,1982,66615278,encoded,,17208,False
A,1984,66617297,encoded,,17798,False
B,1983,66648611,encoded,,18035,False
A,1985,66650636,encoded,,18225,False
B,1984,66681949,encoded,,15654,False
A,1986,66683968,encoded,,22838,False
B,1985,66715283,encoded,,17373,False
A,1987,66717302,encoded,,21401,False
B,1986,66748615,encoded,,19243,False
A,1988,66750639,encoded,,11274,False
B,1987,66781948,encoded,,15310,False
A,1989,66783969,encoded,,9585,False
B,1988,66815282,encoded,,12204,False
A,1990,66817306,encoded,,9054,False
B,1989,66848614,encoded,,13455,False
A,1991,66850637,encoded,,7452,False
B,1990,66881946,encoded,,13289,False
A,1992,66883975,encoded,,19168,False
B,1991,66915287,encoded,,13017,False
A,1993,66917308,encoded,,21186,False
B,1992,66948617,encoded,,11315,False
A,1994,66950641,encoded,,2663,False
B,1993,66981951,encoded,,13189,False
A,1995,66983973,encoded,,16359,False
B,1994,67015284,encoded,,19357,False
A,1996,67017308,encoded,,11404,False
B,1995,67048620,encoded,,8689,False
A,1997,67050641,encoded,,10009,False
B,1996,67081953,encoded,,7722,False
A,1998,67083977,encoded,,9653,False
B,1997,67115291,encoded,,6647,False
A,1999,67117314,encoded,,8787,False
B,1998,67148621,encoded,,6203,False
A,2000,67150641,encoded,,8719,False
B,1999,67181958,encoded,,5857,False
A,2001,67183982,encoded,,8343,False
B,2000,67215286,encoded,,5738,False
A,2002,67217311,encoded,,8286,False
B,2001,67248624,encoded,,5993,False
A,2003,67250643,encoded,,7639,False
B,2002,67281957,encoded,,5351,False
A,2004,67283980,encoded,,7678,False
B,2003,67315287,encoded,,11499,False
A,2005,67317315,encoded,,7566,False
B,2004,67348629,encoded,,16666,False
A,2006,67350648,encoded,,10112,False
B,2005,67381960,encoded,,19123,False
A,2007,67383981,encoded,,16666,False
B,2006,67415291,encoded,,14211,False
A,2008,67417318,encoded,,32087,False
B,2007,67448624,encoded,,16666,False
A,2009,67450647,encoded,,4130,False
B,2008,67481963,encoded,,16667,False
A,2010,67483978,encoded,,13783,False
B,2009,67515291,encoded,,16667,False
A,2011,67517313,encoded,,126958,True
B,2010,67548634,encoded,,16666,False
A,2012,67550656,encoded,,22424,False
B,2011,67581961,encoded,,120933,True
A,2013,67583984,encoded,,9961,False
B,2012,67615298,encoded,,10527,False
A,2014,67617318,encoded,,15162,False
B,2013,67648630,encoded,,17601,False
A,2015,67650650,encoded,,18024,False
B,2014,67681971,encoded,,24180,False
A,2016,67683991,encoded,,24015,False
B,2015,67715303,encoded,,16630,False
A,2017,67717320,encoded,,20931,False
B,2016,67748634,encoded,,21595,False
A,2018,67750658,encoded,,11323,False
B,2017,67781971,encoded,,14895,False
A,2019,67783987,encoded,,9391,False
B,2018,67815304,encoded,,15510,False
A,2020,67817321,encoded,,8155,False
B,2019,67848636,encoded,,14485,False
A,2021,67850655,encoded,,21487,False
B,2020,67881970,encoded,,19497,False
A,2022,67883989,encoded,,4704,False
B,2021,67915308,encoded,,12369,False
A,2023,67917322,encoded,,22406,False
B,2022,67948643,encoded,,18086,False
A,2024,67950657,encoded,,13505,False
B,2023,67981974,encoded,,14149,False
A,2025,67983991,encoded,,11630,False
B,2024,68015309,encoded,,9889,False
A,2026,68017323,encoded,,10534,False
B,2025,68048642,encoded,,8147,False
A,2027,68050658,encoded,,9638,False
B,2026,68081972,encoded,,7460,False
A,2028,68083994,encoded,,9122,False
B,2027,68115308,encoded,,6701,False
A,2029,68117328,encoded,,8412,False
B,2028,68148647,encoded,,6103,False
A,2030,68150664,encoded,,8672,False
B,2029,68181974,encoded,,6206,False
A,2031,68183997,encoded,,8427,False
B,2030,68215307,encoded,,5338,False
A,2032,68217332,encoded,,7804,False
B,2031,68248644,encoded,,4987,False
A,2033,68250669,encoded,,7900,False
B,2032,68281976,encoded,,4971,False
A,2034,68284000,encoded,,7481,False
B,2033,68315309,encoded,,4602,False
A,2035,68317335,encoded,,7252,False
B,2034,68348641,encoded,,15139,False
A,2036,68350665,encoded,,8016,False
B,2035,68381975,encoded,,25254,False
A,2037,68383999,encoded,,16666,False
B,2036,68415313,encoded,,10879,False
A,2038,68417336,encoded,,29509,False
B,2037,68448648,encoded,,13867,False
A,2039,68450666,encoded,,4596,False
B,2038,68481981,encoded,,16667,False
A,2040,68484005,encoded,,15895,False
B,2039,68515317,encoded,,16667,False
A,2041,68517333,encoded,,127222,True
B,2040,68548652,encoded,,16666,False
A,2042,68550669,encoded,,20487,False
B,2041,68581991,encoded,,135224,True
A,2043,68584003,encoded,,10784,False
B,2042,68615315,encoded,,12232,False
A,2044,68617335,encoded,,17294,False
B,2043,68648653,encoded,,12886,False
A,2045,68650671,encoded,,18207,False
B,2044,68681984,encoded,,22451,False
A,2046,68684005,encoded,,22736,False
B,2045,68715319,encoded,,14186,False
A,2047,68717336,encoded,,21345,False
B,2046,68748651,encoded,,15607,False
A,2048,68750669,encoded,,11793,False
B,2047,68781987,encoded,,15152,False
A,2049,68784005,encoded,,9546,False
B,2048,68815321,encoded,,14930,False
A,2050,68817343,encoded,,8529,False
B,2049,68848655,encoded,,16448,False
A,2051,68850674,encoded,,21047,False
B,2050,68881990,encoded,,13218,False
A,2052,68884008,encoded,,5072,False
B,2051,68915323,encoded,,16858,False
A,2053,68917339,encoded,,15683,False
B,2052,68948655,encoded,,13746,False
A,2054,68950676,encoded,,18208,False
B,2053,68981991,encoded,,9787,False
A,2055,68984012,encoded,,12141,False
B,2054,69015325,encoded,,8133,False
A,2056,69017348,encoded,,11016,False
B,2055,69048656,encoded,,7176,False
A,2057,69050677,encoded,,9746,False
B,2056,69081994,encoded,,6660,False
A,2058,69084015,encoded,,9014,False
B,2057,69115329,encoded,,6159,False
A,2059,69117344,encoded,,9027,False
B,2058,69148661,encoded,,6101,False
A,2060,69150680,encoded,,8470,False
B,2059,69181999,encoded,,5773,False
A,2061,69184013,encoded,,8421,False
B,2060,69215337,encoded,,5664,False
A,2062,69217350,encoded,,8134,False
B,2061,69248660,encoded,,5487,False
A,2063,69250684,encoded,,7870,False
B,2062,69281998,encoded,,5398,False
A,2064,69284019,encoded,,8997,False
B,2063,69315330,encoded,,14058,False
A,2065,69317352,encoded,,7705,False
B,2064,69348664,encoded,,30171,False
A,2066,69350684,encoded,,7811,False
B,2065,69381997,encoded,,3162,False
A,2067,69384019,encoded,,13695,False
B,2066,69415334,encoded,,16667,False
A,2068,69417352,encoded,,16667,False
B,2067,69448665,encoded,,16666,False
A,2069,69450686,encoded,,17540,False
B,2068,69482006,encoded,,16667,False
A,2070,69484050,encoded,,15793,False
B,2069,69515339,encoded,,16667,False
A,2071,69517365,encoded,,117683,True
B,2070,69548671,encoded,,16666,False
A,2072,69550687,encoded,,25514,False
B,2071,69582004,encoded,,120909,True
A,2073,69584052,encoded,,10937,False
B,2072,69615338,encoded,,17933,False
A,2074,69617353,encoded,,23275,False
B,2073,69648670,encoded,,10727,False
A,2075,69650693,encoded,,20194,False
B,2074,69681996,encoded,,19255,False
A,2076,69684059,encoded,,24272,False
B,2075,69715330,encoded,,17037,False
A,2077,69717361,encoded,,21823,False
B,2076,69748674,encoded,,16276,False
A,2078,69750693,encoded,,11725,False
B,2077,69782007,encoded,,11240,False
A,2079,69784043,encoded,,10263,False
B,2078,69815335,encoded,,14982,False
A,2080,69817361,encoded,,8537,False
B,2079,69848674,encoded,,20478,False
A,2081,69850711,encoded,,7359,False
B,2080,69882006,encoded,,15739,False
A,2082,69884042,encoded,,19567,False
B,2081,69915348,encoded,,13637,False
A,2083,69917381,encoded,,5215,False
B,2082,69948674,encoded,,13494,False
A,2084,69950695,encoded,,21638,False
B,2083,69982012,encoded,,19515,False
A,2085,69984044,encoded,,13305,False
B,2084,70015345,encoded,,8448,False
A,2086,70017363,encoded,,11991,False
B,2085,70048678,encoded,,7527,False
A,2087,70050696,encoded,,10975,False
B,2086,70082012,encoded,,7623,False
A,2088,70084042,encoded,,9661,False
B,2087,70115347,encoded,,6646,False
A,2089,70117364,encoded,,9138,False
B,2088,70148680,encoded,,6716,False
A,2090,70150695,encoded,,8656,False
B,2089,70182019,encoded,,5931,False
A,2091,70184041,encoded,,8321,False
B,2090,70215352,encoded,,5578,False
A,2092,70217368,encoded,,7867,False
B,2091,70248681,encoded,,5198,False
A,2093,70250700,encoded,,7944,False
B,2092,70282021,encoded,,5135,False
A,2094,70284051,encoded,,7729,False
B,2093,70315354,encoded,,13310,False
A,2095,70317376,encoded,,7592,False
B,2094,70348681,encoded,,38525,False
A,2096,70350699,encoded,,7704,False
B,2095,70382020,encoded,,18464,False
A,2097,70384053,encoded,,11115,False
B,2096,70415353,encoded,,1641,False
A,2098,70417370,encoded,,16667,False
B,2097,70448689,encoded,,8036,False
A,2099,70450708,encoded,,19812,False
B,2098,70482023,encoded,,16667,False
A,2100,70484039,encoded,,13521,False
B,2099,70515359,encoded,,16667,False
A,2101,70517378,encoded,,127195,True
B,2100,70548682,encoded,,16666,False
A,2102,70550710,encoded,,18120,False
B,2101,70582022,encoded,,120899,True
A,2103,70584044,encoded,,6955,False
B,2102,70615360,encoded,,13218,False
A,2104,70617376,encoded,,23978,False
B,2103,70648697,encoded,,19323,False
A,2105,70650718,encoded,,10171,False
B,2104,70682035,encoded,,23319,False
A,2106,70684077,encoded,,26887,False
B,2105,70715360,encoded,,13648,False
A,2107,70717385,encoded,,17095,False
B,2106,70748705,encoded,,25187,False
A,2108,70750725,encoded,,17444,False
B,2107,70782032,encoded,,16232,False
A,2109,70784050,encoded,,10346,False
B,2108,70815361,encoded,,12387,False
A,2110,70817381,encoded,,8743,False
B,2109,70848691,encoded,,16843,False
A,2111,70850713,encoded,,20788,False
B,2110,70882028,encoded,,19382,False
A,2112,70884046,encoded,,5070,False
B,2111,70915365,encoded,,9627,False
A,2113,70917384,encoded,,23081,False
B,2112,70948694,encoded,,17812,False
A,2114,70950714,encoded,,14127,False
B,2113,70982034,encoded,,11375,False
A,2115,70984049,encoded,,11696,False
B,2114,71015364,encoded,,9626,False
A,2116,71017384,encoded,,10990,False
B,2115,71048698,encoded,,8972,False
A,2117,71050716,encoded,,10036,False
B,2116,71082030,encoded,,7680,False
A,2118,71084047,encoded,,9758,False
B,2117,71115369,encoded,,7347,False
A,2119,71117384,encoded,,9076,False
B,2118,71148699,encoded,,6943,False
A,2120,71150717,encoded,,8923,False
B,2119,71182035,encoded,,6059,False
A,2121,71184055,encoded,,8395,False
B,2120,71215370,encoded,,6344,False
A,2122,71217384,encoded,,8167,False
B,2121,71248701,encoded,,5789,False
A,2123,71250718,encoded,,8184,False
B,2122,71282035,encoded,,5575,False
A,2124,71284055,encoded,,7697,False
B,2123,71315370,encoded,,5657,False
A,2125,71317387,encoded,,7583,False
B,2124,71348700,encoded,,10756,False
A,2126,71350717,encoded,,7459,False
B,2125,71382037,encoded,,16667,False
A,2127,71384056,encoded,,12036,False
B,2126,71415374,encoded,,29676,False
A,2128,71417389,encoded,,16667,False
B,2127,71448705,encoded,,3841,False
A,2129,71450725,encoded,,19389,False
B,2128,71482038,encoded,,16483,False
A,2130,71484064,encoded,,13944,False
B,2129,71515361,encoded,,16667,False
A,2131,71517395,encoded,,127105,True
B,2130,71548703,encoded,,16666,False
A,2132,71550722,encoded,,18319,False
B,2131,71582042,encoded,,120754,True
A,2133,71584062,encoded,,6767,False
B,2132,71615372,encoded,,16967,False
A,2134,71617390,encoded,,23559,False
B,2133,71648707,encoded,,12959,False
A,2135,71650725,encoded,,17932,False
B,2134,71682043,encoded,,15038,False
A,2136,71684058,encoded,,19951,False
B,2135,71715374,encoded,,12133,False
A,2137,71717392,encoded,,15920,False
B,2136,71748711,encoded,,23095,False
A,2138,71750732,encoded,,18146,False
B,2137,71782042,encoded,,11366,False
A,2139,71784060,encoded,,10651,False
B,2138,71815376,encoded,,10117,False
A,2140,71817396,encoded,,9479,False
B,2139,71848711,encoded,,15379,False
A,2141,71850727,encoded,,7777,False
B,2140,71882046,encoded,,14807,False
A,2142,71884061,encoded,,19836,False
B,2141,71915382,encoded,,22655,False
A,2143,71917399,encoded,,21695,False
B,2142,71948713,encoded,,24220,False
A,2144,71950731,encoded,,14005,False
B,2143,71982046,encoded,,13391,False
A,2145,71984064,encoded,,11586,False
B,2144,72015384,encoded,,8877,False
A,2146,72017398,encoded,,11750,False
B,2145,72048716,encoded,,8209,False
A,2147,72050735,encoded,,11037,False
B,2146,72082051,encoded,,7513,False
A,2148,72084069,encoded,,9736,False
B,2147,72115387,encoded,,6891,False
A,2149,72117405,encoded,,9607,False
B,2148,72148716,encoded,,6152,False
A,2150,72150735,encoded,,9233,False
B,2149,72182051,encoded,,5924,False
A,2151,72184073,encoded,,8863,False
B,2150,72215388,encoded,,5389,False
A,2152,72217405,encoded,,8391,False
B,2151,72248723,encoded,,5215,False
A,2153,72250748,encoded,,7839,False
B,2152,72282059,encoded,,4883,False
A,2154,72284073,encoded,,7719,False
B,2153,72315390,encoded,,11400,False
A,2155,72317405,encoded,,7749,False
B,2154,72348721,encoded,,16666,False
A,2156,72350738,encoded,,8122,False
B,2155,72382058,encoded,,28238,False
A,2157,72384071,encoded,,7452,False
B,2156,72415393,encoded,,5096,False
A,2158,72417405,encoded,,16441,False
B,2157,72448720,encoded,,16666,False
A,2159,72450740,encoded,,24755,False
B,2158,72482059,encoded,,16667,False
A,2160,72484077,encoded,,8578,False
B,2159,72515391,encoded,,16667,False
A,2161,72517407,encoded,,127119,True
B,2160,72548723,encoded,,16666,False
A,2162,72550746,encoded,,18296,False
B,2161,72582060,encoded,,135321,True
A,2163,72584077,encoded,,7707,False
B,2162,72615396,encoded,,8188,False
A,2164,72617413,encoded,,23315,False
B,2163,72648723,encoded,,15251,False
A,2165,72650746,encoded,,18037,False
B,2164,72682063,encoded,,19511,False
A,2166,72684080,encoded,,23581,False
B,2165,72715399,encoded,,17485,False
A,2167,72717411,encoded,,22377,False
B,2166,72748728,encoded,,19742,False
A,2168,72750744,encoded,,11496,False
B,2167,72782064,encoded,,19420,False
A,2169,72784082,encoded,,9610,False
B,2168,72815402,encoded,,17548,False
A,2170,72817415,encoded,,8446,False
B,2169,72848732,encoded,,14091,False
A,2171,72850751,encoded,,7453,False
B,2170,72882065,encoded,,19644,False
A,2172,72884082,encoded,,19598,False
B,2171,72915396,encoded,,11570,False
A,2173,72917415,encoded,,21521,False
B,2172,72948736,encoded,,9277,False
A,2174,72950752,encoded,,2902,False
B,2173,72982068,encoded,,8129,False
A,2175,72984081,encoded,,16539,False
B,2174,73015400,encoded,,7355,False
A,2176,73017420,encoded,,3684,False
B,2175,73048738,encoded,,6536,False
A,2177,73050753,encoded,,14540,False
B,2176,73082071,encoded,,6177,False
A,2178,73084086,encoded,,10646,False
B,2177,73115403,encoded,,5858,False
A,2179,73117422,encoded,,9701,False
B,2178,73148735,encoded,,5873,False
A,2180,73150754,encoded,,9708,False
B,2179,73182071,encoded,,5292,False
A,2181,73184085,encoded,,8889,False
B,2180,73215409,encoded,,5592,False
A,2182,73217431,encoded,,8409,False
B,2181,73248740,encoded,,4864,False
A,2183,73250755,encoded,,8168,False
B,2182,73282073,encoded,,5079,False
A,2184,73284091,encoded,,7757,False
B,2183,73315407,encoded,,17022,False
A,2185,73317428,encoded,,7719,False
B,2184,73348743,encoded,,34899,False
A,2186,73350760,encoded,,7864,False
B,2185,73382077,encoded,,2869,False
A,2187,73384091,encoded,,14918,False
B,2186,73415408,encoded,,11758,False
A,2188,73417428,encoded,,19584,False
B,2187,73448744,encoded,,15649,False
A,2189,73450774,encoded,,13750,False
B,2188,73482077,encoded,,16667,False
A,2190,73484096,encoded,,16666,False
B,2189,73515410,encoded,,16667,False
A,2191,73517427,encoded,,118072,True
B,2190,73548743,encoded,,16666,False
A,2192,73550766,encoded,,8995,False
B,2191,73582078,encoded,,120992,True
A,2193,73584094,encoded,,23056,False
B,2192,73615411,encoded,,17683,False
A,2194,73617430,encoded,,29594,False
B,2193,73648745,encoded,,12163,False
A,2195,73650764,encoded,,20045,False
B,2194,73682082,encoded,,19296,False
A,2196,73684099,encoded,,24807,False
B,2195,73715417,encoded,,20747,False
A,2197,73717435,encoded,,20403,False
B,2196,73748746,encoded,,17109,False
A,2198,73750769,encoded,,11228,False
B,2197,73782083,encoded,,11448,False
A,2199,73784116,encoded,,9361,False
B,2198,73815417,encoded,,15607,False
A,2200,73817439,encoded,,8110,False
B,2199,73848749,encoded,,15427,False
A,2201,73850768,encoded,,7176,False
B,2200,73882088,encoded,,15771,False
A,2202,73884102,encoded,,7009,False
B,2201,73915418,encoded,,13741,False
A,2203,73917436,encoded,,21789,False
B,2202,73948754,encoded,,12610,False
A,2204,73950774,encoded,,18023,False
B,2203,73982088,encoded,,18932,False
A,2205,73984101,encoded,,12852,False
B,2204,74015426,encoded,,8326,False
A,2206,74017444,encoded,,10818,False
B,2205,74048754,encoded,,7199,False
A,2207,74050773,encoded,,10204,False
B,2206,74082088,encoded,,6638,False
A,2208,74084104,encoded,,9695,False
B,2207,74115426,encoded,,6022,False
A,2209,74117440,encoded,,9432,False
B,2208,74148756,encoded,,5912,False
A,2210,74150771,encoded,,8907,False
B,2209,74182086,encoded,,5369,False
A,2211,74184104,encoded,,8449,False
B,2210,74215425,encoded,,4978,False
A,2212,74217440,encoded,,8085,False
B,2211,74248762,encoded,,4907,False
A,2213,74250774,encoded,,8268,False
B,2212,74282090,encoded,,5790,False
A,2214,74284105,encoded,,7629,False
B,2213,74315426,encoded,,16667,False
A,2215,74317441,encoded,,7521,False
B,2214,74348761,encoded,,36017,False
A,2216,74350776,encoded,,7832,False
B,2215,74382095,encoded,,1852,False
A,2217,74384108,encoded,,12640,False
B,2216,74415428,encoded,,12131,False
A,2218,74417442,encoded,,16667,False
B,2217,74448766,encoded,,16666,False
A,2219,74450776,encoded,,16667,False
B,2218,74482094,encoded,,16667,False
A,2220,74484108,encoded,,16666,False
B,2219,74515432,encoded,,16667,False
A,2221,74517444,encoded,,127410,True
B,2220,74548760,encoded,,16666,False
A,2222,74550791,encoded,,20665,False
B,2221,74582100,encoded,,120816,True
A,2223,74584118,encoded,,10781,False
B,2222,74615434,encoded,,20248,False
A,2224,74617448,encoded,,17389,False
B,2223,74648765,encoded,,10260,False
A,2225,74650786,encoded,,17850,False
B,2224,74682104,encoded,,19764,False
A,2226,74684115,encoded,,22619,False
B,2225,74715434,encoded,,10623,False
A,2227,74717453,encoded,,20749,False
B,2226,74748769,encoded,,21327,False
A,2228,74750788,encoded,,11849,False
B,2227,74782105,encoded,,13088,False
A,2229,74784122,encoded,,9884,False
B,2228,74815433,encoded,,11740,False
A,2230,74817454,encoded,,8514,False
B,2229,74848772,encoded,,15466,False
A,2231,74850786,encoded,,7662,False
B,2230,74882105,encoded,,16844,False
A,2232,74884116,encoded,,19462,False
B,2231,74915433,encoded,,21459,False
A,2233,74917451,encoded,,20609,False
B,2232,74948774,encoded,,23165,False
A,2234,74950784,encoded,,13351,False
B,2233,74982106,encoded,,9893,False
A,2235,74984118,encoded,,11795,False
B,2234,75015440,encoded,,8630,False
A,2236,75017456,encoded,,10766,False
B,2235,75048772,encoded,,7735,False
A,2237,75050788,encoded,,10196,False
B,2236,75082104,encoded,,7633,False
A,2238,75084123,encoded,,10121,False
B,2237,75115446,encoded,,6887,False
A,2239,75117457,encoded,,10497,False
B,2238,75148775,encoded,,6234,False
A,2240,75150796,encoded,,8855,False
B,2239,75182106,encoded,,5973,False
A,2241,75184126,encoded,,8800,False
B,2240,75215443,encoded,,5804,False
A,2242,75217458,encoded,,8321,False
B,2241,75248780,encoded,,5309,False
A,2243,75250794,encoded,,8314,False
B,2242,75282115,encoded,,5189,False
A,2244,75284124,encoded,,7704,False
B,2243,75315446,encoded,,9247,False
A,2245,75317462,encoded,,7810,False
B,2244,75348779,encoded,,16666,False
A,2246,75350792,encoded,,7519,False
B,2245,75382114,encoded,,31030,False
A,2247,75384130,encoded,,10508,False
B,2246,75415453,encoded,,11096,False
A,2248,75417462,encoded,,16667,False
B,2247,75448780,encoded,,7874,False
A,2249,75450801,encoded,,24943,False
B,2248,75482119,encoded,,16667,False
A,2250,75484130,encoded,,8390,False
B,2249,75515452,encoded,,16667,False
A,2251,75517465,encoded,,126973,True
B,2250,75548788,encoded,,16666,False
A,2252,75550799,encoded,,17986,False
B,2251,75582116,encoded,,135482,True
A,2253,75584133,encoded,,7096,False
B,2252,75615456,encoded,,10073,False
A,2254,75617466,encoded,,23538,False
B,2253,75648786,encoded,,14755,False
A,2255,75650804,encoded,,17793,False
B,2254,75682121,encoded,,22036,False
A,2256,75684131,encoded,,24018,False
B,2255,75715454,encoded,,9358,False
A,2257,75717468,encoded,,21463,False
B,2256,75748788,encoded,,24808,False
A,2258,75750803,encoded,,11543,False
B,2257,75782120,encoded,,17407,False
A,2259,75784135,encoded,,9682,False
B,2258,75815466,encoded,,13111,False
A,2260,75817469,encoded,,8890,False
B,2259,75848791,encoded,,13822,False
A,2261,75850805,encoded,,7749,False
B,2260,75882125,encoded,,14981,False
A,2262,75884138,encoded,,19790,False
B,2261,75915460,encoded,,9906,False
A,2263,75917477,encoded,,20932,False
B,2262,75948795,encoded,,18291,False
A,2264,75950804,encoded,,3115,False
B,2263,75982125,encoded,,11690,False
A,2265,75984141,encoded,,16242,False
B,2264,76015458,encoded,,9690,False
A,2266,76017477,encoded,,11576,False
B,2265,76048797,encoded,,8282,False
A,2267,76050809,encoded,,10855,False
B,2266,76082129,encoded,,7409,False
A,2268,76084142,encoded,,9672,False
B,2267,76115461,encoded,,7128,False
A,2269,76117474,encoded,,9313,False
B,2268,76148795,encoded,,6864,False
A,2270,76150807,encoded,,8474,False
B,2269,76182130,encoded,,6491,False
A,2271,76184144,encoded,,8410,False
B,2270,76215463,encoded,,5972,False
A,2272,76217478,encoded,,8207,False
B,2271,76248795,encoded,,5492,False
A,2273,76250811,encoded,,8060,False
B,2272,76282139,encoded,,5210,False
A,2274,76284146,encoded,,8390,False
B,2273,76315464,encoded,,6121,False
A,2275,76317478,encoded,,7771,False
B,2274,76348800,encoded,,15621,False
A,2276,76350817,encoded,,7602,False
B,2275,76382138,encoded,,31281,False
A,2277,76384149,encoded,,14860,False
B,2276,76415467,encoded,,3120,False
A,2278,76417481,encoded,,20010,False
B,2277,76448801,encoded,,15599,False
A,2279,76450815,encoded,,13324,False
B,2278,76482134,encoded,,16667,False
A,2280,76484147,encoded,,16666,False
B,2279,76515473,encoded,,16667,False
A,2281,76517482,encoded,,127082,True
B,2280,76548811,encoded,,16666,False
A,2282,76550817,encoded,,12463,False
B,2281,76582136,encoded,,120841,True
A,2283,76584150,encoded,,12536,False
B,2282,76615472,encoded,,18677,False
A,2284,76617490,encoded,,23785,False
B,2283,76648805,encoded,,14397,False
A,2285,76650821,encoded,,18325,False
B,2284,76682141,encoded,,16390,False
A,2286,76684157,encoded,,23715,False
B,2285,76715473,encoded,,21126,False
A,2287,76717488,encoded,,20832,False
B,2286,76748804,encoded,,19672,False
A,2288,76750819,encoded,,11880,False
B,2287,76782139,encoded,,14520,False
A,2289,76784157,encoded,,9793,False
B,2288,76815475,encoded,,13920,False
A,2290,76817488,encoded,,8671,False
B,2289,76848810,encoded,,16857,False
A,2291,76850825,encoded,,7236,False
B,2290,76882145,encoded,,14490,False
A,2292,76884160,encoded,,19584,False
B,2291,76915475,encoded,,14028,False
A,2293,76917492,encoded,,5008,False
B,2292,76948810,encoded,,12988,False
A,2294,76950820,encoded,,22590,False
B,2293,76982143,encoded,,13688,False
A,2295,76984159,encoded,,13059,False
B,2294,77015490,encoded,,11730,False
A,2296,77017492,encoded,,11243,False
B,2295,77048813,encoded,,9194,False
A,2297,77050832,encoded,,10286,False
B,2296,77082166,encoded,,7692,False
A,2298,77084161,encoded,,10045,False
B,2297,77115486,encoded,,6637,False
A,2299,77117498,encoded,,9463,False
B,2298,77148822,encoded,,6544,False
A,2300,77150827,encoded,,8951,False
B,2299,77182157,encoded,,6013,False
A,2301,77184160,encoded,,8340,False
B,2300,77215482,encoded,,5553,False
A,2302,77217496,encoded,,8535,False
B,2301,77248815,encoded,,5512,False
A,2303,77250829,encoded,,8190,False
B,2302,77282151,encoded,,5028,False
A,2304,77284163,encoded,,8186,False
B,2303,77315484,encoded,,7837,False
A,2305,77317496,encoded,,7489,False
B,2304,77348819,encoded,,16666,False
A,2306,77350832,encoded,,7450,False
B,2305,77382153,encoded,,28050,False
A,2307,77384167,encoded,,15263,False
B,2306,77415486,encoded,,5284,False
A,2308,77417500,encoded,,16667,False
B,2307,77448821,encoded,,16666,False
A,2309,77450831,encoded,,16667,False
B,2308,77482155,encoded,,16667,False
A,2310,77484167,encoded,,16666,False
B,2309,77515490,encoded,,16667,False
A,2311,77517505,encoded,,126930,True
B,2310,77548828,encoded,,16666,False
A,2312,77550836,encoded,,20442,False
B,2311,77582158,encoded,,120607,True
A,2313,77584170,encoded,,10369,False
B,2312,77615491,encoded,,13263,False
A,2314,77617501,encoded,,18290,False
B,2313,77648825,encoded,,18795,False
A,2315,77650836,encoded,,18439,False
B,2314,77682157,encoded,,22332,False
A,2316,77684170,encoded,,24552,False
B,2315,77715491,encoded,,15964,False
A,2317,77717505,encoded,,21027,False
B,2316,77748828,encoded,,30691,False
A,2318,77750840,encoded,,11464,False
B,2317,77782160,encoded,,19632,False
A,2319,77784174,encoded,,9556,False
B,2318,77815496,encoded,,14712,False
A,2320,77817512,encoded,,8319,False
B,2319,77848826,encoded,,13677,False
A,2321,77850840,encoded,,7353,False
B,2320,77882161,encoded,,13690,False
A,2322,77884173,encoded,,21102,False
B,2321,77915497,encoded,,8731,False
A,2323,77917514,encoded,,20466,False
B,2322,77948832,encoded,,16925,False
A,2324,77950845,encoded,,2806,False
B,2323,77982163,encoded,,11388,False
A,2325,77984180,encoded,,16025,False
B,2324,78015499,encoded,,9154,False
A,2326,78017510,encoded,,11391,False
B,2325,78048830,encoded,,7820,False
A,2327,78050850,encoded,,10379,False
B,2326,78082167,encoded,,7027,False
A,2328,78084177,encoded,,9338,False
B,2327,78115498,encoded,,6877,False
A,2329,78117514,encoded,,9424,False
B,2328,78148833,encoded,,6568,False
A,2330,78150845,encoded,,8964,False
B,2329,78182170,encoded,,6350,False
A,2331,78184180,encoded,,8387,False
B,2330,78215513,encoded,,5650,False
A,2332,78217515,encoded,,8093,False
B,2331,78248838,encoded,,6057,False
A,2333,78250848,encoded,,7503,False
B,2332,78282167,encoded,,5322,False
A,2334,78284181,encoded,,8216,False
B,2333,78315503,encoded,,4870,False
A,2335,78317521,encoded,,7982,False
B,2334,78348837,encoded,,13898,False
A,2336,78350851,encoded,,8016,False
B,2335,78382176,encoded,,38740,False
A,2337,78384183,encoded,,15167,False
B,2336,78415507,encoded,,7865,False
A,2338,78417517,encoded,,20595,False
B,2337,78448843,encoded,,3395,False
A,2339,78450853,encoded,,12739,False
B,2338,78482179,encoded,,16667,False
A,2340,78484186,encoded,,16666,False
B,2339,78515506,encoded,,16667,False
A,2341,78517521,encoded,,117712,True
B,2340,78548848,encoded,,16666,False
A,2342,78550861,encoded,,8778,False
B,2341,78582177,encoded,,120878,True
A,2343,78584188,encoded,,20993,False
B,2342,78615512,encoded,,12951,False
A,2344,78617521,encoded,,26506,False
B,2343,78648843,encoded,,19203,False
A,2345,78650864,encoded,,14289,False
B,2344,78682177,encoded,,22676,False
A,2346,78684187,encoded,,21450,False
B,2345,78715510,encoded,,15972,False
A,2347,78717520,encoded,,18949,False
B,2346,78748845,encoded,,22879,False
A,2348,78750863,encoded,,20927,False
B,2347,78782175,encoded,,13337,False
A,2349,78784189,encoded,,10343,False
B,2348,78815511,encoded,,15127,False
A,2350,78817523,encoded,,8597,False
B,2349,78848847,encoded,,14973,False
A,2351,78850859,encoded,,7704,False
B,2350,78882181,encoded,,15121,False
A,2352,78884192,encoded,,6950,False
B,2351,78915516,encoded,,20492,False
A,2353,78917529,encoded,,19363,False
B,2352,78948860,encoded,,15690,False
A,2354,78950857,encoded,,20431,False
B,2353,78982203,encoded,,10104,False
A,2355,78984197,encoded,,13180,False
B,2354,79015536,encoded,,8654,False
A,2356,79017533,encoded,,11504,False
B,2355,79048866,encoded,,7948,False
A,2357,79050865,encoded,,10239,False
B,2356,79082199,encoded,,7025,False
A,2358,79084194,encoded,,9614,False
B,2357,79115532,encoded,,6282,False
A,2359,79117532,encoded,,9404,False
B,2358,79148866,encoded,,6073,False
A,2360,79150865,encoded,,8943,False
B,2359,79182206,encoded,,5728,False
A,2361,79184200,encoded,,8365,False
B,2360,79215531,encoded,,5408,False
A,2362,79217535,encoded,,8933,False
B,2361,79248872,encoded,,5102,False
A,2363,79250870,encoded,,8495,False
B,2362,79282204,encoded,,5014,False
A,2364,79284205,encoded,,8284,False
B,2363,79315523,encoded,,6697,False
A,2365,79317541,encoded,,7785,False
B,2364,79348858,encoded,,16822,False
A,2366,79350870,encoded,,7817,False
B,2365,79382189,encoded,,27660,False
A,2367,79384204,encoded,,14445,False
B,2366,79415526,encoded,,5518,False
A,2368,79417540,encoded,,19702,False
B,2367,79448862,encoded,,16666,False
B,2368,79482197,encoded,,16667,False
A,2369,79450873,encoded,,13632,False
B,2369,79515529,encoded,,16667,False
A,2370,79484204,encoded,,16666,False
B,2370,79548860,encoded,,16666,False
A,2371,79517541,encoded,,126969,True
B,2371,79582201,encoded,,135089,True
A,2372,79550872,encoded,,18301,False
B,2372,79615524,encoded,,7907,False
A,2373,79584204,encoded,,12153,False
B,2373,79648860,encoded,,15996,False
A,2374,79617539,encoded,,17502,False
B,2374,79682199,encoded,,21481,False
A,2375,79650874,encoded,,17627,False
B,2375,79715535,encoded,,21423,False
A,2376,79684205,encoded,,22895,False
B,2376,79748862,encoded,,24460,False
A,2377,79717545,encoded,,21065,False
B,2377,79782197,encoded,,19926,False
A,2378,79750879,encoded,,11351,False
B,2378,79815532,encoded,,14416,False
A,2379,79784209,encoded,,9371,False
B,2379,79848867,encoded,,9301,False
A,2380,79817547,encoded,,8087,False
B,2380,79882204,encoded,,18359,False
A,2381,79850875,encoded,,7589,False
B,2381,79915535,encoded,,11481,False
A,2382,79884210,encoded,,18896,False
B,2382,79948868,encoded,,9372,False
A,2383,79917543,encoded,,20850,False
B,2383,79982201,encoded,,8401,False
A,2384,79950880,encoded,,13463,False
B,2384,80015539,encoded,,7563,False
A,2385,79984219,encoded,,11414,False
B,2385,80048870,encoded,,7213,False
A,2386,80017549,encoded,,10638,False
B,2386,80082204,encoded,,6293,False
A,2387,80050887,encoded,,9601,False
B,2387,80115539,encoded,,5795,False
A,2388,80084214,encoded,,9389,False
B,2388,80148876,encoded,,5532,False
A,2389,80117550,encoded,,9799,False
B,2389,80182210,encoded,,5168,False
A,2390,80150885,encoded,,8988,False
B,2390,80215541,encoded,,4867,False
A,2391,80184217,encoded,,8448,False
B,2391,80248874,encoded,,5023,False
A,2392,80217553,encoded,,8113,False
B,2392,80282206,encoded,,4505,False
A,2393,80250885,encoded,,7820,False
B,2393,80315541,encoded,,13763,False
A,2394,80284219,encoded,,8316,False
B,2394,80348880,encoded,,37191,False
A,2395,80317554,encoded,,7941,False
B,2395,80382210,encoded,,7041,False
A,2396,80350889,encoded,,7645,False
B,2396,80415544,encoded,,6860,False
A,2397,80384220,encoded,,15769,False
B,2397,80448877,encoded,,15574,False
A,2398,80417556,encoded,,20514,False
B,2398,80482213,encoded,,16667,False
A,2399,80450892,encoded,,12820,False
B,2399,80515545,encoded,,16667,False
A,2400,80484224,encoded,,16666,False
B,2400,80548881,encoded,,16666,False
A,2401,80517557,encoded,,127084,True
B,2401,80582215,encoded,,120916,True
A,2402,80550892,encoded,,8366,False
B,2402,80615550,encoded,,17003,False
A,2403,80584228,encoded,,15889,False
B,2403,80648884,encoded,,12568,False
A,2404,80617558,encoded,,24569,False
B,2404,80682218,encoded,,18618,False
A,2405,80650893,encoded,,17876,False
B,2405,80715554,encoded,,20595,False
A,2406,80684227,encoded,,23909,False
B,2406,80748884,encoded,,17128,False
A,2407,80717561,encoded,,20688,False
B,2407,80782221,encoded,,16466,False
A,2408,80750900,encoded,,11524,False
B,2408,80815555,encoded,,14479,False
A,2409,80784226,encoded,,9004,False
B,2409,80848881,encoded,,18167,False
A,2410,80817564,encoded,,7964,False
B,2410,80882221,encoded,,13890,False
A,2411,80850896,encoded,,7269,False
B,2411,80915553,encoded,,13940,False
A,2412,80884231,encoded,,19852,False
B,2412,80948884,encoded,,19683,False
A,2413,80917562,encoded,,20739,False
B,2413,80982217,encoded,,13675,False
A,2414,80950906,encoded,,2571,False
B,2414,81015556,encoded,,9113,False
A,2415,80984231,encoded,,16601,False
B,2415,81048891,encoded,,7876,False
A,2416,81017571,encoded,,11778,False
B,2416,81082224,encoded,,7129,False
A,2417,81050908,encoded,,10142,False
B,2417,81115556,encoded,,6534,False
A,2418,81084233,encoded,,9698,False
B,2418,81148893,encoded,,6195,False
A,2419,81117569,encoded,,9187,False
B,2419,81182227,encoded,,5923,False
A,2420,81150902,encoded,,8759,False
B,2420,81215561,encoded,,5640,False
A,2421,81184238,encoded,,8816,False
B,2421,81248899,encoded,,5015,False
A,2422,81217571,encoded,,8618,False
B,2422,81282232,encoded,,5069,False
A,2423,81250912,encoded,,7961,False
B,2423,81315564,encoded,,7712,False
A,2424,81284239,encoded,,7707,False
B,2424,81348899,encoded,,17064,False
A,2425,81317576,encoded,,7909,False
B,2425,81382231,encoded,,27644,False
A,2426,81350911,encoded,,8854,False
B,2426,81415563,encoded,,11187,False
A,2427,81384241,encoded,,16666,False
B,2427,81448888,encoded,,10771,False
A,2428,81417576,encoded,,32234,False
B,2428,81482236,encoded,,16667,False
A,2429,81450912,encoded,,4574,False
B,2429,81515568,encoded,,16667,False
A,2430,81484250,encoded,,13192,False
B,2430,81548905,encoded,,16666,False
A,2431,81517581,encoded,,127052,True
B,2431,81582234,encoded,,120702,True
A,2432,81550916,encoded,,18130,False
B,2432,81615566,encoded,,18435,False
A,2433,81584242,encoded,,6718,False
B,2433,81648902,encoded,,12615,False
A,2434,81617585,encoded,,23300,False
B,2434,81682242,encoded,,22696,False
A,2435,81650908,encoded,,9580,False
B,2435,81715569,encoded,,14278,False
A,2436,81684255,encoded,,26133,False
B,2436,81748902,encoded,,25751,False
A,2437,81717579,encoded,,17127,False
B,2437,81782242,encoded,,15236,False
A,2438,81750919,encoded,,18521,False
B,2438,81815572,encoded,,15607,False
A,2439,81784251,encoded,,10909,False
B,2439,81848910,encoded,,19162,False
A,2440,81817580,encoded,,8860,False
B,2440,81882240,encoded,,17166,False
A,2441,81850916,encoded,,8028,False
B,2441,81915576,encoded,,14434,False
A,2442,81884250,encoded,,8029,False
B,2442,81948909,encoded,,13285,False
A,2443,81917582,encoded,,19683,False
B,2443,81982241,encoded,,9275,False
A,2444,81950919,encoded,,20600,False
B,2444,82015577,encoded,,8086,False
A,2445,81984252,encoded,,12979,False
B,2445,82048911,encoded,,7024,False
A,2446,82017586,encoded,,11524,False
B,2446,82082242,encoded,,6499,False
A,2447,82050920,encoded,,10242,False
B,2447,82115578,encoded,,5852,False
A,2448,82084253,encoded,,9985,False
B,2448,82148914,encoded,,5742,False
A,2449,82117588,encoded,,9229,False
B,2449,82182246,encoded,,5013,False
A,2450,82150922,encoded,,9644,False
B,2450,82215580,encoded,,4813,False
A,2451,82184259,encoded,,9424,False
B,2451,82248913,encoded,,4918,False
A,2452,82217590,encoded,,8452,False
B,2452,82282242,encoded,,4798,False
A,2453,82250927,encoded,,8189,False
B,2453,82315580,encoded,,11947,False
A,2454,82284260,encoded,,7880,False
B,2454,82348917,encoded,,21622,False
A,2455,82317591,encoded,,8113,False
B,2455,82382254,encoded,,27985,False
A,2456,82350925,encoded,,7563,False
B,2456,82415590,encoded,,1799,False
A,2457,82384260,encoded,,14106,False
B,2457,82448916,encoded,,15260,False
A,2458,82417601,encoded,,16667,False
B,2458,82482251,encoded,,16667,False
A,2459,82450926,encoded,,16667,False
B,2459,82515586,encoded,,16667,False
A,2460,82484259,encoded,,16666,False
B,2460,82548918,encoded,,16666,False
A,2461,82517595,encoded,,117865,True
B,2461,82582257,encoded,,134949,True
A,2462,82550932,encoded,,21021,False
B,2462,82615588,encoded,,16417,False
A,2463,82584266,encoded,,16354,False
B,2463,82648921,encoded,,14273,False
A,2464,82617603,encoded,,22899,False
B,2464,82682258,encoded,,17031,False
A,2465,82650933,encoded,,19860,False
B,2465,82715592,encoded,,20222,False
A,2466,82684267,encoded,,23944,False
B,2466,82748922,encoded,,16809,False
A,2467,82717600,encoded,,20586,False
B,2467,82782268,encoded,,15932,False
A,2468,82750935,encoded,,11070,False
B,2468,82815596,encoded,,15544,False
A,2469,82784267,encoded,,9540,False
B,2469,82848924,encoded,,20319,False
A,2470,82817605,encoded,,8153,False
B,2470,82882258,encoded,,15893,False
A,2471,82850935,encoded,,7320,False
B,2471,82915597,encoded,,10680,False
A,2472,82884266,encoded,,20698,False
B,2472,82948929,encoded,,8826,False
A,2473,82917604,encoded,,4126,False
B,2473,82982261,encoded,,7584,False
A,2474,82950934,encoded,,21474,False
B,2474,83015596,encoded,,6845,False
A,2475,82984271,encoded,,12989,False
B,2475,83048929,encoded,,6274,False
A,2476,83017604,encoded,,11451,False
B,2476,83082270,encoded,,5909,False
A,2477,83050936,encoded,,10101,False
B,2477,83115597,encoded,,5442,False
A,2478,83084270,encoded,,9371,False
B,2478,83148931,encoded,,5397,False
A,2479,83117604,encoded,,9133,False
B,2479,83182273,encoded,,5159,False
A,2480,83150938,encoded,,8725,False
B,2480,83215605,encoded,,4746,False
A,2481,83184272,encoded,,8372,False
B,2481,83248939,encoded,,4445,False
A,2482,83217614,encoded,,8287,False
B,2482,83282270,encoded,,7971,False
A,2483,83250952,encoded,,8023,False
B,2483,83315605,encoded,,16667,False
A,2484,83284276,encoded,,7771,False
B,2484,83348933,encoded,,35776,False
A,2485,83317611,encoded,,7670,False
B,2485,83382273,encoded,,6854,False
A,2486,83350943,encoded,,8392,False
B,2486,83415603,encoded,,7370,False
A,2487,83384275,encoded,,14805,False
B,2487,83448937,encoded,,16666,False
A,2488,83417611,encoded,,20207,False
B,2488,83482270,encoded,,16667,False
A,2489,83450948,encoded,,13127,False
B,2489,83515608,encoded,,16667,False
A,2490,83484282,encoded,,16666,False
B,2490,83548938,encoded,,16666,False
A,2491,83517614,encoded,,127106,True
B,2491,83582272,encoded,,120899,True
A,2492,83550945,encoded,,12542,False
B,2492,83615607,encoded,,17201,False
A,2493,83584284,encoded,,12611,False
B,2493,83648940,encoded,,10878,False
A,2494,83617619,encoded,,23883,False
B,2494,83682276,encoded,,19677,False
A,2495,83650949,encoded,,18434,False
B,2495,83715610,encoded,,20446,False
A,2496,83684284,encoded,,21896,False
B,2496,83748941,encoded,,24749,False
A,2497,83717619,encoded,,14932,False
B,2497,83782282,encoded,,18099,False
A,2498,83750949,encoded,,17790,False
B,2498,83815611,encoded,,17013,False
A,2499,83784289,encoded,,10673,False
B,2499,83848942,encoded,,16881,False
A,2500,83817636,encoded,,8713,False
B,2500,83882280,encoded,,16098,False
A,2501,83850954,encoded,,7569,False
B,2501,83915612,encoded,,15139,False
A,2502,83884291,encoded,,19535,False
B,2502,83948946,encoded,,13555,False
A,2503,83917620,encoded,,4565,False
B,2503,83982283,encoded,,9123,False
A,2504,83950961,encoded,,22001,False
B,2504,84015615,encoded,,8280,False
A,2505,83984289,encoded,,13365,False
B,2505,84048947,encoded,,7994,False
A,2506,84017624,encoded,,11310,False
B,2506,84082286,encoded,,6730,False
A,2507,84050959,encoded,,10446,False
B,2507,84115619,encoded,,6385,False
A,2508,84084290,encoded,,9653,False
B,2508,84148951,encoded,,5941,False
A,2509,84117624,encoded,,8873,False
B,2509,84182286,encoded,,5808,False
A,2510,84150959,encoded,,8661,False
B,2510,84215617,encoded,,5621,False
A,2511,84184295,encoded,,8540,False
B,2511,84248951,encoded,,5420,False
A,2512,84217624,encoded,,8021,False
B,2512,84282289,encoded,,4852,False
A,2513,84250962,encoded,,8019,False
B,2513,84315624,encoded,,20882,False
A,2514,84284294,encoded,,8290,False
B,2514,84348959,encoded,,2708,False
A,2515,84317630,encoded,,7981,False
B,2515,84382290,encoded,,16288,False
A,2516,84350967,encoded,,8772,False
B,2516,84415636,encoded,,16667,False
A,2517,84384298,encoded,,15819,False
B,2517,84448956,encoded,,16666,False
A,2518,84417634,encoded,,16667,False
B,2518,84482291,encoded,,16667,False
A,2519,84450967,encoded,,16667,False
B,2519,84515623,encoded,,16667,False
A,2520,84484303,encoded,,16666,False
B,2520,84548962,encoded,,16666,False
A,2521,84517633,encoded,,127014,True
B,2521,84582296,encoded,,120608,True
A,2522,84550965,encoded,,23566,False
B,2522,84615633,encoded,,12952,False
A,2523,84584300,encoded,,8954,False
B,2523,84648959,encoded,,19899,False
A,2524,84617633,encoded,,17123,False
B,2524,84682293,encoded,,19494,False
A,2525,84650966,encoded,,17673,False
B,2525,84715630,encoded,,23378,False
A,2526,84684301,encoded,,23086,False
B,2526,84748960,encoded,,17738,False
A,2527,84717637,encoded,,21039,False
B,2527,84782298,encoded,,16432,False
A,2528,84750967,encoded,,11413,False
B,2528,84815629,encoded,,12831,False
A,2529,84784304,encoded,,9384,False
B,2529,84848961,encoded,,17312,False
A,2530,84817637,encoded,,8331,False
B,2530,84882299,encoded,,11725,False
A,2531,84850974,encoded,,8042,False
B,2531,84915625,encoded,,10740,False
A,2532,84884309,encoded,,20498,False
B,2532,84948967,encoded,,12028,False
A,2533,84917642,encoded,,19938,False
B,2533,84982300,encoded,,16005,False
A,2534,84950986,encoded,,2826,False
B,2534,85015640,encoded,,12219,False
A,2535,84984308,encoded,,16231,False
B,2535,85048970,encoded,,8818,False
A,2536,85017639,encoded,,13044,False
B,2536,85082303,encoded,,7578,False
A,2537,85050978,encoded,,10804,False
B,2537,85115636,encoded,,7084,False
A,2538,85084313,encoded,,9850,False
B,2538,85148972,encoded,,6337,False
A,2539,85117648,encoded,,9445,False
B,2539,85182306,encoded,,5786,False
A,2540,85150980,encoded,,8869,False
B,2540,85215643,encoded,,5425,False
A,2541,85184330,encoded,,8511,False
B,2541,85248974,encoded,,5091,False
A,2542,85217647,encoded,,9142,False
B,2542,85282304,encoded,,4991,False
A,2543,85250979,encoded,,8221,False
B,2543,85315639,encoded,,8863,False
A,2544,85284312,encoded,,7821,False
A,2545,85317646,encoded,,7504,False
B,2544,85348968,encoded,,16666,False
A,2546,85350984,encoded,,7540,False
B,2545,85382308,encoded,,29539,False
A,2547,85384318,encoded,,14131,False
B,2546,85415642,encoded,,11126,False
A,2548,85417648,encoded,,19618,False
B,2547,85448976,encoded,,9335,False
A,2549,85450988,encoded,,13716,False
B,2548,85482311,encoded,,16667,False
A,2550,85484317,encoded,,16666,False
B,2549,85515643,encoded,,16667,False
A,2551,85517654,encoded,,127043,True
B,2550,85548974,encoded,,16666,False
A,2552,85550986,encoded,,20640,False
B,2551,85582312,encoded,,135063,True
A,2553,85584320,encoded,,10736,False
B,2552,85615647,encoded,,8054,False
A,2554,85617651,encoded,,17957,False
B,2553,85648979,encoded,,15689,False
A,2555,85650986,encoded,,17792,False
B,2554,85682316,encoded,,19782,False
A,2556,85684321,encoded,,22527,False
B,2555,85715652,encoded,,16824,False
A,2557,85717656,encoded,,21544,False
B,2556,85748988,encoded,,24311,False
A,2558,85750994,encoded,,11315,False
B,2557,85782325,encoded,,14339,False
A,2559,85784320,encoded,,9213,False
B,2558,85815659,encoded,,12923,False
A,2560,85817659,encoded,,8118,False
B,2559,85848986,encoded,,15960,False
A,2561,85850998,encoded,,7606,False
B,2560,85882317,encoded,,19519,False
A,2562,85884332,encoded,,19313,False
B,2561,85915653,encoded,,7963,False
A,2563,85917664,encoded,,20942,False
B,2562,85948985,encoded,,13965,False
A,2564,85950994,encoded,,13633,False
B,2563,85982321,encoded,,9396,False
A,2565,85984325,encoded,,11460,False
B,2564,86015656,encoded,,8167,False
A,2566,86017662,encoded,,10923,False
B,2565,86048987,encoded,,7298,False
A,2567,86050996,encoded,,9989,False
B,2566,86082322,encoded,,6634,False
A,2568,86084328,encoded,,9368,False
B,2567,86115665,encoded,,6215,False
A,2569,86117667,encoded,,9264,False
B,2568,86148993,encoded,,5835,False
A,2570,86150997,encoded,,8496,False
B,2569,86182327,encoded,,5490,False
A,2571,86184331,encoded,,8906,False
B,2570,86215661,encoded,,5374,False
A,2572,86217663,encoded,,8230,False
B,2571,86248990,encoded,,4887,False
A,2573,86250998,encoded,,8285,False
B,2572,86282326,encoded,,4587,False
A,2574,86284336,encoded,,7627,False
B,2573,86315663,encoded,,15059,False
A,2575,86317669,encoded,,7817,False
B,2574,86348995,encoded,,30017,False
A,2576,86351003,encoded,,7620,False
B,2575,86382331,encoded,,11657,False
A,2577,86384338,encoded,,13636,False
B,2576,86415662,encoded,,8326,False
A,2578,86417670,encoded,,16667,False
B,2577,86448996,encoded,,16666,False
A,2579,86451006,encoded,,17847,False
B,2578,86482328,encoded,,16667,False
A,2580,86484335,encoded,,15486,False
B,2579,86515661,encoded,,16667,False
A,2581,86517675,encoded,,127177,True
B,2580,86548995,encoded,,16666,False
A,2582,86551004,encoded,,21123,False
B,2581,86582332,encoded,,120883,True
A,2583,86584336,encoded,,8775,False
B,2582,86615662,encoded,,17174,False
A,2584,86617669,encoded,,17921,False
B,2583,86649002,encoded,,17732,False
A,2585,86651005,encoded,,18309,False
B,2584,86682340,encoded,,23497,False
A,2586,86684342,encoded,,23870,False
B,2585,86715668,encoded,,16933,False
A,2587,86717674,encoded,,21292,False
B,2586,86749004,encoded,,23106,False
A,2588,86751006,encoded,,11702,False
B,2587,86782336,encoded,,14352,False
A,2589,86784340,encoded,,9077,False
B,2588,86815672,encoded,,12151,False
A,2590,86817677,encoded,,8026,False
B,2589,86849001,encoded,,14210,False
A,2591,86851009,encoded,,20140,False
B,2590,86882336,encoded,,9954,False
A,2592,86884345,encoded,,4788,False
B,2591,86915672,encoded,,13553,False
A,2593,86917679,encoded,,22600,False
B,2592,86949004,encoded,,10610,False
A,2594,86951012,encoded,,13500,False
B,2593,86982343,encoded,,20364,False
A,2595,86984347,encoded,,11266,False
B,2594,87015673,encoded,,9332,False
A,2596,87017681,encoded,,10986,False
B,2595,87049007,encoded,,7780,False
A,2597,87051017,encoded,,10755,False
B,2596,87082338,encoded,,7736,False
A,2598,87084352,encoded,,9431,False
B,2597,87115677,encoded,,7138,False
A,2599,87117681,encoded,,9178,False
B,2598,87149005,encoded,,6015,False
A,2600,87151014,encoded,,8638,False
B,2599,87182341,encoded,,5847,False
A,2601,87184348,encoded,,8351,False
B,2600,87215676,encoded,,5213,False
A,2602,87217682,encoded,,8196,False
B,2601,87249016,encoded,,5362,False
A,2603,87251016,encoded,,7688,False
B,2602,87282347,encoded,,5172,False
A,2604,87284348,encoded,,7938,False
B,2603,87315681,encoded,,9220,False
A,2605,87317688,encoded,,7595,False
B,2604,87349012,encoded,,17235,False
A,2606,87351022,encoded,,7560,False
B,2605,87382351,encoded,,26991,False
A,2607,87384351,encoded,,14118,False
B,2606,87415684,encoded,,5774,False
A,2608,87417686,encoded,,19169,False
B,2607,87449015,encoded,,16666,False
A,2609,87451019,encoded,,14165,False
B,2608,87482348,encoded,,16667,False
A,2610,87484353,encoded,,16666,False
B,2609,87515683,encoded,,16667,False
A,2611,87517688,encoded,,117938,True
B,2610,87549015,encoded,,16666,False
A,2612,87551024,encoded,,23844,False
B,2611,87582350,encoded,,120871,True
A,2613,87584355,encoded,,11542,False
B,2612,87615686,encoded,,14978,False
A,2614,87617688,encoded,,23464,False
B,2613,87649019,encoded,,11127,False
A,2615,87651028,encoded,,19824,False
B,2614,87682359,encoded,,17080,False
A,2616,87684363,encoded,,24036,False
B,2615,87715690,encoded,,20622,False
A,2617,87717694,encoded,,21103,False
B,2616,87749019,encoded,,20915,False
A,2618,87751023,encoded,,11745,False
B,2617,87782357,encoded,,15246,False
A,2619,87784359,encoded,,9547,False
B,2618,87815694,encoded,,15542,False
A,2620,87817697,encoded,,8428,False
B,2619,87849026,encoded,,14785,False
A,2621,87851035,encoded,,7345,False
B,2620,87882356,encoded,,13155,False
A,2622,87884362,encoded,,6893,False
B,2621,87915693,encoded,,15967,False
A,2623,87917697,encoded,,18930,False
B,2622,87949029,encoded,,19066,False
A,2624,87951033,encoded,,19740,False
B,2623,87982357,encoded,,12760,False
A,2625,87984365,encoded,,12916,False
B,2624,88015694,encoded,,8822,False
A,2626,88017698,encoded,,11209,False
B,2625,88049026,encoded,,7452,False
A,2627,88051037,encoded,,10830,False
B,2626,88082362,encoded,,7001,False
A,2628,88084367,encoded,,9772,False
B,2627,88115693,encoded,,6662,False
A,2629,88117699,encoded,,9924,False
B,2628,88149031,encoded,,6036,False
A,2630,88151032,encoded,,9068,False
B,2629,88182364,encoded,,5272,False
A,2631,88184367,encoded,,8544,False
B,2630,88215700,encoded,,5073,False
A,2632,88217701,encoded,,8744,False
B,2631,88249029,encoded,,5644,False
A,2633,88251035,encoded,,8013,False
B,2632,88282363,encoded,,5269,False
A,2634,88284371,encoded,,7908,False
B,2633,88315703,encoded,,13989,False
A,2635,88317702,encoded,,7695,False
B,2634,88349035,encoded,,39462,False
A,2636,88351035,encoded,,7364,False
B,2635,88382363,encoded,,7565,False
A,2637,88384368,encoded,,13634,False
B,2636,88415700,encoded,,2973,False
A,2638,88417705,encoded,,16667,False
B,2637,88449038,encoded,,16666,False
A,2639,88451042,encoded,,16667,False
B,2638,88482366,encoded,,16667,False
A,2640,88484378,encoded,,16666,False
B,2639,88515706,encoded,,16667,False
A,2641,88517705,encoded,,127270,True
B,2640,88549038,encoded,,16666,False
A,2642,88551042,encoded,,17552,False
B,2641,88582374,encoded,,120880,True
A,2643,88584375,encoded,,12508,False
B,2642,88615712,encoded,,13365,False
A,2644,88617708,encoded,,18822,False
B,2643,88649037,encoded,,11514,False
A,2645,88651046,encoded,,17723,False
B,2644,88682376,encoded,,24234,False
A,2646,88684378,encoded,,23667,False
B,2645,88715709,encoded,,28165,False
A,2647,88717711,encoded,,20916,False
B,2646,88749042,encoded,,19316,False
A,2648,88751044,encoded,,11879,False
B,2647,88782374,encoded,,14810,False
A,2649,88784378,encoded,,9586,False
B,2648,88815709,encoded,,14762,False
A,2650,88817714,encoded,,8266,False
B,2649,88849044,encoded,,15270,False
A,2651,88851047,encoded,,7590,False
B,2650,88882375,encoded,,13082,False
A,2652,88884383,encoded,,19499,False
B,2651,88915711,encoded,,11942,False
A,2653,88917716,encoded,,4400,False
B,2652,88949043,encoded,,9561,False
A,2654,88951055,encoded,,21836,False
B,2653,88982384,encoded,,12329,False
A,2655,88984385,encoded,,12806,False
B,2654,89015710,encoded,,10379,False
A,2656,89017716,encoded,,11299,False
B,2655,89049045,encoded,,7837,False
A,2657,89051051,encoded,,9921,False
B,2656,89082383,encoded,,6728,False
A,2658,89084384,encoded,,9343,False
B,2657,89115712,encoded,,6550,False
A,2659,89117718,encoded,,9081,False
B,2658,89149047,encoded,,5706,False
A,2660,89151051,encoded,,9135,False
B,2659,89182381,encoded,,5527,False
A,2661,89184389,encoded,,8209,False
B,2660,89215716,encoded,,5284,False
A,2662,89217721,encoded,,8250,False
B,2661,89249049,encoded,,5199,False
A,2663,89251052,encoded,,8426,False
B,2662,89282383,encoded,,4819,False
A,2664,89284392,encoded,,8104,False
B,2663,89315717,encoded,,16075,False
A,2665,89317724,encoded,,7714,False
B,2664,89349051,encoded,,30040,False
A,2666,89351054,encoded,,9532,False
B,2665,89382383,encoded,,3293,False
A,2667,89384390,encoded,,16666,False
B,2666,89415709,encoded,,16667,False
A,2668,89417725,encoded,,38560,False
B,2667,89449053,encoded,,16666,False
A,2669,89451060,encoded,,3818,False
B,2668,89482392,encoded,,16667,False
A,2670,89484395,encoded,,7622,False
B,2669,89515725,encoded,,16667,False
A,2671,89517729,encoded,,127235,True
B,2670,89549056,encoded,,16666,False
A,2672,89551062,encoded,,18664,False
B,2671,89582394,encoded,,135211,True
A,2673,89584397,encoded,,7272,False
B,2672,89615721,encoded,,16092,False
A,2674,89617727,encoded,,23294,False
B,2673,89649058,encoded,,13680,False
A,2675,89651064,encoded,,18138,False
B,2674,89682396,encoded,,15610,False
A,2676,89684409,encoded,,24418,False
B,2675,89715728,encoded,,21135,False
A,2677,89717730,encoded,,21515,False
B,2676,89749059,encoded,,16155,False
A,2678,89751064,encoded,,11577,False
B,2677,89782394,encoded,,12381,False
A,2679,89784401,encoded,,9320,False
B,2678,89815728,encoded,,14498,False
A,2680,89817732,encoded,,8347,False
B,2679,89849056,encoded,,9554,False
A,2681,89851063,encoded,,7998,False
B,2680,89882397,encoded,,13284,False
A,2682,89884402,encoded,,19922,False
B,2681,89915730,encoded,,18193,False
A,2683,89917739,encoded,,4467,False
B,2682,89949065,encoded,,13391,False
A,2684,89951068,encoded,,21871,False
B,2683,89982398,encoded,,8993,False
A,2685,89984401,encoded,,12787,False
B,2684,90015733,encoded,,7398,False
A,2686,90017740,encoded,,11603,False
B,2685,90049067,encoded,,6900,False
A,2687,90051069,encoded,,10271,False
B,2686,90082400,encoded,,6046,False
A,2688,90084403,encoded,,10122,False
B,2687,90115735,encoded,,5972,False
A,2689,90117740,encoded,,9346,False
B,2688,90149070,encoded,,5575,False
A,2690,90151070,encoded,,8565,False
B,2689,90182405,encoded,,5300,False
A,2691,90184410,encoded,,8186,False
B,2690,90215743,encoded,,4916,False
A,2692,90217740,encoded,,8084,False
B,2691,90249073,encoded,,4995,False
A,2693,90251072,encoded,,9425,False
B,2692,90282406,encoded,,11388,False
A,2694,90284408,encoded,,8151,False
B,2693,90315743,encoded,,16667,False
A,2695,90317744,encoded,,7724,False
B,2694,90349073,encoded,,27528,False
A,2696,90351076,encoded,,7621,False
B,2695,90382411,encoded,,11220,False
A,2697,90384407,encoded,,14077,False
B,2696,90415743,encoded,,11252,False
A,2698,90417761,encoded,,16667,False
B,2697,90449071,encoded,,16666,False
A,2699,90451076,encoded,,16667,False
B,2698,90482410,encoded,,16667,False
B,2699,90515745,encoded,,16667,False
