camera,sequence,pts_us,status,drop_reason,encoded_bytes,keyframe
A,0,285289,dropped,camera_frame_error,,
B,0,533325,dropped,camera_frame_error,,
A,1,318625,encoded,,66376,True
A,2,551968,encoded,,474,False
B,1,566661,encoded,,75274,True
A,3,585299,encoded,,2342,False
B,2,599993,encoded,,363,False
A,4,618629,encoded,,50776,False
B,3,633333,encoded,,290,False
A,5,651962,encoded,,600,False
B,4,666664,encoded,,46215,False
A,6,685315,encoded,,13275,False
B,5,700009,encoded,,4041,False
A,7,718648,encoded,,9630,False
B,6,733329,encoded,,19849,False
A,8,751989,encoded,,27132,False
B,7,766671,encoded,,13328,False
A,9,785300,encoded,,3780,False
B,8,800006,encoded,,14002,False
A,10,818632,encoded,,9922,False
B,9,833330,encoded,,3406,False
A,11,851972,encoded,,4252,False
B,10,866680,encoded,,20374,False
A,12,885304,encoded,,13296,False
B,11,900001,encoded,,7135,False
A,13,918645,encoded,,4290,False
B,12,933339,encoded,,15548,False
A,14,951976,encoded,,19147,False
B,13,966674,encoded,,4522,False
A,15,985313,encoded,,5869,False
B,14,1000006,encoded,,12615,False
A,16,1018661,encoded,,11199,False
B,15,1033339,encoded,,5500,False
B,16,1066684,encoded,,3692,False
A,17,1051979,encoded,,16667,False
B,17,1100017,encoded,,12873,False
A,18,1085307,encoded,,16666,False
B,18,1133346,encoded,,26457,False
A,19,1118647,encoded,,16667,False
B,19,1166687,encoded,,15646,False
B,20,1200007,encoded,,7897,False
A,20,1151975,encoded,,16667,False
B,21,1233343,encoded,,16666,False
A,21,1185305,encoded,,16666,False
B,22,1266674,encoded,,16667,False
A,22,1218651,encoded,,16667,False
B,23,1300014,encoded,,16667,False
B,24,1333346,encoded,,16666,False
A,27,1385310,dropped,capture_queue_full,,
A,23,1251974,encoded,,16667,False
B,25,1366674,encoded,,16667,False
A,24,1285311,encoded,,16666,False
B,26,1400023,encoded,,16667,False
A,25,1318664,encoded,,16667,False
B,27,1433347,encoded,,16666,False
A,26,1352009,encoded,,16667,False
B,28,1466691,encoded,,16667,False
A,28,1418657,encoded,,16666,False
B,29,1500020,encoded,,16667,False
A,29,1451982,encoded,,16667,False
B,30,1533350,encoded,,16666,False
A,30,1485322,encoded,,16667,False
B,31,1566681,encoded,,120576,True
A,35,1651992,dropped,capture_queue_full,,
A,31,1518648,encoded,,16666,False
B,32,1600014,encoded,,15774,False
A,32,1551980,encoded,,115964,True
B,33,1633348,encoded,,1493,False
A,33,1585327,encoded,,17850,False
B,34,1666704,encoded,,4422,False
A,34,1618662,encoded,,560,False
B,35,1700017,encoded,,10558,False
A,36,1685328,encoded,,893,False
B,36,1733356,encoded,,19133,False
B,37,1766687,encoded,,5835,False
A,37,1718654,encoded,,12982,False
B,38,1800018,encoded,,4726,False
A,38,1751997,encoded,,3923,False
B,39,1833372,encoded,,16886,False
A,39,1785336,encoded,,10847,False
B,40,1866714,encoded,,7856,False
A,40,1818663,encoded,,5263,False
B,41,1900036,encoded,,5685,False
A,45,2018673,dropped,capture_queue_full,,
B,42,1933358,encoded,,5091,False
A,41,1851985,encoded,,4270,False
B,43,1966711,encoded,,4749,False
A,42,1885327,encoded,,21507,False
B,44,2033363,encoded,,10550,False
A,43,1918656,encoded,,8547,False
B,45,2066688,encoded,,17581,False
A,44,1951996,encoded,,6700,False
B,46,2100028,encoded,,32209,False
A,46,2051991,encoded,,7522,False
B,47,2133368,encoded,,3408,False
A,47,2085325,encoded,,16506,False
B,48,2166696,encoded,,13468,False
A,48,2118664,encoded,,29424,False
B,49,2200029,encoded,,16667,False
A,49,2152001,encoded,,3909,False
A,50,2185326,encoded,,16667,False
B,50,2233384,encoded,,16667,False
A,51,2218667,encoded,,16666,False
B,51,2266708,encoded,,16666,False
A,52,2251997,encoded,,16667,False
A,53,2285335,encoded,,16667,False
B,52,2300038,encoded,,16667,False
A,54,2318662,encoded,,16666,False
B,53,2333374,encoded,,16667,False
A,55,2351998,encoded,,16667,False
B,54,2366713,encoded,,16666,False
A,56,2385329,encoded,,16667,False
B,55,2400045,encoded,,16667,False
A,57,2418685,encoded,,16666,False
B,56,2466699,encoded,,16667,False
A,58,2485344,encoded,,16667,False
B,57,2500031,encoded,,16666,False
A,59,2518670,encoded,,16667,False
B,58,2533371,encoded,,16667,False
A,60,2552019,encoded,,16666,False
B,59,2566708,encoded,,16667,False
A,61,2585335,encoded,,16667,False
B,60,2600041,encoded,,16666,False
A,62,2618675,encoded,,16667,False
B,61,2633374,encoded,,120407,True
A,63,2652010,encoded,,16666,False
B,62,2666710,encoded,,22099,False
A,64,2685341,encoded,,116040,True
B,63,2700037,encoded,,10503,False
A,65,2718670,encoded,,11122,False
B,64,2733379,encoded,,18054,False
A,66,2752004,encoded,,12908,False
B,65,2766704,encoded,,19626,False
A,67,2785338,encoded,,15671,False
B,66,2800036,encoded,,7532,False
A,68,2818672,encoded,,28419,False
B,67,2833379,encoded,,19222,False
A,69,2852010,encoded,,9347,False
B,68,2866705,encoded,,9026,False
A,70,2885339,encoded,,7589,False
B,69,2900045,encoded,,7170,False
A,71,2918681,encoded,,14080,False
B,70,2933386,encoded,,5898,False
A,72,2952015,encoded,,8895,False
B,71,2966722,encoded,,5845,False
A,73,2985342,encoded,,6981,False
B,72,3000045,encoded,,4815,False
A,74,3018675,encoded,,6496,False
B,73,3033387,encoded,,17916,False
A,75,3052015,encoded,,5953,False
B,74,3066718,encoded,,19488,False
A,76,3085365,encoded,,5185,False
B,75,3100051,encoded,,10492,False
A,77,3152025,encoded,,4754,False
B,76,3166728,encoded,,8230,False
A,78,3185354,encoded,,18626,False
B,77,3200044,encoded,,7486,False
A,79,3218690,encoded,,2207,False
B,78,3233380,encoded,,6899,False
A,80,3252014,encoded,,11590,False
B,79,3266717,encoded,,6125,False
A,81,3285355,encoded,,14137,False
B,80,3300046,encoded,,6501,False
A,82,3318686,encoded,,16667,False
B,81,3333381,encoded,,16666,False
A,83,3352024,encoded,,16667,False
B,82,3366719,encoded,,20802,False
A,84,3385355,encoded,,16666,False
B,83,3400056,encoded,,12532,False
A,85,3418692,encoded,,16667,False
B,84,3433393,encoded,,16666,False
A,86,3452029,encoded,,16667,False
B,85,3466728,encoded,,16667,False
A,87,3485362,encoded,,16666,False
B,86,3500068,encoded,,16667,False
A,88,3518693,encoded,,16667,False
B,87,3533393,encoded,,16666,False
A,89,3552031,encoded,,16667,False
B,88,3566739,encoded,,16667,False
A,90,3585360,encoded,,16666,False
B,89,3600064,encoded,,16667,False
A,91,3618703,encoded,,16667,False
B,90,3633398,encoded,,16666,False
A,92,3652036,encoded,,16667,False
B,91,3666733,encoded,,134816,True
A,93,3685356,encoded,,16666,False
B,92,3700058,encoded,,20946,False
A,94,3718690,encoded,,116129,True
B,93,3733389,encoded,,1693,False
A,95,3752030,encoded,,23331,False
B,94,3766726,encoded,,11462,False
A,96,3785365,encoded,,10165,False
B,95,3800058,encoded,,10618,False
A,97,3818694,encoded,,20179,False
B,96,3833398,encoded,,11141,False
A,98,3852041,encoded,,17420,False
B,97,3866729,encoded,,21148,False
A,99,3885367,encoded,,15825,False
B,98,3900064,encoded,,24037,False
A,100,3918694,encoded,,9330,False
B,99,3933398,encoded,,13786,False
A,101,3952039,encoded,,7566,False
B,100,3966730,encoded,,18695,False
A,102,3985360,encoded,,23545,False
B,101,4000062,encoded,,10137,False
A,103,4018695,encoded,,11464,False
B,102,4033398,encoded,,8175,False
A,104,4052041,encoded,,9592,False
B,103,4066739,encoded,,7197,False
A,105,4085368,encoded,,7998,False
B,104,4100062,encoded,,6391,False
A,106,4118713,encoded,,7321,False
B,105,4133415,encoded,,5843,False
A,107,4152031,encoded,,6362,False
B,106,4166746,encoded,,5314,False
A,108,4185373,encoded,,6615,False
B,107,4200086,encoded,,5412,False
A,109,4218717,encoded,,5932,False
B,108,4266732,encoded,,6023,False
A,110,4252047,encoded,,5696,False
B,109,4300066,encoded,,11980,False
A,111,4318721,encoded,,5201,False
B,110,4333403,encoded,,9175,False
A,112,4352033,encoded,,6996,False
B,111,4366750,encoded,,7697,False
A,113,4385370,encoded,,17282,False
B,112,4400070,encoded,,14981,False
A,114,4418716,encoded,,38173,False
B,113,4433403,encoded,,16667,False
A,115,4452036,encoded,,1805,False
B,114,4466736,encoded,,16666,False
A,116,4485378,encoded,,9484,False
B,115,4500080,encoded,,16667,False
A,117,4518709,encoded,,16589,False
B,116,4533403,encoded,,16667,False
A,118,4552041,encoded,,16667,False
B,117,4566739,encoded,,16666,False
B,118,4600111,encoded,,16667,False
A,119,4585375,encoded,,16667,False
B,119,4633411,encoded,,16667,False
A,120,4618705,encoded,,16666,False
B,120,4666753,encoded,,16666,False
A,121,4652040,encoded,,16667,False
B,121,4700074,encoded,,120368,True
A,122,4685380,encoded,,16667,False
B,122,4733415,encoded,,16805,False
A,123,4718720,encoded,,16666,False
B,123,4766744,encoded,,18420,False
A,124,4752050,encoded,,125148,True
B,124,4800092,encoded,,20102,False
A,125,4785375,encoded,,20561,False
B,125,4833419,encoded,,14021,False
A,126,4818711,encoded,,10332,False
B,126,4866757,encoded,,16297,False
A,127,4852046,encoded,,14654,False
B,127,4900087,encoded,,23081,False
A,128,4885392,encoded,,19653,False
B,128,4933422,encoded,,17233,False
A,129,4918712,encoded,,12341,False
B,129,4966759,encoded,,11751,False
A,130,4952047,encoded,,19465,False
B,130,5000084,encoded,,19085,False
A,131,4985380,encoded,,17907,False
B,131,5033417,encoded,,9966,False
A,132,5018722,encoded,,10759,False
B,132,5066751,encoded,,9255,False
A,133,5052061,encoded,,8944,False
B,133,5100087,encoded,,8593,False
A,134,5085381,encoded,,8225,False
B,134,5133423,encoded,,8094,False
A,135,5118723,encoded,,7484,False
B,135,5166757,encoded,,7605,False
A,136,5152061,encoded,,6912,False
B,136,5200091,encoded,,7259,False
A,137,5185383,encoded,,6244,False
A,138,5218722,encoded,,5880,False
B,137,5233429,encoded,,6732,False
A,139,5252053,encoded,,25194,False
B,138,5266783,encoded,,6261,False
A,140,5285390,encoded,,2682,False
B,139,5300098,encoded,,13055,False
A,141,5318727,encoded,,16438,False
B,140,5333463,encoded,,8755,False
A,142,5352055,encoded,,11087,False
B,141,5366764,encoded,,7950,False
A,143,5418722,encoded,,9934,False
B,142,5433424,encoded,,7485,False
A,144,5452065,encoded,,9768,False
B,143,5466755,encoded,,6338,False
A,145,5485390,encoded,,9374,False
B,144,5500094,encoded,,15489,False
A,146,5518729,encoded,,8531,False
B,145,5533447,encoded,,25193,False
A,147,5552063,encoded,,12483,False
B,146,5566778,encoded,,8141,False
A,148,5585419,encoded,,16667,False
B,147,5600109,encoded,,16666,False
A,149,5618738,encoded,,21164,False
B,148,5633436,encoded,,16667,False
A,150,5652077,encoded,,12169,False
A,151,5685404,encoded,,16667,False
B,149,5666768,encoded,,16667,False
A,152,5718747,encoded,,16667,False
B,150,5700103,encoded,,16666,False
A,153,5752076,encoded,,16666,False
B,151,5733446,encoded,,120209,True
A,154,5785404,encoded,,125255,True
B,152,5766764,encoded,,23381,False
A,155,5818735,encoded,,21047,False
B,153,5800102,encoded,,9938,False
A,156,5852065,encoded,,8729,False
B,154,5833434,encoded,,15246,False
A,157,5885398,encoded,,22322,False
B,155,5866776,encoded,,13382,False
A,158,5918738,encoded,,17805,False
B,156,5900106,encoded,,14111,False
B,157,5933435,encoded,,23938,False
A,159,5952075,encoded,,22255,False
B,158,5966777,encoded,,14354,False
A,160,5985405,encoded,,19656,False
B,159,6000116,encoded,,14705,False
A,161,6018752,encoded,,11220,False
B,160,6033453,encoded,,12198,False
A,162,6052076,encoded,,9453,False
B,161,6066771,encoded,,13117,False
A,163,6085403,encoded,,8263,False
B,162,6100103,encoded,,16513,False
A,164,6118746,encoded,,7254,False
B,163,6133462,encoded,,8687,False
A,165,6152071,encoded,,6816,False
B,164,6166769,encoded,,7716,False
A,166,6185406,encoded,,6415,False
B,165,6200113,encoded,,6904,False
A,167,6218745,encoded,,20197,False
B,166,6233439,encoded,,14828,False
A,168,6252072,encoded,,17975,False
B,167,6266776,encoded,,10025,False
A,169,6285420,encoded,,12355,False
B,168,6300115,encoded,,8474,False
A,170,6352082,encoded,,10897,False
B,169,6366773,encoded,,8789,False
A,171,6385415,encoded,,10017,False
B,170,6400109,encoded,,7956,False
A,172,6418740,encoded,,9279,False
B,171,6433444,encoded,,7183,False
A,173,6452075,encoded,,9327,False
B,172,6466785,encoded,,6991,False
A,174,6485417,encoded,,8649,False
B,173,6500158,encoded,,6766,False
A,175,6518748,encoded,,8606,False
B,174,6533453,encoded,,14589,False
A,176,6552095,encoded,,8406,False
A,177,6585428,encoded,,7887,False
B,175,6566793,encoded,,42972,False
A,178,6618753,encoded,,9077,False
B,176,6600128,encoded,,2478,False
A,179,6652083,encoded,,14172,False
B,177,6633447,encoded,,4550,False
A,180,6685417,encoded,,16666,False
B,178,6666803,encoded,,16667,False
B,179,6700116,encoded,,16667,False
A,181,6718752,encoded,,16667,False
B,180,6733465,encoded,,16666,False
A,182,6752089,encoded,,16667,False
B,181,6766791,encoded,,134899,True
A,183,6785425,encoded,,16666,False
B,182,6800134,encoded,,20128,False
A,184,6818753,encoded,,125003,True
B,183,6833465,encoded,,11371,False
A,185,6852082,encoded,,22259,False
B,184,6866804,encoded,,17359,False
A,186,6885420,encoded,,8754,False
B,185,6900120,encoded,,20616,False
B,186,6933462,encoded,,23455,False
A,187,6918753,encoded,,18571,False
B,187,6966795,encoded,,9240,False
A,188,6952085,encoded,,17591,False
B,188,7000136,encoded,,9818,False
A,189,6985424,encoded,,23530,False
A,190,7018757,encoded,,20281,False
B,189,7033456,encoded,,9318,False
A,191,7052102,encoded,,11221,False
B,190,7066802,encoded,,15715,False
B,191,7100124,encoded,,8312,False
A,192,7085423,encoded,,9384,False
B,192,7133492,encoded,,7875,False
A,193,7118775,encoded,,8024,False
B,193,7166799,encoded,,15779,False
A,194,7152109,encoded,,7528,False
B,194,7200132,encoded,,10486,False
A,195,7185428,encoded,,18867,False
B,195,7233466,encoded,,8741,False
A,196,7218756,encoded,,5060,False
A,197,7252102,encoded,,21896,False
B,196,7266799,encoded,,7703,False
A,198,7285424,encoded,,13581,False
B,197,7300135,encoded,,6906,False
A,199,7318761,encoded,,11367,False
B,198,7333470,encoded,,6663,False
A,200,7352098,encoded,,10188,False
B,199,7366799,encoded,,5837,False
A,201,7385428,encoded,,9810,False
B,200,7400152,encoded,,5827,False
A,202,7418766,encoded,,8977,False
B,201,7433463,encoded,,5641,False
A,203,7452102,encoded,,8613,False
B,202,7500133,encoded,,5222,False
A,204,7485429,encoded,,8449,False
B,203,7533471,encoded,,16423,False
A,205,7518769,encoded,,8230,False
B,204,7566805,encoded,,32007,False
A,206,7585438,encoded,,8004,False
B,205,7600140,encoded,,3278,False
A,207,7618780,encoded,,7962,False
B,206,7633466,encoded,,14715,False
A,208,7652119,encoded,,7561,False
B,207,7666808,encoded,,16666,False
A,209,7685456,encoded,,12623,False
B,208,7700141,encoded,,16667,False
A,210,7718768,encoded,,16666,False
B,209,7733469,encoded,,16667,False
A,211,7752101,encoded,,18253,False
B,210,7766803,encoded,,16666,False
A,212,7785435,encoded,,15081,False
B,211,7800143,encoded,,120361,True
A,213,7818770,encoded,,16666,False
B,212,7833478,encoded,,16504,False
A,214,7852106,encoded,,125057,True
B,213,7866808,encoded,,17975,False
A,215,7885441,encoded,,16656,False
B,214,7900157,encoded,,19866,False
A,216,7918788,encoded,,12779,False
B,215,7933475,encoded,,16405,False
A,217,7952111,encoded,,20557,False
B,216,7966814,encoded,,20634,False
A,218,7985441,encoded,,20973,False
B,217,8000143,encoded,,19867,False
A,219,8018772,encoded,,19477,False
B,218,8033501,encoded,,17915,False
A,220,8052105,encoded,,18623,False
B,219,8066839,encoded,,17619,False
A,221,8085449,encoded,,11276,False
B,220,8100158,encoded,,12644,False
A,222,8118798,encoded,,9400,False
B,221,8133487,encoded,,8712,False
A,223,8152127,encoded,,8136,False
B,222,8166814,encoded,,7835,False
A,224,8185453,encoded,,7177,False
B,223,8200151,encoded,,16676,False
A,225,8252118,encoded,,18997,False
B,224,8233484,encoded,,10347,False
A,226,8285450,encoded,,19942,False
B,225,8300151,encoded,,9439,False
A,227,8318783,encoded,,13259,False
B,226,8333486,encoded,,7725,False
A,228,8352111,encoded,,11675,False
B,227,8366815,encoded,,7587,False
A,229,8385447,encoded,,10223,False
B,228,8400155,encoded,,6886,False
A,230,8418790,encoded,,10756,False
B,229,8433497,encoded,,6522,False
A,231,8452125,encoded,,10044,False
B,230,8466865,encoded,,5888,False
A,232,8485457,encoded,,9267,False
B,231,8500169,encoded,,5785,False
A,233,8518801,encoded,,8771,False
B,232,8533494,encoded,,5540,False
A,234,8552137,encoded,,8521,False
B,233,8566819,encoded,,5136,False
A,235,8585462,encoded,,8068,False
B,234,8600164,encoded,,16132,False
A,236,8618791,encoded,,7752,False
B,235,8633512,encoded,,21378,False
A,237,8652119,encoded,,7394,False
B,236,8666837,encoded,,11956,False
A,238,8685472,encoded,,7300,False
B,237,8700161,encoded,,16666,False
A,239,8718786,encoded,,11254,False
B,238,8733498,encoded,,16667,False
A,240,8752126,encoded,,16666,False
B,239,8766830,encoded,,16667,False
A,241,8785454,encoded,,18521,False
B,240,8800158,encoded,,16666,False
A,242,8818793,encoded,,14813,False
B,241,8833492,encoded,,120435,True
A,243,8852127,encoded,,16666,False
B,242,8866827,encoded,,22351,False
A,244,8885461,encoded,,125448,True
B,243,8900158,encoded,,15205,False
A,245,8918802,encoded,,18412,False
B,244,8933494,encoded,,22110,False
A,246,8952127,encoded,,10707,False
B,245,8966829,encoded,,15631,False
A,247,8985465,encoded,,23025,False
B,246,9000161,encoded,,26225,False
A,248,9018793,encoded,,19475,False
B,247,9033503,encoded,,19008,False
A,249,9052125,encoded,,21575,False
B,248,9066844,encoded,,17956,False
A,250,9085464,encoded,,17944,False
B,249,9100174,encoded,,15363,False
A,251,9118795,encoded,,10727,False
B,250,9133503,encoded,,9249,False
A,252,9152148,encoded,,9112,False
B,251,9166841,encoded,,18153,False
A,253,9185470,encoded,,8320,False
B,252,9200186,encoded,,4597,False
A,254,9218819,encoded,,20845,False
B,253,9233504,encoded,,12134,False
A,255,9252148,encoded,,21067,False
B,254,9266834,encoded,,8981,False
A,256,9285491,encoded,,3015,False
B,255,9333522,encoded,,7772,False
A,257,9318804,encoded,,16506,False
B,256,9366854,encoded,,6717,False
A,258,9352158,encoded,,11932,False
B,257,9400180,encoded,,6345,False
A,259,9385466,encoded,,10515,False
B,258,9433513,encoded,,5791,False
A,260,9418804,encoded,,9706,False
B,259,9466840,encoded,,5543,False
A,261,9485479,encoded,,9740,False
B,260,9500171,encoded,,5489,False
A,262,9518820,encoded,,8923,False
B,261,9533513,encoded,,5558,False
A,263,9552136,encoded,,8371,False
B,262,9566844,encoded,,5550,False
A,264,9585480,encoded,,8068,False
B,263,9600183,encoded,,7171,False
A,265,9618804,encoded,,7957,False
B,264,9633508,encoded,,17314,False
A,266,9652138,encoded,,8066,False
B,265,9666844,encoded,,36693,False
A,267,9685475,encoded,,7699,False
B,266,9700180,encoded,,2369,False
A,268,9718818,encoded,,8017,False
B,267,9733519,encoded,,10290,False
A,269,9752141,encoded,,8162,False
B,268,9766845,encoded,,16667,False
A,270,9785476,encoded,,16666,False
B,269,9800182,encoded,,16667,False
A,271,9818815,encoded,,29150,False
B,270,9833517,encoded,,16666,False
A,272,9852145,encoded,,5212,False
B,271,9866879,encoded,,134672,True
A,273,9885496,encoded,,15638,False
B,272,9900200,encoded,,19462,False
A,274,9918853,encoded,,125215,True
B,273,9933515,encoded,,11548,False
A,275,9952177,encoded,,23510,False
B,274,9966852,encoded,,17069,False
A,276,9985505,encoded,,9372,False
B,275,10000186,encoded,,14797,False
A,277,10018840,encoded,,14674,False
B,276,10033519,encoded,,27542,False
A,278,10052159,encoded,,17688,False
B,277,10066851,encoded,,14978,False
A,279,10085501,encoded,,22923,False
A,280,10118832,encoded,,20653,False
B,278,10100185,encoded,,18561,False
B,279,10133518,encoded,,9724,False
A,281,10152145,encoded,,11134,False
B,280,10166852,encoded,,18543,False
A,282,10185481,encoded,,9275,False
B,281,10200188,encoded,,10783,False
A,283,10218820,encoded,,20934,False
B,282,10233534,encoded,,10238,False
A,284,10252155,encoded,,13903,False
B,283,10266856,encoded,,8251,False
A,285,10285498,encoded,,18962,False
B,284,10300202,encoded,,7104,False
A,286,10318826,encoded,,12599,False
B,285,10333528,encoded,,6355,False
A,287,10352171,encoded,,12310,False
B,286,10366862,encoded,,6103,False
A,288,10385494,encoded,,10271,False
B,287,10400205,encoded,,5415,False
A,289,10418818,encoded,,9498,False
B,288,10433550,encoded,,5293,False
A,290,10452173,encoded,,9201,False
B,289,10466861,encoded,,5003,False
A,291,10518827,encoded,,8911,False
B,290,10500194,encoded,,5493,False
A,292,10552179,encoded,,8209,False
B,291,10566865,encoded,,4807,False
A,293,10585492,encoded,,8101,False
B,292,10600198,encoded,,20677,False
A,294,10618829,encoded,,8061,False
B,293,10633534,encoded,,11591,False
A,295,10652158,encoded,,7847,False
B,294,10666862,encoded,,9555,False
A,296,10685497,encoded,,7879,False
B,295,10700200,encoded,,13103,False
A,297,10718832,encoded,,7968,False
B,296,10733546,encoded,,16667,False
A,298,10752164,encoded,,7669,False
B,297,10766890,encoded,,25130,False
A,299,10785494,encoded,,7224,False
B,298,10800203,encoded,,8203,False
A,300,10818827,encoded,,16009,False
B,299,10833537,encoded,,16667,False
A,301,10852161,encoded,,24756,False
B,300,10866871,encoded,,16666,False
A,302,10885514,encoded,,8578,False
B,301,10900205,encoded,,120357,True
B,302,10933548,encoded,,14995,False
A,303,10918839,encoded,,16666,False
B,303,10966870,encoded,,17005,False
A,304,10952176,encoded,,125203,True
A,305,10985523,encoded,,20700,False
B,304,11000204,encoded,,17099,False
A,306,11018841,encoded,,8671,False
B,305,11033542,encoded,,23475,False
A,307,11052177,encoded,,18967,False
B,306,11066880,encoded,,10832,False
A,308,11085506,encoded,,20313,False
B,307,11100206,encoded,,11349,False
A,309,11118843,encoded,,18652,False
B,308,11133541,encoded,,16446,False
A,310,11152184,encoded,,15087,False
B,309,11166872,encoded,,17540,False
A,311,11185511,encoded,,17498,False
B,310,11200207,encoded,,16667,False
A,312,11218853,encoded,,9974,False
B,311,11233542,encoded,,15977,False
A,313,11252172,encoded,,21277,False
B,312,11266873,encoded,,19501,False
A,314,11285503,encoded,,5408,False
B,313,11300208,encoded,,13129,False
A,315,11318840,encoded,,17964,False
B,314,11333541,encoded,,8899,False
A,316,11352173,encoded,,17192,False
B,315,11366883,encoded,,7807,False
A,317,11385509,encoded,,12244,False
B,316,11400226,encoded,,6797,False
A,318,11418854,encoded,,10580,False
B,317,11433561,encoded,,6187,False
A,319,11452192,encoded,,9994,False
B,318,11466892,encoded,,5799,False
A,320,11485523,encoded,,9418,False
B,319,11500213,encoded,,5339,False
A,321,11518856,encoded,,9150,False
B,320,11533557,encoded,,4811,False
A,322,11585509,encoded,,9271,False
B,321,11566900,encoded,,5029,False
A,323,11618858,encoded,,8313,False
B,322,11633554,encoded,,4785,False
A,324,11652179,encoded,,8124,False
B,323,11666882,encoded,,13509,False
A,325,11685515,encoded,,8052,False
B,324,11700218,encoded,,30516,False
A,326,11718852,encoded,,7997,False
B,325,11733552,encoded,,12379,False
A,327,11752181,encoded,,7523,False
B,326,11766885,encoded,,7105,False
A,328,11785513,encoded,,7594,False
B,327,11800226,encoded,,16666,False
A,329,11818846,encoded,,8168,False
B,328,11833558,encoded,,16667,False
A,330,11852200,encoded,,16666,False
B,329,11866886,encoded,,16667,False
A,331,11885520,encoded,,24128,False
B,330,11900262,encoded,,16666,False
A,332,11918847,encoded,,9206,False
B,331,11933559,encoded,,120250,True
A,333,11952201,encoded,,16666,False
B,332,11966909,encoded,,17319,False
A,334,11985518,encoded,,125341,True
B,333,12000233,encoded,,17976,False
A,335,12018868,encoded,,12536,False
B,334,12033559,encoded,,18481,False
A,336,12052193,encoded,,19848,False
B,335,12066897,encoded,,23449,False
A,337,12085531,encoded,,16586,False
B,336,12100228,encoded,,17565,False
A,338,12118871,encoded,,18213,False
B,337,12133566,encoded,,13062,False
A,339,12152187,encoded,,23754,False
B,338,12166897,encoded,,13170,False
A,340,12185523,encoded,,20349,False
B,339,12200229,encoded,,16693,False
A,341,12218865,encoded,,10971,False
B,340,12233561,encoded,,10981,False
A,342,12252194,encoded,,9298,False
B,341,12266895,encoded,,13908,False
A,343,12285522,encoded,,21064,False
B,342,12300228,encoded,,10453,False
A,344,12318861,encoded,,5221,False
B,343,12333577,encoded,,16851,False
A,345,12352190,encoded,,16482,False
A,346,12385538,encoded,,17941,False
B,344,12366906,encoded,,13059,False
A,347,12418870,encoded,,12802,False
B,345,12400235,encoded,,9029,False
A,348,12452196,encoded,,11014,False
B,346,12433567,encoded,,8186,False
A,349,12485527,encoded,,9962,False
B,347,12466911,encoded,,7366,False
A,350,12518868,encoded,,9592,False
B,348,12500234,encoded,,6921,False
A,351,12552216,encoded,,9409,False
B,349,12533569,encoded,,6223,False
B,350,12566900,encoded,,5706,False
A,352,12585532,encoded,,8955,False
B,351,12600249,encoded,,5596,False
A,353,12618862,encoded,,8515,False
B,352,12633570,encoded,,5262,False
A,354,12652211,encoded,,8629,False
B,353,12666909,encoded,,5828,False
A,355,12685546,encoded,,7902,False
B,354,12733571,encoded,,16666,False
A,356,12718879,encoded,,7924,False
B,355,12766904,encoded,,32094,False
A,357,12752204,encoded,,7346,False
B,356,12800257,encoded,,5270,False
A,358,12818866,encoded,,7386,False
B,357,12833579,encoded,,12636,False
A,359,12852206,encoded,,7303,False
B,358,12866916,encoded,,16667,False
A,360,12885546,encoded,,15657,False
B,359,12900251,encoded,,16667,False
A,361,12918875,encoded,,16667,False
B,360,12933575,encoded,,16666,False
A,362,12952212,encoded,,16667,False
B,361,12966925,encoded,,134851,True
A,363,12985549,encoded,,16666,False
B,362,13000252,encoded,,12336,False
A,364,13018878,encoded,,125207,True
B,363,13033580,encoded,,13010,False
A,365,13052204,encoded,,22080,False
B,364,13066919,encoded,,22259,False
A,366,13085547,encoded,,8924,False
B,365,13100250,encoded,,15315,False
A,367,13118877,encoded,,18404,False
B,366,13133589,encoded,,22307,False
A,368,13152216,encoded,,17909,False
B,367,13166911,encoded,,13376,False
A,369,13185554,encoded,,23372,False
B,368,13200246,encoded,,10731,False
A,370,13218876,encoded,,19731,False
B,369,13233581,encoded,,14691,False
A,371,13252215,encoded,,10957,False
B,370,13266915,encoded,,10758,False
A,372,13285562,encoded,,10474,False
B,371,13300259,encoded,,12995,False
A,373,13318878,encoded,,8265,False
B,372,13333582,encoded,,18644,False
A,374,13352219,encoded,,20920,False
B,373,13366916,encoded,,14628,False
A,375,13385555,encoded,,5218,False
B,374,13400251,encoded,,10480,False
A,376,13418881,encoded,,22577,False
B,375,13433585,encoded,,9859,False
A,377,13452229,encoded,,13296,False
B,376,13466925,encoded,,8350,False
A,378,13485549,encoded,,11906,False
B,377,13500253,encoded,,7000,False
A,379,13518879,encoded,,10275,False
B,378,13533592,encoded,,7031,False
A,380,13552217,encoded,,9983,False
B,379,13566924,encoded,,6696,False
A,381,13585556,encoded,,9229,False
B,380,13600263,encoded,,6595,False
A,382,13618894,encoded,,8701,False
B,381,13633595,encoded,,5286,False
A,383,13652228,encoded,,8245,False
B,382,13666923,encoded,,5247,False
A,384,13685565,encoded,,9517,False
B,383,13700257,encoded,,5041,False
A,385,13718893,encoded,,8735,False
B,384,13766929,encoded,,12514,False
A,386,13752228,encoded,,7851,False
B,385,13800258,encoded,,21832,False
A,387,13818892,encoded,,7664,False
B,386,13833593,encoded,,29319,False
A,388,13852226,encoded,,7554,False
B,387,13866929,encoded,,6683,False
A,389,13885553,encoded,,8253,False
B,388,13900269,encoded,,8833,False
A,390,13918891,encoded,,14753,False
B,389,13933599,encoded,,16667,False
A,391,13952244,encoded,,19242,False
B,390,13966931,encoded,,16666,False
A,392,13985557,encoded,,16198,False
B,391,14000266,encoded,,120315,True
A,393,14018891,encoded,,14560,False
B,392,14033597,encoded,,13571,False
A,394,14052225,encoded,,125222,True
B,393,14066950,encoded,,19255,False
A,395,14085565,encoded,,17922,False
B,394,14100293,encoded,,22962,False
A,396,14118896,encoded,,6809,False
B,395,14133615,encoded,,16942,False
A,397,14152257,encoded,,22826,False
B,396,14166944,encoded,,23518,False
A,398,14185567,encoded,,9453,False
B,397,14200290,encoded,,18143,False
A,399,14218900,encoded,,25796,False
B,398,14233603,encoded,,17206,False
A,400,14252242,encoded,,16178,False
B,399,14266939,encoded,,11617,False
A,401,14285568,encoded,,18629,False
B,400,14300270,encoded,,11517,False
A,402,14318899,encoded,,10798,False
B,401,14333605,encoded,,20079,False
A,403,14352242,encoded,,23052,False
B,402,14366946,encoded,,13881,False
A,404,14385569,encoded,,5855,False
B,403,14400276,encoded,,10011,False
A,405,14418897,encoded,,15715,False
B,404,14433624,encoded,,9151,False
A,406,14452241,encoded,,18944,False
B,405,14466956,encoded,,7704,False
A,407,14485571,encoded,,12415,False
B,406,14500283,encoded,,7149,False
A,408,14518908,encoded,,11208,False
B,407,14533623,encoded,,6201,False
A,409,14552250,encoded,,10136,False
B,408,14566951,encoded,,6338,False
A,410,14585604,encoded,,9659,False
B,409,14600277,encoded,,7042,False
A,411,14618916,encoded,,9384,False
B,410,14633616,encoded,,7411,False
A,412,14652248,encoded,,9796,False
B,411,14666946,encoded,,7249,False
A,413,14685584,encoded,,8629,False
B,412,14733613,encoded,,6497,False
A,414,14752248,encoded,,8094,False
B,413,14766956,encoded,,5107,False
A,415,14785571,encoded,,8069,False
B,414,14800279,encoded,,11134,False
A,416,14818910,encoded,,7804,False
B,415,14833621,encoded,,16667,False
A,417,14852239,encoded,,7834,False
A,418,14885572,encoded,,7197,False
B,416,14866948,encoded,,36580,False
B,417,14900279,encoded,,2339,False
A,419,14918907,encoded,,7091,False
B,418,14933626,encoded,,11081,False
A,420,14952242,encoded,,15485,False
B,419,14966951,encoded,,16667,False
A,421,14985586,encoded,,16667,False
B,420,15000282,encoded,,16666,False
A,422,15018920,encoded,,16667,False
B,421,15033637,encoded,,120358,True
A,423,15052245,encoded,,16666,False
B,422,15066966,encoded,,20032,False
A,424,15085585,encoded,,125423,True
B,423,15100310,encoded,,11175,False
A,425,15118927,encoded,,17237,False
B,424,15133648,encoded,,12766,False
A,426,15152263,encoded,,10860,False
B,425,15166972,encoded,,21454,False
A,427,15185594,encoded,,19105,False
B,426,15200316,encoded,,16707,False
A,428,15218924,encoded,,18004,False
B,427,15233631,encoded,,15775,False
A,429,15252272,encoded,,25037,False
B,428,15266955,encoded,,15880,False
A,430,15285587,encoded,,19654,False
B,429,15300294,encoded,,21061,False
A,431,15318920,encoded,,11154,False
B,430,15333624,encoded,,18545,False
A,432,15352257,encoded,,9419,False
B,431,15366968,encoded,,21223,False
A,433,15385590,encoded,,8234,False
B,432,15400300,encoded,,6530,False
A,434,15418917,encoded,,20145,False
B,433,15433634,encoded,,13813,False
A,435,15452253,encoded,,14395,False
B,434,15466975,encoded,,10171,False
B,435,15500310,encoded,,9484,False
A,436,15485586,encoded,,18193,False
B,436,15533626,encoded,,9076,False
A,437,15518930,encoded,,3175,False
B,437,15566983,encoded,,8812,False
A,438,15552258,encoded,,15478,False
B,438,15600316,encoded,,8849,False
A,439,15585596,encoded,,11122,False
B,439,15633645,encoded,,8752,False
A,440,15618926,encoded,,10210,False
B,440,15666971,encoded,,7993,False
A,441,15652258,encoded,,9666,False
B,441,15700312,encoded,,7280,False
A,442,15685589,encoded,,9821,False
B,442,15733637,encoded,,6933,False
A,443,15718925,encoded,,8893,False
B,443,15766967,encoded,,6668,False
A,444,15752276,encoded,,8462,False
B,444,15800305,encoded,,6273,False
A,445,15785593,encoded,,8070,False
A,446,15818935,encoded,,8028,False
B,445,15833638,encoded,,11057,False
A,447,15852268,encoded,,7711,False
B,446,15866975,encoded,,16667,False
A,448,15885594,encoded,,7340,False
B,447,15900313,encoded,,37708,False
A,449,15952261,encoded,,8498,False
B,448,15933638,encoded,,2438,False
A,450,15985600,encoded,,16666,False
B,449,15966988,encoded,,9854,False
A,451,16018934,encoded,,37242,False
B,450,16033647,encoded,,16666,False
A,452,16052281,encoded,,3892,False
B,451,16066970,encoded,,134701,True
A,453,16085608,encoded,,8866,False
B,452,16100304,encoded,,16548,False
A,454,16118933,encoded,,125273,True
B,453,16133637,encoded,,11803,False
A,455,16152269,encoded,,17887,False
B,454,16166973,encoded,,19029,False
A,456,16185598,encoded,,6960,False
B,455,16200307,encoded,,9753,False
A,457,16218955,encoded,,23146,False
B,456,16233651,encoded,,19874,False
A,458,16252274,encoded,,18172,False
B,457,16266981,encoded,,11862,False
A,459,16285618,encoded,,23914,False
B,458,16300330,encoded,,15017,False
A,460,16318935,encoded,,20903,False
B,459,16333648,encoded,,15740,False
A,461,16352287,encoded,,11427,False
B,460,16366991,encoded,,14882,False
A,462,16385615,encoded,,9607,False
B,461,16400317,encoded,,13401,False
A,463,16418959,encoded,,8321,False
B,462,16433656,encoded,,18348,False
A,464,16452279,encoded,,20544,False
B,463,16466983,encoded,,14117,False
A,465,16485606,encoded,,21680,False
B,464,16500322,encoded,,9462,False
A,466,16518937,encoded,,13867,False
B,465,16533653,encoded,,8709,False
A,467,16552285,encoded,,11650,False
B,466,16567005,encoded,,8045,False
A,468,16585606,encoded,,10609,False
A,469,16618944,encoded,,10256,False
B,467,16600340,encoded,,7408,False
B,468,16633667,encoded,,6850,False
A,470,16652283,encoded,,9416,False
B,469,16667014,encoded,,6259,False
A,471,16685624,encoded,,9650,False
B,470,16700334,encoded,,6445,False
A,472,16718957,encoded,,9165,False
B,471,16733657,encoded,,5921,False
A,473,16752286,encoded,,8287,False
B,472,16800319,encoded,,6824,False
A,474,16785614,encoded,,9114,False
B,473,16833659,encoded,,5978,False
A,475,16818950,encoded,,8349,False
B,474,16866999,encoded,,13024,False
A,476,16852294,encoded,,7745,False
B,475,16900328,encoded,,22320,False
A,477,16885621,encoded,,7493,False
B,476,16933658,encoded,,11790,False
A,478,16952284,encoded,,7421,False
B,477,16966988,encoded,,15890,False
A,479,16985615,encoded,,7639,False
B,478,17000337,encoded,,16667,False
A,480,17018955,encoded,,11505,False
B,479,17033661,encoded,,16667,False
A,481,17052286,encoded,,16667,False
B,480,17067009,encoded,,16666,False
A,482,17085622,encoded,,19738,False
B,481,17100342,encoded,,120360,True
A,483,17118951,encoded,,13595,False
B,482,17133679,encoded,,20204,False
A,484,17152309,encoded,,125349,True
B,483,17167008,encoded,,18016,False
A,485,17185619,encoded,,17689,False
B,484,17200343,encoded,,16365,False
A,486,17218960,encoded,,6965,False
B,485,17233670,encoded,,15983,False
A,487,17252295,encoded,,22944,False
B,486,17266997,encoded,,22743,False
A,488,17285632,encoded,,17813,False
B,487,17300331,encoded,,14691,False
A,489,17318976,encoded,,24685,False
B,488,17333665,encoded,,20576,False
A,490,17352313,encoded,,21038,False
B,489,17366998,encoded,,17820,False
A,491,17385635,encoded,,11396,False
B,490,17400330,encoded,,13582,False
A,492,17418955,encoded,,9299,False
B,491,17433664,encoded,,9220,False
A,493,17452295,encoded,,21713,False
B,492,17467007,encoded,,8170,False
A,494,17485625,encoded,,5712,False
B,493,17500333,encoded,,7274,False
A,495,17518958,encoded,,15039,False
B,494,17533674,encoded,,15135,False
A,496,17552292,encoded,,19200,False
B,495,17567002,encoded,,9701,False
A,497,17585627,encoded,,12571,False
B,496,17600337,encoded,,8203,False
A,498,17618959,encoded,,11201,False
B,497,17633677,encoded,,7478,False
A,499,17652294,encoded,,10210,False
B,498,17667017,encoded,,7177,False
A,500,17685642,encoded,,9470,False
B,499,17700347,encoded,,6317,False
A,501,17718979,encoded,,9211,False
B,500,17733673,encoded,,6513,False
A,502,17752315,encoded,,10440,False
B,501,17767026,encoded,,5983,False
A,503,17785698,encoded,,8881,False
B,502,17833675,encoded,,6117,False
A,504,17818986,encoded,,8238,False
B,503,17867010,encoded,,5756,False
A,505,17852314,encoded,,8079,False
B,504,17900347,encoded,,16616,False
A,506,17885656,encoded,,7687,False
B,505,17933681,encoded,,30087,False
A,507,17952307,encoded,,8117,False
B,506,17967010,encoded,,3945,False
A,508,17985644,encoded,,8740,False
B,507,18000344,encoded,,15968,False
A,509,18018975,encoded,,7820,False
B,508,18033682,encoded,,16667,False
A,510,18052309,encoded,,10493,False
B,509,18067019,encoded,,16667,False
A,511,18085637,encoded,,16667,False
B,510,18100350,encoded,,16666,False
A,512,18118977,encoded,,30311,False
B,511,18133682,encoded,,120448,True
A,513,18152304,encoded,,4407,False
B,512,18167027,encoded,,16871,False
A,514,18185638,encoded,,125356,True
B,513,18200360,encoded,,13192,False
A,515,18218977,encoded,,17744,False
B,514,18233681,encoded,,18963,False
A,516,18252308,encoded,,6905,False
B,515,18267030,encoded,,13398,False
A,517,18285639,encoded,,23603,False
B,516,18300359,encoded,,23399,False
A,518,18318976,encoded,,18728,False
B,517,18333690,encoded,,13998,False
A,519,18352317,encoded,,24240,False
B,518,18367020,encoded,,15726,False
A,520,18385643,encoded,,20461,False
B,519,18400355,encoded,,14577,False
A,521,18419014,encoded,,11535,False
B,520,18433692,encoded,,15569,False
A,522,18452330,encoded,,9955,False
B,521,18467021,encoded,,15530,False
A,523,18485652,encoded,,8691,False
B,522,18500353,encoded,,16770,False
A,524,18518995,encoded,,7574,False
B,523,18533691,encoded,,7708,False
A,525,18552324,encoded,,19329,False
B,524,18567027,encoded,,14688,False
A,526,18585660,encoded,,20149,False
B,525,18600358,encoded,,10350,False
A,527,18618980,encoded,,13496,False
B,526,18633693,encoded,,8338,False
A,528,18652315,encoded,,11880,False
B,527,18667036,encoded,,7685,False
A,529,18685668,encoded,,11081,False
B,528,18700359,encoded,,7070,False
A,530,18718988,encoded,,9790,False
B,529,18733695,encoded,,6963,False
A,531,18752317,encoded,,9301,False
B,530,18767025,encoded,,6725,False
A,532,18785660,encoded,,8912,False
B,531,18800373,encoded,,6535,False
A,533,18818991,encoded,,8909,False
B,532,18833701,encoded,,6304,False
B,533,18867030,encoded,,5628,False
A,534,18852333,encoded,,8561,False
B,534,18900376,encoded,,13565,False
A,535,18885666,encoded,,7994,False
B,535,18933703,encoded,,33034,False
A,536,18918985,encoded,,8195,False
B,536,18967033,encoded,,2879,False
A,537,18952342,encoded,,7618,False
B,537,19000371,encoded,,14087,False
A,538,19018992,encoded,,7384,False
A,539,19052354,encoded,,7366,False
B,538,19033714,encoded,,16667,False
B,539,19067039,encoded,,16667,False
A,540,19085656,encoded,,13858,False
B,540,19100373,encoded,,16666,False
A,541,19118992,encoded,,19134,False
B,541,19133741,encoded,,134638,True
A,542,19152329,encoded,,14200,False
B,542,19167035,encoded,,19958,False
A,543,19185667,encoded,,16666,False
B,543,19200371,encoded,,12018,False
A,544,19218999,encoded,,125241,True
B,544,19233706,encoded,,16853,False
A,545,19252330,encoded,,19972,False
B,545,19267056,encoded,,11230,False
A,546,19285659,encoded,,10980,False
B,546,19300369,encoded,,20172,False
A,547,19318994,encoded,,17021,False
B,547,19333710,encoded,,12897,False
A,548,19352333,encoded,,17203,False
B,548,19367038,encoded,,11797,False
A,549,19385669,encoded,,22268,False
B,549,19400403,encoded,,14230,False
A,550,19419000,encoded,,20791,False
B,550,19433708,encoded,,9997,False
A,551,19452342,encoded,,11617,False
B,551,19467077,encoded,,12357,False
A,552,19485685,encoded,,9988,False
B,552,19500389,encoded,,9888,False
A,553,19519020,encoded,,8327,False
B,553,19533740,encoded,,17446,False
A,554,19552358,encoded,,20636,False
B,554,19567063,encoded,,12732,False
A,555,19585683,encoded,,4806,False
B,555,19600381,encoded,,8487,False
A,556,19619014,encoded,,22493,False
B,556,19633715,encoded,,7810,False
A,557,19652353,encoded,,13215,False
B,557,19700377,encoded,,6537,False
A,558,19685682,encoded,,11255,False
B,558,19733715,encoded,,6049,False
A,559,19752346,encoded,,10301,False
B,559,19767046,encoded,,5767,False
A,560,19785669,encoded,,9913,False
B,560,19800382,encoded,,5549,False
A,561,19819004,encoded,,9046,False
B,561,19833722,encoded,,5292,False
A,562,19852339,encoded,,9146,False
B,562,19867050,encoded,,4963,False
A,563,19885673,encoded,,8901,False
B,563,19900389,encoded,,17201,False
A,564,19919007,encoded,,8559,False
B,564,19933717,encoded,,36544,False
A,565,19952346,encoded,,8031,False
B,565,19967060,encoded,,2034,False
A,566,19985687,encoded,,7847,False
B,566,20000398,encoded,,10888,False
A,567,20019024,encoded,,7758,False
B,567,20033739,encoded,,16666,False
A,568,20052360,encoded,,7580,False
B,568,20067064,encoded,,16667,False
A,569,20085690,encoded,,10439,False
B,569,20100392,encoded,,16667,False
A,570,20119030,encoded,,16666,False
B,570,20133725,encoded,,16666,False
A,571,20152347,encoded,,24377,False
B,571,20167058,encoded,,120395,True
A,572,20185683,encoded,,8957,False
B,572,20200397,encoded,,16343,False
A,573,20219020,encoded,,16666,False
B,573,20233729,encoded,,17740,False
A,574,20252351,encoded,,125263,True
B,574,20267055,encoded,,19755,False
A,575,20285684,encoded,,12785,False
B,575,20300408,encoded,,24351,False
A,576,20319015,encoded,,11869,False
B,576,20333741,encoded,,18984,False
A,577,20352349,encoded,,23373,False
B,577,20367058,encoded,,16519,False
A,578,20385682,encoded,,17916,False
B,578,20400402,encoded,,14099,False
A,579,20419016,encoded,,23932,False
B,579,20433730,encoded,,13621,False
A,580,20452352,encoded,,20049,False
B,580,20467067,encoded,,15178,False
A,581,20485687,encoded,,11213,False
B,581,20500453,encoded,,17966,False
A,582,20519028,encoded,,9254,False
B,582,20533746,encoded,,13535,False
A,583,20552366,encoded,,8488,False
B,583,20567064,encoded,,9592,False
A,584,20585690,encoded,,20325,False
B,584,20600411,encoded,,8112,False
A,585,20619018,encoded,,20850,False
B,585,20633745,encoded,,7405,False
A,586,20652362,encoded,,2992,False
B,586,20667085,encoded,,6928,False
A,587,20685698,encoded,,3951,False
B,587,20700421,encoded,,6268,False
A,588,20719034,encoded,,18293,False
B,588,20767067,encoded,,5656,False
A,589,20752364,encoded,,11656,False
B,589,20800401,encoded,,5409,False
A,590,20819024,encoded,,10532,False
B,590,20833737,encoded,,5086,False
A,591,20852359,encoded,,9639,False
B,591,20867076,encoded,,4689,False
A,592,20885693,encoded,,8934,False
B,592,20900402,encoded,,4722,False
A,593,20919025,encoded,,8611,False
B,593,20933742,encoded,,10981,False
A,594,20952360,encoded,,8383,False
B,594,20967080,encoded,,16666,False
A,595,20985695,encoded,,8172,False
A,596,21019032,encoded,,7925,False
B,595,21000407,encoded,,28728,False
A,597,21052364,encoded,,7736,False
B,596,21033750,encoded,,10696,False
A,598,21085709,encoded,,7324,False
B,597,21067073,encoded,,10576,False
A,599,21119040,encoded,,13869,False
B,598,21100407,encoded,,16667,False
A,600,21152362,encoded,,16666,False
B,599,21133752,encoded,,16667,False
A,601,21185697,encoded,,16667,False
B,600,21167093,encoded,,16666,False
B,601,21200410,encoded,,120128,True
A,602,21219032,encoded,,16667,False
A,603,21252366,encoded,,16666,False
B,602,21233745,encoded,,17080,False
A,604,21285708,encoded,,125192,True
B,603,21267094,encoded,,13609,False
A,605,21319034,encoded,,15031,False
B,604,21300431,encoded,,19868,False
A,606,21352373,encoded,,11950,False
B,605,21333758,encoded,,25307,False
A,607,21385706,encoded,,22370,False
B,606,21367096,encoded,,15078,False
A,608,21419039,encoded,,17583,False
B,607,21400420,encoded,,17837,False
A,609,21452375,encoded,,24830,False
B,608,21433773,encoded,,22333,False
A,610,21485711,encoded,,20718,False
B,609,21467101,encoded,,19638,False
A,611,21519043,encoded,,11016,False
B,610,21500420,encoded,,9331,False
A,612,21552396,encoded,,9048,False
B,611,21533753,encoded,,17795,False
A,613,21585712,encoded,,7839,False
B,612,21567087,encoded,,10829,False
A,614,21619047,encoded,,20739,False
B,613,21600419,encoded,,9391,False
A,615,21652399,encoded,,5065,False
B,614,21633777,encoded,,7844,False
A,616,21685707,encoded,,21901,False
B,615,21667094,encoded,,7518,False
B,616,21700419,encoded,,6437,False
A,617,21719040,encoded,,13500,False
B,617,21733763,encoded,,6272,False
B,618,21767094,encoded,,5494,False
A,618,21752389,encoded,,11058,False
B,619,21833757,encoded,,5581,False
A,619,21785724,encoded,,10421,False
A,620,21819047,encoded,,9678,False
B,620,21867097,encoded,,5526,False
A,621,21852389,encoded,,9380,False
B,621,21900433,encoded,,5236,False
A,622,21919053,encoded,,8576,False
B,622,21933772,encoded,,5114,False
A,623,21952392,encoded,,8074,False
B,623,21967109,encoded,,10088,False
A,624,21985726,encoded,,8176,False
B,624,22000437,encoded,,16666,False
A,625,22019054,encoded,,8513,False
B,625,22033775,encoded,,36222,False
A,626,22052388,encoded,,8093,False
B,626,22067109,encoded,,2134,False
A,627,22085735,encoded,,7837,False
B,627,22100431,encoded,,11644,False
A,628,22119055,encoded,,7061,False
B,628,22133769,encoded,,16667,False
A,629,22152385,encoded,,9685,False
B,629,22167112,encoded,,16667,False
A,630,22185718,encoded,,16666,False
B,630,22200448,encoded,,16666,False
A,631,22219072,encoded,,24321,False
B,631,22233770,encoded,,120317,True
A,632,22252414,encoded,,9013,False
B,632,22267103,encoded,,16710,False
A,633,22285739,encoded,,16666,False
B,633,22300436,encoded,,18455,False
A,634,22319068,encoded,,125356,True
B,634,22333770,encoded,,16463,False
A,635,22352399,encoded,,9044,False
B,635,22367100,encoded,,19867,False
A,636,22385723,encoded,,18889,False
B,636,22400448,encoded,,23147,False
A,637,22419056,encoded,,20011,False
B,637,22433774,encoded,,14602,False
A,638,22452389,encoded,,19271,False
B,638,22467108,encoded,,14208,False
A,639,22485726,encoded,,24205,False
B,639,22500436,encoded,,15051,False
A,640,22519058,encoded,,20037,False
B,640,22533771,encoded,,15406,False
A,641,22552392,encoded,,11184,False
B,641,22567110,encoded,,13042,False
A,642,22585735,encoded,,9473,False
B,642,22600443,encoded,,17050,False
A,643,22619060,encoded,,8119,False
B,643,22633781,encoded,,13736,False
A,644,22652392,encoded,,20267,False
B,644,22667121,encoded,,10128,False
A,645,22685745,encoded,,21422,False
B,645,22700472,encoded,,8465,False
A,646,22719065,encoded,,2628,False
B,646,22733780,encoded,,8010,False
A,647,22752398,encoded,,16505,False
A,648,22785736,encoded,,11625,False
B,647,22767115,encoded,,6637,False
A,649,22819083,encoded,,10876,False
B,648,22800443,encoded,,6340,False
B,649,22833786,encoded,,6065,False
A,650,22852421,encoded,,9509,False
B,650,22867117,encoded,,5488,False
A,651,22885738,encoded,,9239,False
B,651,22900447,encoded,,5382,False
B,652,22933789,encoded,,4883,False
A,652,22919130,encoded,,9447,False
B,653,23000451,encoded,,5814,False
A,653,22952406,encoded,,8695,False
A,654,22985741,encoded,,8015,False
B,654,23033787,encoded,,14734,False
A,655,23019068,encoded,,7962,False
B,655,23067113,encoded,,39670,False
A,656,23052404,encoded,,7492,False
B,656,23100464,encoded,,8488,False
A,657,23119078,encoded,,7199,False
B,657,23133786,encoded,,2041,False
A,658,23152403,encoded,,8007,False
B,658,23167128,encoded,,16468,False
A,659,23185743,encoded,,8857,False
B,659,23200453,encoded,,16667,False
A,660,23219082,encoded,,16666,False
B,660,23233784,encoded,,16666,False
A,661,23252410,encoded,,24087,False
B,661,23267129,encoded,,134705,True
A,662,23285746,encoded,,9247,False
B,662,23300463,encoded,,15270,False
A,663,23319090,encoded,,16666,False
B,663,23333789,encoded,,15020,False
A,664,23352429,encoded,,125116,True
B,664,23367129,encoded,,20785,False
A,665,23385758,encoded,,17545,False
A,666,23419097,encoded,,10626,False
B,665,23400459,encoded,,20159,False
A,667,23452416,encoded,,19494,False
B,666,23433797,encoded,,23152,False
A,668,23485744,encoded,,17940,False
B,667,23467142,encoded,,11995,False
A,669,23519083,encoded,,23604,False
B,668,23500475,encoded,,15386,False
A,670,23552411,encoded,,20395,False
B,669,23533816,encoded,,13569,False
B,670,23567153,encoded,,19532,False
A,671,23585744,encoded,,11841,False
B,671,23600462,encoded,,11987,False
A,672,23619078,encoded,,9738,False
B,672,23633793,encoded,,9897,False
A,673,23652419,encoded,,8235,False
B,673,23667155,encoded,,9529,False
A,674,23685751,encoded,,20594,False
B,674,23700494,encoded,,8902,False
A,675,23719091,encoded,,4741,False
B,675,23733810,encoded,,8133,False
A,676,23752416,encoded,,22508,False
B,676,23767141,encoded,,7429,False
A,677,23785751,encoded,,13546,False
B,677,23800465,encoded,,6804,False
A,678,23819096,encoded,,11200,False
B,678,23833811,encoded,,6275,False
A,679,23852425,encoded,,10446,False
B,679,23867139,encoded,,5877,False
A,680,23885756,encoded,,9985,False
B,680,23900475,encoded,,5647,False
A,681,23919093,encoded,,9428,False
B,681,23933810,encoded,,5515,False
A,682,23952446,encoded,,8698,False
B,682,23967144,encoded,,5134,False
A,683,23985769,encoded,,8633,False
B,683,24000489,encoded,,5361,False
A,684,24019088,encoded,,8104,False
B,684,24033802,encoded,,13937,False
A,685,24052422,encoded,,8512,False
B,685,24067154,encoded,,38648,False
A,686,24085770,encoded,,7741,False
B,686,24100476,encoded,,9282,False
A,687,24119103,encoded,,7592,False
B,687,24167144,encoded,,3910,False
A,688,24185761,encoded,,7365,False
B,688,24200480,encoded,,14827,False
A,689,24219094,encoded,,9707,False
B,689,24233806,encoded,,16667,False
A,690,24252434,encoded,,16666,False
B,690,24267140,encoded,,16666,False
A,691,24285759,encoded,,28337,False
B,691,24300480,encoded,,120117,True
A,692,24319097,encoded,,4997,False
B,692,24333806,encoded,,12694,False
A,693,24352427,encoded,,16666,False
B,693,24367143,encoded,,19941,False
A,694,24385762,encoded,,125464,True
B,694,24400477,encoded,,19812,False
A,695,24419103,encoded,,15013,False
B,695,24433809,encoded,,12409,False
A,696,24452430,encoded,,12929,False
B,696,24467143,encoded,,23571,False
A,697,24485767,encoded,,19833,False
B,697,24500482,encoded,,18271,False
A,698,24519096,encoded,,17791,False
B,698,24533811,encoded,,28030,False
A,699,24552432,encoded,,23019,False
A,700,24585771,encoded,,20719,False
B,699,24567150,encoded,,18771,False
A,701,24619099,encoded,,11222,False
B,700,24600482,encoded,,10045,False
A,702,24652445,encoded,,9403,False
B,701,24633814,encoded,,8922,False
A,703,24685786,encoded,,8443,False
B,702,24667169,encoded,,8388,False
B,703,24700485,encoded,,16423,False
A,704,24719100,encoded,,21300,False
B,704,24733843,encoded,,10943,False
A,705,24752447,encoded,,20631,False
B,705,24767166,encoded,,9681,False
A,706,24785771,encoded,,2734,False
B,706,24800502,encoded,,8726,False
A,707,24819107,encoded,,16271,False
B,707,24833832,encoded,,8695,False
A,708,24852436,encoded,,11563,False
B,708,24867169,encoded,,8309,False
A,709,24885771,encoded,,10483,False
B,709,24900504,encoded,,8396,False
A,710,24919116,encoded,,9760,False
B,710,24933824,encoded,,8604,False
A,711,24952464,encoded,,8982,False
B,711,24967164,encoded,,7750,False
A,712,24985772,encoded,,8927,False
B,712,25000486,encoded,,7016,False
A,713,25019106,encoded,,8570,False
B,713,25033826,encoded,,6485,False
A,714,25052442,encoded,,8301,False
B,714,25067161,encoded,,5741,False
A,715,25085775,encoded,,7986,False
B,715,25100502,encoded,,8927,False
A,716,25119113,encoded,,7795,False
B,716,25133852,encoded,,16667,False
A,717,25152450,encoded,,7606,False
B,717,25167167,encoded,,31723,False
A,718,25185794,encoded,,7461,False
B,718,25200520,encoded,,3829,False
A,719,25219130,encoded,,11128,False
B,719,25233844,encoded,,14448,False
A,720,25252451,encoded,,16666,False
B,720,25267173,encoded,,16666,False
A,721,25285786,encoded,,19248,False
B,721,25300517,encoded,,134643,True
A,722,25319114,encoded,,14086,False
B,722,25333845,encoded,,9116,False
A,723,25385789,encoded,,16666,False
B,723,25400512,encoded,,19139,False
A,724,25419128,encoded,,125393,True
B,724,25433832,encoded,,14041,False
A,725,25452448,encoded,,8464,False
B,725,25467164,encoded,,12598,False
A,726,25485792,encoded,,14901,False
B,726,25500506,encoded,,22240,False
A,727,25519133,encoded,,25004,False
B,727,25533836,encoded,,16600,False
A,728,25552461,encoded,,18131,False
B,728,25567174,encoded,,19927,False
A,729,25585787,encoded,,23225,False
B,729,25600505,encoded,,13171,False
A,730,25619119,encoded,,20036,False
B,730,25633832,encoded,,21261,False
A,731,25652452,encoded,,11208,False
B,731,25667167,encoded,,14960,False
A,732,25685787,encoded,,9592,False
B,732,25700501,encoded,,10727,False
A,733,25719129,encoded,,8358,False
B,733,25733835,encoded,,9170,False
A,734,25752466,encoded,,20147,False
B,734,25767178,encoded,,8101,False
A,735,25785809,encoded,,21601,False
B,735,25800518,encoded,,7439,False
A,736,25819138,encoded,,3409,False
B,736,25833844,encoded,,7004,False
A,737,25852467,encoded,,16817,False
B,737,25867202,encoded,,6199,False
A,738,25885799,encoded,,12232,False
B,738,25900532,encoded,,5975,False
A,739,25919138,encoded,,10285,False
B,739,25933845,encoded,,5846,False
A,740,25952459,encoded,,9589,False
B,740,25967180,encoded,,5544,False
A,741,25985792,encoded,,9023,False
B,741,26000509,encoded,,5406,False
A,742,26019144,encoded,,8802,False
B,742,26033852,encoded,,5328,False
A,743,26052463,encoded,,8449,False
B,743,26067176,encoded,,8899,False
A,744,26085797,encoded,,8298,False
B,744,26100513,encoded,,16666,False
A,745,26119138,encoded,,7947,False
B,745,26133845,encoded,,31092,False
A,746,26152466,encoded,,8070,False
B,746,26167180,encoded,,4710,False
A,747,26185817,encoded,,7689,False
B,747,26200511,encoded,,14198,False
A,748,26219137,encoded,,7139,False
A,749,26252467,encoded,,9525,False
B,748,26233854,encoded,,16667,False
A,750,26285803,encoded,,16666,False
B,749,26267185,encoded,,16667,False
A,751,26319164,encoded,,24446,False
B,750,26300514,encoded,,16666,False
A,752,26352487,encoded,,8888,False
B,751,26333852,encoded,,120030,True
A,753,26385810,encoded,,16666,False
B,752,26367207,encoded,,22397,False
A,754,26419144,encoded,,125503,True
B,753,26433855,encoded,,16755,False
A,755,26452474,encoded,,23298,False
B,754,26467188,encoded,,20340,False
A,756,26485818,encoded,,8798,False
B,755,26500526,encoded,,15153,False
A,757,26519145,encoded,,17170,False
B,756,26533853,encoded,,21791,False
A,758,26552485,encoded,,9781,False
B,757,26567196,encoded,,18298,False
B,758,26600520,encoded,,17511,False
A,759,26585811,encoded,,18398,False
B,759,26633859,encoded,,13685,False
A,760,26619149,encoded,,16820,False
B,760,26667192,encoded,,17225,False
A,761,26652512,encoded,,21744,False
B,761,26700533,encoded,,10589,False
A,762,26685826,encoded,,11002,False
B,762,26733862,encoded,,9439,False
A,763,26719179,encoded,,8778,False
B,763,26767193,encoded,,8250,False
A,764,26785829,encoded,,21235,False
B,764,26800529,encoded,,16319,False
A,765,26819149,encoded,,21995,False
B,765,26833858,encoded,,11303,False
A,766,26852480,encoded,,2842,False
B,766,26867202,encoded,,9733,False
A,767,26885813,encoded,,17421,False
B,767,26900535,encoded,,8069,False
A,768,26919161,encoded,,12109,False
B,768,26933892,encoded,,7509,False
A,769,26952480,encoded,,10352,False
B,769,26967212,encoded,,6880,False
A,770,26985818,encoded,,9582,False
B,770,27000547,encoded,,6568,False
A,771,27019154,encoded,,9483,False
B,771,27033870,encoded,,6473,False
A,772,27052491,encoded,,8809,False
B,772,27067207,encoded,,6141,False
A,773,27085825,encoded,,8316,False
B,773,27100531,encoded,,6004,False
A,774,27119155,encoded,,8293,False
B,774,27133864,encoded,,5686,False
A,775,27152484,encoded,,8071,False
B,775,27167198,encoded,,14519,False
A,776,27185821,encoded,,7808,False
B,776,27200542,encoded,,32470,False
A,777,27219157,encoded,,7585,False
B,777,27233884,encoded,,13293,False
A,778,27252509,encoded,,7841,False
B,778,27267203,encoded,,4237,False
A,779,27285844,encoded,,10300,False
B,779,27300541,encoded,,16667,False
A,780,27319158,encoded,,16666,False
B,780,27333872,encoded,,16666,False
A,781,27352507,encoded,,28627,False
B,781,27367215,encoded,,120136,True
A,782,27385831,encoded,,4707,False
B,782,27400538,encoded,,19677,False
A,783,27419169,encoded,,16666,False
B,783,27433876,encoded,,10314,False
A,784,27485833,encoded,,125443,True
B,784,27500546,encoded,,15003,False
A,785,27519159,encoded,,18720,False
B,785,27533884,encoded,,16567,False
A,786,27552493,encoded,,10456,False
B,786,27567220,encoded,,17397,False
A,787,27585827,encoded,,18528,False
B,787,27600550,encoded,,16376,False
A,788,27619160,encoded,,17286,False
B,788,27633882,encoded,,13983,False
A,789,27652498,encoded,,23653,False
B,789,27667213,encoded,,18870,False
A,790,27685830,encoded,,20541,False
B,790,27700546,encoded,,13916,False
A,791,27719166,encoded,,11275,False
B,791,27733877,encoded,,18392,False
A,792,27752503,encoded,,9690,False
B,792,27767233,encoded,,21140,False
A,793,27785842,encoded,,8153,False
B,793,27800563,encoded,,14560,False
A,794,27819177,encoded,,21306,False
B,794,27833932,encoded,,10282,False
A,795,27852500,encoded,,20655,False
B,795,27867228,encoded,,10032,False
A,796,27885857,encoded,,2626,False
B,796,27900548,encoded,,9474,False
A,797,27919168,encoded,,16136,False
B,797,27933887,encoded,,8998,False
A,798,27952505,encoded,,11866,False
B,798,27967222,encoded,,8375,False
A,799,27985842,encoded,,10479,False
B,799,28000563,encoded,,6806,False
A,800,28019195,encoded,,9394,False
B,800,28033893,encoded,,6315,False
A,801,28052501,encoded,,9618,False
B,801,28067243,encoded,,6808,False
A,802,28085863,encoded,,8745,False
B,802,28100583,encoded,,6423,False
A,803,28119173,encoded,,8458,False
B,803,28133891,encoded,,5556,False
A,804,28152509,encoded,,7941,False
B,804,28167231,encoded,,5161,False
A,805,28185838,encoded,,8147,False
B,805,28200556,encoded,,16106,False
A,806,28219175,encoded,,8598,False
B,806,28233897,encoded,,37913,False
A,807,28252512,encoded,,8333,False
B,807,28267234,encoded,,2535,False
A,808,28285843,encoded,,7838,False
B,808,28300569,encoded,,9552,False
A,809,28319172,encoded,,9449,False
B,809,28333891,encoded,,16667,False
A,810,28352507,encoded,,16666,False
B,810,28367236,encoded,,16666,False
A,811,28385844,encoded,,25738,False
B,811,28400569,encoded,,134446,True
A,812,28419186,encoded,,7596,False
B,812,28433900,encoded,,13780,False
A,813,28452527,encoded,,16666,False
B,813,28467239,encoded,,12649,False
A,814,28485867,encoded,,116254,True
B,814,28533894,encoded,,19680,False
A,815,28519196,encoded,,23539,False
B,815,28567233,encoded,,17752,False
A,816,28552523,encoded,,14222,False
B,816,28600562,encoded,,23720,False
A,817,28585862,encoded,,22335,False
B,817,28633895,encoded,,16141,False
A,818,28619179,encoded,,18038,False
B,818,28667234,encoded,,13686,False
A,819,28652522,encoded,,23696,False
B,819,28700565,encoded,,17622,False
A,820,28685849,encoded,,16410,False
B,820,28733901,encoded,,9673,False
A,821,28752522,encoded,,15109,False
B,821,28767248,encoded,,8136,False
A,822,28785873,encoded,,10170,False
B,822,28800566,encoded,,16490,False
A,823,28819197,encoded,,8359,False
A,824,28852533,encoded,,7272,False
B,823,28833907,encoded,,10224,False
A,825,28885866,encoded,,19670,False
B,824,28867240,encoded,,9283,False
A,826,28919192,encoded,,20759,False
B,825,28900571,encoded,,8125,False
A,827,28952528,encoded,,13341,False
B,826,28933911,encoded,,7525,False
A,828,28985854,encoded,,11128,False
B,827,28967257,encoded,,7552,False
A,829,29019187,encoded,,10193,False
B,828,29000570,encoded,,6579,False
A,830,29052531,encoded,,9841,False
B,829,29033922,encoded,,5954,False
B,830,29067241,encoded,,6162,False
A,831,29085858,encoded,,9266,False
B,831,29100576,encoded,,5669,False
A,832,29119197,encoded,,9154,False
B,832,29133911,encoded,,5627,False
A,833,29152529,encoded,,8321,False
B,833,29167251,encoded,,6859,False
A,834,29185858,encoded,,8303,False
B,834,29200608,encoded,,16666,False
A,835,29219190,encoded,,7994,False
B,835,29233921,encoded,,37796,False
A,836,29252526,encoded,,8540,False
B,836,29267256,encoded,,2770,False
A,837,29285861,encoded,,7664,False
B,837,29300576,encoded,,9434,False
A,838,29319200,encoded,,7827,False
B,838,29333916,encoded,,16667,False
A,839,29352531,encoded,,7223,False
B,839,29367269,encoded,,16667,False
A,840,29385869,encoded,,15372,False
B,840,29400603,encoded,,16666,False
A,841,29419199,encoded,,24891,False
B,841,29433917,encoded,,120035,True
A,842,29452531,encoded,,8443,False
B,842,29467261,encoded,,13117,False
A,843,29485870,encoded,,16666,False
B,843,29500593,encoded,,21244,False
A,844,29519219,encoded,,125321,True
B,844,29567266,encoded,,23632,False
A,845,29552530,encoded,,21277,False
B,845,29600591,encoded,,11465,False
A,846,29585867,encoded,,10339,False
B,846,29633923,encoded,,23087,False
A,847,29619203,encoded,,17690,False
B,847,29667250,encoded,,15590,False
A,848,29652546,encoded,,17432,False
B,848,29700586,encoded,,12982,False
A,849,29685888,encoded,,20680,False
B,849,29733919,encoded,,13610,False
A,850,29719216,encoded,,15446,False
B,850,29767257,encoded,,12417,False
A,851,29752553,encoded,,16417,False
B,851,29800597,encoded,,17736,False
A,852,29785881,encoded,,9639,False
B,852,29833921,encoded,,22615,False
A,853,29819213,encoded,,8538,False
B,853,29867255,encoded,,10389,False
A,854,29885873,encoded,,20284,False
B,854,29900589,encoded,,9847,False
A,855,29919205,encoded,,22007,False
B,855,29933941,encoded,,8511,False
A,856,29952540,encoded,,13924,False
B,856,29967259,encoded,,7281,False
A,857,29985873,encoded,,11726,False
B,857,30000601,encoded,,7228,False
A,858,30019206,encoded,,10805,False
B,858,30033929,encoded,,6664,False
A,859,30052539,encoded,,9806,False
B,859,30067264,encoded,,5952,False
A,860,30085884,encoded,,9233,False
B,860,30100607,encoded,,6007,False
A,861,30119214,encoded,,9188,False
B,861,30133928,encoded,,5473,False
A,862,30152559,encoded,,10141,False
B,862,30167266,encoded,,5772,False
A,863,30185896,encoded,,8710,False
B,863,30200607,encoded,,5509,False
A,864,30219212,encoded,,8127,False
B,864,30233931,encoded,,13837,False
A,865,30252553,encoded,,7995,False
B,865,30267262,encoded,,40475,False
A,866,30285883,encoded,,7895,False
B,866,30300601,encoded,,8553,False
A,867,30319214,encoded,,7445,False
B,867,30333932,encoded,,7567,False
A,868,30352548,encoded,,7726,False
B,868,30367272,encoded,,10072,False
A,869,30385887,encoded,,7186,False
B,869,30400622,encoded,,16667,False
A,870,30419218,encoded,,15023,False
B,870,30433946,encoded,,16666,False
A,871,30452552,encoded,,16667,False
B,871,30467281,encoded,,120138,True
A,872,30485891,encoded,,16667,False
B,872,30500627,encoded,,13757,False
A,873,30519229,encoded,,16666,False
B,873,30533949,encoded,,19156,False
A,874,30552574,encoded,,125517,True
B,874,30567286,encoded,,22174,False
A,875,30585893,encoded,,8745,False
B,875,30600602,encoded,,10647,False
A,876,30619223,encoded,,14991,False
B,876,30633944,encoded,,21298,False
A,877,30652554,encoded,,23960,False
B,877,30667276,encoded,,16514,False
A,878,30685895,encoded,,17907,False
B,878,30700621,encoded,,16693,False
A,879,30719231,encoded,,23227,False
B,879,30733956,encoded,,16707,False
A,880,30752558,encoded,,20844,False
B,880,30800610,encoded,,18195,False
A,881,30819220,encoded,,11526,False
A,882,30852564,encoded,,9232,False
B,881,30833942,encoded,,12276,False
A,883,30885910,encoded,,8268,False
B,882,30867283,encoded,,18291,False
A,884,30919232,encoded,,22276,False
B,883,30900615,encoded,,11253,False
B,884,30933955,encoded,,9583,False
A,885,30952566,encoded,,20461,False
A,886,30985899,encoded,,13292,False
B,885,30967282,encoded,,8028,False
B,886,31000623,encoded,,7525,False
A,887,31019227,encoded,,11455,False
B,887,31033958,encoded,,6890,False
A,888,31052560,encoded,,10878,False
B,888,31067298,encoded,,6709,False
A,889,31085895,encoded,,9814,False
B,889,31100634,encoded,,6320,False
A,890,31119230,encoded,,9676,False
B,890,31133975,encoded,,6219,False
A,891,31152565,encoded,,8847,False
B,891,31167314,encoded,,6165,False
A,892,31185898,encoded,,8490,False
B,892,31200623,encoded,,6084,False
A,893,31219235,encoded,,8162,False
B,893,31233948,encoded,,5271,False
A,894,31252576,encoded,,8350,False
B,894,31267286,encoded,,14107,False
A,895,31285906,encoded,,8156,False
B,895,31300622,encoded,,31328,False
A,896,31319231,encoded,,7589,False
B,896,31333951,encoded,,12319,False
A,897,31352567,encoded,,7654,False
B,897,31367285,encoded,,6353,False
A,898,31385904,encoded,,7748,False
B,898,31400625,encoded,,16667,False
A,899,31419233,encoded,,7324,False
B,899,31433957,encoded,,16667,False
A,900,31452570,encoded,,15611,False
B,900,31467290,encoded,,16666,False
A,901,31485903,encoded,,24995,False
B,901,31500637,encoded,,134419,True
A,902,31519237,encoded,,8339,False
B,902,31533972,encoded,,19391,False
A,903,31552590,encoded,,16666,False
B,903,31567294,encoded,,11979,False
A,904,31585906,encoded,,125481,True
B,904,31600627,encoded,,16249,False
A,905,31619244,encoded,,20175,False
B,905,31633987,encoded,,14763,False
A,906,31652578,encoded,,8928,False
B,906,31667304,encoded,,21537,False
A,907,31685921,encoded,,18940,False
B,907,31700665,encoded,,17767,False
A,908,31719260,encoded,,17928,False
B,908,31733970,encoded,,16295,False
A,909,31752594,encoded,,20522,False
B,909,31767305,encoded,,15949,False
A,910,31785911,encoded,,15411,False
B,910,31800650,encoded,,9564,False
A,911,31819259,encoded,,17117,False
B,911,31833972,encoded,,18071,False
A,912,31852586,encoded,,10004,False
B,912,31867300,encoded,,11763,False
A,913,31885912,encoded,,8604,False
B,913,31933967,encoded,,10162,False
A,914,31919255,encoded,,20066,False
B,914,31967298,encoded,,8759,False
A,915,31985914,encoded,,21740,False
B,915,32000631,encoded,,7361,False
A,916,32019250,encoded,,14072,False
B,916,32033965,encoded,,7108,False
A,917,32052579,encoded,,12055,False
B,917,32067302,encoded,,7077,False
A,918,32085916,encoded,,3111,False
B,918,32100643,encoded,,6201,False
A,919,32119250,encoded,,14075,False
B,919,32133983,encoded,,5966,False
A,920,32152585,encoded,,10317,False
B,920,32167317,encoded,,5754,False
A,921,32185917,encoded,,9558,False
B,921,32200635,encoded,,5073,False
A,922,32219262,encoded,,8802,False
B,922,32233978,encoded,,5583,False
A,923,32252589,encoded,,8710,False
A,924,32285942,encoded,,8319,False
B,923,32267314,encoded,,6543,False
A,925,32319261,encoded,,8036,False
B,924,32300660,encoded,,16666,False
A,926,32352585,encoded,,7609,False
B,925,32333992,encoded,,37475,False
A,927,32385919,encoded,,7781,False
B,926,32367339,encoded,,2812,False
A,928,32419252,encoded,,7253,False
B,927,32400640,encoded,,10250,False
A,929,32452614,encoded,,8720,False
B,928,32433990,encoded,,16130,False
B,929,32467312,encoded,,16667,False
A,930,32485931,encoded,,16666,False
B,930,32500643,encoded,,16666,False
A,931,32519256,encoded,,37409,False
B,931,32533984,encoded,,119949,True
A,932,32552591,encoded,,3767,False
B,932,32567315,encoded,,18191,False
A,933,32585930,encoded,,8824,False
B,933,32600654,encoded,,12336,False
A,934,32619269,encoded,,125380,True
B,934,32633984,encoded,,19952,False
A,935,32652592,encoded,,18039,False
B,935,32667319,encoded,,10046,False
A,936,32685925,encoded,,6844,False
B,936,32700656,encoded,,22174,False
A,937,32719265,encoded,,23057,False
B,937,32733988,encoded,,14790,False
A,938,32752612,encoded,,9197,False
B,938,32767323,encoded,,17871,False
B,939,32800648,encoded,,22707,False
A,939,32785946,encoded,,26018,False
B,940,32833986,encoded,,19251,False
A,940,32819272,encoded,,16908,False
B,941,32867334,encoded,,9854,False
A,941,32852605,encoded,,18468,False
B,942,32900669,encoded,,17848,False
A,942,32885931,encoded,,10342,False
B,943,32933992,encoded,,5558,False
A,943,32919264,encoded,,9022,False
B,944,32967337,encoded,,13515,False
A,944,32952598,encoded,,20649,False
B,945,33000662,encoded,,9347,False
A,945,32985933,encoded,,22337,False
B,946,33034003,encoded,,8213,False
A,946,33019268,encoded,,2867,False
A,947,33052601,encoded,,16628,False
B,947,33067323,encoded,,7329,False
A,948,33085941,encoded,,11844,False
B,948,33100662,encoded,,7444,False
B,949,33134000,encoded,,6300,False
A,949,33119268,encoded,,10236,False
A,950,33152603,encoded,,10406,False
B,950,33167344,encoded,,7110,False
A,951,33219271,encoded,,9513,False
B,951,33233995,encoded,,6837,False
A,952,33252617,encoded,,8789,False
B,952,33267331,encoded,,5859,False
A,953,33285946,encoded,,8107,False
B,953,33300661,encoded,,5402,False
A,954,33319278,encoded,,8306,False
B,954,33334015,encoded,,12117,False
A,955,33352625,encoded,,8100,False
B,955,33367334,encoded,,23652,False
A,956,33385957,encoded,,7871,False
B,956,33400675,encoded,,29466,False
A,957,33419294,encoded,,7367,False
B,957,33434021,encoded,,3239,False
A,958,33452625,encoded,,8500,False
B,958,33467333,encoded,,10310,False
A,959,33485970,encoded,,8539,False
B,959,33500668,encoded,,16667,False
A,960,33519300,encoded,,16666,False
A,961,33552622,encoded,,25072,False
B,960,33534002,encoded,,16666,False
A,962,33585945,encoded,,8262,False
B,961,33567336,encoded,,120143,True
A,963,33619280,encoded,,16666,False
B,962,33600676,encoded,,19320,False
A,964,33652614,encoded,,125525,True
B,963,33634005,encoded,,15900,False
A,965,33685950,encoded,,23973,False
B,964,33700688,encoded,,25607,False
B,965,33734007,encoded,,21246,False
A,966,33719284,encoded,,8801,False
B,966,33767349,encoded,,24939,False
A,967,33752624,encoded,,16810,False
B,967,33800671,encoded,,18404,False
A,968,33785960,encoded,,17244,False
B,968,33834016,encoded,,12398,False
A,969,33819284,encoded,,22545,False
B,969,33867336,encoded,,16212,False
A,970,33852620,encoded,,20228,False
B,970,33900679,encoded,,10159,False
A,971,33885949,encoded,,11650,False
A,972,33919294,encoded,,9521,False
B,971,33934007,encoded,,13020,False
A,973,33952645,encoded,,8756,False
B,972,33967340,encoded,,9232,False
A,974,33985967,encoded,,21480,False
B,973,34000677,encoded,,7922,False
A,975,34019294,encoded,,4656,False
B,974,34034017,encoded,,15442,False
A,976,34052643,encoded,,15474,False
B,975,34067344,encoded,,10215,False
A,977,34085983,encoded,,17153,False
B,976,34100698,encoded,,8743,False
A,978,34119317,encoded,,12228,False
B,977,34134025,encoded,,8131,False
A,979,34152624,encoded,,10789,False
B,978,34167344,encoded,,8346,False
A,980,34185968,encoded,,9625,False
B,979,34200679,encoded,,7761,False
A,981,34219292,encoded,,10221,False
B,980,34234012,encoded,,7172,False
A,982,34252631,encoded,,9052,False
B,981,34267347,encoded,,7382,False
A,983,34285964,encoded,,8331,False
B,982,34300684,encoded,,6194,False
A,984,34319311,encoded,,8763,False
B,983,34334035,encoded,,6042,False
A,985,34352628,encoded,,8361,False
B,984,34367354,encoded,,6185,False
A,986,34385983,encoded,,8005,False
B,985,34400690,encoded,,10552,False
A,987,34419311,encoded,,7783,False
B,986,34434017,encoded,,16667,False
A,988,34452635,encoded,,7486,False
B,987,34467352,encoded,,38258,False
A,989,34485965,encoded,,8874,False
B,988,34500700,encoded,,3085,False
A,990,34519317,encoded,,16666,False
B,989,34534044,encoded,,8657,False
A,991,34552657,encoded,,29509,False
B,990,34567364,encoded,,16666,False
A,992,34585980,encoded,,4389,False
B,991,34600691,encoded,,134474,True
A,993,34619306,encoded,,16102,False
B,992,34634021,encoded,,9108,False
A,994,34652639,encoded,,125412,True
B,993,34667355,encoded,,15484,False
A,995,34685982,encoded,,20607,False
B,994,34734029,encoded,,23076,False
A,996,34719330,encoded,,10567,False
B,995,34767364,encoded,,10294,False
A,997,34785973,encoded,,17230,False
B,996,34800700,encoded,,25140,False
A,998,34819309,encoded,,17605,False
B,997,34834032,encoded,,12952,False
A,999,34852637,encoded,,19826,False
B,998,34867361,encoded,,10871,False
A,1000,34885984,encoded,,15265,False
B,999,34900694,encoded,,11417,False
A,1001,34919326,encoded,,17078,False
B,1000,34934035,encoded,,11647,False
A,1002,34952640,encoded,,10116,False
B,1001,34967362,encoded,,14466,False
A,1003,34985980,encoded,,22049,False
B,1002,35000691,encoded,,10884,False
A,1004,35019317,encoded,,5492,False
B,1003,35034031,encoded,,18319,False
A,1005,35052654,encoded,,16901,False
B,1004,35067366,encoded,,14128,False
A,1006,35085984,encoded,,19237,False
B,1005,35100696,encoded,,10769,False
A,1007,35119321,encoded,,3598,False
B,1006,35134035,encoded,,11795,False
A,1008,35152648,encoded,,15886,False
B,1007,35167368,encoded,,11364,False
A,1009,35185989,encoded,,11824,False
B,1008,35200703,encoded,,7368,False
A,1010,35219315,encoded,,10354,False
B,1009,35234033,encoded,,8272,False
A,1011,35252648,encoded,,9696,False
B,1010,35267366,encoded,,13652,False
A,1012,35285985,encoded,,9018,False
B,1011,35300712,encoded,,7662,False
A,1013,35319312,encoded,,8690,False
B,1012,35334035,encoded,,13080,False
A,1014,35352652,encoded,,8946,False
B,1013,35367369,encoded,,8321,False
A,1015,35385987,encoded,,8493,False
B,1014,35400709,encoded,,13391,False
A,1016,35419324,encoded,,8899,False
B,1015,35434042,encoded,,12974,False
A,1017,35452667,encoded,,8363,False
B,1016,35467375,encoded,,12521,False
A,1018,35485991,encoded,,7922,False
B,1017,35500713,encoded,,9448,False
A,1019,35519335,encoded,,7951,False
B,1018,35534047,encoded,,14260,False
A,1020,35552672,encoded,,12975,False
B,1019,35567384,encoded,,10112,False
A,1021,35586008,encoded,,16667,False
B,1020,35600715,encoded,,12751,False
A,1022,35619352,encoded,,19484,False
B,1021,35667379,encoded,,117815,True
A,1023,35652683,encoded,,13849,False
B,1022,35700715,encoded,,15680,False
A,1024,35686003,encoded,,125621,True
B,1023,35734049,encoded,,12444,False
A,1025,35752656,encoded,,17947,False
B,1024,35767391,encoded,,16983,False
A,1026,35785996,encoded,,7128,False
B,1025,35800718,encoded,,20728,False
A,1027,35819331,encoded,,23205,False
B,1026,35834093,encoded,,12801,False
A,1028,35852670,encoded,,9856,False
B,1027,35867392,encoded,,15451,False
A,1029,35885996,encoded,,25824,False
B,1028,35900743,encoded,,19073,False
A,1030,35919346,encoded,,13844,False
B,1029,35934070,encoded,,18628,False
A,1031,35952682,encoded,,14163,False
B,1030,35967412,encoded,,18590,False
A,1032,35986013,encoded,,16375,False
B,1031,36000730,encoded,,14511,False
A,1033,36019358,encoded,,11606,False
B,1032,36034052,encoded,,13656,False
A,1034,36052681,encoded,,10372,False
A,1035,36086011,encoded,,21800,False
B,1033,36067389,encoded,,13495,False
B,1034,36100719,encoded,,12055,False
A,1036,36119329,encoded,,23852,False
B,1035,36134054,encoded,,12896,False
A,1037,36152685,encoded,,4346,False
B,1036,36167398,encoded,,19191,False
A,1038,36185998,encoded,,20118,False
B,1037,36200722,encoded,,19462,False
A,1039,36219332,encoded,,14433,False
B,1038,36234051,encoded,,17079,False
A,1040,36252675,encoded,,12751,False
B,1039,36267386,encoded,,15885,False
A,1041,36285999,encoded,,13410,False
B,1040,36300727,encoded,,22807,False
A,1042,36319338,encoded,,10615,False
B,1041,36334064,encoded,,15944,False
A,1043,36352668,encoded,,9240,False
B,1042,36367398,encoded,,14886,False
A,1044,36385999,encoded,,10005,False
B,1043,36400724,encoded,,13110,False
A,1045,36419343,encoded,,8910,False
B,1044,36434071,encoded,,11135,False
A,1046,36452685,encoded,,8988,False
B,1045,36467394,encoded,,10786,False
A,1047,36486007,encoded,,9211,False
B,1046,36500746,encoded,,10436,False
A,1048,36519345,encoded,,8169,False
B,1047,36534078,encoded,,10784,False
A,1049,36552699,encoded,,7929,False
B,1048,36567414,encoded,,9777,False
A,1050,36586023,encoded,,8239,False
B,1049,36634060,encoded,,13799,False
A,1051,36619360,encoded,,8184,False
B,1050,36667396,encoded,,8927,False
A,1052,36652687,encoded,,7257,False
B,1051,36700732,encoded,,107313,True
A,1053,36686029,encoded,,16602,False
B,1052,36734063,encoded,,13322,False
A,1054,36752680,encoded,,125240,True
B,1053,36767399,encoded,,9401,False
A,1055,36786009,encoded,,9217,False
B,1054,36800730,encoded,,15413,False
A,1056,36819341,encoded,,28065,False
B,1055,36834066,encoded,,16604,False
A,1057,36852692,encoded,,15282,False
B,1056,36867406,encoded,,14607,False
A,1058,36886016,encoded,,19519,False
B,1057,36900758,encoded,,16871,False
A,1059,36919353,encoded,,19989,False
B,1058,36934071,encoded,,13049,False
A,1060,36952684,encoded,,18261,False
B,1059,36967402,encoded,,13405,False
A,1061,36986020,encoded,,11119,False
B,1060,37000748,encoded,,16108,False
A,1062,37019345,encoded,,10039,False
B,1061,37034077,encoded,,18081,False
A,1063,37052684,encoded,,11448,False
B,1062,37067419,encoded,,15285,False
A,1064,37086026,encoded,,10019,False
B,1063,37100744,encoded,,24157,False
A,1065,37119349,encoded,,9438,False
B,1064,37134077,encoded,,15860,False
A,1066,37152685,encoded,,21773,False
A,1067,37186018,encoded,,5778,False
B,1065,37167421,encoded,,15261,False
B,1066,37200743,encoded,,15902,False
A,1068,37219349,encoded,,23475,False
B,1067,37234077,encoded,,15292,False
A,1069,37252690,encoded,,14960,False
B,1068,37267427,encoded,,14026,False
A,1070,37286022,encoded,,12098,False
B,1069,37300755,encoded,,13559,False
A,1071,37319356,encoded,,11249,False
B,1070,37334077,encoded,,12372,False
A,1072,37352696,encoded,,10518,False
B,1071,37367422,encoded,,11928,False
A,1073,37386023,encoded,,9737,False
B,1072,37400763,encoded,,10449,False
A,1074,37419360,encoded,,8937,False
B,1073,37434105,encoded,,10855,False
A,1075,37452705,encoded,,8715,False
B,1074,37467418,encoded,,10575,False
A,1076,37486053,encoded,,8744,False
B,1075,37500753,encoded,,10355,False
B,1076,37567413,encoded,,12797,False
A,1077,37519376,encoded,,8212,False
A,1078,37586046,encoded,,8115,False
B,1077,37600748,encoded,,9850,False
A,1079,37619359,encoded,,7808,False
B,1078,37634087,encoded,,10305,False
A,1080,37652702,encoded,,7611,False
B,1079,37667416,encoded,,9546,False
A,1081,37686031,encoded,,11301,False
B,1080,37700766,encoded,,18788,False
A,1082,37719369,encoded,,16667,False
B,1081,37734085,encoded,,100875,True
A,1083,37752696,encoded,,18888,False
B,1082,37767419,encoded,,14049,False
A,1084,37786029,encoded,,125302,True
B,1083,37800753,encoded,,8250,False
A,1085,37819362,encoded,,9077,False
B,1084,37834104,encoded,,12757,False
A,1086,37852697,encoded,,14642,False
B,1085,37867424,encoded,,12511,False
A,1087,37886048,encoded,,25611,False
B,1086,37900760,encoded,,16931,False
A,1088,37919371,encoded,,22119,False
B,1087,37934097,encoded,,15349,False
A,1089,37952712,encoded,,21705,False
B,1088,37967432,encoded,,22393,False
A,1090,37986033,encoded,,18790,False
B,1089,38000758,encoded,,14394,False
A,1091,38019374,encoded,,11496,False
B,1090,38034096,encoded,,18053,False
A,1092,38052724,encoded,,10590,False
B,1091,38067433,encoded,,12962,False
A,1093,38086048,encoded,,8798,False
A,1094,38119375,encoded,,8038,False
B,1092,38100764,encoded,,13861,False
A,1095,38152708,encoded,,7433,False
B,1093,38134093,encoded,,15237,False
A,1096,38186036,encoded,,7810,False
B,1094,38167426,encoded,,12929,False
B,1095,38200761,encoded,,12643,False
A,1097,38219379,encoded,,20734,False
B,1096,38234113,encoded,,15443,False
A,1098,38252716,encoded,,5811,False
B,1097,38267440,encoded,,13955,False
A,1099,38286049,encoded,,21970,False
B,1098,38300774,encoded,,13427,False
A,1100,38319373,encoded,,17257,False
B,1099,38334100,encoded,,14131,False
A,1101,38352715,encoded,,12580,False
B,1100,38367446,encoded,,13687,False
A,1102,38386039,encoded,,12371,False
B,1101,38400776,encoded,,11607,False
A,1103,38419374,encoded,,10195,False
B,1102,38434111,encoded,,11411,False
A,1104,38452728,encoded,,11243,False
B,1103,38467443,encoded,,12100,False
A,1105,38486060,encoded,,10082,False
B,1104,38500766,encoded,,12587,False
A,1106,38519385,encoded,,9363,False
B,1105,38534107,encoded,,12163,False
A,1107,38552717,encoded,,9277,False
B,1106,38567484,encoded,,10734,False
A,1108,38586045,encoded,,10323,False
A,1109,38619382,encoded,,8876,False
B,1107,38600773,encoded,,8531,False
A,1110,38652720,encoded,,8016,False
B,1108,38634118,encoded,,9639,False
A,1111,38686065,encoded,,7693,False
B,1109,38667457,encoded,,9591,False
B,1110,38700793,encoded,,10175,False
A,1112,38719382,encoded,,13910,False
A,1113,38752724,encoded,,16666,False
B,1111,38734122,encoded,,101946,True
A,1114,38786056,encoded,,125304,True
B,1112,38767447,encoded,,15577,False
B,1113,38800775,encoded,,15134,False
A,1115,38819399,encoded,,16952,False
B,1114,38867446,encoded,,18468,False
A,1116,38852740,encoded,,13677,False
B,1115,38900781,encoded,,17889,False
A,1117,38886057,encoded,,22383,False
B,1116,38934114,encoded,,17289,False
A,1118,38919386,encoded,,17255,False
B,1117,38967457,encoded,,14172,False
A,1119,38952721,encoded,,22467,False
B,1118,39000785,encoded,,13134,False
A,1120,39019401,encoded,,18253,False
A,1121,39052728,encoded,,10632,False
B,1119,39034109,encoded,,11117,False
A,1122,39086055,encoded,,9305,False
B,1120,39067452,encoded,,14962,False
A,1123,39119389,encoded,,8699,False
B,1121,39100794,encoded,,13139,False
A,1124,39152729,encoded,,7199,False
B,1122,39134119,encoded,,15959,False
B,1123,39167461,encoded,,16670,False
A,1125,39186065,encoded,,7390,False
B,1124,39200788,encoded,,17033,False
A,1126,39219419,encoded,,6758,False
B,1125,39234119,encoded,,11441,False
A,1127,39252738,encoded,,26635,False
B,1126,39267448,encoded,,9345,False
B,1127,39300791,encoded,,9042,False
A,1128,39286074,encoded,,14353,False
A,1129,39319403,encoded,,12204,False
B,1128,39367457,encoded,,11492,False
A,1130,39386069,encoded,,10499,False
B,1129,39400801,encoded,,8599,False
A,1131,39419396,encoded,,10357,False
B,1130,39434133,encoded,,9641,False
A,1132,39452738,encoded,,9563,False
B,1131,39467458,encoded,,8630,False
A,1133,39486091,encoded,,9383,False
B,1132,39500789,encoded,,8118,False
A,1134,39519411,encoded,,9298,False
B,1133,39534143,encoded,,9141,False
A,1135,39552732,encoded,,8810,False
B,1134,39567465,encoded,,9759,False
A,1136,39586066,encoded,,8588,False
B,1135,39600788,encoded,,9061,False
B,1136,39634126,encoded,,9148,False
A,1137,39619402,encoded,,9677,False
A,1138,39652735,encoded,,9417,False
B,1137,39667458,encoded,,8797,False
A,1139,39686083,encoded,,8461,False
B,1138,39700793,encoded,,26774,False
A,1140,39719419,encoded,,16481,False
B,1139,39734143,encoded,,5311,False
A,1141,39752733,encoded,,22112,False
B,1140,39767474,encoded,,19558,False
A,1142,39786073,encoded,,11222,False
B,1141,39800807,encoded,,110645,True
A,1143,39852737,encoded,,16666,False
B,1142,39867469,encoded,,18312,False
A,1144,39886079,encoded,,125379,True
B,1143,39900812,encoded,,13480,False
A,1145,39919407,encoded,,10252,False
B,1144,39934135,encoded,,22354,False
A,1146,39952757,encoded,,13699,False
B,1145,39967477,encoded,,16864,False
A,1147,39986092,encoded,,25472,False
B,1146,40000806,encoded,,12666,False
A,1148,40019434,encoded,,18407,False
B,1147,40034149,encoded,,11184,False
A,1149,40052740,encoded,,24251,False
B,1148,40067466,encoded,,14228,False
A,1150,40086076,encoded,,20123,False
B,1149,40100805,encoded,,15854,False
A,1151,40119418,encoded,,12299,False
B,1150,40134151,encoded,,17623,False
A,1152,40152743,encoded,,9919,False
B,1151,40167479,encoded,,18421,False
A,1153,40186078,encoded,,8221,False
B,1152,40200807,encoded,,10728,False
A,1154,40219421,encoded,,7629,False
B,1153,40234157,encoded,,11003,False
A,1155,40252751,encoded,,7037,False
B,1154,40267471,encoded,,10768,False
A,1156,40286082,encoded,,19875,False
B,1155,40300817,encoded,,9922,False
A,1157,40319437,encoded,,4210,False
B,1156,40367473,encoded,,12303,False
A,1158,40352763,encoded,,20267,False
B,1157,40400808,encoded,,8585,False
A,1159,40386092,encoded,,12555,False
B,1158,40434140,encoded,,9472,False
A,1160,40452746,encoded,,13245,False
B,1159,40467475,encoded,,8554,False
A,1161,40486081,encoded,,11232,False
B,1160,40500809,encoded,,12664,False
A,1162,40519438,encoded,,10625,False
B,1161,40534151,encoded,,10304,False
A,1163,40552754,encoded,,12489,False
B,1162,40567485,encoded,,10144,False
A,1164,40586100,encoded,,9645,False
B,1163,40600812,encoded,,8927,False
A,1165,40619438,encoded,,10661,False
B,1164,40634154,encoded,,8169,False
A,1166,40652757,encoded,,9202,False
B,1165,40667485,encoded,,7499,False
A,1167,40686092,encoded,,8477,False
B,1166,40700813,encoded,,7244,False
A,1168,40719421,encoded,,8046,False
B,1167,40734160,encoded,,19556,False
A,1169,40752755,encoded,,8096,False
B,1168,40767488,encoded,,21208,False
A,1170,40786092,encoded,,8687,False
B,1169,40800824,encoded,,5782,False
A,1171,40819443,encoded,,16667,False
B,1170,40834148,encoded,,16666,False
A,1172,40852783,encoded,,38464,False
B,1171,40867492,encoded,,120657,True
A,1173,40886111,encoded,,4161,False
B,1172,40934154,encoded,,15158,False
A,1174,40919445,encoded,,116146,True
B,1173,40967490,encoded,,10778,False
A,1175,40986095,encoded,,16963,False
B,1174,41000825,encoded,,17634,False
A,1176,41019433,encoded,,13746,False
B,1175,41034166,encoded,,23325,False
A,1177,41052776,encoded,,23309,False
B,1176,41067507,encoded,,18796,False
A,1178,41086129,encoded,,16056,False
B,1177,41100843,encoded,,10625,False
A,1179,41119446,encoded,,21699,False
B,1178,41134162,encoded,,17438,False
A,1180,41152777,encoded,,13715,False
B,1179,41167490,encoded,,16281,False
A,1181,41186102,encoded,,17053,False
B,1180,41200832,encoded,,12424,False
A,1182,41219435,encoded,,20022,False
B,1181,41234156,encoded,,10320,False
A,1183,41252765,encoded,,13130,False
B,1182,41267492,encoded,,8552,False
B,1183,41300845,encoded,,12001,False
A,1184,41286098,encoded,,8740,False
A,1185,41319442,encoded,,8074,False
B,1184,41334170,encoded,,10115,False
A,1186,41352773,encoded,,6983,False
B,1185,41367510,encoded,,8572,False
A,1187,41386105,encoded,,6159,False
B,1186,41400828,encoded,,9357,False
A,1188,41419455,encoded,,5743,False
B,1187,41434172,encoded,,7812,False
A,1189,41486129,encoded,,25246,False
B,1188,41500832,encoded,,8494,False
A,1190,41519438,encoded,,14215,False
B,1189,41534171,encoded,,8937,False
A,1191,41552772,encoded,,4356,False
B,1190,41567501,encoded,,8327,False
A,1192,41586130,encoded,,16282,False
B,1191,41600838,encoded,,6873,False
A,1193,41619469,encoded,,10838,False
B,1192,41634182,encoded,,19649,False
A,1194,41652795,encoded,,10140,False
B,1193,41667502,encoded,,19799,False
A,1195,41686115,encoded,,9146,False
B,1194,41700837,encoded,,5194,False
A,1196,41719470,encoded,,8902,False
B,1195,41734172,encoded,,15773,False
A,1197,41752799,encoded,,8317,False
B,1196,41767507,encoded,,13497,False
A,1198,41786120,encoded,,8139,False
A,1199,41819446,encoded,,8081,False
B,1197,41800841,encoded,,13612,False
A,1200,41852790,encoded,,9508,False
A,1201,41886116,encoded,,16667,False
A,1202,41919448,encoded,,21280,False
B,1198,41834174,encoded,,16667,False
A,1203,41952804,encoded,,12053,False
B,1199,41867519,encoded,,16667,False
A,1204,41986116,encoded,,125254,True
A,1205,42019455,encoded,,17972,False
B,1200,41900841,encoded,,16666,False
B,1201,41967518,encoded,,120564,True
A,1206,42052782,encoded,,7130,False
B,1202,42034176,encoded,,19115,False
A,1207,42086115,encoded,,23957,False
B,1203,42067516,encoded,,11913,False
A,1208,42119452,encoded,,17914,False
B,1204,42100844,encoded,,11797,False
A,1209,42152794,encoded,,24501,False
B,1205,42134197,encoded,,14130,False
A,1210,42186118,encoded,,21790,False
B,1206,42167522,encoded,,23590,False
A,1211,42219459,encoded,,12359,False
B,1207,42200844,encoded,,12927,False
A,1212,42252792,encoded,,9380,False
B,1208,42234185,encoded,,16796,False
A,1213,42286140,encoded,,8758,False
B,1209,42267533,encoded,,17606,False
A,1214,42319475,encoded,,7778,False
B,1210,42300875,encoded,,11700,False
A,1215,42352800,encoded,,7825,False
B,1211,42367515,encoded,,11203,False
A,1216,42386122,encoded,,6526,False
B,1212,42400846,encoded,,8660,False
A,1217,42419454,encoded,,26555,False
B,1213,42434185,encoded,,9172,False
A,1218,42452788,encoded,,3335,False
B,1214,42467519,encoded,,8326,False
A,1219,42486147,encoded,,4725,False
B,1215,42500860,encoded,,8692,False
A,1220,42519476,encoded,,19423,False
B,1216,42534194,encoded,,8831,False
B,1217,42567517,encoded,,9063,False
A,1221,42552811,encoded,,11718,False
B,1218,42600850,encoded,,8366,False
A,1222,42586125,encoded,,10333,False
B,1219,42634185,encoded,,20857,False
A,1223,42619461,encoded,,9569,False
B,1220,42667524,encoded,,6944,False
A,1224,42652809,encoded,,10240,False
B,1221,42700860,encoded,,22604,False
A,1225,42686131,encoded,,10544,False
B,1222,42734202,encoded,,14119,False
A,1226,42719461,encoded,,10148,False
B,1223,42767542,encoded,,11862,False
A,1227,42752804,encoded,,8455,False
B,1224,42800876,encoded,,11781,False
A,1228,42786132,encoded,,8372,False
A,1229,42852797,encoded,,8773,False
B,1225,42834202,encoded,,10032,False
A,1230,42886139,encoded,,16666,False
B,1226,42867533,encoded,,9648,False
A,1231,42919472,encoded,,25040,False
B,1227,42900867,encoded,,9820,False
A,1232,42952801,encoded,,8294,False
B,1228,42967528,encoded,,16549,False
A,1233,42986139,encoded,,16666,False
B,1229,43000864,encoded,,16667,False
A,1234,43019479,encoded,,125450,True
B,1230,43034195,encoded,,16666,False
A,1235,43052803,encoded,,10752,False
B,1231,43067532,encoded,,120647,True
A,1236,43086142,encoded,,12953,False
B,1232,43100874,encoded,,19115,False
A,1237,43119473,encoded,,24078,False
B,1233,43134197,encoded,,12292,False
A,1238,43152807,encoded,,18867,False
B,1234,43167535,encoded,,12627,False
A,1239,43186147,encoded,,21039,False
B,1235,43200906,encoded,,21530,False
A,1240,43219477,encoded,,15719,False
B,1236,43234205,encoded,,18818,False
A,1241,43252810,encoded,,17792,False
B,1237,43267544,encoded,,16895,False
A,1242,43286141,encoded,,10319,False
B,1238,43334200,encoded,,16777,False
A,1243,43319498,encoded,,8892,False
B,1239,43367538,encoded,,10094,False
A,1244,43386147,encoded,,8006,False
B,1240,43400885,encoded,,9172,False
A,1245,43419474,encoded,,7311,False
B,1241,43434207,encoded,,9882,False
A,1246,43452825,encoded,,19229,False
B,1242,43467558,encoded,,9398,False
A,1247,43486151,encoded,,4966,False
B,1243,43500910,encoded,,8485,False
A,1248,43519506,encoded,,21402,False
B,1244,43534216,encoded,,8414,False
A,1249,43552832,encoded,,12895,False
B,1245,43567542,encoded,,19206,False
A,1250,43586166,encoded,,12642,False
B,1246,43600894,encoded,,12117,False
A,1251,43619485,encoded,,10466,False
B,1247,43634215,encoded,,18173,False
A,1252,43652812,encoded,,9479,False
B,1248,43667545,encoded,,10846,False
A,1253,43686147,encoded,,9386,False
B,1249,43700884,encoded,,10558,False
A,1254,43719498,encoded,,8903,False
B,1250,43734213,encoded,,10503,False
A,1255,43752896,encoded,,8396,False
B,1251,43767552,encoded,,9498,False
A,1256,43786176,encoded,,8472,False
B,1252,43800889,encoded,,8037,False
A,1257,43819515,encoded,,8483,False
B,1253,43867548,encoded,,11620,False
A,1258,43852818,encoded,,7739,False
B,1254,43900906,encoded,,9890,False
A,1259,43919487,encoded,,9698,False
B,1255,43934218,encoded,,10266,False
B,1256,43967559,encoded,,9401,False
A,1260,43952827,encoded,,16666,False
A,1261,43986155,encoded,,29932,False
B,1257,44000914,encoded,,15739,False
A,1262,44019505,encoded,,4236,False
B,1258,44034220,encoded,,16667,False
A,1263,44052844,encoded,,15832,False
B,1259,44067552,encoded,,16667,False
A,1264,44086169,encoded,,125508,True
B,1260,44100901,encoded,,16666,False
A,1265,44119498,encoded,,18292,False
B,1261,44134222,encoded,,134728,True
A,1266,44152828,encoded,,10967,False
B,1262,44167552,encoded,,16676,False
A,1267,44186164,encoded,,18614,False
B,1263,44200888,encoded,,4682,False
A,1268,44219492,encoded,,17970,False
B,1264,44234227,encoded,,14578,False
A,1269,44252834,encoded,,24014,False
B,1265,44267555,encoded,,13060,False
A,1270,44286159,encoded,,20527,False
B,1266,44300903,encoded,,14952,False
A,1271,44319513,encoded,,11784,False
B,1267,44334225,encoded,,14857,False
A,1272,44352840,encoded,,9333,False
B,1268,44367577,encoded,,15251,False
A,1273,44386162,encoded,,9190,False
B,1269,44434222,encoded,,10890,False
A,1274,44419511,encoded,,7833,False
B,1270,44467556,encoded,,8175,False
A,1275,44486168,encoded,,7384,False
B,1271,44500892,encoded,,20903,False
A,1276,44519511,encoded,,20131,False
B,1272,44534234,encoded,,6496,False
A,1277,44552833,encoded,,18718,False
B,1273,44567577,encoded,,14194,False
A,1278,44586174,encoded,,13185,False
B,1274,44600904,encoded,,10222,False
A,1279,44619512,encoded,,11775,False
B,1275,44634249,encoded,,10453,False
A,1280,44652862,encoded,,9874,False
B,1276,44667579,encoded,,17712,False
A,1281,44686174,encoded,,9540,False
B,1277,44700898,encoded,,11318,False
A,1282,44719506,encoded,,9525,False
B,1278,44734263,encoded,,11904,False
A,1283,44752849,encoded,,8731,False
B,1279,44767568,encoded,,11754,False
A,1284,44786182,encoded,,8606,False
B,1280,44800901,encoded,,10363,False
A,1285,44819517,encoded,,9064,False
B,1281,44834231,encoded,,9883,False
A,1286,44852860,encoded,,8927,False
B,1282,44867604,encoded,,8576,False
A,1287,44886181,encoded,,7683,False
B,1283,44900911,encoded,,8033,False
A,1288,44919517,encoded,,7717,False
B,1284,44967573,encoded,,9676,False
A,1289,44986171,encoded,,8442,False
B,1285,45000910,encoded,,7331,False
A,1290,45019506,encoded,,16666,False
B,1286,45034235,encoded,,16667,False
A,1291,45052858,encoded,,30378,False
B,1287,45067585,encoded,,22377,False
A,1292,45086173,encoded,,4673,False
B,1288,45100917,encoded,,10956,False
A,1293,45119525,encoded,,14949,False
B,1289,45134264,encoded,,16667,False
A,1294,45152869,encoded,,125386,True
B,1290,45167578,encoded,,16666,False
A,1295,45186180,encoded,,22758,False
B,1291,45200923,encoded,,120690,True
A,1296,45219524,encoded,,9980,False
B,1292,45234246,encoded,,20050,False
A,1297,45252850,encoded,,15502,False
B,1293,45267577,encoded,,12745,False
A,1298,45286185,encoded,,17863,False
B,1294,45300909,encoded,,18166,False
A,1299,45319528,encoded,,19808,False
B,1295,45334246,encoded,,16290,False
A,1300,45352863,encoded,,14231,False
B,1296,45367586,encoded,,13547,False
A,1301,45386194,encoded,,19185,False
B,1297,45400919,encoded,,12079,False
A,1302,45419515,encoded,,10905,False
B,1298,45434250,encoded,,14883,False
A,1303,45452864,encoded,,8817,False
B,1299,45467583,encoded,,23303,False
A,1304,45486190,encoded,,7705,False
B,1300,45500921,encoded,,12219,False
A,1305,45552852,encoded,,8184,False
B,1301,45567589,encoded,,8231,False
A,1306,45586185,encoded,,19715,False
B,1302,45600925,encoded,,15382,False
A,1307,45619525,encoded,,19555,False
B,1303,45634271,encoded,,12433,False
B,1304,45667595,encoded,,10566,False
A,1308,45652862,encoded,,13314,False
A,1309,45686207,encoded,,11673,False
B,1305,45700917,encoded,,16721,False
A,1310,45719539,encoded,,10666,False
B,1306,45734259,encoded,,11180,False
A,1311,45752867,encoded,,10513,False
B,1307,45767585,encoded,,9503,False
A,1312,45786194,encoded,,9379,False
B,1308,45800926,encoded,,9199,False
A,1313,45819543,encoded,,9587,False
B,1309,45834257,encoded,,9147,False
A,1314,45852861,encoded,,8823,False
B,1310,45867597,encoded,,8481,False
A,1315,45886201,encoded,,8348,False
B,1311,45900928,encoded,,7091,False
A,1316,45919529,encoded,,7978,False
B,1312,45934269,encoded,,6650,False
A,1317,45952879,encoded,,7562,False
B,1313,46000924,encoded,,7176,False
A,1318,45986203,encoded,,7620,False
B,1314,46034256,encoded,,6331,False
A,1319,46019536,encoded,,8277,False
B,1315,46067592,encoded,,14943,False
A,1320,46086197,encoded,,16666,False
B,1316,46100931,encoded,,23206,False
A,1321,46119536,encoded,,30087,False
B,1317,46134269,encoded,,9788,False
A,1322,46152884,encoded,,4257,False
B,1318,46167615,encoded,,16667,False
A,1323,46186209,encoded,,15656,False
B,1319,46200938,encoded,,16667,False
A,1324,46219533,encoded,,125593,True
B,1320,46234264,encoded,,16666,False
A,1325,46252929,encoded,,23612,False
B,1321,46267601,encoded,,120458,True
A,1326,46286208,encoded,,9389,False
B,1322,46300939,encoded,,19800,False
A,1327,46319534,encoded,,15271,False
B,1323,46334271,encoded,,10646,False
A,1328,46352875,encoded,,17680,False
B,1324,46367604,encoded,,16660,False
A,1329,46386208,encoded,,22981,False
B,1325,46400936,encoded,,15473,False
A,1330,46419541,encoded,,16126,False
B,1326,46434279,encoded,,21156,False
B,1327,46467602,encoded,,15488,False
A,1331,46452875,encoded,,19866,False
A,1332,46486214,encoded,,10820,False
B,1328,46500943,encoded,,14292,False
A,1333,46519568,encoded,,9060,False
A,1334,46552925,encoded,,7821,False
B,1329,46534294,encoded,,15607,False
B,1330,46600944,encoded,,11690,False
A,1335,46586206,encoded,,7625,False
B,1331,46634270,encoded,,21688,False
A,1336,46652889,encoded,,19322,False
B,1332,46667616,encoded,,13860,False
A,1337,46686210,encoded,,19629,False
B,1333,46700947,encoded,,12671,False
A,1338,46719554,encoded,,3141,False
B,1334,46734280,encoded,,10523,False
A,1339,46752899,encoded,,16936,False
B,1335,46767615,encoded,,19417,False
A,1340,46786210,encoded,,12988,False
B,1336,46800948,encoded,,13201,False
A,1341,46819543,encoded,,10427,False
B,1337,46834276,encoded,,11310,False
A,1342,46852893,encoded,,9982,False
B,1338,46867621,encoded,,11854,False
A,1343,46886213,encoded,,9704,False
B,1339,46900944,encoded,,8875,False
A,1344,46919545,encoded,,9345,False
B,1340,46934277,encoded,,8765,False
A,1345,46952895,encoded,,8640,False
B,1341,46967610,encoded,,8908,False
A,1346,46986220,encoded,,9019,False
A,1347,47019554,encoded,,8290,False
B,1342,47000952,encoded,,7339,False
A,1348,47052908,encoded,,7771,False
B,1343,47034288,encoded,,7895,False
A,1349,47086217,encoded,,7742,False
B,1344,47067618,encoded,,7748,False
A,1350,47119559,encoded,,11220,False
B,1345,47100957,encoded,,8237,False
A,1351,47152908,encoded,,16667,False
B,1346,47134283,encoded,,6239,False
A,1352,47186227,encoded,,16667,False
B,1347,47167615,encoded,,10200,False
A,1353,47219561,encoded,,16666,False
B,1348,47234293,encoded,,16667,False
B,1349,47267618,encoded,,21935,False
A,1354,47252919,encoded,,125415,True
B,1350,47300954,encoded,,11398,False
A,1355,47286223,encoded,,19454,False
B,1351,47334326,encoded,,134633,True
A,1356,47352890,encoded,,10716,False
B,1352,47367628,encoded,,5012,False
A,1357,47386231,encoded,,18963,False
B,1353,47400975,encoded,,12939,False
A,1358,47419558,encoded,,18076,False
B,1354,47434305,encoded,,14781,False
A,1359,47452892,encoded,,21409,False
B,1355,47467634,encoded,,17175,False
A,1360,47486239,encoded,,22240,False
B,1356,47500963,encoded,,15783,False
A,1361,47519583,encoded,,11481,False
B,1357,47534304,encoded,,16228,False
B,1358,47567639,encoded,,22440,False
A,1362,47552915,encoded,,9449,False
A,1363,47619565,encoded,,8739,False
B,1359,47634298,encoded,,12898,False
A,1364,47652903,encoded,,7678,False
B,1360,47667624,encoded,,9940,False
A,1365,47686239,encoded,,19261,False
B,1361,47700974,encoded,,16174,False
A,1366,47719576,encoded,,20347,False
B,1362,47734305,encoded,,10479,False
A,1367,47752904,encoded,,13466,False
B,1363,47767648,encoded,,9472,False
A,1368,47786235,encoded,,11368,False
B,1364,47800968,encoded,,11392,False
A,1369,47819597,encoded,,11222,False
B,1365,47834309,encoded,,17313,False
A,1370,47852924,encoded,,9988,False
B,1366,47867631,encoded,,11004,False
A,1371,47886246,encoded,,9610,False
B,1367,47900967,encoded,,9434,False
A,1372,47919585,encoded,,9152,False
B,1368,47934298,encoded,,9456,False
A,1373,47952915,encoded,,8593,False
B,1369,47967631,encoded,,8661,False
A,1374,47986237,encoded,,8754,False
B,1370,48000981,encoded,,8980,False
A,1375,48019570,encoded,,7949,False
B,1371,48034302,encoded,,9001,False
A,1376,48052915,encoded,,8444,False
B,1372,48067639,encoded,,8019,False
A,1377,48086254,encoded,,8596,False
B,1373,48100977,encoded,,9410,False
A,1378,48119577,encoded,,7759,False
B,1374,48167635,encoded,,12296,False
A,1379,48152917,encoded,,8530,False
B,1375,48200976,encoded,,7828,False
A,1380,48219591,encoded,,13341,False
B,1376,48234307,encoded,,13159,False
A,1381,48252905,encoded,,16667,False
B,1377,48267657,encoded,,16093,False
A,1382,48286242,encoded,,19956,False
B,1378,48300982,encoded,,16667,False
A,1383,48319616,encoded,,13377,False
B,1379,48334326,encoded,,16667,False
A,1384,48352928,encoded,,125501,True
B,1380,48367648,encoded,,16666,False
A,1385,48386260,encoded,,17680,False
B,1381,48400981,encoded,,120636,True
A,1386,48419577,encoded,,7866,False
B,1382,48434319,encoded,,16894,False
A,1387,48452911,encoded,,23020,False
B,1383,48467645,encoded,,11158,False
A,1388,48486252,encoded,,17874,False
B,1384,48500978,encoded,,22402,False
A,1389,48519585,encoded,,25461,False
B,1385,48534311,encoded,,14929,False
A,1390,48552913,encoded,,16361,False
B,1386,48567657,encoded,,20426,False
A,1391,48586252,encoded,,17512,False
B,1387,48600990,encoded,,20816,False
A,1392,48619600,encoded,,11139,False
B,1388,48634325,encoded,,14261,False
A,1393,48652922,encoded,,9853,False
B,1389,48667651,encoded,,12161,False
A,1394,48686269,encoded,,8169,False
B,1390,48701007,encoded,,10518,False
A,1395,48719583,encoded,,8388,False
B,1391,48734319,encoded,,22431,False
A,1396,48786262,encoded,,19445,False
B,1392,48767678,encoded,,13733,False
A,1397,48819585,encoded,,20396,False
B,1393,48834321,encoded,,8867,False
A,1398,48852927,encoded,,13651,False
B,1394,48867665,encoded,,13395,False
A,1399,48886268,encoded,,11758,False
B,1395,48900987,encoded,,11909,False
A,1400,48919612,encoded,,10830,False
B,1396,48934347,encoded,,11772,False
A,1401,48952931,encoded,,9855,False
B,1397,48967665,encoded,,10404,False
A,1402,48986264,encoded,,9582,False
B,1398,49000992,encoded,,19440,False
A,1403,49019594,encoded,,9015,False
B,1399,49034323,encoded,,12215,False
A,1404,49052923,encoded,,9535,False
B,1400,49067664,encoded,,9713,False
A,1405,49086261,encoded,,8888,False
B,1401,49100988,encoded,,9999,False
A,1406,49119624,encoded,,8129,False
B,1402,49134324,encoded,,9956,False
A,1407,49152937,encoded,,7692,False
B,1403,49167661,encoded,,9202,False
A,1408,49186276,encoded,,7702,False
B,1404,49234342,encoded,,10091,False
A,1409,49219592,encoded,,7521,False
B,1405,49267666,encoded,,7577,False
A,1410,49252927,encoded,,7763,False
B,1406,49300992,encoded,,8283,False
A,1411,49319601,encoded,,16081,False
B,1407,49334327,encoded,,8282,False
A,1412,49352933,encoded,,38128,False
B,1408,49367668,encoded,,7964,False
A,1413,49386287,encoded,,4237,False
B,1409,49400993,encoded,,13900,False
A,1414,49419604,encoded,,116350,True
B,1410,49434327,encoded,,16666,False
A,1415,49452944,encoded,,17072,False
B,1411,49467671,encoded,,120462,True
A,1416,49486275,encoded,,13234,False
B,1412,49501009,encoded,,17667,False
A,1417,49519614,encoded,,23805,False
B,1413,49534330,encoded,,12200,False
A,1418,49552932,encoded,,12392,False
B,1414,49567669,encoded,,11904,False
A,1419,49586268,encoded,,19584,False
B,1415,49601014,encoded,,14771,False
A,1420,49619601,encoded,,15676,False
B,1416,49634346,encoded,,11600,False
A,1421,49652939,encoded,,12563,False
B,1417,49667667,encoded,,12369,False
A,1422,49686284,encoded,,15888,False
B,1418,49701014,encoded,,11591,False
A,1423,49719622,encoded,,18212,False
B,1419,49734356,encoded,,20686,False
A,1424,49786302,encoded,,9200,False
B,1420,49801014,encoded,,16013,False
A,1425,49819609,encoded,,8058,False
B,1421,49834336,encoded,,15662,False
A,1426,49852938,encoded,,7330,False
B,1422,49867673,encoded,,18589,False
A,1427,49886274,encoded,,6909,False
B,1423,49901015,encoded,,15166,False
A,1428,49919614,encoded,,20157,False
B,1424,49934354,encoded,,12458,False
A,1429,49952948,encoded,,19929,False
B,1425,49967694,encoded,,14143,False
A,1430,49986290,encoded,,12186,False
B,1426,50001023,encoded,,20066,False
A,1431,50019620,encoded,,11869,False
B,1427,50034342,encoded,,10834,False
A,1432,50052948,encoded,,10573,False
B,1428,50067677,encoded,,10198,False
A,1433,50086279,encoded,,10132,False
B,1429,50101018,encoded,,10606,False
A,1434,50119615,encoded,,9211,False
B,1430,50134344,encoded,,9280,False
A,1435,50152947,encoded,,8588,False
B,1431,50167682,encoded,,9442,False
A,1436,50186299,encoded,,8459,False
B,1432,50201012,encoded,,8852,False
A,1437,50219618,encoded,,8411,False
B,1433,50234366,encoded,,8200,False
A,1438,50252962,encoded,,8910,False
B,1434,50267698,encoded,,8027,False
A,1439,50286297,encoded,,9053,False
B,1435,50334353,encoded,,9311,False
A,1440,50319635,encoded,,7648,False
B,1436,50367693,encoded,,8063,False
A,1441,50352951,encoded,,16236,False
B,1437,50401029,encoded,,11840,False
A,1442,50419638,encoded,,17051,False
B,1438,50434360,encoded,,16667,False
A,1443,50452955,encoded,,16282,False
B,1439,50467696,encoded,,16667,False
A,1444,50486305,encoded,,125766,True
B,1440,50501032,encoded,,16666,False
A,1445,50519632,encoded,,20564,False
B,1441,50534353,encoded,,134583,True
A,1446,50552951,encoded,,10964,False
B,1442,50567684,encoded,,15735,False
A,1447,50586297,encoded,,22215,False
B,1443,50601026,encoded,,5568,False
A,1448,50619632,encoded,,18636,False
B,1444,50634372,encoded,,13709,False
A,1449,50652957,encoded,,20783,False
B,1445,50667688,encoded,,13210,False
A,1450,50686297,encoded,,20949,False
B,1446,50701029,encoded,,9044,False
A,1451,50719637,encoded,,12337,False
B,1447,50734383,encoded,,12806,False
A,1452,50752983,encoded,,9024,False
B,1448,50767695,encoded,,21074,False
A,1453,50786310,encoded,,8843,False
B,1449,50801040,encoded,,12276,False
A,1454,50819628,encoded,,7616,False
B,1450,50867693,encoded,,16638,False
A,1455,50852959,encoded,,7308,False
B,1451,50901026,encoded,,11923,False
A,1456,50919629,encoded,,6069,False
B,1452,50934372,encoded,,9904,False
A,1457,50952963,encoded,,25917,False
B,1453,50967709,encoded,,14637,False
A,1458,50986301,encoded,,14068,False
B,1454,51001034,encoded,,20722,False
A,1459,51019632,encoded,,12635,False
B,1455,51034386,encoded,,11401,False
A,1460,51052972,encoded,,10884,False
B,1456,51067703,encoded,,9625,False
A,1461,51086313,encoded,,10393,False
B,1457,51101048,encoded,,9831,False
A,1462,51119633,encoded,,9422,False
B,1458,51134364,encoded,,9279,False
A,1463,51152974,encoded,,8916,False
B,1459,51167712,encoded,,7911,False
A,1464,51186304,encoded,,8783,False
B,1460,51201051,encoded,,7753,False
A,1465,51219658,encoded,,8524,False
B,1461,51234378,encoded,,7922,False
A,1466,51252980,encoded,,8656,False
B,1462,51267730,encoded,,6541,False
A,1467,51286337,encoded,,8131,False
B,1463,51334377,encoded,,8627,False
A,1468,51352982,encoded,,7815,False
B,1464,51367708,encoded,,9281,False
A,1469,51386304,encoded,,8116,False
B,1465,51401045,encoded,,16667,False
A,1470,51419646,encoded,,16666,False
B,1466,51434383,encoded,,21622,False
A,1471,51452972,encoded,,39066,False
B,1467,51467706,encoded,,11711,False
A,1472,51486304,encoded,,4051,False
B,1468,51501042,encoded,,16667,False
A,1473,51519671,encoded,,6883,False
B,1469,51534378,encoded,,16667,False
A,1474,51552974,encoded,,125592,True
B,1470,51567722,encoded,,16666,False
A,1475,51586319,encoded,,17936,False
B,1471,51601049,encoded,,120293,True
A,1476,51619649,encoded,,7775,False
B,1472,51634376,encoded,,19672,False
A,1477,51652983,encoded,,23588,False
B,1473,51667714,encoded,,10698,False
A,1478,51686317,encoded,,18097,False
B,1474,51701044,encoded,,11822,False
A,1479,51719644,encoded,,23514,False
B,1475,51734391,encoded,,14798,False
A,1480,51752984,encoded,,21479,False
B,1476,51767710,encoded,,9754,False
A,1481,51786316,encoded,,11734,False
B,1477,51801047,encoded,,23675,False
A,1482,51819650,encoded,,9799,False
B,1478,51834402,encoded,,12243,False
A,1483,51852994,encoded,,8241,False
B,1479,51901058,encoded,,14283,False
A,1484,51919646,encoded,,7585,False
B,1480,51934379,encoded,,16259,False
A,1485,51952981,encoded,,7041,False
B,1481,51967721,encoded,,16389,False
A,1486,51986313,encoded,,20193,False
B,1482,52001052,encoded,,13285,False
A,1487,52019678,encoded,,19180,False
A,1488,52052990,encoded,,3132,False
B,1483,52034399,encoded,,16415,False
B,1484,52067730,encoded,,20158,False
A,1489,52086317,encoded,,16104,False
B,1485,52101070,encoded,,11748,False
A,1490,52119662,encoded,,14306,False
B,1486,52134387,encoded,,9958,False
A,1491,52152985,encoded,,12116,False
B,1487,52167727,encoded,,9148,False
A,1492,52186328,encoded,,9679,False
B,1488,52201074,encoded,,8778,False
A,1493,52219663,encoded,,9741,False
B,1489,52234409,encoded,,8103,False
A,1494,52252994,encoded,,9064,False
B,1490,52267744,encoded,,7554,False
A,1495,52286327,encoded,,8635,False
B,1491,52301060,encoded,,7879,False
A,1496,52319689,encoded,,8351,False
B,1492,52334405,encoded,,6187,False
A,1497,52353008,encoded,,8057,False
B,1493,52367724,encoded,,6521,False
A,1498,52386346,encoded,,8440,False
B,1494,52401062,encoded,,13265,False
A,1499,52419674,encoded,,7676,False
B,1495,52434394,encoded,,10859,False
A,1500,52453005,encoded,,12945,False
B,1496,52501068,encoded,,13590,False
A,1501,52519662,encoded,,16667,False
B,1497,52534395,encoded,,16666,False
A,1502,52552995,encoded,,18217,False
B,1498,52567730,encoded,,16667,False
A,1503,52586331,encoded,,15116,False
B,1499,52601068,encoded,,16667,False
A,1504,52619692,encoded,,125691,True
B,1500,52634404,encoded,,16666,False
A,1505,52653020,encoded,,22509,False
B,1501,52667735,encoded,,120161,True
A,1506,52686347,encoded,,9556,False
B,1502,52701076,encoded,,20234,False
A,1507,52719665,encoded,,15265,False
B,1503,52734401,encoded,,13938,False
A,1508,52753003,encoded,,17990,False
B,1504,52767732,encoded,,15743,False
A,1509,52786338,encoded,,23125,False
B,1505,52801070,encoded,,14243,False
A,1510,52819672,encoded,,20866,False
B,1506,52834413,encoded,,16235,False
A,1511,52852998,encoded,,11516,False
B,1507,52867760,encoded,,22247,False
A,1512,52886338,encoded,,9306,False
B,1508,52901067,encoded,,18461,False
A,1513,52919678,encoded,,7914,False
B,1509,52934419,encoded,,17961,False
A,1514,52953034,encoded,,7177,False
B,1510,52967745,encoded,,11979,False
A,1515,52986344,encoded,,18833,False
B,1511,53034404,encoded,,11018,False
A,1516,53019691,encoded,,20560,False
B,1512,53067737,encoded,,18563,False
A,1517,53086336,encoded,,2958,False
B,1513,53101082,encoded,,11485,False
A,1518,53119674,encoded,,16214,False
B,1514,53134434,encoded,,10808,False
A,1519,53153012,encoded,,11554,False
B,1515,53167766,encoded,,9810,False
A,1520,53186345,encoded,,10351,False
B,1516,53201095,encoded,,9222,False
A,1521,53219673,encoded,,9619,False
B,1517,53234439,encoded,,8638,False
A,1522,53253008,encoded,,8857,False
B,1518,53267751,encoded,,7900,False
A,1523,53286354,encoded,,8935,False
B,1519,53301076,encoded,,7509,False
A,1524,53319679,encoded,,8764,False
B,1520,53334409,encoded,,6129,False
A,1525,53353008,encoded,,8281,False
B,1521,53367754,encoded,,6800,False
A,1526,53386360,encoded,,8260,False
B,1522,53401086,encoded,,7013,False
A,1527,53419691,encoded,,7831,False
B,1523,53434414,encoded,,13763,False
A,1528,53453014,encoded,,7867,False
B,1524,53467762,encoded,,10811,False
A,1529,53519682,encoded,,13535,False
B,1525,53534420,encoded,,10546,False
A,1530,53553017,encoded,,16666,False
B,1526,53567752,encoded,,12117,False
A,1531,53586353,encoded,,16667,False
B,1527,53601089,encoded,,16666,False
A,1532,53619684,encoded,,16667,False
B,1528,53634426,encoded,,16667,False
A,1533,53653015,encoded,,16666,False
B,1529,53667766,encoded,,16667,False
A,1534,53686366,encoded,,125481,True
B,1530,53701108,encoded,,16666,False
A,1535,53719703,encoded,,26097,False
B,1531,53734442,encoded,,134466,True
A,1536,53753036,encoded,,9665,False
B,1532,53767756,encoded,,15204,False
A,1537,53786352,encoded,,12633,False
B,1533,53801096,encoded,,8290,False
A,1538,53819690,encoded,,17295,False
B,1534,53834434,encoded,,17296,False
A,1539,53853027,encoded,,22812,False
B,1535,53867756,encoded,,21279,False
A,1540,53886357,encoded,,20846,False
B,1536,53901087,encoded,,16252,False
A,1541,53919690,encoded,,11265,False
B,1537,53934425,encoded,,24389,False
A,1542,53953028,encoded,,9108,False
B,1538,53967771,encoded,,13343,False
A,1543,53986373,encoded,,8299,False
B,1539,54001105,encoded,,11559,False
A,1544,54019707,encoded,,20652,False
B,1540,54034423,encoded,,9723,False
A,1545,54053024,encoded,,20583,False
B,1541,54067765,encoded,,17493,False
A,1546,54086364,encoded,,2881,False
B,1542,54101113,encoded,,10564,False
A,1547,54119709,encoded,,17095,False
B,1543,54167768,encoded,,10021,False
A,1548,54186362,encoded,,12023,False
B,1544,54201100,encoded,,8593,False
A,1549,54219695,encoded,,10088,False
B,1545,54234440,encoded,,7944,False
A,1550,54253033,encoded,,9838,False
A,1551,54286361,encoded,,8981,False
B,1546,54267770,encoded,,7409,False
A,1552,54319701,encoded,,8885,False
B,1547,54301105,encoded,,7507,False
A,1553,54353041,encoded,,8438,False
B,1548,54334438,encoded,,6721,False
A,1554,54386363,encoded,,8234,False
B,1549,54367783,encoded,,14249,False
A,1555,54419707,encoded,,8159,False
B,1550,54401100,encoded,,10462,False
A,1556,54453033,encoded,,8127,False
B,1551,54434433,encoded,,8478,False
B,1552,54467771,encoded,,7999,False
A,1557,54486374,encoded,,7822,False
B,1553,54501102,encoded,,8002,False
A,1558,54519708,encoded,,7537,False
B,1554,54534446,encoded,,8392,False
A,1559,54553032,encoded,,10490,False
B,1555,54567777,encoded,,11032,False
A,1560,54586373,encoded,,16666,False
B,1556,54601102,encoded,,16667,False
A,1561,54619705,encoded,,37673,False
B,1557,54634454,encoded,,24983,False
A,1562,54653049,encoded,,3873,False
B,1558,54667779,encoded,,8350,False
A,1563,54686385,encoded,,8454,False
B,1559,54701123,encoded,,16667,False
A,1564,54753040,encoded,,125514,True
B,1560,54734447,encoded,,16666,False
A,1565,54786373,encoded,,18152,False
B,1561,54801111,encoded,,120536,True
A,1566,54819707,encoded,,6913,False
B,1562,54834459,encoded,,16202,False
A,1567,54853056,encoded,,23318,False
B,1563,54867777,encoded,,14388,False
A,1568,54886374,encoded,,17792,False
B,1564,54901123,encoded,,16953,False
A,1569,54919716,encoded,,24099,False
B,1565,54934458,encoded,,16822,False
A,1570,54953049,encoded,,21344,False
B,1566,54967802,encoded,,12740,False
A,1571,54986386,encoded,,11752,False
B,1567,55001133,encoded,,26776,False
A,1572,55019714,encoded,,9371,False
B,1568,55034446,encoded,,14364,False
A,1573,55053044,encoded,,8351,False
B,1569,55067780,encoded,,15388,False
A,1574,55086378,encoded,,20415,False
B,1570,55101118,encoded,,15027,False
A,1575,55119718,encoded,,22054,False
A,1576,55153054,encoded,,2784,False
B,1571,55134449,encoded,,11634,False
B,1572,55167793,encoded,,12927,False
A,1577,55186390,encoded,,16609,False
B,1573,55201127,encoded,,10985,False
A,1578,55219736,encoded,,12237,False
B,1574,55234461,encoded,,18543,False
A,1579,55253075,encoded,,10632,False
B,1575,55267785,encoded,,11281,False
A,1580,55286396,encoded,,9837,False
A,1581,55319739,encoded,,9614,False
B,1576,55334455,encoded,,11142,False
B,1577,55367813,encoded,,8491,False
A,1582,55353056,encoded,,9211,False
B,1578,55401131,encoded,,8830,False
A,1583,55386403,encoded,,8671,False
B,1579,55434489,encoded,,8188,False
A,1584,55419718,encoded,,8346,False
B,1580,55467806,encoded,,8400,False
A,1585,55453056,encoded,,8507,False
B,1581,55501141,encoded,,8764,False
A,1586,55519730,encoded,,8007,False
B,1582,55534473,encoded,,8836,False
A,1587,55553063,encoded,,7848,False
B,1583,55567816,encoded,,8318,False
A,1588,55586389,encoded,,7553,False
B,1584,55601143,encoded,,13911,False
A,1589,55619722,encoded,,7172,False
B,1585,55634459,encoded,,12080,False
A,1590,55653065,encoded,,13897,False
B,1586,55667795,encoded,,10867,False
A,1591,55686407,encoded,,19532,False
B,1587,55701134,encoded,,11197,False
A,1592,55719746,encoded,,13802,False
B,1588,55734462,encoded,,13077,False
A,1593,55786398,encoded,,16666,False
B,1589,55801133,encoded,,16667,False
A,1594,55819738,encoded,,125645,True
B,1590,55834470,encoded,,16666,False
A,1595,55853066,encoded,,19496,False
B,1591,55867806,encoded,,120516,True
A,1596,55886412,encoded,,12475,False
B,1592,55901139,encoded,,20634,False
A,1597,55919731,encoded,,18980,False
B,1593,55934480,encoded,,11300,False
A,1598,55953066,encoded,,17092,False
B,1594,55967800,encoded,,13116,False
A,1599,55986420,encoded,,23799,False
B,1595,56001145,encoded,,21014,False
A,1600,56019755,encoded,,21015,False
B,1596,56034474,encoded,,13788,False
A,1601,56053081,encoded,,11904,False
B,1597,56067807,encoded,,13220,False
A,1602,56086414,encoded,,9852,False
B,1598,56101147,encoded,,21761,False
A,1603,56119764,encoded,,8376,False
B,1599,56134474,encoded,,16447,False
A,1604,56153068,encoded,,7788,False
B,1600,56167804,encoded,,14376,False
A,1605,56186405,encoded,,21571,False
B,1601,56201149,encoded,,12539,False
A,1606,56219741,encoded,,19581,False
B,1602,56234492,encoded,,13582,False
A,1607,56253077,encoded,,4094,False
B,1603,56267836,encoded,,13961,False
A,1608,56286428,encoded,,16437,False
B,1604,56334479,encoded,,14180,False
A,1609,56319750,encoded,,12192,False
B,1605,56367814,encoded,,11856,False
A,1610,56353081,encoded,,10132,False
B,1606,56401150,encoded,,13859,False
A,1611,56419752,encoded,,9627,False
B,1607,56434480,encoded,,13723,False
A,1612,56453079,encoded,,9147,False
B,1608,56467812,encoded,,18658,False
A,1613,56486412,encoded,,9535,False
B,1609,56501155,encoded,,12141,False
A,1614,56519740,encoded,,9118,False
B,1610,56534515,encoded,,13391,False
A,1615,56553090,encoded,,8987,False
B,1611,56567811,encoded,,11252,False
A,1616,56586425,encoded,,8231,False
B,1612,56601153,encoded,,10238,False
A,1617,56619742,encoded,,7892,False
A,1618,56653083,encoded,,8912,False
B,1613,56634488,encoded,,8599,False
A,1619,56686416,encoded,,9308,False
B,1614,56667817,encoded,,8045,False
A,1620,56719750,encoded,,8814,False
B,1615,56701154,encoded,,7042,False
A,1621,56753090,encoded,,16667,False
B,1616,56734505,encoded,,7507,False
A,1622,56786429,encoded,,29892,False
B,1617,56801154,encoded,,9860,False
A,1623,56819771,encoded,,4914,False
B,1618,56834492,encoded,,8193,False
A,1624,56853088,encoded,,125699,True
B,1619,56867819,encoded,,8536,False
A,1625,56886415,encoded,,18307,False
B,1620,56901154,encoded,,16666,False
A,1626,56919755,encoded,,7160,False
B,1621,56934487,encoded,,134447,True
A,1627,56953091,encoded,,23685,False
B,1622,56967834,encoded,,12917,False
A,1628,56986417,encoded,,18009,False
B,1623,57001161,encoded,,26966,False
A,1629,57019750,encoded,,24266,False
B,1624,57034531,encoded,,9115,False
A,1630,57053099,encoded,,21386,False
B,1625,57067887,encoded,,12892,False
A,1631,57086427,encoded,,11915,False
B,1626,57101161,encoded,,10620,False
A,1632,57119754,encoded,,9553,False
B,1627,57134504,encoded,,19386,False
A,1633,57153091,encoded,,8482,False
A,1634,57219762,encoded,,7707,False
B,1628,57201164,encoded,,11246,False
B,1629,57234497,encoded,,21398,False
A,1635,57253106,encoded,,21693,False
B,1630,57267842,encoded,,11922,False
A,1636,57286425,encoded,,4367,False
B,1631,57301187,encoded,,10967,False
A,1637,57319775,encoded,,21308,False
B,1632,57334498,encoded,,11590,False
A,1638,57353093,encoded,,13182,False
B,1633,57367828,encoded,,11312,False
A,1639,57386427,encoded,,12003,False
B,1634,57401178,encoded,,11288,False
B,1635,57434534,encoded,,17824,False
A,1640,57419760,encoded,,11243,False
B,1636,57467830,encoded,,14264,False
A,1641,57453103,encoded,,10129,False
B,1637,57501164,encoded,,11871,False
A,1642,57486427,encoded,,9322,False
B,1638,57534503,encoded,,13766,False
A,1643,57519763,encoded,,9495,False
B,1639,57567836,encoded,,11763,False
A,1644,57553107,encoded,,9220,False
B,1640,57601173,encoded,,8732,False
A,1645,57586431,encoded,,8688,False
B,1641,57634515,encoded,,9191,False
A,1646,57619768,encoded,,8354,False
A,1647,57653108,encoded,,7994,False
B,1642,57667848,encoded,,10692,False
A,1648,57686435,encoded,,7788,False
B,1643,57701188,encoded,,8399,False
A,1649,57719764,encoded,,8754,False
B,1644,57734527,encoded,,9815,False
A,1650,57753103,encoded,,8818,False
B,1645,57767855,encoded,,10217,False
A,1651,57819772,encoded,,16667,False
B,1646,57834511,encoded,,9917,False
A,1652,57853099,encoded,,31918,False
B,1647,57867855,encoded,,8870,False
A,1653,57886444,encoded,,6627,False
B,1648,57901182,encoded,,13285,False
A,1654,57919775,encoded,,116483,True
B,1649,57934516,encoded,,10093,False
A,1655,57953112,encoded,,21443,False
B,1650,57967862,encoded,,15235,False
A,1656,57986454,encoded,,15496,False
B,1651,58001176,encoded,,120123,True
A,1657,58019773,encoded,,18549,False
B,1652,58034510,encoded,,20915,False
A,1658,58053114,encoded,,24554,False
B,1653,58067844,encoded,,10008,False
A,1659,58086444,encoded,,22966,False
B,1654,58101179,encoded,,14042,False
A,1660,58119774,encoded,,16361,False
B,1655,58134519,encoded,,15398,False
A,1661,58153109,encoded,,19246,False
B,1656,58167843,encoded,,11629,False
A,1662,58186444,encoded,,11472,False
B,1657,58201191,encoded,,23323,False
A,1663,58219830,encoded,,8981,False
B,1658,58234518,encoded,,12825,False
B,1659,58267847,encoded,,13662,False
A,1664,58253116,encoded,,8404,False
B,1660,58334517,encoded,,11057,False
A,1665,58286461,encoded,,7993,False
A,1666,58319780,encoded,,6690,False
B,1661,58367871,encoded,,17554,False
A,1667,58386449,encoded,,6361,False
B,1662,58401198,encoded,,22371,False
A,1668,58419788,encoded,,20169,False
B,1663,58434517,encoded,,11807,False
A,1669,58453115,encoded,,4935,False
B,1664,58467863,encoded,,20572,False
A,1670,58486452,encoded,,20222,False
B,1665,58501192,encoded,,13765,False
A,1671,58519782,encoded,,12483,False
B,1666,58534540,encoded,,12675,False
A,1672,58553124,encoded,,10963,False
B,1667,58567863,encoded,,10895,False
A,1673,58586450,encoded,,9944,False
B,1668,58601186,encoded,,9606,False
A,1674,58619789,encoded,,9295,False
B,1669,58634526,encoded,,9086,False
A,1675,58653117,encoded,,8792,False
B,1670,58667885,encoded,,8095,False
A,1676,58686459,encoded,,8424,False
B,1671,58701199,encoded,,9108,False
A,1677,58719794,encoded,,8469,False
B,1672,58734531,encoded,,8691,False
A,1678,58753136,encoded,,8241,False
B,1673,58801198,encoded,,8767,False
A,1679,58786470,encoded,,8122,False
B,1674,58834533,encoded,,7863,False
A,1680,58819806,encoded,,9730,False
B,1675,58867864,encoded,,8437,False
A,1681,58853128,encoded,,16667,False
B,1676,58901197,encoded,,8233,False
A,1682,58919789,encoded,,32161,False
B,1677,58934541,encoded,,9493,False
A,1683,58953129,encoded,,4803,False
B,1678,58967863,encoded,,16667,False
A,1684,58986461,encoded,,125749,True
B,1679,59001215,encoded,,25000,False
A,1685,59019810,encoded,,19127,False
B,1680,59034542,encoded,,8333,False
A,1686,59053133,encoded,,6909,False
B,1681,59067870,encoded,,120641,True
A,1687,59086484,encoded,,23966,False
B,1682,59101205,encoded,,18000,False
A,1688,59119797,encoded,,20120,False
B,1683,59134534,encoded,,17282,False
A,1689,59153137,encoded,,19827,False
B,1684,59167888,encoded,,17832,False
A,1690,59186461,encoded,,16803,False
B,1685,59201205,encoded,,10913,False
A,1691,59219802,encoded,,14173,False
B,1686,59234535,encoded,,16495,False
A,1692,59253138,encoded,,15297,False
B,1687,59267885,encoded,,16204,False
A,1693,59286473,encoded,,9551,False
B,1688,59334537,encoded,,15292,False
A,1694,59353141,encoded,,8452,False
A,1695,59386467,encoded,,7406,False
B,1689,59367870,encoded,,13609,False
A,1696,59419812,encoded,,8283,False
B,1690,59401206,encoded,,24442,False
A,1697,59453139,encoded,,7574,False
B,1691,59434541,encoded,,11530,False
A,1698,59486476,encoded,,26499,False
B,1692,59467875,encoded,,16890,False
A,1699,59519804,encoded,,3222,False
B,1693,59501209,encoded,,13188,False
A,1700,59553143,encoded,,17198,False
B,1694,59534545,encoded,,12024,False
A,1701,59586474,encoded,,11820,False
B,1695,59567878,encoded,,10408,False
B,1696,59601214,encoded,,18304,False
A,1702,59619809,encoded,,10788,False
B,1697,59634568,encoded,,12154,False
A,1703,59653141,encoded,,9521,False
B,1698,59667894,encoded,,11375,False
A,1704,59686482,encoded,,9734,False
B,1699,59701215,encoded,,9689,False
A,1705,59719809,encoded,,8840,False
B,1700,59734555,encoded,,10462,False
A,1706,59753151,encoded,,8721,False
B,1701,59767883,encoded,,8687,False
A,1707,59786475,encoded,,8313,False
B,1702,59801214,encoded,,8567,False
A,1708,59853147,encoded,,8127,False
B,1703,59867884,encoded,,9296,False
A,1709,59886482,encoded,,7865,False
B,1704,59901218,encoded,,6969,False
A,1710,59919827,encoded,,12484,False
B,1705,59934558,encoded,,6972,False
A,1711,59953150,encoded,,16667,False
B,1706,59967905,encoded,,6939,False
A,1712,59986480,encoded,,16667,False
B,1707,60001241,encoded,,13618,False
A,1713,60019829,encoded,,16666,False
B,1708,60034555,encoded,,10784,False
A,1714,60053146,encoded,,125506,True
B,1709,60067895,encoded,,14768,False
A,1715,60086487,encoded,,20657,False
B,1710,60101229,encoded,,16666,False
B,1711,60134554,encoded,,134390,True
A,1716,60119819,encoded,,10649,False
A,1717,60153151,encoded,,16831,False
B,1712,60167905,encoded,,15615,False
A,1718,60186490,encoded,,17348,False
B,1713,60201225,encoded,,9391,False
A,1719,60219822,encoded,,23022,False
B,1714,60234562,encoded,,16322,False
A,1720,60253155,encoded,,20935,False
B,1715,60267898,encoded,,14115,False
A,1721,60286483,encoded,,11488,False
B,1716,60301233,encoded,,15949,False
A,1722,60319823,encoded,,9861,False
B,1717,60367893,encoded,,14637,False
A,1723,60386488,encoded,,8882,False
B,1718,60401227,encoded,,14559,False
A,1724,60419823,encoded,,8272,False
B,1719,60434573,encoded,,11121,False
