camera,sequence,pts_us,status,drop_reason,encoded_bytes,keyframe
A,0,299636,dropped,camera_frame_error,,
B,0,563635,dropped,camera_frame_error,,
A,1,332971,encoded,,65779,True
A,2,566303,encoded,,208,False
B,1,596974,encoded,,77538,True
A,3,599637,encoded,,700,False
B,2,630315,encoded,,198,False
A,4,632969,encoded,,11993,False
B,3,663649,encoded,,2351,False
A,5,666303,encoded,,64366,False
B,4,696984,encoded,,51459,False
A,6,699645,encoded,,155,False
B,5,730306,encoded,,3080,False
A,7,732981,encoded,,1990,False
B,6,763639,encoded,,11006,False
A,8,766305,encoded,,12217,False
A,9,799639,encoded,,15111,False
B,7,796971,encoded,,10991,False
B,8,830307,encoded,,14851,False
A,10,832971,encoded,,11518,False
B,9,863640,encoded,,14975,False
A,11,866305,encoded,,15140,False
B,10,896972,encoded,,17312,False
A,12,899639,encoded,,4919,False
A,13,932973,encoded,,18938,False
B,11,930309,encoded,,5643,False
B,12,963640,encoded,,4745,False
A,14,966319,encoded,,5907,False
B,13,996971,encoded,,21675,False
A,15,999655,encoded,,4360,False
B,14,1030306,encoded,,6954,False
A,16,1032980,encoded,,9059,False
B,15,1063644,encoded,,5935,False
A,17,1066320,encoded,,16667,False
B,16,1096973,encoded,,14314,False
A,18,1099649,encoded,,23227,False
B,17,1130311,encoded,,7365,False
A,19,1132970,encoded,,10106,False
B,18,1163643,encoded,,5882,False
A,20,1166314,encoded,,16667,False
B,19,1196979,encoded,,16086,False
A,21,1199639,encoded,,16666,False
B,20,1230307,encoded,,27065,False
A,22,1233000,encoded,,16667,False
B,21,1263655,encoded,,6268,False
A,23,1266315,encoded,,16667,False
B,22,1296971,encoded,,16667,False
A,24,1299645,encoded,,16666,False
B,23,1330303,encoded,,16667,False
A,25,1332986,encoded,,16667,False
B,24,1363638,encoded,,16666,False
A,26,1366313,encoded,,16667,False
B,25,1396977,encoded,,16667,False
A,27,1399650,encoded,,16666,False
B,26,1430307,encoded,,16667,False
A,28,1432972,encoded,,16667,False
B,27,1463654,encoded,,16666,False
A,29,1466317,encoded,,16667,False
A,30,1499644,encoded,,16666,False
B,28,1496973,encoded,,16667,False
B,29,1530305,encoded,,16667,False
A,31,1532976,encoded,,114701,True
B,30,1563642,encoded,,16666,False
A,32,1566325,encoded,,22449,False
B,31,1596974,encoded,,123951,True
A,33,1599642,encoded,,481,False
B,32,1630308,encoded,,19047,False
A,34,1632992,encoded,,3665,False
B,33,1663646,encoded,,757,False
A,35,1666315,encoded,,7560,False
B,34,1696972,encoded,,1924,False
A,36,1699643,encoded,,10848,False
B,35,1730307,encoded,,10685,False
A,37,1732986,encoded,,5180,False
B,36,1763639,encoded,,3620,False
A,38,1766307,encoded,,22469,False
B,37,1796977,encoded,,15670,False
A,39,1799647,encoded,,988,False
B,38,1830305,encoded,,5996,False
A,40,1832985,encoded,,11062,False
B,39,1863653,encoded,,4557,False
A,41,1866321,encoded,,6729,False
B,40,1896984,encoded,,17377,False
A,42,1899684,encoded,,5496,False
B,41,1930313,encoded,,7884,False
A,43,1932985,encoded,,5039,False
B,42,1963640,encoded,,6059,False
A,44,1966316,encoded,,16667,False
B,43,1996980,encoded,,5262,False
A,45,1999643,encoded,,20655,False
B,44,2030309,encoded,,10545,False
A,46,2032984,encoded,,12678,False
B,45,2063645,encoded,,16666,False
A,47,2066306,encoded,,16667,False
B,46,2096976,encoded,,24428,False
A,48,2099644,encoded,,16666,False
B,47,2130312,encoded,,8906,False
A,49,2132980,encoded,,16667,False
B,48,2163643,encoded,,16666,False
A,50,2166322,encoded,,16667,False
A,51,2199642,encoded,,16666,False
B,49,2196979,encoded,,16667,False
B,50,2230308,encoded,,16667,False
A,52,2232975,encoded,,16667,False
B,51,2263641,encoded,,16666,False
A,53,2266313,encoded,,16667,False
B,52,2296976,encoded,,16667,False
A,54,2299644,encoded,,16666,False
B,53,2330310,encoded,,16667,False
A,55,2332974,encoded,,16667,False
B,54,2363642,encoded,,16666,False
A,56,2366309,encoded,,16667,False
B,55,2396979,encoded,,16667,False
A,57,2399645,encoded,,16666,False
B,56,2430318,encoded,,16667,False
A,58,2432980,encoded,,16667,False
B,57,2463640,encoded,,16666,False
A,59,2466312,encoded,,16667,False
A,60,2499649,encoded,,16666,False
B,58,2496973,encoded,,16667,False
B,59,2530310,encoded,,16667,False
A,61,2532986,encoded,,114820,True
B,60,2563645,encoded,,16666,False
A,62,2566309,encoded,,17873,False
B,61,2596982,encoded,,123945,True
A,63,2599654,encoded,,12010,False
B,62,2630322,encoded,,10139,False
A,64,2632988,encoded,,12213,False
B,63,2663659,encoded,,14092,False
A,65,2666326,encoded,,16003,False
B,64,2696978,encoded,,14683,False
A,66,2699652,encoded,,15045,False
B,65,2730320,encoded,,12994,False
A,67,2732993,encoded,,16332,False
B,66,2763644,encoded,,21123,False
A,68,2766315,encoded,,9650,False
B,67,2796980,encoded,,8325,False
A,69,2799652,encoded,,7392,False
B,68,2830312,encoded,,20872,False
A,70,2832973,encoded,,6709,False
B,69,2863652,encoded,,8828,False
A,71,2866320,encoded,,5876,False
B,70,2896978,encoded,,7836,False
A,72,2899655,encoded,,5276,False
B,71,2930309,encoded,,6445,False
A,73,2932986,encoded,,19966,False
B,72,2963662,encoded,,5644,False
A,74,2966321,encoded,,10307,False
B,73,2996981,encoded,,5150,False
A,75,2999642,encoded,,8192,False
B,74,3030312,encoded,,4973,False
A,76,3032984,encoded,,7497,False
B,75,3063649,encoded,,4448,False
A,77,3066318,encoded,,6852,False
B,76,3096978,encoded,,27734,False
A,78,3099654,encoded,,7987,False
B,77,3130325,encoded,,1556,False
A,79,3132991,encoded,,16667,False
B,78,3163643,encoded,,14213,False
A,80,3166310,encoded,,29130,False
B,79,3196981,encoded,,9395,False
A,81,3199652,encoded,,4203,False
B,80,3230311,encoded,,10939,False
A,82,3232998,encoded,,16667,False
B,81,3263649,encoded,,16666,False
A,83,3266353,encoded,,16667,False
B,82,3296978,encoded,,16667,False
A,84,3299645,encoded,,16666,False
B,83,3330312,encoded,,16667,False
A,85,3332981,encoded,,16667,False
B,84,3363650,encoded,,16666,False
A,86,3366311,encoded,,16667,False
B,85,3396985,encoded,,16667,False
A,87,3399649,encoded,,16666,False
B,86,3430318,encoded,,16667,False
A,88,3432992,encoded,,16667,False
B,87,3463647,encoded,,16666,False
A,89,3466320,encoded,,16667,False
B,88,3496982,encoded,,16667,False
A,90,3499660,encoded,,16666,False
B,89,3530312,encoded,,16667,False
A,91,3532980,encoded,,123764,True
B,90,3563646,encoded,,16666,False
A,92,3566328,encoded,,25963,False
B,91,3596981,encoded,,123933,True
A,93,3599645,encoded,,3956,False
B,92,3630317,encoded,,9443,False
A,94,3632976,encoded,,11707,False
B,93,3663658,encoded,,13456,False
A,95,3666311,encoded,,20236,False
B,94,3696986,encoded,,22605,False
A,96,3699657,encoded,,12894,False
B,95,3730321,encoded,,23772,False
A,97,3733016,encoded,,8324,False
B,96,3763653,encoded,,17545,False
A,98,3766324,encoded,,18432,False
A,99,3799657,encoded,,16025,False
B,97,3796980,encoded,,14630,False
B,98,3830319,encoded,,8138,False
A,100,3832978,encoded,,10326,False
B,99,3863651,encoded,,6689,False
A,101,3866322,encoded,,8485,False
B,100,3896989,encoded,,5846,False
A,102,3899653,encoded,,7507,False
B,101,3930314,encoded,,19574,False
A,103,3932987,encoded,,6715,False
B,102,3963663,encoded,,11112,False
A,104,3966324,encoded,,6290,False
B,103,3996981,encoded,,18340,False
A,105,3999652,encoded,,6437,False
B,104,4030328,encoded,,9991,False
A,106,4032992,encoded,,5984,False
B,105,4063646,encoded,,8779,False
A,107,4066318,encoded,,5692,False
B,106,4096984,encoded,,7929,False
A,108,4099657,encoded,,24263,False
B,107,4130316,encoded,,7102,False
A,109,4132981,encoded,,2249,False
A,110,4166315,encoded,,15962,False
B,108,4163655,encoded,,6411,False
B,109,4196980,encoded,,6281,False
A,111,4199645,encoded,,10970,False
B,110,4230316,encoded,,6600,False
A,112,4232980,encoded,,14486,False
B,111,4263650,encoded,,6818,False
A,113,4266320,encoded,,16667,False
A,114,4299658,encoded,,16666,False
B,112,4296983,encoded,,11673,False
B,113,4330317,encoded,,16667,False
A,115,4332991,encoded,,16667,False
B,114,4363655,encoded,,16666,False
A,116,4366323,encoded,,16667,False
B,115,4396982,encoded,,16667,False
A,117,4399653,encoded,,16666,False
A,118,4432997,encoded,,16667,False
B,116,4430319,encoded,,16667,False
B,117,4463649,encoded,,16666,False
A,119,4466314,encoded,,16667,False
B,118,4496982,encoded,,16667,False
A,120,4499646,encoded,,16666,False
B,119,4530316,encoded,,16667,False
A,121,4532987,encoded,,123657,True
B,120,4563658,encoded,,16666,False
A,122,4566312,encoded,,12050,False
B,121,4596980,encoded,,124017,True
A,123,4599659,encoded,,12050,False
B,122,4630331,encoded,,19658,False
A,124,4632995,encoded,,18498,False
B,123,4663651,encoded,,11112,False
A,125,4666326,encoded,,21522,False
B,124,4696987,encoded,,15323,False
A,126,4699659,encoded,,26443,False
B,125,4730319,encoded,,14565,False
A,127,4732989,encoded,,18633,False
B,126,4763653,encoded,,16255,False
A,128,4766317,encoded,,11301,False
B,127,4796981,encoded,,15644,False
A,129,4799647,encoded,,9462,False
B,128,4830322,encoded,,22656,False
A,130,4832984,encoded,,8126,False
B,129,4863651,encoded,,13669,False
A,131,4866312,encoded,,7201,False
B,130,4896987,encoded,,13942,False
A,132,4899657,encoded,,6865,False
B,131,4930317,encoded,,10914,False
A,133,4932992,encoded,,6270,False
B,132,4963652,encoded,,18990,False
A,134,4966326,encoded,,5594,False
B,133,4996985,encoded,,10369,False
A,135,4999661,encoded,,25109,False
B,134,5030324,encoded,,9176,False
A,136,5032989,encoded,,2918,False
B,135,5063651,encoded,,8225,False
A,137,5066327,encoded,,16392,False
A,138,5099655,encoded,,11554,False
B,136,5096987,encoded,,7682,False
B,137,5130314,encoded,,6863,False
A,139,5132997,encoded,,10376,False
B,138,5163657,encoded,,6743,False
A,140,5166314,encoded,,9489,False
B,139,5196985,encoded,,6239,False
A,141,5199662,encoded,,8377,False
B,140,5230322,encoded,,5721,False
A,142,5232996,encoded,,8403,False
B,141,5263652,encoded,,5267,False
A,143,5266323,encoded,,8539,False
B,142,5296990,encoded,,11579,False
A,144,5299661,encoded,,11171,False
B,143,5330318,encoded,,8725,False
A,145,5332983,encoded,,16667,False
B,144,5363656,encoded,,16666,False
A,146,5366318,encoded,,16667,False
B,145,5396992,encoded,,18573,False
A,147,5399659,encoded,,16666,False
B,146,5430330,encoded,,14761,False
A,148,5432993,encoded,,16667,False
B,147,5463651,encoded,,16666,False
A,149,5466313,encoded,,16667,False
B,148,5496989,encoded,,16667,False
A,150,5499661,encoded,,16666,False
B,149,5530317,encoded,,16667,False
A,151,5532995,encoded,,123490,True
B,150,5563656,encoded,,16666,False
A,152,5566318,encoded,,17308,False
B,151,5596986,encoded,,123836,True
A,153,5599667,encoded,,10513,False
B,152,5630335,encoded,,11696,False
A,154,5632996,encoded,,22593,False
B,153,5663652,encoded,,13477,False
A,155,5666321,encoded,,17630,False
B,154,5696995,encoded,,16010,False
A,156,5699652,encoded,,21918,False
B,155,5730325,encoded,,16726,False
A,157,5732984,encoded,,18358,False
B,156,5763660,encoded,,11684,False
A,158,5766339,encoded,,10950,False
B,157,5796988,encoded,,11209,False
A,159,5799662,encoded,,9730,False
B,158,5830317,encoded,,23253,False
A,160,5832994,encoded,,8615,False
B,159,5863650,encoded,,13222,False
A,161,5866331,encoded,,7294,False
B,160,5896986,encoded,,12473,False
A,162,5899648,encoded,,7005,False
B,161,5930328,encoded,,13337,False
A,163,5932994,encoded,,20694,False
B,162,5963657,encoded,,15038,False
A,164,5966328,encoded,,4029,False
B,163,5996987,encoded,,15892,False
A,165,5999666,encoded,,20088,False
B,164,6030320,encoded,,16885,False
A,166,6032998,encoded,,13075,False
B,165,6063654,encoded,,9271,False
A,167,6066324,encoded,,10738,False
B,166,6096991,encoded,,8174,False
A,168,6099660,encoded,,9810,False
B,167,6130320,encoded,,7819,False
A,169,6132994,encoded,,9258,False
B,168,6163659,encoded,,8224,False
A,170,6166327,encoded,,8798,False
B,169,6196988,encoded,,7776,False
A,171,6199652,encoded,,8334,False
B,170,6230322,encoded,,7060,False
A,172,6232988,encoded,,8028,False
B,171,6263655,encoded,,6340,False
A,173,6266329,encoded,,8383,False
B,172,6296995,encoded,,12749,False
A,174,6299663,encoded,,8061,False
B,173,6330324,encoded,,9544,False
A,175,6332985,encoded,,11967,False
B,174,6363659,encoded,,8918,False
A,176,6366326,encoded,,16667,False
B,175,6396987,encoded,,16054,False
A,177,6399653,encoded,,16666,False
B,176,6430321,encoded,,16667,False
A,178,6432984,encoded,,16667,False
B,177,6463654,encoded,,16666,False
A,179,6466326,encoded,,16667,False
A,180,6499650,encoded,,16666,False
B,178,6496993,encoded,,16667,False
B,179,6530321,encoded,,16667,False
A,181,6532999,encoded,,123762,True
A,182,6566332,encoded,,17966,False
B,180,6563659,encoded,,16666,False
A,183,6599667,encoded,,10380,False
B,181,6596988,encoded,,123861,True
B,182,6630327,encoded,,12231,False
A,184,6632986,encoded,,19995,False
B,183,6663655,encoded,,12505,False
A,185,6666320,encoded,,17623,False
A,186,6699653,encoded,,23487,False
B,184,6696993,encoded,,12638,False
B,185,6730321,encoded,,17538,False
A,187,6732984,encoded,,20634,False
B,186,6763660,encoded,,15116,False
A,188,6766328,encoded,,10981,False
B,187,6796989,encoded,,24423,False
A,189,6799661,encoded,,9125,False
B,188,6830335,encoded,,13567,False
A,190,6833009,encoded,,7887,False
B,189,6863655,encoded,,13927,False
A,191,6866331,encoded,,7030,False
B,190,6896993,encoded,,15274,False
A,192,6899666,encoded,,19365,False
B,191,6930323,encoded,,15669,False
A,193,6932997,encoded,,19784,False
B,192,6963663,encoded,,19307,False
A,194,6966330,encoded,,12890,False
B,193,6996990,encoded,,10489,False
A,195,6999658,encoded,,11206,False
B,194,7030322,encoded,,9063,False
A,196,7032996,encoded,,10343,False
B,195,7063656,encoded,,8410,False
A,197,7066330,encoded,,9428,False
B,196,7096987,encoded,,7793,False
A,198,7099666,encoded,,9310,False
B,197,7130324,encoded,,7354,False
A,199,7133001,encoded,,8869,False
B,198,7163657,encoded,,6556,False
A,200,7166329,encoded,,8192,False
B,199,7196991,encoded,,6372,False
A,201,7199664,encoded,,8382,False
B,200,7230327,encoded,,6032,False
A,202,7232991,encoded,,8202,False
B,201,7263658,encoded,,12810,False
A,203,7266333,encoded,,8055,False
A,204,7299663,encoded,,7701,False
B,202,7296992,encoded,,9706,False
B,203,7330322,encoded,,9032,False
A,205,7332996,encoded,,7578,False
B,204,7363674,encoded,,10327,False
A,206,7366340,encoded,,15159,False
B,205,7396987,encoded,,16667,False
A,207,7399661,encoded,,20091,False
B,206,7430336,encoded,,38205,False
A,208,7432995,encoded,,13242,False
B,207,7463665,encoded,,6825,False
A,209,7466332,encoded,,16667,False
B,208,7496992,encoded,,6251,False
A,210,7499661,encoded,,16666,False
B,209,7530325,encoded,,15386,False
A,211,7533000,encoded,,123611,True
A,212,7566329,encoded,,25452,False
B,210,7563661,encoded,,16666,False
B,211,7596995,encoded,,123589,True
A,213,7599653,encoded,,9238,False
B,212,7630329,encoded,,12898,False
A,214,7632997,encoded,,14952,False
B,213,7663669,encoded,,14198,False
A,215,7666319,encoded,,19278,False
B,214,7696992,encoded,,20606,False
A,216,7699655,encoded,,19182,False
B,215,7730332,encoded,,17770,False
A,217,7732985,encoded,,19388,False
B,216,7763660,encoded,,18015,False
A,218,7766320,encoded,,11372,False
B,217,7796989,encoded,,14100,False
A,219,7799652,encoded,,9787,False
B,218,7830324,encoded,,14230,False
A,220,7833006,encoded,,8144,False
B,219,7863665,encoded,,23440,False
A,221,7866337,encoded,,21050,False
B,220,7896992,encoded,,17571,False
A,222,7899663,encoded,,21711,False
B,221,7930331,encoded,,10443,False
A,223,7932996,encoded,,2731,False
A,224,7966336,encoded,,16278,False
B,222,7963673,encoded,,12446,False
B,223,7996999,encoded,,20318,False
A,225,7999655,encoded,,11594,False
A,226,8032987,encoded,,9914,False
B,224,8030327,encoded,,12462,False
B,225,8063663,encoded,,10646,False
A,227,8066322,encoded,,9576,False
B,226,8096991,encoded,,10621,False
A,228,8099653,encoded,,9620,False
B,227,8130333,encoded,,10553,False
A,229,8132987,encoded,,8908,False
B,228,8163661,encoded,,10432,False
A,230,8166323,encoded,,8886,False
B,229,8196999,encoded,,9973,False
A,231,8199668,encoded,,8396,False
B,230,8230327,encoded,,9833,False
A,232,8232987,encoded,,8586,False
B,231,8263664,encoded,,9616,False
A,233,8266334,encoded,,7801,False
B,232,8296993,encoded,,9164,False
A,234,8299669,encoded,,7828,False
B,233,8330328,encoded,,8023,False
A,235,8332991,encoded,,7542,False
B,234,8363661,encoded,,8342,False
A,236,8366323,encoded,,12509,False
B,235,8396997,encoded,,8099,False
A,237,8399655,encoded,,16666,False
B,236,8430342,encoded,,7798,False
A,238,8432991,encoded,,16667,False
B,237,8463667,encoded,,7177,False
A,239,8466324,encoded,,16667,False
A,240,8499658,encoded,,16666,False
B,238,8496994,encoded,,14304,False
B,239,8530327,encoded,,25965,False
A,241,8532997,encoded,,123742,True
B,240,8563660,encoded,,7971,False
A,242,8566332,encoded,,8548,False
B,241,8596999,encoded,,124132,True
A,243,8599664,encoded,,21669,False
B,242,8630339,encoded,,15050,False
A,244,8633006,encoded,,17202,False
B,243,8663665,encoded,,11675,False
A,245,8666335,encoded,,18651,False
A,246,8699671,encoded,,23416,False
B,244,8696993,encoded,,19475,False
B,245,8730325,encoded,,16016,False
A,247,8732992,encoded,,19585,False
B,246,8763661,encoded,,16729,False
A,248,8766332,encoded,,11151,False
B,247,8797000,encoded,,24326,False
A,249,8799671,encoded,,9642,False
B,248,8830332,encoded,,18914,False
A,250,8832999,encoded,,8324,False
B,249,8863666,encoded,,12859,False
A,251,8866320,encoded,,22258,False
B,250,8896997,encoded,,14508,False
A,252,8899656,encoded,,20123,False
B,251,8930336,encoded,,10255,False
A,253,8932991,encoded,,2769,False
B,252,8963662,encoded,,18454,False
A,254,8966327,encoded,,16044,False
B,253,8997000,encoded,,9436,False
A,255,8999659,encoded,,11289,False
B,254,9030338,encoded,,7899,False
A,256,9032992,encoded,,10120,False
B,255,9063665,encoded,,7425,False
A,257,9066333,encoded,,9294,False
B,256,9096997,encoded,,7213,False
A,258,9099655,encoded,,9772,False
B,257,9130336,encoded,,6477,False
A,259,9133002,encoded,,8669,False
B,258,9163659,encoded,,6139,False
A,260,9166322,encoded,,8356,False
B,259,9197002,encoded,,5456,False
A,261,9199670,encoded,,8809,False
B,260,9230328,encoded,,5543,False
A,262,9232996,encoded,,8028,False
B,261,9263660,encoded,,12465,False
A,263,9266332,encoded,,8371,False
B,262,9296997,encoded,,9420,False
A,264,9299666,encoded,,7686,False
B,263,9330327,encoded,,8746,False
A,265,9332991,encoded,,7236,False
B,264,9363663,encoded,,10785,False
A,266,9366337,encoded,,12580,False
B,265,9397000,encoded,,16667,False
A,267,9399667,encoded,,16666,False
B,266,9430329,encoded,,28980,False
A,268,9433005,encoded,,18021,False
B,267,9463666,encoded,,5174,False
A,269,9466333,encoded,,15313,False
B,268,9496998,encoded,,15846,False
A,270,9499682,encoded,,16666,False
B,269,9530331,encoded,,16667,False
A,271,9533002,encoded,,123531,True
B,270,9563664,encoded,,16666,False
A,272,9566341,encoded,,26039,False
B,271,9597002,encoded,,124042,True
A,273,9599700,encoded,,9366,False
B,272,9630328,encoded,,13069,False
A,274,9632997,encoded,,12992,False
B,273,9663668,encoded,,14737,False
A,275,9666333,encoded,,19095,False
B,274,9696998,encoded,,13564,False
A,276,9699670,encoded,,11265,False
B,275,9730334,encoded,,15904,False
A,277,9732999,encoded,,9441,False
B,276,9763675,encoded,,12587,False
A,278,9766340,encoded,,21436,False
B,277,9797000,encoded,,21845,False
A,279,9799679,encoded,,14164,False
B,278,9830332,encoded,,13530,False
A,280,9833003,encoded,,12424,False
B,279,9863668,encoded,,11331,False
A,281,9866328,encoded,,15784,False
A,282,9899677,encoded,,20214,False
B,280,9896997,encoded,,14822,False
B,281,9930332,encoded,,23288,False
A,283,9933004,encoded,,19157,False
B,282,9963667,encoded,,21722,False
A,284,9966342,encoded,,11785,False
B,283,9996998,encoded,,11440,False
A,285,9999671,encoded,,10377,False
B,284,10030331,encoded,,9482,False
A,286,10033005,encoded,,9452,False
B,285,10063666,encoded,,8830,False
A,287,10066326,encoded,,10946,False
A,288,10099662,encoded,,9336,False
B,286,10097000,encoded,,7548,False
B,287,10130334,encoded,,7380,False
A,289,10132993,encoded,,9004,False
B,288,10163666,encoded,,6893,False
A,290,10166325,encoded,,7994,False
B,289,10196998,encoded,,6185,False
A,291,10199659,encoded,,7946,False
B,290,10230332,encoded,,5753,False
A,292,10232989,encoded,,7871,False
B,291,10263670,encoded,,12538,False
A,293,10266335,encoded,,7873,False
B,292,10296996,encoded,,9441,False
A,294,10299666,encoded,,7182,False
B,293,10330340,encoded,,8898,False
A,295,10333006,encoded,,7423,False
B,294,10363667,encoded,,7756,False
A,296,10366344,encoded,,11237,False
B,295,10397003,encoded,,14082,False
A,297,10399675,encoded,,16666,False
B,296,10430334,encoded,,16667,False
A,298,10432992,encoded,,22887,False
B,297,10463668,encoded,,16666,False
A,299,10466332,encoded,,10447,False
B,298,10497001,encoded,,16667,False
A,300,10499664,encoded,,16666,False
B,299,10530334,encoded,,16667,False
A,301,10532998,encoded,,123675,True
B,300,10563669,encoded,,16666,False
A,302,10566328,encoded,,9703,False
B,301,10597003,encoded,,123678,True
A,303,10599660,encoded,,18303,False
B,302,10630331,encoded,,13844,False
A,304,10632993,encoded,,18995,False
B,303,10663667,encoded,,14892,False
A,305,10666327,encoded,,21514,False
B,304,10697001,encoded,,19419,False
A,306,10699662,encoded,,19255,False
B,305,10730334,encoded,,24142,False
A,307,10732994,encoded,,21614,False
B,306,10763670,encoded,,17798,False
A,308,10766332,encoded,,10592,False
B,307,10797001,encoded,,25494,False
A,309,10799657,encoded,,8847,False
B,308,10830333,encoded,,18109,False
A,310,10833011,encoded,,20786,False
B,309,10863674,encoded,,10236,False
A,311,10866338,encoded,,5418,False
B,310,10897018,encoded,,11074,False
A,312,10899672,encoded,,22791,False
B,311,10930345,encoded,,19015,False
A,313,10933005,encoded,,13655,False
B,312,10963673,encoded,,10546,False
A,314,10966347,encoded,,11599,False
A,315,10999676,encoded,,10042,False
B,313,10997000,encoded,,9343,False
B,314,11030337,encoded,,8502,False
A,316,11033013,encoded,,9812,False
B,315,11063673,encoded,,7194,False
A,317,11066325,encoded,,9469,False
B,316,11097008,encoded,,5945,False
A,318,11099668,encoded,,8540,False
B,317,11130334,encoded,,5854,False
A,319,11133001,encoded,,8284,False
B,318,11163673,encoded,,5691,False
A,320,11166339,encoded,,8432,False
B,319,11197016,encoded,,12904,False
A,321,11199661,encoded,,7934,False
B,320,11230339,encoded,,9168,False
A,322,11232995,encoded,,7765,False
B,321,11263693,encoded,,8247,False
A,323,11266336,encoded,,7498,False
B,322,11297006,encoded,,8025,False
A,324,11299665,encoded,,7174,False
B,323,11330335,encoded,,7800,False
A,325,11332994,encoded,,7055,False
A,326,11366339,encoded,,14582,False
B,324,11363681,encoded,,7665,False
B,325,11397002,encoded,,12082,False
A,327,11399670,encoded,,18270,False
B,326,11430336,encoded,,16667,False
A,328,11432995,encoded,,15063,False
B,327,11463669,encoded,,17677,False
A,329,11466341,encoded,,16667,False
B,328,11497000,encoded,,15656,False
A,330,11499660,encoded,,16666,False
B,329,11530336,encoded,,16667,False
A,331,11532996,encoded,,123499,True
B,330,11563673,encoded,,16666,False
A,332,11566329,encoded,,13705,False
B,331,11597005,encoded,,123696,True
A,333,11599671,encoded,,16836,False
B,332,11630347,encoded,,19546,False
A,334,11633005,encoded,,12706,False
B,333,11663668,encoded,,16113,False
A,335,11666329,encoded,,23162,False
B,334,11697009,encoded,,12864,False
A,336,11699663,encoded,,19920,False
B,335,11730337,encoded,,14364,False
A,337,11733001,encoded,,21771,False
B,336,11763675,encoded,,24189,False
A,338,11766329,encoded,,10505,False
B,337,11797005,encoded,,13202,False
A,339,11799664,encoded,,8436,False
B,338,11830342,encoded,,15417,False
A,340,11833004,encoded,,20459,False
B,339,11863671,encoded,,15004,False
A,341,11866329,encoded,,22623,False
A,342,11899662,encoded,,2919,False
B,340,11897009,encoded,,14291,False
B,341,11930337,encoded,,12697,False
A,343,11933002,encoded,,17820,False
B,342,11963669,encoded,,19754,False
A,344,11966331,encoded,,12494,False
B,343,11997001,encoded,,10382,False
A,345,11999662,encoded,,11182,False
B,344,12030346,encoded,,9267,False
A,346,12032998,encoded,,9880,False
B,345,12063670,encoded,,8763,False
A,347,12066330,encoded,,9812,False
A,348,12099663,encoded,,8656,False
B,346,12097010,encoded,,8555,False
B,347,12130337,encoded,,8294,False
A,349,12132998,encoded,,8421,False
B,348,12163670,encoded,,7533,False
A,350,12166335,encoded,,8163,False
B,349,12197005,encoded,,6817,False
A,351,12199671,encoded,,7776,False
B,350,12230343,encoded,,7271,False
A,352,12232995,encoded,,7697,False
B,351,12263673,encoded,,13954,False
A,353,12266344,encoded,,7602,False
B,352,12297005,encoded,,10769,False
A,354,12299671,encoded,,7288,False
B,353,12330337,encoded,,9277,False
A,355,12333010,encoded,,7464,False
B,354,12363675,encoded,,8398,False
A,356,12366338,encoded,,12538,False
B,355,12397005,encoded,,8296,False
A,357,12399674,encoded,,16666,False
B,356,12430339,encoded,,14621,False
A,358,12433006,encoded,,23324,False
B,357,12463672,encoded,,16666,False
A,359,12466331,encoded,,10010,False
B,358,12497010,encoded,,16667,False
A,360,12499680,encoded,,16666,False
B,359,12530341,encoded,,16667,False
A,361,12533002,encoded,,123700,True
B,360,12563675,encoded,,16666,False
A,362,12566343,encoded,,11575,False
B,361,12597004,encoded,,123608,True
A,363,12599670,encoded,,18988,False
B,362,12630341,encoded,,17693,False
A,364,12633008,encoded,,17277,False
B,363,12663671,encoded,,13388,False
A,365,12666332,encoded,,21480,False
A,366,12699672,encoded,,19335,False
B,364,12697011,encoded,,15737,False
B,365,12730341,encoded,,14945,False
A,367,12733010,encoded,,15752,False
B,366,12763678,encoded,,17393,False
A,368,12766333,encoded,,15240,False
B,367,12797009,encoded,,16523,False
A,369,12799668,encoded,,22809,False
B,368,12830337,encoded,,17400,False
A,370,12833000,encoded,,6202,False
B,369,12863674,encoded,,17078,False
A,371,12866344,encoded,,15908,False
B,370,12897023,encoded,,21513,False
A,372,12899676,encoded,,19465,False
B,371,12930339,encoded,,18305,False
A,373,12933046,encoded,,13405,False
B,372,12963681,encoded,,11008,False
A,374,12966346,encoded,,11293,False
B,373,12997010,encoded,,8990,False
A,375,12999676,encoded,,10594,False
B,374,13030344,encoded,,8046,False
A,376,13032999,encoded,,10525,False
B,375,13063677,encoded,,6682,False
A,377,13066332,encoded,,10331,False
B,376,13097014,encoded,,6987,False
A,378,13099669,encoded,,8843,False
B,377,13130340,encoded,,6527,False
A,379,13133003,encoded,,8476,False
B,378,13163678,encoded,,6322,False
A,380,13166340,encoded,,8402,False
B,379,13197010,encoded,,6764,False
A,381,13199666,encoded,,7838,False
B,380,13230342,encoded,,13335,False
A,382,13233004,encoded,,7731,False
B,381,13263675,encoded,,9643,False
A,383,13266334,encoded,,7964,False
B,382,13297006,encoded,,8458,False
A,384,13299676,encoded,,7153,False
B,383,13330340,encoded,,7589,False
A,385,13333008,encoded,,7141,False
B,384,13363681,encoded,,7019,False
A,386,13366333,encoded,,7120,False
A,387,13399673,encoded,,15453,False
B,385,13397007,encoded,,15714,False
B,386,13430339,encoded,,34397,False
A,388,13433007,encoded,,18750,False
B,387,13463672,encoded,,4563,False
A,389,13466344,encoded,,14584,False
B,388,13497023,encoded,,11040,False
A,390,13499676,encoded,,16666,False
B,389,13530344,encoded,,16667,False
A,391,13533011,encoded,,123911,True
A,392,13566347,encoded,,8268,False
B,390,13563680,encoded,,16666,False
B,391,13597008,encoded,,123721,True
A,393,13599665,encoded,,19214,False
B,392,13630359,encoded,,20801,False
A,394,13633007,encoded,,18766,False
B,393,13663676,encoded,,10469,False
A,395,13666333,encoded,,21568,False
B,394,13697021,encoded,,17007,False
A,396,13699664,encoded,,19317,False
B,395,13730338,encoded,,15715,False
A,397,13733002,encoded,,22852,False
B,396,13763679,encoded,,16754,False
A,398,13766334,encoded,,10086,False
B,397,13797008,encoded,,17721,False
A,399,13799669,encoded,,8633,False
B,398,13830339,encoded,,16743,False
A,400,13833002,encoded,,20771,False
B,399,13863679,encoded,,14013,False
A,401,13866336,encoded,,21663,False
B,400,13897013,encoded,,15486,False
A,402,13899670,encoded,,13521,False
B,401,13930343,encoded,,13405,False
A,403,13933018,encoded,,12186,False
B,402,13963681,encoded,,17500,False
A,404,13966334,encoded,,11057,False
B,403,13997010,encoded,,8386,False
A,405,13999666,encoded,,10094,False
B,404,14030347,encoded,,7372,False
A,406,14033006,encoded,,11640,False
B,405,14063676,encoded,,6810,False
A,407,14066335,encoded,,9027,False
B,406,14097015,encoded,,14305,False
A,408,14099678,encoded,,9055,False
B,407,14130342,encoded,,9231,False
A,409,14133019,encoded,,8406,False
B,408,14163680,encoded,,8577,False
A,410,14166341,encoded,,7760,False
B,409,14197009,encoded,,7482,False
A,411,14199675,encoded,,7909,False
B,410,14230342,encoded,,7418,False
A,412,14233008,encoded,,7629,False
B,411,14263675,encoded,,7715,False
A,413,14266341,encoded,,7499,False
B,412,14297013,encoded,,6739,False
A,414,14299668,encoded,,7108,False
B,413,14330341,encoded,,6383,False
A,415,14333011,encoded,,6837,False
B,414,14363680,encoded,,10247,False
A,416,14366362,encoded,,8557,False
B,415,14397009,encoded,,16667,False
A,417,14399677,encoded,,20118,False
B,416,14430347,encoded,,32086,False
A,418,14433006,encoded,,26371,False
B,417,14463679,encoded,,4896,False
A,419,14466345,encoded,,4872,False
B,418,14497015,encoded,,13018,False
A,420,14499678,encoded,,15305,False
B,419,14530343,encoded,,16667,False
A,421,14533003,encoded,,123795,True
B,420,14563677,encoded,,16666,False
A,422,14566344,encoded,,24534,False
B,421,14597013,encoded,,123550,True
A,423,14599675,encoded,,12599,False
B,422,14630341,encoded,,13258,False
A,424,14633020,encoded,,21697,False
B,423,14663678,encoded,,13993,False
A,425,14666347,encoded,,20483,False
B,424,14697012,encoded,,18154,False
A,426,14699674,encoded,,15185,False
B,425,14730343,encoded,,16732,False
A,427,14733013,encoded,,18293,False
B,426,14763674,encoded,,24031,False
A,428,14766346,encoded,,10402,False
B,427,14797016,encoded,,11650,False
A,429,14799681,encoded,,22016,False
B,428,14830345,encoded,,10787,False
A,430,14833010,encoded,,13689,False
B,429,14863683,encoded,,11333,False
A,431,14866348,encoded,,19579,False
B,430,14897024,encoded,,10515,False
A,432,14899682,encoded,,12980,False
B,431,14930364,encoded,,15803,False
A,433,14933013,encoded,,11292,False
B,432,14963678,encoded,,14424,False
A,434,14966354,encoded,,9972,False
B,433,14997019,encoded,,17062,False
A,435,14999683,encoded,,9671,False
B,434,15030346,encoded,,8340,False
A,436,15033012,encoded,,9161,False
B,435,15063684,encoded,,16062,False
A,437,15066337,encoded,,8864,False
A,438,15099669,encoded,,8551,False
B,436,15097016,encoded,,4655,False
B,437,15130355,encoded,,11566,False
A,439,15133014,encoded,,9301,False
B,438,15163678,encoded,,8821,False
A,440,15166340,encoded,,8497,False
B,439,15197015,encoded,,7906,False
A,441,15199668,encoded,,7750,False
B,440,15230344,encoded,,7563,False
A,442,15233003,encoded,,7908,False
B,441,15263687,encoded,,6900,False
A,443,15266338,encoded,,7443,False
A,444,15299677,encoded,,7314,False
B,442,15297016,encoded,,6588,False
B,443,15330356,encoded,,5905,False
A,445,15333002,encoded,,7104,False
B,444,15363679,encoded,,14402,False
A,446,15366353,encoded,,6994,False
A,447,15399680,encoded,,14926,False
B,445,15397011,encoded,,35572,False
B,446,15430346,encoded,,13072,False
A,448,15433016,encoded,,19966,False
B,447,15463685,encoded,,2307,False
A,449,15466339,encoded,,13368,False
B,448,15497013,encoded,,15716,False
A,450,15499670,encoded,,16666,False
B,449,15530352,encoded,,16667,False
A,451,15533003,encoded,,123627,True
B,450,15563681,encoded,,16666,False
A,452,15566367,encoded,,10781,False
B,451,15597019,encoded,,123714,True
A,453,15599671,encoded,,17574,False
B,452,15630347,encoded,,13696,False
A,454,15633007,encoded,,18887,False
B,453,15663686,encoded,,19368,False
A,455,15666339,encoded,,20938,False
B,454,15697014,encoded,,14908,False
A,456,15699669,encoded,,12744,False
B,455,15730348,encoded,,17492,False
A,457,15733004,encoded,,10395,False
A,458,15766357,encoded,,22175,False
B,456,15763694,encoded,,19546,False
B,457,15797014,encoded,,17708,False
A,459,15799684,encoded,,20303,False
B,458,15830349,encoded,,16666,False
A,460,15833003,encoded,,15094,False
B,459,15863686,encoded,,20819,False
A,461,15866339,encoded,,13338,False
B,460,15897019,encoded,,20812,False
A,462,15899672,encoded,,18100,False
B,461,15930353,encoded,,11127,False
A,463,15933005,encoded,,16763,False
B,462,15963681,encoded,,9251,False
A,464,15966344,encoded,,11463,False
B,463,15997014,encoded,,7853,False
A,465,15999681,encoded,,10373,False
B,464,16030347,encoded,,7234,False
A,466,16033015,encoded,,9283,False
B,465,16063686,encoded,,7292,False
A,467,16066345,encoded,,8791,False
A,468,16099686,encoded,,8798,False
B,466,16097026,encoded,,7550,False
B,467,16130366,encoded,,7101,False
A,469,16133014,encoded,,8927,False
B,468,16163682,encoded,,6773,False
A,470,16166348,encoded,,8426,False
B,469,16197016,encoded,,13976,False
A,471,16199689,encoded,,8479,False
B,470,16230348,encoded,,9637,False
A,472,16233032,encoded,,7828,False
B,471,16263686,encoded,,9357,False
A,473,16266338,encoded,,7421,False
A,474,16299672,encoded,,7548,False
B,472,16297016,encoded,,9111,False
B,473,16330348,encoded,,8162,False
A,475,16333012,encoded,,7681,False
B,474,16363681,encoded,,7794,False
A,476,16366352,encoded,,7597,False
B,475,16397022,encoded,,9720,False
A,477,16399683,encoded,,16666,False
B,476,16430350,encoded,,16667,False
A,478,16433006,encoded,,23115,False
B,477,16463687,encoded,,33243,False
A,479,16466352,encoded,,10219,False
B,478,16497031,encoded,,4576,False
A,480,16499686,encoded,,16666,False
B,479,16530350,encoded,,12181,False
A,481,16533015,encoded,,123714,True
B,480,16563683,encoded,,16666,False
A,482,16566344,encoded,,7986,False
B,481,16597020,encoded,,123909,True
A,483,16599680,encoded,,26298,False
B,482,16630372,encoded,,13342,False
A,484,16633016,encoded,,15873,False
B,483,16663688,encoded,,12146,False
A,485,16666346,encoded,,22212,False
B,484,16697017,encoded,,14474,False
A,486,16699674,encoded,,19603,False
B,485,16730363,encoded,,15776,False
A,487,16733006,encoded,,19670,False
B,486,16763685,encoded,,18485,False
A,488,16766339,encoded,,10065,False
B,487,16797023,encoded,,16572,False
A,489,16799686,encoded,,8634,False
B,488,16830349,encoded,,11612,False
A,490,16833010,encoded,,20557,False
B,489,16863690,encoded,,12610,False
A,491,16866348,encoded,,21246,False
B,490,16897018,encoded,,15604,False
A,492,16899685,encoded,,13577,False
B,491,16930349,encoded,,15326,False
A,493,16933012,encoded,,11538,False
B,492,16963685,encoded,,23453,False
A,494,16966352,encoded,,3810,False
B,493,16997021,encoded,,8509,False
A,495,16999683,encoded,,14091,False
B,494,17030355,encoded,,7317,False
A,496,17033005,encoded,,10472,False
B,495,17063696,encoded,,15046,False
A,497,17066358,encoded,,9429,False
B,496,17097020,encoded,,10162,False
A,498,17099688,encoded,,9454,False
B,497,17130349,encoded,,8664,False
A,499,17133021,encoded,,8520,False
B,498,17163685,encoded,,7950,False
A,500,17166349,encoded,,8148,False
B,499,17197024,encoded,,6988,False
A,501,17199684,encoded,,7885,False
B,500,17230351,encoded,,6539,False
A,502,17233022,encoded,,7684,False
B,501,17263689,encoded,,6070,False
A,503,17266350,encoded,,7401,False
B,502,17297017,encoded,,6212,False
A,504,17299681,encoded,,7103,False
B,503,17330357,encoded,,6758,False
A,505,17333008,encoded,,7133,False
B,504,17363685,encoded,,16476,False
A,506,17366345,encoded,,11231,False
B,505,17397021,encoded,,31023,False
A,507,17399677,encoded,,16666,False
B,506,17430349,encoded,,4877,False
A,508,17433009,encoded,,24348,False
B,507,17463688,encoded,,14100,False
A,509,17466349,encoded,,8986,False
B,508,17497017,encoded,,16667,False
A,510,17499683,encoded,,16666,False
B,509,17530352,encoded,,16667,False
A,511,17533018,encoded,,123785,True
B,510,17563684,encoded,,16666,False
A,512,17566352,encoded,,8770,False
B,511,17597021,encoded,,138454,True
A,513,17599683,encoded,,25426,False
B,512,17630349,encoded,,10588,False
A,514,17633019,encoded,,23093,False
B,513,17663690,encoded,,10288,False
A,515,17666352,encoded,,25399,False
B,514,17697031,encoded,,18275,False
A,516,17699687,encoded,,21459,False
B,515,17730354,encoded,,16596,False
A,517,17733023,encoded,,11620,False
B,516,17763687,encoded,,21927,False
A,518,17766354,encoded,,9803,False
B,517,17797030,encoded,,17124,False
A,519,17799691,encoded,,21763,False
B,518,17830353,encoded,,10919,False
A,520,17833022,encoded,,13331,False
B,519,17863693,encoded,,13445,False
A,521,17866354,encoded,,12467,False
B,520,17897030,encoded,,9904,False
A,522,17899684,encoded,,17383,False
B,521,17930357,encoded,,16560,False
A,523,17933008,encoded,,12913,False
B,522,17963687,encoded,,8669,False
A,524,17966359,encoded,,10833,False
B,523,17997034,encoded,,17419,False
A,525,17999688,encoded,,9992,False
B,524,18030371,encoded,,10893,False
A,526,18033017,encoded,,9345,False
B,525,18063692,encoded,,9229,False
A,527,18066352,encoded,,9056,False
B,526,18097021,encoded,,8769,False
A,528,18099675,encoded,,8250,False
B,527,18130359,encoded,,8268,False
A,529,18133020,encoded,,8348,False
A,530,18166347,encoded,,7641,False
B,528,18163686,encoded,,7050,False
A,531,18199684,encoded,,8010,False
B,529,18197018,encoded,,7046,False
B,530,18230355,encoded,,5858,False
A,532,18233011,encoded,,7536,False
B,531,18263685,encoded,,5840,False
A,533,18266341,encoded,,7226,False
B,532,18297026,encoded,,5814,False
A,534,18299676,encoded,,7162,False
B,533,18330355,encoded,,5704,False
A,535,18333019,encoded,,6876,False
B,534,18363690,encoded,,15361,False
A,536,18366356,encoded,,17853,False
B,535,18397023,encoded,,21721,False
A,537,18399677,encoded,,13026,False
B,536,18430355,encoded,,11613,False
A,538,18433024,encoded,,11854,False
B,537,18463692,encoded,,16666,False
A,539,18466342,encoded,,13114,False
B,538,18497030,encoded,,16667,False
A,540,18499686,encoded,,16666,False
B,539,18530360,encoded,,16667,False
A,541,18533022,encoded,,123787,True
B,540,18563697,encoded,,16666,False
A,542,18566346,encoded,,7702,False
B,541,18597030,encoded,,123748,True
A,543,18599685,encoded,,23045,False
B,542,18630367,encoded,,16698,False
A,544,18633023,encoded,,16533,False
B,543,18663688,encoded,,18428,False
A,545,18666353,encoded,,21106,False
B,544,18697043,encoded,,15473,False
A,546,18699690,encoded,,18949,False
B,545,18730352,encoded,,15320,False
A,547,18733021,encoded,,15005,False
B,546,18763692,encoded,,17671,False
A,548,18766343,encoded,,15800,False
B,547,18797023,encoded,,17537,False
A,549,18799689,encoded,,23057,False
B,548,18830361,encoded,,14823,False
A,550,18833019,encoded,,16461,False
B,549,18863694,encoded,,16568,False
A,551,18866343,encoded,,19219,False
B,550,18897022,encoded,,15716,False
A,552,18899685,encoded,,13312,False
B,551,18930356,encoded,,17817,False
A,553,18933017,encoded,,11822,False
B,552,18963695,encoded,,8802,False
A,554,18966357,encoded,,10034,False
B,553,18997024,encoded,,7836,False
A,555,18999678,encoded,,9792,False
B,554,19030362,encoded,,16072,False
A,556,19033025,encoded,,9056,False
B,555,19063695,encoded,,10752,False
A,557,19066353,encoded,,8972,False
A,558,19099685,encoded,,8203,False
B,556,19097023,encoded,,9068,False
B,557,19130355,encoded,,7396,False
A,559,19133012,encoded,,8058,False
B,558,19163695,encoded,,7193,False
A,560,19166360,encoded,,7998,False
A,561,19199689,encoded,,7378,False
B,559,19197031,encoded,,6428,False
B,560,19230363,encoded,,6201,False
A,562,19233013,encoded,,7593,False
B,561,19263694,encoded,,5825,False
A,563,19266343,encoded,,7310,False
B,562,19297028,encoded,,6075,False
A,564,19299682,encoded,,7504,False
B,563,19330358,encoded,,5540,False
A,565,19333012,encoded,,6852,False
B,564,19363699,encoded,,13013,False
A,566,19366346,encoded,,17444,False
B,565,19397025,encoded,,23282,False
A,567,19399680,encoded,,12973,False
B,566,19430365,encoded,,11952,False
A,568,19433017,encoded,,11974,False
B,567,19463692,encoded,,14766,False
A,569,19466344,encoded,,16395,False
B,568,19497024,encoded,,16667,False
A,570,19499692,encoded,,16666,False
B,569,19530358,encoded,,16667,False
A,571,19533023,encoded,,123750,True
B,570,19563698,encoded,,16666,False
A,572,19566343,encoded,,8235,False
B,571,19597025,encoded,,123674,True
A,573,19599688,encoded,,19434,False
B,572,19630367,encoded,,17519,False
A,574,19633020,encoded,,19072,False
B,573,19663701,encoded,,13516,False
A,575,19666362,encoded,,21468,False
B,574,19697030,encoded,,15712,False
A,576,19699680,encoded,,19949,False
B,575,19730358,encoded,,15667,False
A,577,19733013,encoded,,22047,False
B,576,19763697,encoded,,22832,False
A,578,19766355,encoded,,10806,False
B,577,19797035,encoded,,12472,False
A,579,19799681,encoded,,8929,False
B,578,19830359,encoded,,16742,False
A,580,19833011,encoded,,21814,False
B,579,19863698,encoded,,15823,False
A,581,19866351,encoded,,14985,False
B,580,19897028,encoded,,15421,False
A,582,19899682,encoded,,18236,False
B,581,19930359,encoded,,18859,False
A,583,19933010,encoded,,12847,False
B,582,19963698,encoded,,9005,False
A,584,19966356,encoded,,10871,False
A,585,19999685,encoded,,10548,False
B,583,19997027,encoded,,17297,False
B,584,20030357,encoded,,5035,False
A,586,20033016,encoded,,9629,False
B,585,20063692,encoded,,12269,False
A,587,20066346,encoded,,8542,False
B,586,20097032,encoded,,8577,False
A,588,20099683,encoded,,8646,False
B,587,20130366,encoded,,8253,False
A,589,20133018,encoded,,8476,False
B,588,20163700,encoded,,7211,False
A,590,20166349,encoded,,7743,False
B,589,20197034,encoded,,7150,False
A,591,20199683,encoded,,8164,False
B,590,20230371,encoded,,6484,False
A,592,20233032,encoded,,7673,False
B,591,20263701,encoded,,6231,False
A,593,20266369,encoded,,7798,False
B,592,20297041,encoded,,5978,False
A,594,20299682,encoded,,7254,False
B,593,20330362,encoded,,5752,False
A,595,20333031,encoded,,7399,False
B,594,20363695,encoded,,12521,False
A,596,20366348,encoded,,9019,False
B,595,20397039,encoded,,24572,False
A,597,20399691,encoded,,16666,False
B,596,20430374,encoded,,30105,False
A,598,20433014,encoded,,23986,False
B,597,20463711,encoded,,2711,False
A,599,20466350,encoded,,12462,False
B,598,20497031,encoded,,9279,False
A,600,20499683,encoded,,13552,False
B,599,20530382,encoded,,16667,False
A,601,20533017,encoded,,123593,True
B,600,20563709,encoded,,16666,False
A,602,20566349,encoded,,22288,False
B,601,20597027,encoded,,123792,True
A,603,20599683,encoded,,14028,False
B,602,20630366,encoded,,16771,False
A,604,20633015,encoded,,21220,False
B,603,20663694,encoded,,12641,False
A,605,20666350,encoded,,20712,False
B,604,20697026,encoded,,16419,False
A,606,20699695,encoded,,15401,False
B,605,20730361,encoded,,15120,False
A,607,20733028,encoded,,18269,False
B,606,20763699,encoded,,24341,False
A,608,20766349,encoded,,10479,False
B,607,20797043,encoded,,19334,False
A,609,20799687,encoded,,21624,False
B,608,20830376,encoded,,16395,False
A,610,20833014,encoded,,15058,False
B,609,20863701,encoded,,15074,False
A,611,20866347,encoded,,19378,False
B,610,20897031,encoded,,13576,False
A,612,20899686,encoded,,13113,False
B,611,20930365,encoded,,16521,False
A,613,20933024,encoded,,11229,False
B,612,20963700,encoded,,8739,False
A,614,20966347,encoded,,10871,False
B,613,20997026,encoded,,17329,False
A,615,20999685,encoded,,9966,False
B,614,21030370,encoded,,5005,False
A,616,21033016,encoded,,9265,False
B,615,21063696,encoded,,12584,False
A,617,21066351,encoded,,8938,False
B,616,21097029,encoded,,9418,False
A,618,21099685,encoded,,9093,False
B,617,21130366,encoded,,8475,False
A,619,21133018,encoded,,8448,False
B,618,21163696,encoded,,7978,False
A,620,21166350,encoded,,8753,False
B,619,21197029,encoded,,7728,False
A,621,21199696,encoded,,8030,False
B,620,21230371,encoded,,7708,False
A,622,21233028,encoded,,7758,False
B,621,21263699,encoded,,7048,False
A,623,21266360,encoded,,7532,False
B,622,21297034,encoded,,6460,False
A,624,21299695,encoded,,7374,False
B,623,21330364,encoded,,7004,False
A,625,21333028,encoded,,7185,False
B,624,21363708,encoded,,5922,False
A,626,21366357,encoded,,7282,False
B,625,21397033,encoded,,15285,False
A,627,21399690,encoded,,13113,False
B,626,21430368,encoded,,34955,False
A,628,21433017,encoded,,16800,False
B,627,21463698,encoded,,3752,False
A,629,21466353,encoded,,16534,False
B,628,21497029,encoded,,11293,False
A,630,21499693,encoded,,16666,False
B,629,21530366,encoded,,16667,False
A,631,21533027,encoded,,123605,True
B,630,21563700,encoded,,16666,False
A,632,21566359,encoded,,25480,False
B,631,21597030,encoded,,123682,True
A,633,21599725,encoded,,7682,False
B,632,21630360,encoded,,10973,False
A,634,21633019,encoded,,10353,False
B,633,21663697,encoded,,13444,False
A,635,21666353,encoded,,18506,False
B,634,21697032,encoded,,16232,False
A,636,21699694,encoded,,12063,False
B,635,21730368,encoded,,16258,False
A,637,21733034,encoded,,12737,False
B,636,21763702,encoded,,18886,False
A,638,21766358,encoded,,22420,False
B,637,21797031,encoded,,16638,False
A,639,21799697,encoded,,21602,False
B,638,21830375,encoded,,14764,False
A,640,21833030,encoded,,16287,False
B,639,21863711,encoded,,18957,False
A,641,21866366,encoded,,13659,False
B,640,21897032,encoded,,14468,False
A,642,21899691,encoded,,16963,False
B,641,21930363,encoded,,13856,False
A,643,21933032,encoded,,18182,False
A,644,21966360,encoded,,11674,False
B,642,21963702,encoded,,16149,False
B,643,21997030,encoded,,8549,False
A,645,21999684,encoded,,10335,False
B,644,22030365,encoded,,17263,False
A,646,22033018,encoded,,9373,False
B,645,22063698,encoded,,10398,False
A,647,22066358,encoded,,9119,False
B,646,22097030,encoded,,9458,False
A,648,22099684,encoded,,9019,False
B,647,22130365,encoded,,8247,False
A,649,22133030,encoded,,8384,False
B,648,22163703,encoded,,7965,False
A,650,22166352,encoded,,8535,False
B,649,22197032,encoded,,7182,False
A,651,22199686,encoded,,8051,False
B,650,22230373,encoded,,7143,False
A,652,22233021,encoded,,7945,False
B,651,22263706,encoded,,6278,False
A,653,22266362,encoded,,7544,False
B,652,22297030,encoded,,5445,False
A,654,22299691,encoded,,7470,False
B,653,22330363,encoded,,5721,False
A,655,22333018,encoded,,7571,False
B,654,22363717,encoded,,12044,False
A,656,22366352,encoded,,8775,False
B,655,22397038,encoded,,23842,False
A,657,22399689,encoded,,16666,False
B,656,22430364,encoded,,30860,False
A,658,22433032,encoded,,35236,False
B,657,22463707,encoded,,2405,False
A,659,22466365,encoded,,8839,False
B,658,22497033,encoded,,9560,False
A,660,22499683,encoded,,9624,False
B,659,22530368,encoded,,16667,False
A,661,22533027,encoded,,123607,True
B,660,22563699,encoded,,16666,False
A,662,22566361,encoded,,21598,False
A,663,22599701,encoded,,6787,False
B,661,22597039,encoded,,123521,True
B,662,22630365,encoded,,8159,False
A,664,22633019,encoded,,17581,False
B,663,22663705,encoded,,23146,False
A,665,22666368,encoded,,20180,False
B,664,22697031,encoded,,15544,False
A,666,22699693,encoded,,18715,False
B,665,22730379,encoded,,24158,False
A,667,22733032,encoded,,15063,False
B,666,22763711,encoded,,25180,False
A,668,22766359,encoded,,17008,False
B,667,22797032,encoded,,20554,False
A,669,22799686,encoded,,23014,False
B,668,22830367,encoded,,16115,False
A,670,22833036,encoded,,16013,False
B,669,22863708,encoded,,12975,False
A,671,22866353,encoded,,19689,False
B,670,22897031,encoded,,14317,False
A,672,22899688,encoded,,13470,False
B,671,22930372,encoded,,13305,False
A,673,22933019,encoded,,2862,False
B,672,22963700,encoded,,9194,False
A,674,22966369,encoded,,14053,False
A,675,22999702,encoded,,10438,False
B,673,22997037,encoded,,7897,False
B,674,23030368,encoded,,7155,False
A,676,23033020,encoded,,9986,False
B,675,23063702,encoded,,14660,False
A,677,23066357,encoded,,9281,False
B,676,23097033,encoded,,10656,False
A,678,23099685,encoded,,8645,False
B,677,23130373,encoded,,8494,False
A,679,23133027,encoded,,8090,False
B,678,23163701,encoded,,7929,False
A,680,23166359,encoded,,8180,False
B,679,23197041,encoded,,7154,False
A,681,23199699,encoded,,8042,False
B,680,23230370,encoded,,7131,False
A,682,23233033,encoded,,7919,False
B,681,23263705,encoded,,6810,False
A,683,23266354,encoded,,7673,False
B,682,23297034,encoded,,6741,False
A,684,23299696,encoded,,7565,False
B,683,23330373,encoded,,6696,False
A,685,23333034,encoded,,7552,False
B,684,23363717,encoded,,6109,False
A,686,23366365,encoded,,6920,False
B,685,23397041,encoded,,13067,False
A,687,23399688,encoded,,16370,False
B,686,23430368,encoded,,22215,False
A,688,23433028,encoded,,25125,False
B,687,23463720,encoded,,17099,False
A,689,23466355,encoded,,8209,False
B,688,23497036,encoded,,10686,False
A,690,23499689,encoded,,16666,False
B,689,23530377,encoded,,16667,False
A,691,23533020,encoded,,123791,True
B,690,23563711,encoded,,16666,False
A,692,23566364,encoded,,8516,False
B,691,23597044,encoded,,123860,True
A,693,23599697,encoded,,18823,False
B,692,23630367,encoded,,16398,False
A,694,23633029,encoded,,14615,False
B,693,23663706,encoded,,11164,False
A,695,23666364,encoded,,20280,False
A,696,23699697,encoded,,14108,False
B,694,23697038,encoded,,17655,False
B,695,23730374,encoded,,14946,False
A,697,23733025,encoded,,17866,False
B,696,23763702,encoded,,23202,False
A,698,23766364,encoded,,23991,False
B,697,23797040,encoded,,11463,False
A,699,23799686,encoded,,18878,False
B,698,23830371,encoded,,10639,False
A,700,23833035,encoded,,15608,False
B,699,23863709,encoded,,10518,False
A,701,23866368,encoded,,17247,False
B,700,23897037,encoded,,13390,False
A,702,23899698,encoded,,17806,False
B,701,23930374,encoded,,12354,False
A,703,23933031,encoded,,11964,False
B,702,23963703,encoded,,21250,False
A,704,23966368,encoded,,11372,False
B,703,23997039,encoded,,14504,False
A,705,23999697,encoded,,9802,False
B,704,24030370,encoded,,15771,False
A,706,24033027,encoded,,9185,False
B,705,24063708,encoded,,10118,False
A,707,24066365,encoded,,8844,False
B,706,24097049,encoded,,8707,False
A,708,24099732,encoded,,8210,False
B,707,24130374,encoded,,7434,False
A,709,24133020,encoded,,8000,False
B,708,24163707,encoded,,6608,False
A,710,24166356,encoded,,7639,False
A,711,24199689,encoded,,7579,False
B,709,24197044,encoded,,6373,False
B,710,24230371,encoded,,6091,False
A,712,24233024,encoded,,7823,False
B,711,24263708,encoded,,5616,False
A,713,24266357,encoded,,7557,False
B,712,24297040,encoded,,5207,False
A,714,24299727,encoded,,7528,False
B,713,24330371,encoded,,10066,False
A,715,24333024,encoded,,7284,False
B,714,24363704,encoded,,16666,False
A,716,24366377,encoded,,9018,False
B,715,24397037,encoded,,30972,False
A,717,24399699,encoded,,16666,False
B,716,24430389,encoded,,3264,False
A,718,24433035,encoded,,36897,False
B,717,24463702,encoded,,15764,False
A,719,24466356,encoded,,3938,False
B,718,24497038,encoded,,16667,False
A,720,24499702,encoded,,11463,False
B,719,24530376,encoded,,16667,False
A,721,24533034,encoded,,123761,True
B,720,24563706,encoded,,16666,False
A,722,24566371,encoded,,21698,False
B,721,24597042,encoded,,123853,True
A,723,24599698,encoded,,6701,False
B,722,24630382,encoded,,13178,False
A,724,24633023,encoded,,17686,False
B,723,24663710,encoded,,19702,False
A,725,24666368,encoded,,20891,False
B,724,24697036,encoded,,22854,False
A,726,24699702,encoded,,20501,False
B,725,24730377,encoded,,19453,False
A,727,24733039,encoded,,21893,False
B,726,24763704,encoded,,22160,False
A,728,24766372,encoded,,11014,False
B,727,24797042,encoded,,17568,False
A,729,24799704,encoded,,22047,False
B,728,24830372,encoded,,16752,False
A,730,24833039,encoded,,14648,False
B,729,24863710,encoded,,12522,False
A,731,24866371,encoded,,19457,False
B,730,24897039,encoded,,13354,False
A,732,24899703,encoded,,12715,False
B,731,24930373,encoded,,12957,False
A,733,24933036,encoded,,10983,False
B,732,24963704,encoded,,8871,False
A,734,24966384,encoded,,10167,False
B,733,24997044,encoded,,7711,False
A,735,24999693,encoded,,9716,False
B,734,25030380,encoded,,15469,False
A,736,25033025,encoded,,10512,False
B,735,25063708,encoded,,9967,False
A,737,25066355,encoded,,9366,False
B,736,25097040,encoded,,8530,False
A,738,25099703,encoded,,8585,False
B,737,25130405,encoded,,7736,False
A,739,25133030,encoded,,8597,False
B,738,25163708,encoded,,7559,False
A,740,25166360,encoded,,8743,False
B,739,25197041,encoded,,6502,False
A,741,25199700,encoded,,8025,False
B,740,25230374,encoded,,6341,False
A,742,25233035,encoded,,8559,False
B,741,25263711,encoded,,5511,False
A,743,25266364,encoded,,7325,False
A,744,25299706,encoded,,7179,False
B,742,25297041,encoded,,6275,False
B,743,25330371,encoded,,5655,False
A,745,25333042,encoded,,6872,False
B,744,25363709,encoded,,9520,False
A,746,25366365,encoded,,7020,False
B,745,25397045,encoded,,16667,False
A,747,25399698,encoded,,13041,False
B,746,25430375,encoded,,18211,False
A,748,25433044,encoded,,16667,False
B,747,25463718,encoded,,15122,False
A,749,25466371,encoded,,17164,False
B,748,25497044,encoded,,16667,False
A,750,25499698,encoded,,16169,False
B,749,25530380,encoded,,16667,False
A,751,25533039,encoded,,135988,True
B,750,25563713,encoded,,16666,False
A,752,25566357,encoded,,19823,False
B,751,25597059,encoded,,123680,True
A,753,25599704,encoded,,8131,False
B,752,25630372,encoded,,13029,False
A,754,25633035,encoded,,16579,False
B,753,25663709,encoded,,12468,False
A,755,25666362,encoded,,20838,False
B,754,25697043,encoded,,23600,False
A,756,25699707,encoded,,19902,False
B,755,25730391,encoded,,11152,False
A,757,25733047,encoded,,11026,False
B,756,25763708,encoded,,21326,False
A,758,25766359,encoded,,22730,False
B,757,25797042,encoded,,11109,False
A,759,25799691,encoded,,13043,False
B,758,25830376,encoded,,12794,False
A,760,25833028,encoded,,13506,False
B,759,25863707,encoded,,12774,False
A,761,25866361,encoded,,19368,False
A,762,25899691,encoded,,12674,False
B,760,25897042,encoded,,19645,False
B,761,25930375,encoded,,16357,False
A,763,25933024,encoded,,10842,False
B,762,25963712,encoded,,14192,False
A,764,25966362,encoded,,10080,False
B,763,25997041,encoded,,23010,False
A,765,25999693,encoded,,9748,False
B,764,26030383,encoded,,9298,False
A,766,26033043,encoded,,9234,False
B,765,26063723,encoded,,8340,False
A,767,26066358,encoded,,8886,False
B,766,26097052,encoded,,7457,False
A,768,26099706,encoded,,8376,False
B,767,26130376,encoded,,6391,False
A,769,26133036,encoded,,8215,False
A,770,26166374,encoded,,7867,False
B,768,26163715,encoded,,6430,False
B,769,26197042,encoded,,5964,False
A,771,26199693,encoded,,7470,False
B,770,26230380,encoded,,5578,False
A,772,26233034,encoded,,7231,False
B,771,26263710,encoded,,5812,False
A,773,26266374,encoded,,7447,False
B,772,26297043,encoded,,4933,False
A,774,26299694,encoded,,7023,False
B,773,26330377,encoded,,7995,False
A,775,26333037,encoded,,18489,False
B,774,26363718,encoded,,16666,False
A,776,26366359,encoded,,13080,False
B,775,26397042,encoded,,29307,False
A,777,26399701,encoded,,12423,False
B,776,26430380,encoded,,4027,False
A,778,26433039,encoded,,11747,False
B,777,26463711,encoded,,16666,False
A,779,26466368,encoded,,11568,False
B,778,26497047,encoded,,16667,False
A,780,26499705,encoded,,16666,False
B,779,26530376,encoded,,16667,False
A,781,26533042,encoded,,123713,True
B,780,26563715,encoded,,16666,False
A,782,26566374,encoded,,8770,False
B,781,26597064,encoded,,123754,True
A,783,26599711,encoded,,20947,False
B,782,26630395,encoded,,12986,False
A,784,26633037,encoded,,17541,False
B,783,26663710,encoded,,19065,False
A,785,26666368,encoded,,21542,False
B,784,26697053,encoded,,14696,False
A,786,26699716,encoded,,19396,False
B,785,26730377,encoded,,23786,False
A,787,26733061,encoded,,15066,False
B,786,26763713,encoded,,20526,False
A,788,26766376,encoded,,17405,False
B,787,26797051,encoded,,17349,False
A,789,26799706,encoded,,23154,False
B,788,26830382,encoded,,13918,False
A,790,26833041,encoded,,15932,False
B,789,26863710,encoded,,17967,False
A,791,26866369,encoded,,19863,False
B,790,26897048,encoded,,19893,False
A,792,26899707,encoded,,12926,False
B,791,26930377,encoded,,9778,False
A,793,26933039,encoded,,11859,False
B,792,26963716,encoded,,7761,False
A,794,26966373,encoded,,11614,False
B,793,26997046,encoded,,16549,False
A,795,26999705,encoded,,10330,False
B,794,27030393,encoded,,10967,False
A,796,27033041,encoded,,9518,False
B,795,27063722,encoded,,8480,False
A,797,27066389,encoded,,8976,False
A,798,27099708,encoded,,8919,False
B,796,27097051,encoded,,7711,False
B,797,27130380,encoded,,7053,False
A,799,27133036,encoded,,8604,False
B,798,27163716,encoded,,7139,False
A,800,27166362,encoded,,7884,False
B,799,27197045,encoded,,6701,False
A,801,27199708,encoded,,7508,False
B,800,27230385,encoded,,6092,False
A,802,27233046,encoded,,7333,False
B,801,27263714,encoded,,5717,False
A,803,27266370,encoded,,7521,False
B,802,27297066,encoded,,5536,False
A,804,27299709,encoded,,6811,False
B,803,27330381,encoded,,4972,False
A,805,27333037,encoded,,6980,False
B,804,27363718,encoded,,11604,False
A,806,27366364,encoded,,17356,False
A,807,27399701,encoded,,6298,False
B,805,27397043,encoded,,16667,False
B,806,27430380,encoded,,36422,False
A,808,27433030,encoded,,12901,False
B,807,27463727,encoded,,2628,False
A,809,27466408,encoded,,16667,False
B,808,27497050,encoded,,10950,False
A,810,27499697,encoded,,16666,False
B,809,27530407,encoded,,16667,False
A,811,27533028,encoded,,123738,True
B,810,27563717,encoded,,16666,False
A,812,27566365,encoded,,20115,False
B,811,27597046,encoded,,123577,True
A,813,27599694,encoded,,17425,False
B,812,27630386,encoded,,10783,False
A,814,27633032,encoded,,20741,False
B,813,27663717,encoded,,21097,False
A,815,27666394,encoded,,24212,False
B,814,27697049,encoded,,20518,False
A,816,27699705,encoded,,20834,False
B,815,27730378,encoded,,19752,False
A,817,27733028,encoded,,11566,False
B,816,27763720,encoded,,19819,False
A,818,27766364,encoded,,9230,False
B,817,27797055,encoded,,22300,False
A,819,27799697,encoded,,21737,False
B,818,27830386,encoded,,18126,False
A,820,27833037,encoded,,5181,False
B,819,27863712,encoded,,17968,False
A,821,27866376,encoded,,15823,False
B,820,27897047,encoded,,13582,False
A,822,27899708,encoded,,18508,False
B,821,27930395,encoded,,9097,False
A,823,27933042,encoded,,12537,False
B,822,27963716,encoded,,7924,False
A,824,27966381,encoded,,11277,False
B,823,27997075,encoded,,16111,False
A,825,27999711,encoded,,9996,False
B,824,28030381,encoded,,10424,False
A,826,28033029,encoded,,9670,False
B,825,28063718,encoded,,9203,False
A,827,28066370,encoded,,8637,False
B,826,28097047,encoded,,7936,False
A,828,28099705,encoded,,9195,False
B,827,28130383,encoded,,7447,False
A,829,28133033,encoded,,8700,False
B,828,28163720,encoded,,6690,False
A,830,28166364,encoded,,7883,False
B,829,28197049,encoded,,5708,False
A,831,28199708,encoded,,8511,False
B,830,28230385,encoded,,5799,False
A,832,28233041,encoded,,7763,False
B,831,28263716,encoded,,5909,False
A,833,28266375,encoded,,7818,False
B,832,28297054,encoded,,4954,False
A,834,28299705,encoded,,7283,False
B,833,28330380,encoded,,5563,False
A,835,28333059,encoded,,7380,False
B,834,28363721,encoded,,9713,False
A,836,28366377,encoded,,17915,False
B,835,28397049,encoded,,16667,False
A,837,28399714,encoded,,6325,False
B,836,28430381,encoded,,27730,False
A,838,28433048,encoded,,16667,False
B,837,28463718,encoded,,5603,False
A,839,28466382,encoded,,16667,False
B,838,28497051,encoded,,16667,False
A,840,28499713,encoded,,16666,False
B,839,28530381,encoded,,16667,False
A,841,28533048,encoded,,123867,True
B,840,28563720,encoded,,16666,False
A,842,28566375,encoded,,14603,False
B,841,28597047,encoded,,123739,True
A,843,28599729,encoded,,14556,False
B,842,28630379,encoded,,12756,False
A,844,28633031,encoded,,13675,False
B,843,28663715,encoded,,19501,False
A,845,28666365,encoded,,19946,False
B,844,28697048,encoded,,22618,False
A,846,28699699,encoded,,14540,False
B,845,28730389,encoded,,12810,False
A,847,28733036,encoded,,17505,False
B,846,28763720,encoded,,25683,False
A,848,28766368,encoded,,23395,False
B,847,28797048,encoded,,14384,False
A,849,28799710,encoded,,18558,False
B,848,28830389,encoded,,14902,False
A,850,28833043,encoded,,15222,False
B,849,28863716,encoded,,14180,False
A,851,28866376,encoded,,12962,False
B,850,28897056,encoded,,13557,False
A,852,28899707,encoded,,14944,False
B,851,28930381,encoded,,11263,False
A,853,28933051,encoded,,16611,False
B,852,28963721,encoded,,10722,False
A,854,28966377,encoded,,11575,False
A,855,28999710,encoded,,10828,False
B,853,28997049,encoded,,11735,False
B,854,29030388,encoded,,18098,False
A,856,29033040,encoded,,10024,False
B,855,29063716,encoded,,9404,False
A,857,29066375,encoded,,8952,False
A,858,29099708,encoded,,8760,False
B,856,29097055,encoded,,7723,False
B,857,29130406,encoded,,7386,False
A,859,29133047,encoded,,8410,False
B,858,29163722,encoded,,7025,False
A,860,29166380,encoded,,7875,False
B,859,29197051,encoded,,5838,False
A,861,29199713,encoded,,7857,False
B,860,29230385,encoded,,5525,False
A,862,29233034,encoded,,7737,False
B,861,29263722,encoded,,5369,False
A,863,29266368,encoded,,7487,False
B,862,29297056,encoded,,5320,False
A,864,29299702,encoded,,7655,False
B,863,29330388,encoded,,4994,False
A,865,29333034,encoded,,6984,False
B,864,29363722,encoded,,15468,False
A,866,29366367,encoded,,8806,False
B,865,29397057,encoded,,30075,False
A,867,29399704,encoded,,19632,False
B,866,29430386,encoded,,3259,False
A,868,29433038,encoded,,44159,False
B,867,29463720,encoded,,16666,False
A,869,29466368,encoded,,4598,False
B,868,29497051,encoded,,16667,False
A,870,29499703,encoded,,4527,False
B,869,29530385,encoded,,16667,False
A,871,29533036,encoded,,123893,True
B,870,29563718,encoded,,16666,False
A,872,29566368,encoded,,17766,False
A,873,29599701,encoded,,18354,False
B,871,29597052,encoded,,138531,True
B,872,29630387,encoded,,8469,False
A,874,29633036,encoded,,13339,False
A,875,29666372,encoded,,20591,False
B,873,29663722,encoded,,15578,False
B,874,29697053,encoded,,22568,False
A,876,29699712,encoded,,10303,False
B,875,29730403,encoded,,15589,False
A,877,29733046,encoded,,10540,False
B,876,29763722,encoded,,19967,False
A,878,29766368,encoded,,15110,False
B,877,29797058,encoded,,13444,False
A,879,29799719,encoded,,25765,False
B,878,29830404,encoded,,12152,False
A,880,29833048,encoded,,12464,False
B,879,29863728,encoded,,14625,False
A,881,29866383,encoded,,16617,False
B,880,29897058,encoded,,10630,False
A,882,29899712,encoded,,21958,False
B,881,29930386,encoded,,10176,False
A,883,29933037,encoded,,13215,False
B,882,29963723,encoded,,10841,False
A,884,29966384,encoded,,11531,False
B,883,29997054,encoded,,15317,False
A,885,29999702,encoded,,12349,False
B,884,30030386,encoded,,12229,False
A,886,30033045,encoded,,10329,False
B,885,30063725,encoded,,8466,False
A,887,30066374,encoded,,9702,False
B,886,30097054,encoded,,7622,False
A,888,30099710,encoded,,9186,False
B,887,30130394,encoded,,6951,False
A,889,30133045,encoded,,8423,False
B,888,30163720,encoded,,6005,False
A,890,30166379,encoded,,8471,False
B,889,30197060,encoded,,5830,False
A,891,30199716,encoded,,8260,False
B,890,30230394,encoded,,5572,False
A,892,30233046,encoded,,7907,False
B,891,30263727,encoded,,5131,False
A,893,30266386,encoded,,7880,False
B,892,30297054,encoded,,5215,False
A,894,30299702,encoded,,7503,False
B,893,30330387,encoded,,12426,False
A,895,30333044,encoded,,7743,False
B,894,30363722,encoded,,23036,False
A,896,30366367,encoded,,7215,False
B,895,30397056,encoded,,29016,False
A,897,30399716,encoded,,7534,False
B,896,30430386,encoded,,2176,False
A,898,30433045,encoded,,16469,False
B,897,30463726,encoded,,12438,False
A,899,30466378,encoded,,24840,False
B,898,30497056,encoded,,16667,False
A,900,30499711,encoded,,8493,False
B,899,30530395,encoded,,16667,False
A,901,30533055,encoded,,123699,True
B,900,30563725,encoded,,16666,False
A,902,30566381,encoded,,18139,False
B,901,30597064,encoded,,123625,True
A,903,30599714,encoded,,18516,False
B,902,30630412,encoded,,17270,False
A,904,30633049,encoded,,13525,False
B,903,30663726,encoded,,18809,False
A,905,30666383,encoded,,28113,False
B,904,30697055,encoded,,15308,False
A,906,30699704,encoded,,16617,False
B,905,30730393,encoded,,13260,False
A,907,30733051,encoded,,19608,False
B,906,30763722,encoded,,23414,False
A,908,30766371,encoded,,11544,False
B,907,30797067,encoded,,11849,False
A,909,30799715,encoded,,8825,False
B,908,30830393,encoded,,15390,False
A,910,30833047,encoded,,8026,False
B,909,30863731,encoded,,15719,False
A,911,30866382,encoded,,20847,False
B,910,30897056,encoded,,15412,False
A,912,30899715,encoded,,14787,False
B,911,30930388,encoded,,16003,False
A,913,30933045,encoded,,17434,False
B,912,30963735,encoded,,11794,False
A,914,30966394,encoded,,3436,False
B,913,30997060,encoded,,17223,False
A,915,30999716,encoded,,15610,False
B,914,31030391,encoded,,13227,False
A,916,31033045,encoded,,10895,False
B,915,31063740,encoded,,9048,False
A,917,31066379,encoded,,10029,False
B,916,31097055,encoded,,7467,False
A,918,31099716,encoded,,8964,False
B,917,31130397,encoded,,6915,False
A,919,31133055,encoded,,8562,False
B,918,31163726,encoded,,6342,False
A,920,31166379,encoded,,8391,False
B,919,31197062,encoded,,5682,False
A,921,31199712,encoded,,8129,False
B,920,31230389,encoded,,6035,False
A,922,31233035,encoded,,7955,False
B,921,31263730,encoded,,5824,False
A,923,31266370,encoded,,7926,False
A,924,31299704,encoded,,7570,False
B,922,31297057,encoded,,5316,False
B,923,31330396,encoded,,4636,False
A,925,31333049,encoded,,7557,False
B,924,31363723,encoded,,14432,False
A,926,31366381,encoded,,8630,False
B,925,31397062,encoded,,30925,False
A,927,31399720,encoded,,16666,False
B,926,31430400,encoded,,3295,False
A,928,31433051,encoded,,32170,False
B,927,31463731,encoded,,15780,False
A,929,31466371,encoded,,4826,False
B,928,31497060,encoded,,16667,False
A,930,31499706,encoded,,13004,False
B,929,31530392,encoded,,16667,False
A,931,31533039,encoded,,123607,True
B,930,31563725,encoded,,16666,False
A,932,31566410,encoded,,21986,False
B,931,31597060,encoded,,123812,True
A,933,31599711,encoded,,9843,False
B,932,31630398,encoded,,16503,False
A,934,31633039,encoded,,15597,False
B,933,31663725,encoded,,12714,False
A,935,31666373,encoded,,20819,False
B,934,31697057,encoded,,18724,False
A,936,31699713,encoded,,13613,False
B,935,31730391,encoded,,9669,False
A,937,31733042,encoded,,14987,False
B,936,31763725,encoded,,22065,False
A,938,31766404,encoded,,20147,False
B,937,31797058,encoded,,11083,False
A,939,31799717,encoded,,9641,False
B,938,31830396,encoded,,11998,False
A,940,31833054,encoded,,21141,False
B,939,31863732,encoded,,17093,False
A,941,31866382,encoded,,22842,False
B,940,31897059,encoded,,16764,False
A,942,31899707,encoded,,13941,False
B,941,31930390,encoded,,15426,False
A,943,31933053,encoded,,11722,False
A,944,31966381,encoded,,10627,False
B,942,31963726,encoded,,15406,False
B,943,31997064,encoded,,19050,False
A,945,31999706,encoded,,10031,False
B,944,32030393,encoded,,13030,False
A,946,32033041,encoded,,9524,False
B,945,32063732,encoded,,9248,False
A,947,32066380,encoded,,8877,False
B,946,32097061,encoded,,7575,False
A,948,32099708,encoded,,8425,False
A,949,32133043,encoded,,8270,False
B,947,32130392,encoded,,6939,False
B,948,32163727,encoded,,6278,False
A,950,32166384,encoded,,7850,False
B,949,32197065,encoded,,6137,False
A,951,32199706,encoded,,8011,False
B,950,32230393,encoded,,5899,False
A,952,32233059,encoded,,7353,False
B,951,32263731,encoded,,6089,False
A,953,32266380,encoded,,7572,False
B,952,32297062,encoded,,5713,False
A,954,32299708,encoded,,7592,False
B,953,32330398,encoded,,6119,False
A,955,32333052,encoded,,6953,False
B,954,32363727,encoded,,16666,False
A,956,32366387,encoded,,12363,False
B,955,32397063,encoded,,32029,False
A,957,32399713,encoded,,16666,False
B,956,32430393,encoded,,4134,False
A,958,32433057,encoded,,17528,False
B,957,32463731,encoded,,13837,False
A,959,32466373,encoded,,15806,False
B,958,32497061,encoded,,16667,False
A,960,32499707,encoded,,16666,False
B,959,32530395,encoded,,16667,False
A,961,32533051,encoded,,123751,True
B,960,32563729,encoded,,16666,False
A,962,32566376,encoded,,21127,False
B,961,32597058,encoded,,123588,True
A,963,32599718,encoded,,12170,False
B,962,32630407,encoded,,11484,False
A,964,32633057,encoded,,16385,False
B,963,32663727,encoded,,15355,False
A,965,32666390,encoded,,21361,False
B,964,32697061,encoded,,22739,False
A,966,32699716,encoded,,18326,False
B,965,32730397,encoded,,10067,False
A,967,32733051,encoded,,14826,False
B,966,32763728,encoded,,16744,False
A,968,32766461,encoded,,15688,False
B,967,32797067,encoded,,15062,False
A,969,32799719,encoded,,22946,False
B,968,32830395,encoded,,15438,False
A,970,32833054,encoded,,15757,False
B,969,32863733,encoded,,18360,False
A,971,32866383,encoded,,19859,False
B,970,32897062,encoded,,15316,False
A,972,32899720,encoded,,13154,False
B,971,32930394,encoded,,15759,False
A,973,32933049,encoded,,11383,False
B,972,32963727,encoded,,22036,False
A,974,32966373,encoded,,10524,False
B,973,32997066,encoded,,7419,False
A,975,32999716,encoded,,10408,False
B,974,33030396,encoded,,7079,False
A,976,33033054,encoded,,9333,False
B,975,33063734,encoded,,13803,False
A,977,33066477,encoded,,8632,False
B,976,33097060,encoded,,9816,False
A,978,33099716,encoded,,8500,False
B,977,33130397,encoded,,8492,False
A,979,33133052,encoded,,8257,False
B,978,33163732,encoded,,7438,False
A,980,33166392,encoded,,7763,False
B,979,33197064,encoded,,7195,False
A,981,33199718,encoded,,7821,False
B,980,33230396,encoded,,6184,False
A,982,33233055,encoded,,7302,False
B,981,33263729,encoded,,6019,False
A,983,33266378,encoded,,7304,False
B,982,33297065,encoded,,5875,False
A,984,33299709,encoded,,6988,False
B,983,33330396,encoded,,5244,False
A,985,33333042,encoded,,7426,False
A,986,33366382,encoded,,7324,False
B,984,33363734,encoded,,13488,False
B,985,33397064,encoded,,24570,False
A,987,33399707,encoded,,15685,False
B,986,33430405,encoded,,14792,False
A,988,33433054,encoded,,23607,False
B,987,33463732,encoded,,10638,False
A,989,33466373,encoded,,12476,False
B,988,33497069,encoded,,16667,False
A,990,33499721,encoded,,13917,False
B,989,33530408,encoded,,16667,False
A,991,33533055,encoded,,123744,True
B,990,33563738,encoded,,16666,False
A,992,33566389,encoded,,24884,False
A,993,33599722,encoded,,12123,False
B,991,33597064,encoded,,123725,True
B,992,33630407,encoded,,8578,False
A,994,33633053,encoded,,21198,False
B,993,33663731,encoded,,18917,False
A,995,33666387,encoded,,20676,False
B,994,33697074,encoded,,18316,False
A,996,33699719,encoded,,16155,False
B,995,33730398,encoded,,16022,False
A,997,33733053,encoded,,18591,False
B,996,33763744,encoded,,17379,False
A,998,33766375,encoded,,10245,False
B,997,33797063,encoded,,17105,False
A,999,33799711,encoded,,21938,False
B,998,33830397,encoded,,11838,False
A,1000,33833056,encoded,,13316,False
B,999,33863747,encoded,,14255,False
A,1001,33866398,encoded,,21503,False
B,1000,33897072,encoded,,12279,False
A,1002,33899725,encoded,,2912,False
B,1001,33930401,encoded,,14265,False
A,1003,33933053,encoded,,16135,False
B,1002,33963738,encoded,,13291,False
A,1004,33966390,encoded,,11049,False
B,1003,33997067,encoded,,12229,False
A,1005,33999718,encoded,,10941,False
B,1004,34030414,encoded,,19331,False
A,1006,34033058,encoded,,9674,False
B,1005,34063733,encoded,,11840,False
A,1007,34066401,encoded,,8940,False
B,1006,34097070,encoded,,9276,False
A,1008,34099718,encoded,,8629,False
B,1007,34130403,encoded,,7788,False
A,1009,34133062,encoded,,9294,False
B,1008,34163737,encoded,,6887,False
A,1010,34166380,encoded,,8185,False
B,1009,34197067,encoded,,6220,False
A,1011,34199712,encoded,,8036,False
B,1010,34230407,encoded,,5716,False
A,1012,34233045,encoded,,7695,False
B,1011,34263743,encoded,,5660,False
A,1013,34266389,encoded,,7862,False
A,1014,34299716,encoded,,7237,False
B,1012,34297073,encoded,,5181,False
B,1013,34330400,encoded,,7236,False
A,1015,34333044,encoded,,7125,False
B,1014,34363737,encoded,,16666,False
A,1016,34366380,encoded,,7276,False
A,1017,34399711,encoded,,14637,False
B,1015,34397067,encoded,,30766,False
B,1016,34430401,encoded,,3670,False
A,1018,34433050,encoded,,18239,False
B,1017,34463734,encoded,,15564,False
A,1019,34466376,encoded,,15095,False
B,1018,34497071,encoded,,16667,False
A,1020,34499711,encoded,,16666,False
B,1019,34530404,encoded,,16667,False
A,1021,34533054,encoded,,123801,True
B,1020,34563737,encoded,,16666,False
A,1022,34566387,encoded,,17403,False
B,1021,34597067,encoded,,123584,True
A,1023,34599710,encoded,,18514,False
B,1022,34630415,encoded,,15988,False
A,1024,34633059,encoded,,14583,False
B,1023,34663735,encoded,,13171,False
A,1025,34666388,encoded,,21216,False
B,1024,34697073,encoded,,16343,False
A,1026,34699727,encoded,,12655,False
B,1025,34730411,encoded,,15539,False
A,1027,34733054,encoded,,15836,False
B,1026,34763739,encoded,,16145,False
A,1028,34766393,encoded,,23822,False
A,1029,34799724,encoded,,24161,False
B,1027,34797066,encoded,,15495,False
B,1028,34830400,encoded,,12414,False
A,1030,34833055,encoded,,22174,False
B,1029,34863734,encoded,,10766,False
A,1031,34866379,encoded,,3066,False
B,1030,34897072,encoded,,16009,False
A,1032,34899727,encoded,,16552,False
B,1031,34930422,encoded,,15067,False
A,1033,34933056,encoded,,11961,False
B,1032,34963739,encoded,,15049,False
A,1034,34966380,encoded,,10587,False
B,1033,34997065,encoded,,15561,False
A,1035,34999721,encoded,,9680,False
B,1034,35030402,encoded,,22191,False
A,1036,35033045,encoded,,9294,False
B,1035,35063735,encoded,,10145,False
A,1037,35066393,encoded,,9087,False
B,1036,35097073,encoded,,8768,False
A,1038,35099726,encoded,,8556,False
B,1037,35130401,encoded,,9053,False
A,1039,35133052,encoded,,8317,False
B,1038,35163737,encoded,,8147,False
A,1040,35166383,encoded,,8240,False
A,1041,35199726,encoded,,7517,False
B,1039,35197068,encoded,,7689,False
B,1040,35230406,encoded,,7435,False
A,1042,35233058,encoded,,7563,False
B,1041,35263735,encoded,,6860,False
A,1043,35266381,encoded,,7970,False
A,1044,35299713,encoded,,7502,False
B,1042,35297073,encoded,,6563,False
B,1043,35330402,encoded,,6389,False
A,1045,35333046,encoded,,6915,False
B,1044,35363740,encoded,,6485,False
A,1046,35366384,encoded,,17849,False
B,1045,35397072,encoded,,15811,False
A,1047,35399716,encoded,,12915,False
B,1046,35430403,encoded,,23131,False
A,1048,35433062,encoded,,12205,False
B,1047,35463733,encoded,,10202,False
A,1049,35466383,encoded,,13393,False
A,1050,35499723,encoded,,16666,False
B,1048,35497076,encoded,,16667,False
B,1049,35530404,encoded,,16667,False
A,1051,35533064,encoded,,123863,True
B,1050,35563739,encoded,,16666,False
A,1052,35566389,encoded,,8772,False
B,1051,35597067,encoded,,123442,True
A,1053,35599723,encoded,,27084,False
B,1052,35630413,encoded,,13353,False
A,1054,35633057,encoded,,21680,False
B,1053,35663737,encoded,,13818,False
A,1055,35666406,encoded,,21468,False
B,1054,35697076,encoded,,13177,False
A,1056,35699721,encoded,,15246,False
B,1055,35730404,encoded,,16045,False
A,1057,35733056,encoded,,16631,False
B,1056,35763743,encoded,,17294,False
A,1058,35766383,encoded,,10626,False
B,1057,35797071,encoded,,16719,False
A,1059,35799720,encoded,,21993,False
B,1058,35830412,encoded,,11402,False
A,1060,35833066,encoded,,15208,False
B,1059,35863743,encoded,,12078,False
A,1061,35866384,encoded,,18979,False
A,1062,35899718,encoded,,13408,False
B,1060,35897075,encoded,,16082,False
B,1061,35930405,encoded,,21379,False
A,1063,35933049,encoded,,11232,False
B,1062,35963757,encoded,,17874,False
A,1064,35966397,encoded,,10158,False
B,1063,35997072,encoded,,8755,False
A,1065,35999719,encoded,,9751,False
B,1064,36030410,encoded,,8056,False
A,1066,36033051,encoded,,9313,False
B,1065,36063738,encoded,,16954,False
A,1067,36066381,encoded,,8880,False
B,1066,36097071,encoded,,10294,False
A,1068,36099729,encoded,,8620,False
B,1067,36130406,encoded,,8955,False
A,1069,36133048,encoded,,8314,False
B,1068,36163743,encoded,,7867,False
A,1070,36166393,encoded,,7996,False
B,1069,36197072,encoded,,6932,False
A,1071,36199735,encoded,,7775,False
B,1070,36230404,encoded,,7130,False
A,1072,36233065,encoded,,7546,False
B,1071,36263738,encoded,,5984,False
A,1073,36266383,encoded,,7332,False
A,1074,36299729,encoded,,7187,False
B,1072,36297078,encoded,,6550,False
B,1073,36330405,encoded,,6423,False
A,1075,36333065,encoded,,6920,False
B,1074,36363743,encoded,,13437,False
A,1076,36366381,encoded,,8509,False
B,1075,36397073,encoded,,25707,False
A,1077,36399730,encoded,,15509,False
B,1076,36430405,encoded,,15192,False
A,1078,36433062,encoded,,16667,False
B,1077,36463740,encoded,,9101,False
A,1079,36466394,encoded,,16667,False
B,1078,36497072,encoded,,16667,False
A,1080,36499721,encoded,,16666,False
B,1079,36530406,encoded,,16667,False
A,1081,36533053,encoded,,123691,True
B,1080,36563743,encoded,,16666,False
A,1082,36566392,encoded,,20707,False
B,1081,36597074,encoded,,123676,True
A,1083,36599719,encoded,,13102,False
B,1082,36630410,encoded,,10567,False
A,1084,36633050,encoded,,14767,False
B,1083,36663745,encoded,,22510,False
A,1085,36666386,encoded,,19583,False
B,1084,36697078,encoded,,15213,False
A,1086,36699717,encoded,,18740,False
B,1085,36730409,encoded,,16882,False
A,1087,36733053,encoded,,14741,False
B,1086,36763744,encoded,,22954,False
A,1088,36766395,encoded,,24519,False
B,1087,36797077,encoded,,24514,False
A,1089,36799732,encoded,,20627,False
A,1090,36833054,encoded,,22543,False
B,1088,36830423,encoded,,17098,False
A,1091,36866387,encoded,,2794,False
B,1089,36863741,encoded,,18797,False
A,1092,36899721,encoded,,16675,False
B,1090,36897073,encoded,,12656,False
A,1093,36933051,encoded,,12482,False
B,1091,36930409,encoded,,13548,False
A,1094,36966400,encoded,,10826,False
B,1092,36963741,encoded,,9154,False
A,1095,36999738,encoded,,9544,False
B,1093,36997081,encoded,,8223,False
A,1096,37033062,encoded,,9287,False
B,1094,37030411,encoded,,7397,False
A,1097,37066401,encoded,,8753,False
B,1095,37063741,encoded,,6796,False
A,1098,37099733,encoded,,8254,False
B,1096,37097105,encoded,,14347,False
B,1097,37130418,encoded,,9961,False
A,1099,37133052,encoded,,8087,False
B,1098,37163745,encoded,,8106,False
A,1100,37166387,encoded,,8179,False
B,1099,37197078,encoded,,8120,False
A,1101,37199718,encoded,,7606,False
B,1100,37230420,encoded,,7927,False
A,1102,37233053,encoded,,7748,False
B,1101,37263748,encoded,,7741,False
A,1103,37266388,encoded,,7677,False
B,1102,37297077,encoded,,7375,False
A,1104,37299717,encoded,,7422,False
B,1103,37330414,encoded,,7093,False
A,1105,37333052,encoded,,6990,False
B,1104,37363743,encoded,,6214,False
A,1106,37366399,encoded,,18781,False
B,1105,37397082,encoded,,9798,False
A,1107,37399726,encoded,,13350,False
B,1106,37430410,encoded,,16667,False
A,1108,37433052,encoded,,12214,False
B,1107,37463748,encoded,,32117,False
A,1109,37466390,encoded,,13645,False
B,1108,37497079,encoded,,4020,False
A,1110,37499729,encoded,,16666,False
B,1109,37530415,encoded,,13863,False
A,1111,37533067,encoded,,123952,True
B,1110,37563745,encoded,,16666,False
A,1112,37566386,encoded,,8515,False
B,1111,37597079,encoded,,123542,True
A,1113,37599718,encoded,,26121,False
B,1112,37630407,encoded,,21268,False
A,1114,37633066,encoded,,15635,False
A,1115,37666385,encoded,,27202,False
B,1113,37663749,encoded,,11693,False
B,1114,37697076,encoded,,15394,False
A,1116,37699717,encoded,,16727,False
B,1115,37730416,encoded,,14029,False
A,1117,37733053,encoded,,17400,False
B,1116,37763745,encoded,,22009,False
A,1118,37766397,encoded,,10052,False
B,1117,37797082,encoded,,11144,False
A,1119,37799723,encoded,,22096,False
B,1118,37830410,encoded,,15805,False
A,1120,37833054,encoded,,15238,False
B,1119,37863745,encoded,,13571,False
A,1121,37866392,encoded,,19198,False
B,1120,37897076,encoded,,12331,False
A,1122,37899719,encoded,,12796,False
B,1121,37930414,encoded,,13863,False
A,1123,37933062,encoded,,11073,False
B,1122,37963743,encoded,,19011,False
A,1124,37966386,encoded,,10113,False
B,1123,37997083,encoded,,8613,False
A,1125,37999725,encoded,,9526,False
B,1124,38030410,encoded,,17036,False
A,1126,38033052,encoded,,8901,False
B,1125,38063740,encoded,,11168,False
A,1127,38066383,encoded,,8467,False
B,1126,38097079,encoded,,10075,False
A,1128,38099720,encoded,,8925,False
B,1127,38130420,encoded,,9070,False
A,1129,38133054,encoded,,7924,False
B,1128,38163744,encoded,,8728,False
A,1130,38166388,encoded,,7907,False
B,1129,38197075,encoded,,8526,False
A,1131,38199723,encoded,,7861,False
B,1130,38230411,encoded,,7369,False
A,1132,38233061,encoded,,7709,False
A,1133,38266400,encoded,,7592,False
B,1131,38263748,encoded,,6734,False
B,1132,38297080,encoded,,6670,False
A,1134,38299730,encoded,,7342,False
B,1133,38330412,encoded,,5971,False
A,1135,38333054,encoded,,7259,False
B,1134,38363742,encoded,,6380,False
A,1136,38366402,encoded,,17675,False
B,1135,38397079,encoded,,16667,False
A,1137,38399732,encoded,,12939,False
B,1136,38430414,encoded,,29919,False
A,1138,38433066,encoded,,12127,False
B,1137,38463749,encoded,,4103,False
A,1139,38466387,encoded,,15062,False
A,1140,38499721,encoded,,16666,False
B,1138,38497080,encoded,,15978,False
B,1139,38530415,encoded,,16667,False
A,1141,38533053,encoded,,136072,True
B,1140,38563744,encoded,,16666,False
A,1142,38566388,encoded,,8887,False
B,1141,38597079,encoded,,123518,True
A,1143,38599728,encoded,,15779,False
B,1142,38630410,encoded,,20213,False
A,1144,38633068,encoded,,18248,False
B,1143,38663752,encoded,,11579,False
A,1145,38666403,encoded,,23268,False
A,1146,38699730,encoded,,19502,False
B,1144,38697081,encoded,,16612,False
B,1145,38730431,encoded,,23105,False
A,1147,38733071,encoded,,11129,False
B,1146,38763744,encoded,,25106,False
A,1148,38766389,encoded,,23087,False
B,1147,38797078,encoded,,19516,False
A,1149,38799722,encoded,,14157,False
B,1148,38830412,encoded,,14881,False
A,1150,38833065,encoded,,19709,False
B,1149,38863751,encoded,,18074,False
A,1151,38866403,encoded,,13105,False
B,1150,38897080,encoded,,12028,False
A,1152,38899734,encoded,,12414,False
B,1151,38930414,encoded,,12158,False
A,1153,38933066,encoded,,10109,False
B,1152,38963749,encoded,,8415,False
A,1154,38966401,encoded,,9769,False
B,1153,38997090,encoded,,7770,False
A,1155,38999730,encoded,,8880,False
B,1154,39030418,encoded,,7209,False
A,1156,39033068,encoded,,8825,False
B,1155,39063752,encoded,,14816,False
A,1157,39066410,encoded,,8061,False
B,1156,39097078,encoded,,10454,False
A,1158,39099742,encoded,,8014,False
B,1157,39130415,encoded,,8560,False
A,1159,39133067,encoded,,7979,False
B,1158,39163749,encoded,,7892,False
A,1160,39166403,encoded,,7516,False
A,1161,39199735,encoded,,7729,False
B,1159,39197079,encoded,,7300,False
B,1160,39230413,encoded,,6247,False
A,1162,39233092,encoded,,7399,False
B,1161,39263753,encoded,,6013,False
A,1163,39266396,encoded,,7617,False
B,1162,39297082,encoded,,5835,False
A,1164,39299727,encoded,,7251,False
B,1163,39330419,encoded,,5774,False
A,1165,39333057,encoded,,18433,False
B,1164,39363753,encoded,,6925,False
A,1166,39366402,encoded,,13102,False
B,1165,39397083,encoded,,16667,False
A,1167,39399733,encoded,,11888,False
B,1166,39430416,encoded,,30578,False
A,1168,39433058,encoded,,11986,False
B,1167,39463752,encoded,,3565,False
A,1169,39466390,encoded,,13419,False
B,1168,39497086,encoded,,15857,False
A,1170,39499723,encoded,,16666,False
B,1169,39530415,encoded,,16667,False
A,1171,39533056,encoded,,124055,True
B,1170,39563748,encoded,,16666,False
A,1172,39566396,encoded,,7177,False
B,1171,39597089,encoded,,123640,True
A,1173,39599725,encoded,,21242,False
B,1172,39630418,encoded,,12862,False
A,1174,39633057,encoded,,14650,False
B,1173,39663753,encoded,,13847,False
A,1175,39666389,encoded,,24252,False
B,1174,39697092,encoded,,19078,False
A,1176,39699736,encoded,,20053,False
B,1175,39730414,encoded,,16057,False
A,1177,39733067,encoded,,21952,False
B,1176,39763750,encoded,,21691,False
A,1178,39766397,encoded,,10254,False
B,1177,39797088,encoded,,10631,False
A,1179,39799733,encoded,,21694,False
B,1178,39830418,encoded,,10610,False
A,1180,39833074,encoded,,15759,False
B,1179,39863753,encoded,,15774,False
A,1181,39866401,encoded,,18533,False
B,1180,39897082,encoded,,15601,False
A,1182,39899737,encoded,,13085,False
B,1181,39930415,encoded,,16145,False
A,1183,39933070,encoded,,11616,False
B,1182,39963750,encoded,,15796,False
A,1184,39966406,encoded,,10112,False
A,1185,39999726,encoded,,9338,False
B,1183,39997089,encoded,,19995,False
B,1184,40030417,encoded,,6106,False
A,1186,40033108,encoded,,8946,False
B,1185,40063755,encoded,,12747,False
A,1187,40066397,encoded,,9056,False
B,1186,40097084,encoded,,8311,False
A,1188,40099736,encoded,,8164,False
B,1187,40130421,encoded,,7828,False
A,1189,40133068,encoded,,8206,False
B,1188,40163750,encoded,,7144,False
A,1190,40166402,encoded,,7804,False
B,1189,40197088,encoded,,6303,False
A,1191,40199733,encoded,,7700,False
B,1190,40230423,encoded,,6041,False
A,1192,40233060,encoded,,8219,False
B,1191,40263758,encoded,,5498,False
A,1193,40266392,encoded,,7422,False
B,1192,40297086,encoded,,5562,False
A,1194,40299725,encoded,,7220,False
B,1193,40330424,encoded,,6067,False
A,1195,40333069,encoded,,7051,False
B,1194,40363751,encoded,,16666,False
A,1196,40366403,encoded,,9774,False
B,1195,40397089,encoded,,38063,False
A,1197,40399737,encoded,,16666,False
B,1196,40430432,encoded,,2263,False
A,1198,40433072,encoded,,35524,False
B,1197,40463757,encoded,,9674,False
A,1199,40466400,encoded,,8774,False
B,1198,40497084,encoded,,16667,False
A,1200,40499753,encoded,,10491,False
B,1199,40530417,encoded,,16667,False
A,1201,40533068,encoded,,123971,True
B,1200,40563750,encoded,,16666,False
A,1202,40566405,encoded,,21588,False
B,1201,40597084,encoded,,138314,True
A,1203,40599735,encoded,,9599,False
B,1202,40630438,encoded,,17083,False
A,1204,40633073,encoded,,11417,False
B,1203,40663749,encoded,,12162,False
A,1205,40666400,encoded,,22841,False
B,1204,40697102,encoded,,18106,False
A,1206,40699734,encoded,,13039,False
B,1205,40730416,encoded,,17121,False
A,1207,40733072,encoded,,11782,False
B,1206,40763752,encoded,,23178,False
A,1208,40766403,encoded,,17873,False
B,1207,40797083,encoded,,12579,False
A,1209,40799739,encoded,,22921,False
B,1208,40830419,encoded,,12486,False
A,1210,40833072,encoded,,12140,False
A,1211,40866394,encoded,,18114,False
B,1209,40863753,encoded,,11691,False
B,1210,40897083,encoded,,11541,False
A,1212,40899727,encoded,,20684,False
B,1211,40930425,encoded,,19207,False
A,1213,40933059,encoded,,13138,False
B,1212,40963761,encoded,,15015,False
A,1214,40966396,encoded,,11322,False
B,1213,40997101,encoded,,10278,False
A,1215,40999727,encoded,,10379,False
A,1216,41033060,encoded,,9588,False
B,1214,41030424,encoded,,8804,False
B,1215,41063753,encoded,,8192,False
A,1217,41066413,encoded,,9176,False
B,1216,41097086,encoded,,7348,False
A,1218,41099727,encoded,,8654,False
B,1217,41130427,encoded,,6353,False
A,1219,41133060,encoded,,8365,False
B,1218,41163753,encoded,,5861,False
A,1220,41166395,encoded,,7863,False
B,1219,41197089,encoded,,5896,False
A,1221,41199741,encoded,,7566,False
B,1220,41230429,encoded,,5363,False
A,1222,41233064,encoded,,7323,False
B,1221,41263756,encoded,,4963,False
A,1223,41266395,encoded,,7554,False
B,1222,41297095,encoded,,4864,False
A,1224,41299728,encoded,,7211,False
B,1223,41330429,encoded,,6929,False
A,1225,41333070,encoded,,7993,False
B,1224,41363761,encoded,,16666,False
A,1226,41366407,encoded,,7361,False
B,1225,41397089,encoded,,38106,False
A,1227,41399727,encoded,,15749,False
B,1226,41430430,encoded,,2203,False
A,1228,41433067,encoded,,24004,False
B,1227,41463761,encoded,,9691,False
A,1229,41466393,encoded,,12353,False
B,1228,41497089,encoded,,16667,False
A,1230,41499737,encoded,,13643,False
B,1229,41530425,encoded,,16667,False
A,1231,41533069,encoded,,123815,True
B,1230,41563761,encoded,,16666,False
A,1232,41566410,encoded,,22077,False
B,1231,41597087,encoded,,123525,True
A,1233,41599739,encoded,,14269,False
B,1232,41630435,encoded,,16771,False
A,1234,41633066,encoded,,14120,False
B,1233,41663753,encoded,,11026,False
A,1235,41666402,encoded,,26834,False
B,1234,41697092,encoded,,21108,False
A,1236,41699732,encoded,,16906,False
B,1235,41730421,encoded,,14656,False
A,1237,41733072,encoded,,18078,False
A,1238,41766403,encoded,,10403,False
B,1236,41763761,encoded,,22103,False
B,1237,41797089,encoded,,12120,False
A,1239,41799727,encoded,,8648,False
B,1238,41830422,encoded,,11478,False
A,1240,41833064,encoded,,20733,False
B,1239,41863758,encoded,,15963,False
A,1241,41866397,encoded,,15008,False
B,1240,41897089,encoded,,14429,False
A,1242,41899740,encoded,,17917,False
B,1241,41930424,encoded,,14708,False
A,1243,41933064,encoded,,12713,False
B,1242,41963761,encoded,,12061,False
A,1244,41966407,encoded,,11044,False
B,1243,41997090,encoded,,12419,False
A,1245,41999727,encoded,,10524,False
B,1244,42030427,encoded,,19148,False
A,1246,42033060,encoded,,9573,False
B,1245,42063755,encoded,,8682,False
A,1247,42066417,encoded,,9436,False
B,1246,42097094,encoded,,7487,False
A,1248,42099740,encoded,,8811,False
B,1247,42130429,encoded,,6674,False
A,1249,42133085,encoded,,8450,False
B,1248,42163761,encoded,,6211,False
A,1250,42166406,encoded,,8236,False
A,1251,42199742,encoded,,7829,False
B,1249,42197091,encoded,,5979,False
B,1250,42230429,encoded,,5494,False
A,1252,42233076,encoded,,7618,False
B,1251,42263760,encoded,,4980,False
A,1253,42266396,encoded,,7201,False
A,1254,42299742,encoded,,7214,False
B,1252,42297098,encoded,,4855,False
B,1253,42330423,encoded,,11457,False
A,1255,42333101,encoded,,6978,False
A,1256,42366415,encoded,,8899,False
B,1254,42363761,encoded,,16666,False
B,1255,42397090,encoded,,35447,False
A,1257,42399746,encoded,,16666,False
B,1256,42430426,encoded,,1800,False
A,1258,42433075,encoded,,27499,False
B,1257,42463757,encoded,,12753,False
A,1259,42466402,encoded,,10498,False
A,1260,42499736,encoded,,12003,False
B,1258,42497100,encoded,,16667,False
B,1259,42530426,encoded,,16667,False
A,1261,42533080,encoded,,124075,True
B,1260,42563764,encoded,,16666,False
A,1262,42566415,encoded,,21875,False
B,1261,42597092,encoded,,123582,True
A,1263,42599743,encoded,,9405,False
B,1262,42630427,encoded,,12699,False
A,1264,42633070,encoded,,15523,False
B,1263,42663762,encoded,,19647,False
A,1265,42666410,encoded,,20763,False
A,1266,42699742,encoded,,18987,False
B,1264,42697096,encoded,,22490,False
B,1265,42730426,encoded,,10205,False
A,1267,42733079,encoded,,15046,False
B,1266,42763764,encoded,,21188,False
A,1268,42766410,encoded,,17006,False
B,1267,42797091,encoded,,11263,False
A,1269,42799731,encoded,,9663,False
B,1268,42830428,encoded,,10008,False
A,1270,42833062,encoded,,20865,False
B,1269,42863761,encoded,,13793,False
A,1271,42866411,encoded,,22733,False
B,1270,42897098,encoded,,15418,False
A,1272,42899743,encoded,,13693,False
B,1271,42930423,encoded,,15308,False
A,1273,42933080,encoded,,12231,False
B,1272,42963765,encoded,,11505,False
A,1274,42966400,encoded,,11342,False
B,1273,42997093,encoded,,13449,False
A,1275,42999732,encoded,,9830,False
A,1276,43033076,encoded,,9510,False
B,1274,43030440,encoded,,21228,False
A,1277,43066399,encoded,,9176,False
B,1275,43063758,encoded,,8882,False
B,1276,43097101,encoded,,7396,False
A,1278,43099732,encoded,,8366,False
B,1277,43130427,encoded,,6849,False
A,1279,43133083,encoded,,8261,False
B,1278,43163765,encoded,,6294,False
A,1280,43166410,encoded,,8487,False
B,1279,43197107,encoded,,6391,False
A,1281,43199753,encoded,,7746,False
B,1280,43230436,encoded,,6095,False
A,1282,43233077,encoded,,8419,False
B,1281,43263762,encoded,,5923,False
A,1283,43266415,encoded,,7770,False
A,1284,43299733,encoded,,7492,False
B,1282,43297102,encoded,,5398,False
B,1283,43330428,encoded,,8323,False
A,1285,43333067,encoded,,7141,False
B,1284,43363766,encoded,,16666,False
A,1286,43366428,encoded,,7929,False
B,1285,43397097,encoded,,20347,False
A,1287,43399745,encoded,,16666,False
B,1286,43430434,encoded,,12987,False
A,1288,43433085,encoded,,28398,False
B,1287,43463760,encoded,,16666,False
A,1289,43466413,encoded,,4936,False
B,1288,43497099,encoded,,16667,False
A,1290,43499742,encoded,,16666,False
B,1289,43530427,encoded,,16667,False
A,1291,43533077,encoded,,124012,True
B,1290,43563767,encoded,,16666,False
A,1292,43566400,encoded,,8341,False
B,1291,43597095,encoded,,123381,True
A,1293,43599744,encoded,,18922,False
B,1292,43630429,encoded,,12646,False
A,1294,43633075,encoded,,18626,False
B,1293,43663762,encoded,,14469,False
A,1295,43666416,encoded,,20986,False
B,1294,43697100,encoded,,18448,False
A,1296,43699745,encoded,,18962,False
B,1295,43730429,encoded,,12708,False
A,1297,43733082,encoded,,14886,False
B,1296,43763766,encoded,,23289,False
A,1298,43766412,encoded,,16511,False
B,1297,43797093,encoded,,12179,False
A,1299,43799743,encoded,,22853,False
B,1298,43830433,encoded,,20594,False
A,1300,43833075,encoded,,16120,False
B,1299,43863761,encoded,,15906,False
A,1301,43866414,encoded,,19423,False
B,1300,43897101,encoded,,15748,False
A,1302,43899742,encoded,,12677,False
B,1301,43930442,encoded,,13994,False
A,1303,43933087,encoded,,11659,False
B,1302,43963768,encoded,,22905,False
A,1304,43966418,encoded,,10576,False
B,1303,43997096,encoded,,10456,False
A,1305,43999766,encoded,,9682,False
B,1304,44030434,encoded,,8689,False
A,1306,44033068,encoded,,9729,False
B,1305,44063763,encoded,,7393,False
A,1307,44066403,encoded,,9192,False
B,1306,44097100,encoded,,6891,False
A,1308,44099734,encoded,,8790,False
B,1307,44130430,encoded,,6788,False
A,1309,44133076,encoded,,8270,False
B,1308,44163767,encoded,,6066,False
A,1310,44166410,encoded,,8293,False
A,1311,44199747,encoded,,8883,False
B,1309,44197096,encoded,,5770,False
B,1310,44230434,encoded,,5663,False
A,1312,44233078,encoded,,7955,False
B,1311,44263762,encoded,,5587,False
A,1313,44266401,encoded,,8344,False
B,1312,44297096,encoded,,5072,False
A,1314,44299734,encoded,,7991,False
B,1313,44330431,encoded,,8692,False
A,1315,44333068,encoded,,7371,False
B,1314,44363763,encoded,,16666,False
A,1316,44366409,encoded,,6861,False
B,1315,44397096,encoded,,21392,False
A,1317,44399737,encoded,,14085,False
B,1316,44430429,encoded,,11942,False
A,1318,44433093,encoded,,18610,False
B,1317,44463765,encoded,,16666,False
A,1319,44466412,encoded,,14724,False
B,1318,44497095,encoded,,16667,False
A,1320,44499750,encoded,,16666,False
B,1319,44530436,encoded,,16667,False
A,1321,44533084,encoded,,124164,True
B,1320,44563764,encoded,,16666,False
A,1322,44566417,encoded,,7924,False
B,1321,44597104,encoded,,123343,True
A,1323,44599749,encoded,,26297,False
B,1322,44630449,encoded,,19324,False
A,1324,44633082,encoded,,23033,False
B,1323,44663767,encoded,,10282,False
A,1325,44666418,encoded,,25378,False
A,1326,44699746,encoded,,20888,False
B,1324,44697104,encoded,,20561,False
B,1325,44730429,encoded,,16231,False
A,1327,44733085,encoded,,11564,False
B,1326,44763766,encoded,,23428,False
A,1328,44766402,encoded,,9402,False
B,1327,44797103,encoded,,12992,False
A,1329,44799738,encoded,,21426,False
B,1328,44830431,encoded,,11076,False
A,1330,44833069,encoded,,5271,False
B,1329,44863771,encoded,,18219,False
A,1331,44866403,encoded,,15326,False
B,1330,44897102,encoded,,12106,False
A,1332,44899738,encoded,,18604,False
B,1331,44930440,encoded,,14072,False
A,1333,44933069,encoded,,12145,False
A,1334,44966417,encoded,,11002,False
B,1332,44963780,encoded,,14358,False
B,1333,44997109,encoded,,18761,False
A,1335,44999741,encoded,,9990,False
B,1334,45030431,encoded,,13068,False
A,1336,45033069,encoded,,9293,False
B,1335,45063767,encoded,,8662,False
A,1337,45066405,encoded,,9212,False
B,1336,45097106,encoded,,7487,False
A,1338,45099738,encoded,,8767,False
B,1337,45130438,encoded,,7125,False
A,1339,45133079,encoded,,8000,False
B,1338,45163768,encoded,,6453,False
A,1340,45166403,encoded,,7943,False
B,1339,45197107,encoded,,5727,False
A,1341,45199742,encoded,,7864,False
B,1340,45230434,encoded,,5439,False
A,1342,45233073,encoded,,7708,False
B,1341,45263771,encoded,,5389,False
A,1343,45266403,encoded,,7308,False
B,1342,45297106,encoded,,4917,False
A,1344,45299738,encoded,,7456,False
B,1343,45330444,encoded,,4825,False
A,1345,45333071,encoded,,7150,False
B,1344,45363773,encoded,,16155,False
A,1346,45366412,encoded,,10219,False
B,1345,45397101,encoded,,29996,False
A,1347,45399737,encoded,,16666,False
B,1346,45430433,encoded,,3338,False
A,1348,45433071,encoded,,27271,False
B,1347,45463770,encoded,,16666,False
A,1349,45466405,encoded,,10558,False
B,1348,45497100,encoded,,16667,False
A,1350,45499742,encoded,,12171,False
B,1349,45530440,encoded,,16667,False
A,1351,45533076,encoded,,124028,True
B,1350,45563767,encoded,,16666,False
A,1352,45566405,encoded,,22230,False
B,1351,45597102,encoded,,123454,True
A,1353,45599739,encoded,,6995,False
B,1352,45630435,encoded,,17095,False
A,1354,45633086,encoded,,17877,False
B,1353,45663771,encoded,,18672,False
A,1355,45666412,encoded,,20102,False
B,1354,45697100,encoded,,19475,False
A,1356,45699766,encoded,,19099,False
B,1355,45730442,encoded,,13351,False
A,1357,45733083,encoded,,14727,False
B,1356,45763767,encoded,,20647,False
A,1358,45766411,encoded,,16406,False
B,1357,45797106,encoded,,12976,False
A,1359,45799750,encoded,,23327,False
B,1358,45830436,encoded,,10833,False
A,1360,45833102,encoded,,17110,False
B,1359,45863773,encoded,,14108,False
A,1361,45866415,encoded,,18855,False
A,1362,45899747,encoded,,12755,False
B,1360,45897105,encoded,,13567,False
B,1361,45930435,encoded,,11120,False
A,1363,45933082,encoded,,11234,False
B,1362,45963771,encoded,,12791,False
A,1364,45966451,encoded,,10296,False
B,1363,45997108,encoded,,13428,False
A,1365,45999755,encoded,,10382,False
B,1364,46030435,encoded,,17831,False
A,1366,46033081,encoded,,9317,False
B,1365,46063774,encoded,,12060,False
A,1367,46066423,encoded,,8815,False
B,1366,46097102,encoded,,8480,False
A,1368,46099751,encoded,,8178,False
B,1367,46130445,encoded,,7353,False
A,1369,46133090,encoded,,8303,False
B,1368,46163770,encoded,,6551,False
A,1370,46166407,encoded,,7867,False
B,1369,46197105,encoded,,6383,False
A,1371,46199741,encoded,,8136,False
B,1370,46230436,encoded,,6461,False
A,1372,46233075,encoded,,7528,False
B,1371,46263777,encoded,,6032,False
A,1373,46266409,encoded,,7362,False
B,1372,46297110,encoded,,5839,False
A,1374,46299743,encoded,,7134,False
B,1373,46330438,encoded,,5611,False
A,1375,46333078,encoded,,7287,False
B,1374,46363770,encoded,,15882,False
A,1376,46366441,encoded,,7984,False
B,1375,46397109,encoded,,31445,False
A,1377,46399754,encoded,,16666,False
B,1376,46430447,encoded,,4293,False
A,1378,46433088,encoded,,24471,False
B,1377,46463771,encoded,,14262,False
A,1379,46466419,encoded,,12469,False
B,1378,46497103,encoded,,16667,False
A,1380,46499754,encoded,,13060,False
B,1379,46530451,encoded,,16667,False
A,1381,46533074,encoded,,124101,True
B,1380,46563774,encoded,,16666,False
A,1382,46566408,encoded,,24860,False
B,1381,46597109,encoded,,123538,True
A,1383,46599741,encoded,,7931,False
B,1382,46630450,encoded,,16565,False
A,1384,46633089,encoded,,15542,False
B,1383,46663776,encoded,,11418,False
A,1385,46666414,encoded,,20052,False
B,1384,46697103,encoded,,15634,False
A,1386,46699751,encoded,,12387,False
B,1385,46730440,encoded,,11931,False
A,1387,46733090,encoded,,16416,False
B,1386,46763770,encoded,,22176,False
A,1388,46766414,encoded,,20701,False
B,1387,46797109,encoded,,12136,False
A,1389,46799745,encoded,,23165,False
B,1388,46830441,encoded,,10917,False
A,1390,46833076,encoded,,6168,False
B,1389,46863777,encoded,,13700,False
A,1391,46866406,encoded,,16401,False
B,1390,46897105,encoded,,12241,False
A,1392,46899752,encoded,,20702,False
B,1391,46930443,encoded,,15523,False
A,1393,46933086,encoded,,12710,False
B,1392,46963787,encoded,,15659,False
A,1394,46966424,encoded,,10836,False
B,1393,46997106,encoded,,22280,False
A,1395,46999756,encoded,,10418,False
B,1394,47030437,encoded,,15440,False
A,1396,47033083,encoded,,9822,False
B,1395,47063777,encoded,,8389,False
A,1397,47066419,encoded,,9081,False
B,1396,47097106,encoded,,15828,False
A,1398,47099751,encoded,,8627,False
B,1397,47130443,encoded,,11249,False
A,1399,47133084,encoded,,8860,False
B,1398,47163775,encoded,,9830,False
A,1400,47166421,encoded,,7876,False
B,1399,47197116,encoded,,9082,False
A,1401,47199748,encoded,,7899,False
B,1400,47230439,encoded,,8756,False
A,1402,47233085,encoded,,7550,False
B,1401,47263777,encoded,,8903,False
A,1403,47266417,encoded,,7577,False
B,1402,47297106,encoded,,9010,False
A,1404,47299761,encoded,,8022,False
B,1403,47330450,encoded,,9657,False
A,1405,47333082,encoded,,7848,False
B,1404,47363787,encoded,,9462,False
A,1406,47366422,encoded,,7782,False
B,1405,47397120,encoded,,10530,False
A,1407,47399753,encoded,,16666,False
B,1406,47430452,encoded,,11389,False
A,1408,47433102,encoded,,36829,False
B,1407,47463777,encoded,,11389,False
A,1409,47466427,encoded,,3947,False
B,1408,47497108,encoded,,14035,False
A,1410,47499762,encoded,,11719,False
B,1409,47530438,encoded,,16667,False
A,1411,47533090,encoded,,124121,True
B,1410,47563789,encoded,,16666,False
A,1412,47566421,encoded,,22388,False
B,1411,47597107,encoded,,123348,True
A,1413,47599754,encoded,,9170,False
B,1412,47630451,encoded,,20363,False
A,1414,47633090,encoded,,15689,False
B,1413,47663776,encoded,,18871,False
A,1415,47666409,encoded,,20771,False
B,1414,47697107,encoded,,14673,False
A,1416,47699754,encoded,,11998,False
B,1415,47730448,encoded,,17654,False
A,1417,47733078,encoded,,16705,False
B,1416,47763778,encoded,,17174,False
A,1418,47766428,encoded,,21206,False
B,1417,47797120,encoded,,25694,False
A,1419,47799753,encoded,,24511,False
B,1418,47830440,encoded,,15597,False
A,1420,47833077,encoded,,6047,False
B,1419,47863774,encoded,,15007,False
A,1421,47866413,encoded,,16299,False
B,1420,47897107,encoded,,14148,False
A,1422,47899745,encoded,,19299,False
B,1421,47930446,encoded,,17302,False
A,1423,47933075,encoded,,13428,False
B,1422,47963777,encoded,,12543,False
A,1424,47966409,encoded,,12080,False
B,1423,47997108,encoded,,12293,False
A,1425,47999756,encoded,,11192,False
B,1424,48030442,encoded,,17390,False
A,1426,48033081,encoded,,9803,False
B,1425,48063775,encoded,,11121,False
A,1427,48066428,encoded,,9267,False
B,1426,48097108,encoded,,9872,False
A,1428,48099755,encoded,,9482,False
B,1427,48130447,encoded,,9317,False
A,1429,48133087,encoded,,9516,False
B,1428,48163777,encoded,,8843,False
A,1430,48166418,encoded,,9733,False
B,1429,48197108,encoded,,7713,False
A,1431,48199753,encoded,,8263,False
B,1430,48230462,encoded,,8251,False
A,1432,48233091,encoded,,8212,False
B,1431,48263782,encoded,,8130,False
A,1433,48266419,encoded,,7647,False
B,1432,48297107,encoded,,8580,False
A,1434,48299754,encoded,,7196,False
B,1433,48330449,encoded,,15250,False
A,1435,48333084,encoded,,7355,False
A,1436,48366421,encoded,,7494,False
B,1434,48363773,encoded,,12059,False
B,1435,48397111,encoded,,11037,False
A,1437,48399743,encoded,,8633,False
B,1436,48430443,encoded,,10169,False
A,1438,48433098,encoded,,16667,False
B,1437,48463776,encoded,,10341,False
A,1439,48466432,encoded,,27938,False
A,1440,48499755,encoded,,5395,False
B,1438,48497116,encoded,,10363,False
B,1439,48530443,encoded,,9930,False
A,1441,48533080,encoded,,124099,True
B,1440,48563780,encoded,,9787,False
A,1442,48566418,encoded,,17764,False
B,1441,48597110,encoded,,123561,True
A,1443,48599756,encoded,,18601,False
B,1442,48630440,encoded,,18558,False
A,1444,48633093,encoded,,13988,False
B,1443,48663783,encoded,,13877,False
A,1445,48666422,encoded,,19869,False
B,1444,48697113,encoded,,14755,False
A,1446,48699760,encoded,,18565,False
B,1445,48730443,encoded,,16333,False
A,1447,48733089,encoded,,14850,False
B,1446,48763784,encoded,,17280,False
A,1448,48766428,encoded,,17353,False
A,1449,48799756,encoded,,10006,False
B,1447,48797110,encoded,,23969,False
B,1448,48830447,encoded,,13716,False
A,1450,48833092,encoded,,21646,False
A,1451,48866413,encoded,,15797,False
B,1449,48863780,encoded,,12021,False
B,1450,48897111,encoded,,14451,False
A,1452,48899756,encoded,,19436,False
B,1451,48930446,encoded,,15894,False
A,1453,48933080,encoded,,12514,False
B,1452,48963782,encoded,,12450,False
A,1454,48966414,encoded,,11120,False
B,1453,48997112,encoded,,11210,False
A,1455,48999756,encoded,,10363,False
A,1456,49033087,encoded,,9797,False
B,1454,49030446,encoded,,17544,False
B,1455,49063779,encoded,,11196,False
A,1457,49066420,encoded,,8938,False
B,1456,49097111,encoded,,10358,False
A,1458,49099747,encoded,,8630,False
B,1457,49130447,encoded,,9358,False
A,1459,49133081,encoded,,8194,False
B,1458,49163784,encoded,,9135,False
A,1460,49166416,encoded,,8137,False
B,1459,49197114,encoded,,8475,False
A,1461,49199753,encoded,,7858,False
B,1460,49230451,encoded,,8113,False
A,1462,49233088,encoded,,7695,False
B,1461,49263783,encoded,,8291,False
A,1463,49266417,encoded,,7151,False
B,1462,49297118,encoded,,6861,False
A,1464,49299762,encoded,,6967,False
B,1463,49330446,encoded,,13390,False
A,1465,49333081,encoded,,6977,False
B,1464,49363782,encoded,,10340,False
A,1466,49366415,encoded,,7019,False
B,1465,49397111,encoded,,9290,False
A,1467,49399758,encoded,,16666,False
B,1466,49430456,encoded,,8286,False
A,1468,49433089,encoded,,24083,False
B,1467,49463780,encoded,,8468,False
A,1469,49466428,encoded,,13029,False
A,1470,49499771,encoded,,12888,False
B,1468,49497118,encoded,,16667,False
B,1469,49530447,encoded,,35860,False
A,1471,49533095,encoded,,124122,True
B,1470,49563784,encoded,,5378,False
A,1472,49566429,encoded,,21989,False
B,1471,49597113,encoded,,123194,True
A,1473,49599757,encoded,,9565,False
B,1472,49630463,encoded,,14328,False
A,1474,49633098,encoded,,15565,False
B,1473,49663779,encoded,,19116,False
A,1475,49666431,encoded,,20322,False
B,1474,49697125,encoded,,16386,False
A,1476,49699746,encoded,,19504,False
B,1475,49730446,encoded,,17281,False
A,1477,49733095,encoded,,15622,False
B,1476,49763798,encoded,,11686,False
A,1478,49766424,encoded,,17142,False
B,1477,49797114,encoded,,16774,False
A,1479,49799758,encoded,,9894,False
B,1478,49830464,encoded,,21292,False
A,1480,49833093,encoded,,21208,False
B,1479,49863781,encoded,,13748,False
A,1481,49866435,encoded,,15471,False
B,1480,49897119,encoded,,17561,False
A,1482,49899766,encoded,,19229,False
B,1481,49930445,encoded,,17581,False
A,1483,49933096,encoded,,13404,False
B,1482,49963797,encoded,,12312,False
A,1484,49966440,encoded,,11669,False
B,1483,49997114,encoded,,19419,False
A,1485,49999756,encoded,,10748,False
B,1484,50030450,encoded,,10666,False
A,1486,50033092,encoded,,9532,False
B,1485,50063783,encoded,,8702,False
A,1487,50066420,encoded,,9270,False
B,1486,50097123,encoded,,8894,False
A,1488,50099749,encoded,,9023,False
B,1487,50130452,encoded,,7604,False
A,1489,50133087,encoded,,8542,False
B,1488,50163788,encoded,,7529,False
A,1490,50166427,encoded,,8098,False
A,1491,50199759,encoded,,7948,False
B,1489,50197115,encoded,,7973,False
B,1490,50230455,encoded,,8237,False
A,1492,50233094,encoded,,7697,False
B,1491,50263782,encoded,,6942,False
A,1493,50266425,encoded,,7810,False
B,1492,50297119,encoded,,6973,False
A,1494,50299765,encoded,,7691,False
B,1493,50330450,encoded,,12986,False
A,1495,50333083,encoded,,7478,False
B,1494,50363794,encoded,,9638,False
A,1496,50366422,encoded,,6769,False
B,1495,50397116,encoded,,9696,False
A,1497,50399748,encoded,,14688,False
B,1496,50430451,encoded,,8373,False
A,1498,50433084,encoded,,18980,False
B,1497,50463784,encoded,,7204,False
A,1499,50466419,encoded,,14354,False
B,1498,50497122,encoded,,16667,False
A,1500,50499765,encoded,,16666,False
B,1499,50530467,encoded,,34280,False
A,1501,50533099,encoded,,124197,True
B,1500,50563788,encoded,,4364,False
A,1502,50566432,encoded,,25412,False
B,1501,50597120,encoded,,123493,True
A,1503,50599769,encoded,,12632,False
B,1502,50630470,encoded,,14441,False
A,1504,50633092,encoded,,12119,False
B,1503,50663802,encoded,,14997,False
A,1505,50666428,encoded,,19454,False
B,1504,50697119,encoded,,19600,False
A,1506,50699758,encoded,,18192,False
B,1505,50730448,encoded,,19166,False
A,1507,50733102,encoded,,14591,False
B,1506,50763801,encoded,,12919,False
A,1508,50766439,encoded,,16646,False
B,1507,50797118,encoded,,12378,False
A,1509,50799760,encoded,,23101,False
B,1508,50830452,encoded,,16751,False
A,1510,50833095,encoded,,16039,False
B,1509,50863782,encoded,,14694,False
A,1511,50866439,encoded,,5460,False
B,1510,50897123,encoded,,22080,False
A,1512,50899769,encoded,,6103,False
B,1511,50930473,encoded,,12167,False
A,1513,50933101,encoded,,22985,False
B,1512,50963790,encoded,,9255,False
A,1514,50966429,encoded,,13458,False
A,1515,50999760,encoded,,11261,False
B,1513,50997118,encoded,,9874,False
B,1514,51030452,encoded,,9323,False
A,1516,51033105,encoded,,10251,False
B,1515,51063786,encoded,,9395,False
A,1517,51066419,encoded,,10002,False
B,1516,51097117,encoded,,18810,False
A,1518,51099760,encoded,,9237,False
A,1519,51133087,encoded,,9049,False
B,1517,51130452,encoded,,7586,False
B,1518,51163787,encoded,,16007,False
A,1520,51166419,encoded,,8372,False
B,1519,51197118,encoded,,22061,False
A,1521,51199755,encoded,,8930,False
B,1520,51230458,encoded,,6782,False
A,1522,51233086,encoded,,9079,False
B,1521,51263784,encoded,,18778,False
A,1523,51266421,encoded,,8381,False
B,1522,51297118,encoded,,14946,False
A,1524,51299761,encoded,,8052,False
B,1523,51330453,encoded,,13892,False
A,1525,51333098,encoded,,7662,False
B,1524,51363792,encoded,,15106,False
A,1526,51366419,encoded,,8590,False
A,1527,51399762,encoded,,10745,False
B,1525,51397118,encoded,,8039,False
B,1526,51430457,encoded,,10026,False
A,1528,51433085,encoded,,16667,False
A,1529,51466419,encoded,,16667,False
B,1527,51463786,encoded,,19010,False
B,1528,51497125,encoded,,9261,False
A,1530,51499752,encoded,,16666,False
B,1529,51530465,encoded,,10031,False
A,1531,51533087,encoded,,124341,True
B,1530,51563788,encoded,,10700,False
A,1532,51566426,encoded,,25567,False
B,1531,51597138,encoded,,113028,True
A,1533,51599773,encoded,,12882,False
B,1532,51630455,encoded,,14928,False
A,1534,51633096,encoded,,20040,False
B,1533,51663793,encoded,,14164,False
A,1535,51666417,encoded,,24062,False
B,1534,51697121,encoded,,18073,False
A,1536,51699761,encoded,,20647,False
B,1535,51730452,encoded,,16977,False
A,1537,51733093,encoded,,11137,False
A,1538,51766423,encoded,,9524,False
B,1536,51763786,encoded,,15031,False
B,1537,51797120,encoded,,18482,False
A,1539,51799754,encoded,,22274,False
B,1538,51830455,encoded,,13560,False
A,1540,51833088,encoded,,14607,False
B,1539,51863790,encoded,,13188,False
A,1541,51866419,encoded,,18736,False
B,1540,51897122,encoded,,14039,False
A,1542,51899756,encoded,,13033,False
B,1541,51930457,encoded,,13257,False
A,1543,51933089,encoded,,12832,False
A,1544,51966423,encoded,,11130,False
B,1542,51963791,encoded,,16346,False
A,1545,51999754,encoded,,10790,False
B,1543,51997125,encoded,,10006,False
B,1544,52030454,encoded,,12571,False
A,1546,52033097,encoded,,9662,False
B,1545,52063793,encoded,,11937,False
A,1547,52066424,encoded,,9318,False
B,1546,52097126,encoded,,20481,False
A,1548,52099756,encoded,,8892,False
B,1547,52130464,encoded,,12371,False
A,1549,52133091,encoded,,8862,False
B,1548,52163790,encoded,,10896,False
A,1550,52166420,encoded,,7991,False
B,1549,52197124,encoded,,10998,False
A,1551,52199770,encoded,,9003,False
B,1550,52230459,encoded,,10176,False
A,1552,52233090,encoded,,8410,False
B,1551,52263791,encoded,,10440,False
A,1553,52266430,encoded,,8226,False
B,1552,52297123,encoded,,9509,False
A,1554,52299768,encoded,,7778,False
B,1553,52330456,encoded,,19887,False
A,1555,52333099,encoded,,8295,False
B,1554,52363800,encoded,,14550,False
A,1556,52366431,encoded,,7416,False
B,1555,52397129,encoded,,20921,False
A,1557,52399769,encoded,,18475,False
B,1556,52430456,encoded,,16019,False
A,1558,52433098,encoded,,7185,False
B,1557,52463800,encoded,,12806,False
A,1559,52466421,encoded,,12219,False
B,1558,52497128,encoded,,12469,False
A,1560,52499759,encoded,,19413,False
B,1559,52530462,encoded,,13321,False
A,1561,52533090,encoded,,123981,True
B,1560,52563789,encoded,,12078,False
A,1562,52566424,encoded,,21467,False
B,1561,52597131,encoded,,104241,True
A,1563,52599759,encoded,,13210,False
B,1562,52630456,encoded,,12781,False
A,1564,52633093,encoded,,12439,False
B,1563,52663795,encoded,,11533,False
A,1565,52666426,encoded,,19690,False
B,1564,52697136,encoded,,14070,False
A,1566,52699765,encoded,,11213,False
B,1565,52730468,encoded,,18269,False
A,1567,52733097,encoded,,13123,False
B,1566,52763812,encoded,,17142,False
A,1568,52766443,encoded,,22991,False
B,1567,52797133,encoded,,13814,False
A,1569,52799766,encoded,,24669,False
B,1568,52830468,encoded,,17815,False
A,1570,52833089,encoded,,15386,False
B,1569,52863797,encoded,,13518,False
A,1571,52866428,encoded,,17499,False
B,1570,52897125,encoded,,11166,False
A,1572,52899757,encoded,,18367,False
B,1571,52930462,encoded,,12871,False
A,1573,52933090,encoded,,12123,False
B,1572,52963791,encoded,,12099,False
A,1574,52966423,encoded,,10915,False
B,1573,52997130,encoded,,9707,False
A,1575,52999758,encoded,,10106,False
B,1574,53030463,encoded,,13637,False
A,1576,53033089,encoded,,9877,False
B,1575,53063796,encoded,,10907,False
A,1577,53066424,encoded,,9221,False
B,1576,53097124,encoded,,19183,False
A,1578,53099760,encoded,,9284,False
B,1577,53130471,encoded,,10371,False
A,1579,53133094,encoded,,8689,False
B,1578,53163795,encoded,,9342,False
A,1580,53166427,encoded,,7939,False
B,1579,53197126,encoded,,8877,False
A,1581,53199763,encoded,,8027,False
B,1580,53230459,encoded,,8842,False
A,1582,53233090,encoded,,7816,False
B,1581,53263794,encoded,,8902,False
A,1583,53266436,encoded,,8038,False
B,1582,53297130,encoded,,8904,False
A,1584,53299759,encoded,,8516,False
B,1583,53330466,encoded,,8939,False
A,1585,53333106,encoded,,8064,False
B,1584,53363793,encoded,,9098,False
A,1586,53366438,encoded,,7501,False
B,1585,53397129,encoded,,8527,False
A,1587,53399767,encoded,,7239,False
B,1586,53430460,encoded,,9284,False
A,1588,53433107,encoded,,16530,False
B,1587,53463797,encoded,,9259,False
A,1589,53466435,encoded,,24252,False
A,1590,53499765,encoded,,9081,False
B,1588,53497127,encoded,,19093,False
B,1589,53530464,encoded,,23250,False
A,1591,53533124,encoded,,123918,True
B,1590,53563793,encoded,,15221,False
A,1592,53566438,encoded,,18073,False
B,1591,53597131,encoded,,112992,True
A,1593,53599767,encoded,,18166,False
B,1592,53630471,encoded,,16715,False
A,1594,53633112,encoded,,13726,False
B,1593,53663798,encoded,,9519,False
A,1595,53666437,encoded,,28014,False
B,1594,53697127,encoded,,19191,False
A,1596,53699762,encoded,,17365,False
B,1595,53730459,encoded,,19066,False
A,1597,53733090,encoded,,20850,False
B,1596,53763796,encoded,,15938,False
A,1598,53766441,encoded,,11384,False
B,1597,53797129,encoded,,17246,False
A,1599,53799769,encoded,,8976,False
B,1598,53830467,encoded,,17455,False
A,1600,53833106,encoded,,21639,False
B,1599,53863793,encoded,,12388,False
A,1601,53866428,encoded,,13208,False
B,1600,53897127,encoded,,16860,False
A,1602,53899779,encoded,,19473,False
B,1601,53930465,encoded,,17915,False
A,1603,53933103,encoded,,13188,False
B,1602,53963794,encoded,,12229,False
A,1604,53966428,encoded,,11054,False
B,1603,53997130,encoded,,10482,False
A,1605,53999764,encoded,,10347,False
B,1604,54030462,encoded,,9261,False
A,1606,54033098,encoded,,9954,False
B,1605,54063798,encoded,,9311,False
A,1607,54066428,encoded,,9215,False
A,1608,54099758,encoded,,8962,False
B,1606,54097130,encoded,,9111,False
B,1607,54130464,encoded,,9180,False
A,1609,54133094,encoded,,9116,False
B,1608,54163795,encoded,,8139,False
A,1610,54166427,encoded,,8045,False
B,1609,54197134,encoded,,7389,False
A,1611,54199766,encoded,,8165,False
B,1610,54230471,encoded,,7541,False
A,1612,54233094,encoded,,7904,False
B,1611,54263796,encoded,,8173,False
A,1613,54266428,encoded,,7560,False
B,1612,54297129,encoded,,7900,False
A,1614,54299761,encoded,,7658,False
B,1613,54330467,encoded,,17996,False
A,1615,54333097,encoded,,7605,False
A,1616,54366428,encoded,,6890,False
B,1614,54363796,encoded,,19919,False
B,1615,54397135,encoded,,13377,False
A,1617,54399764,encoded,,9545,False
B,1616,54430463,encoded,,12341,False
A,1618,54433094,encoded,,16667,False
B,1617,54463798,encoded,,11766,False
A,1619,54466432,encoded,,36391,False
B,1618,54497133,encoded,,11257,False
A,1620,54499761,encoded,,8663,False
B,1619,54530466,encoded,,11219,False
A,1621,54533098,encoded,,124063,True
B,1620,54563800,encoded,,11798,False
A,1622,54566428,encoded,,21872,False
B,1621,54597128,encoded,,123356,True
A,1623,54599776,encoded,,6683,False
B,1622,54630483,encoded,,13720,False
A,1624,54633107,encoded,,12973,False
B,1623,54663801,encoded,,13269,False
A,1625,54666436,encoded,,19092,False
B,1624,54697130,encoded,,14989,False
A,1626,54699771,encoded,,10583,False
B,1625,54730462,encoded,,16477,False
A,1627,54733104,encoded,,12416,False
B,1626,54763799,encoded,,11879,False
A,1628,54766441,encoded,,22755,False
B,1627,54797134,encoded,,16792,False
A,1629,54799778,encoded,,21721,False
B,1628,54830465,encoded,,18012,False
A,1630,54833107,encoded,,24780,False
B,1629,54863803,encoded,,11543,False
A,1631,54866450,encoded,,6813,False
B,1630,54897131,encoded,,11705,False
A,1632,54899765,encoded,,14855,False
B,1631,54930470,encoded,,10864,False
A,1633,54933094,encoded,,18710,False
B,1632,54963800,encoded,,19667,False
A,1634,54966430,encoded,,12146,False
B,1633,54997132,encoded,,10834,False
A,1635,54999762,encoded,,10544,False
B,1634,55030466,encoded,,9751,False
A,1636,55033121,encoded,,9725,False
B,1635,55063803,encoded,,9540,False
A,1637,55066428,encoded,,9269,False
B,1636,55097130,encoded,,9021,False
A,1638,55099778,encoded,,8620,False
B,1637,55130470,encoded,,7802,False
A,1639,55133109,encoded,,8649,False
A,1640,55166429,encoded,,8065,False
B,1638,55163799,encoded,,7235,False
B,1639,55197136,encoded,,18396,False
A,1641,55199767,encoded,,8284,False
B,1640,55230469,encoded,,21727,False
A,1642,55233101,encoded,,7812,False
A,1643,55266432,encoded,,7807,False
B,1641,55263800,encoded,,4103,False
B,1642,55297133,encoded,,17313,False
A,1644,55299767,encoded,,7551,False
B,1643,55330485,encoded,,4867,False
A,1645,55333099,encoded,,7810,False
B,1644,55363801,encoded,,15452,False
A,1646,55366437,encoded,,7953,False
B,1645,55397144,encoded,,10902,False
A,1647,55399774,encoded,,7078,False
B,1646,55430467,encoded,,10014,False
A,1648,55433098,encoded,,16317,False
B,1647,55463805,encoded,,9108,False
A,1649,55466434,encoded,,23602,False
B,1648,55497132,encoded,,14605,False
A,1650,55499783,encoded,,9731,False
B,1649,55530467,encoded,,16667,False
A,1651,55533098,encoded,,124101,True
B,1650,55563801,encoded,,16666,False
A,1652,55566440,encoded,,17789,False
B,1651,55597136,encoded,,123739,True
A,1653,55599771,encoded,,18750,False
B,1652,55630463,encoded,,16522,False
A,1654,55633111,encoded,,13756,False
B,1653,55663800,encoded,,9429,False
A,1655,55666438,encoded,,21822,False
B,1654,55697133,encoded,,15830,False
A,1656,55699762,encoded,,21741,False
B,1655,55730466,encoded,,15096,False
A,1657,55733107,encoded,,19832,False
B,1656,55763799,encoded,,23235,False
A,1658,55766429,encoded,,10784,False
B,1657,55797131,encoded,,19121,False
A,1659,55799766,encoded,,8752,False
B,1658,55830476,encoded,,17311,False
A,1660,55833101,encoded,,20883,False
B,1659,55863804,encoded,,10384,False
A,1661,55866432,encoded,,14889,False
B,1660,55897146,encoded,,9880,False
A,1662,55899769,encoded,,17998,False
B,1661,55930469,encoded,,9756,False
A,1663,55933099,encoded,,12993,False
B,1662,55963807,encoded,,9009,False
A,1664,55966438,encoded,,11794,False
B,1663,55997134,encoded,,8997,False
A,1665,55999766,encoded,,11077,False
B,1664,56030470,encoded,,9249,False
A,1666,56033112,encoded,,10162,False
B,1665,56063801,encoded,,8566,False
A,1667,56066442,encoded,,9804,False
B,1666,56097144,encoded,,8100,False
A,1668,56099787,encoded,,8671,False
B,1667,56130474,encoded,,7563,False
A,1669,56133116,encoded,,8796,False
B,1668,56163803,encoded,,19504,False
A,1670,56166438,encoded,,8294,False
B,1669,56197147,encoded,,21474,False
A,1671,56199778,encoded,,8251,False
B,1670,56230478,encoded,,5110,False
A,1672,56233114,encoded,,8201,False
B,1671,56263805,encoded,,17554,False
A,1673,56266441,encoded,,8059,False
B,1672,56297138,encoded,,13120,False
A,1674,56299766,encoded,,7545,False
B,1673,56330468,encoded,,6207,False
A,1675,56333108,encoded,,7648,False
B,1674,56363814,encoded,,6908,False
A,1676,56366442,encoded,,7516,False
B,1675,56397139,encoded,,18019,False
A,1677,56399779,encoded,,10092,False
B,1676,56430483,encoded,,13917,False
A,1678,56433111,encoded,,16667,False
B,1677,56463813,encoded,,12843,False
A,1679,56466442,encoded,,23827,False
B,1678,56497142,encoded,,12392,False
A,1680,56499776,encoded,,12323,False
B,1679,56530470,encoded,,14499,False
A,1681,56533109,encoded,,123992,True
A,1682,56566434,encoded,,21810,False
B,1680,56563807,encoded,,16666,False
B,1681,56597137,encoded,,123824,True
A,1683,56599786,encoded,,9245,False
A,1684,56633101,encoded,,16159,False
B,1682,56630470,encoded,,20486,False
B,1683,56663807,encoded,,9202,False
A,1685,56666434,encoded,,19842,False
B,1684,56697137,encoded,,15598,False
A,1686,56699766,encoded,,12293,False
B,1685,56730470,encoded,,15829,False
A,1687,56733099,encoded,,15910,False
B,1686,56763807,encoded,,18234,False
A,1688,56766436,encoded,,13764,False
B,1687,56797137,encoded,,22878,False
A,1689,56799765,encoded,,22757,False
B,1688,56830476,encoded,,20700,False
A,1690,56833116,encoded,,21313,False
B,1689,56863813,encoded,,12649,False
A,1691,56866442,encoded,,22407,False
A,1692,56899769,encoded,,2876,False
B,1690,56897145,encoded,,10606,False
B,1691,56930482,encoded,,9503,False
A,1693,56933105,encoded,,16585,False
B,1692,56963809,encoded,,8665,False
A,1694,56966434,encoded,,11937,False
B,1693,56997139,encoded,,8252,False
A,1695,56999769,encoded,,11803,False
B,1694,57030480,encoded,,8909,False
A,1696,57033101,encoded,,11368,False
B,1695,57063805,encoded,,8928,False
A,1697,57066437,encoded,,9510,False
B,1696,57097148,encoded,,8480,False
A,1698,57099767,encoded,,8990,False
B,1697,57130472,encoded,,7698,False
A,1699,57133107,encoded,,8324,False
A,1700,57166446,encoded,,8091,False
B,1698,57163812,encoded,,19369,False
B,1699,57197138,encoded,,7160,False
A,1701,57199777,encoded,,7743,False
B,1700,57230477,encoded,,14031,False
A,1702,57233108,encoded,,7411,False
B,1701,57263806,encoded,,20436,False
A,1703,57266435,encoded,,8573,False
B,1702,57297144,encoded,,12935,False
A,1704,57299781,encoded,,7360,False
B,1703,57330483,encoded,,12623,False
A,1705,57333120,encoded,,7469,False
B,1704,57363813,encoded,,12745,False
A,1706,57366444,encoded,,7523,False
B,1705,57397143,encoded,,11269,False
A,1707,57399770,encoded,,12128,False
B,1706,57430480,encoded,,10908,False
A,1708,57433106,encoded,,16667,False
B,1707,57463808,encoded,,10263,False
A,1709,57466435,encoded,,16895,False
B,1708,57497138,encoded,,9591,False
A,1710,57499778,encoded,,16438,False
B,1709,57530474,encoded,,11563,False
A,1711,57533106,encoded,,124144,True
B,1710,57563814,encoded,,16666,False
A,1712,57566457,encoded,,20084,False
B,1711,57597141,encoded,,123661,True
A,1713,57599807,encoded,,17535,False
B,1712,57630470,encoded,,19613,False
A,1714,57633104,encoded,,13654,False
B,1713,57663808,encoded,,13702,False
A,1715,57666453,encoded,,21736,False
B,1714,57697148,encoded,,14380,False
A,1716,57699771,encoded,,19296,False
B,1715,57730475,encoded,,11115,False
A,1717,57733107,encoded,,15333,False
B,1716,57763811,encoded,,15965,False
A,1718,57766442,encoded,,18806,False
B,1717,57797141,encoded,,13235,False
A,1719,57799787,encoded,,11205,False
B,1718,57830490,encoded,,14833,False
A,1720,57833121,encoded,,8801,False
B,1719,57863808,encoded,,18561,False
A,1721,57866450,encoded,,20971,False
B,1720,57897150,encoded,,20222,False
A,1722,57899783,encoded,,16959,False
B,1721,57930475,encoded,,22754,False
A,1723,57933119,encoded,,18073,False
B,1722,57963813,encoded,,13252,False
A,1724,57966448,encoded,,12917,False
A,1725,57999778,encoded,,12062,False
B,1723,57997141,encoded,,11581,False
B,1724,58030560,encoded,,10500,False
A,1726,58033119,encoded,,10258,False
B,1725,58063821,encoded,,9699,False
A,1727,58066455,encoded,,9903,False
B,1726,58097152,encoded,,9643,False
A,1728,58099783,encoded,,10337,False
B,1727,58130479,encoded,,9124,False
A,1729,58133105,encoded,,9381,False
B,1728,58163817,encoded,,8653,False
A,1730,58166439,encoded,,8978,False
B,1729,58197144,encoded,,8335,False
A,1731,58199773,encoded,,8399,False
B,1730,58230481,encoded,,8189,False
A,1732,58233114,encoded,,8185,False
B,1731,58263809,encoded,,19784,False
A,1733,58266448,encoded,,7618,False
B,1732,58297146,encoded,,22385,False
A,1734,58299791,encoded,,7194,False
B,1733,58330492,encoded,,14306,False
A,1735,58333120,encoded,,7258,False
B,1734,58363814,encoded,,12846,False
A,1736,58366454,encoded,,7261,False
B,1735,58397142,encoded,,11374,False
A,1737,58399774,encoded,,7151,False
B,1736,58430482,encoded,,10134,False
A,1738,58433107,encoded,,13168,False
B,1737,58463808,encoded,,9741,False
A,1739,58466446,encoded,,16667,False
B,1738,58497143,encoded,,9250,False
A,1740,58499790,encoded,,16666,False
B,1739,58530477,encoded,,8993,False
A,1741,58533116,encoded,,124264,True
B,1740,58563815,encoded,,8384,False
A,1742,58566439,encoded,,14499,False
B,1741,58597144,encoded,,123644,True
A,1743,58599782,encoded,,21429,False
B,1742,58630489,encoded,,13218,False
A,1744,58633112,encoded,,21624,False
B,1743,58663822,encoded,,10641,False
A,1745,58666450,encoded,,24809,False
B,1744,58697156,encoded,,16267,False
A,1746,58699788,encoded,,20564,False
B,1745,58730492,encoded,,24283,False
A,1747,58733121,encoded,,11169,False
B,1746,58763811,encoded,,20387,False
A,1748,58766455,encoded,,9711,False
B,1747,58797145,encoded,,19146,False
A,1749,58799790,encoded,,21747,False
B,1748,58830483,encoded,,18571,False
A,1750,58833108,encoded,,13874,False
B,1749,58863811,encoded,,11828,False
A,1751,58866447,encoded,,18832,False
B,1750,58897146,encoded,,9903,False
A,1752,58899775,encoded,,2885,False
A,1753,58933113,encoded,,15920,False
B,1751,58930481,encoded,,9300,False
B,1752,58963812,encoded,,8538,False
A,1754,58966438,encoded,,11229,False
B,1753,58997145,encoded,,8318,False
A,1755,58999774,encoded,,10074,False
B,1754,59030479,encoded,,7749,False
A,1756,59033118,encoded,,9682,False
B,1755,59063812,encoded,,7151,False
A,1757,59066441,encoded,,8953,False
A,1758,59099779,encoded,,8549,False
B,1756,59097145,encoded,,19460,False
B,1757,59130485,encoded,,22310,False
A,1759,59133119,encoded,,8482,False
B,1758,59163819,encoded,,4168,False
A,1760,59166442,encoded,,7884,False
A,1761,59199782,encoded,,7851,False
B,1759,59197143,encoded,,16274,False
B,1760,59230479,encoded,,12479,False
A,1762,59233108,encoded,,7627,False
B,1761,59263814,encoded,,11124,False
A,1763,59266451,encoded,,7692,False
B,1762,59297153,encoded,,9344,False
A,1764,59299775,encoded,,7332,False
B,1763,59330480,encoded,,8130,False
A,1765,59333109,encoded,,6958,False
B,1764,59363815,encoded,,7656,False
A,1766,59366441,encoded,,9694,False
B,1765,59397152,encoded,,6890,False
A,1767,59399790,encoded,,16666,False
B,1766,59430482,encoded,,7628,False
A,1768,59433107,encoded,,28320,False
B,1767,59463817,encoded,,11379,False
A,1769,59466444,encoded,,10817,False
B,1768,59497148,encoded,,16667,False
A,1770,59499787,encoded,,10863,False
B,1769,59530482,encoded,,16667,False
A,1771,59533122,encoded,,124079,True
B,1770,59563811,encoded,,16666,False
A,1772,59566469,encoded,,22047,False
B,1771,59597154,encoded,,123691,True
A,1773,59599786,encoded,,6589,False
B,1772,59630488,encoded,,16976,False
A,1774,59633122,encoded,,12843,False
B,1773,59663826,encoded,,14044,False
A,1775,59666455,encoded,,23606,False
A,1776,59699788,encoded,,20295,False
B,1774,59697147,encoded,,20357,False
B,1775,59730480,encoded,,22478,False
A,1777,59733123,encoded,,15462,False
B,1776,59763816,encoded,,18658,False
A,1778,59766458,encoded,,17361,False
B,1777,59797152,encoded,,16248,False
A,1779,59799787,encoded,,22867,False
B,1778,59830484,encoded,,9135,False
A,1780,59833119,encoded,,15226,False
A,1781,59866452,encoded,,20110,False
B,1779,59863820,encoded,,21963,False
B,1780,59897147,encoded,,12083,False
A,1782,59899778,encoded,,13111,False
B,1781,59930486,encoded,,20602,False
A,1783,59933119,encoded,,11839,False
B,1782,59963819,encoded,,12066,False
A,1784,59966443,encoded,,11030,False
A,1785,59999775,encoded,,9894,False
B,1783,59997148,encoded,,3157,False
B,1784,60030482,encoded,,13251,False
A,1786,60033110,encoded,,9215,False
B,1785,60063820,encoded,,9845,False
A,1787,60066451,encoded,,9025,False
B,1786,60097149,encoded,,9634,False
A,1788,60099786,encoded,,8787,False
B,1787,60130482,encoded,,9878,False
A,1789,60133115,encoded,,8209,False
B,1788,60163825,encoded,,9569,False
A,1790,60166445,encoded,,8544,False
B,1789,60197150,encoded,,9080,False
A,1791,60199778,encoded,,7815,False
B,1790,60230484,encoded,,8843,False
A,1792,60233110,encoded,,7583,False
B,1791,60263822,encoded,,7718,False
A,1793,60266445,encoded,,7329,False
B,1792,60297150,encoded,,7731,False
A,1794,60299788,encoded,,7712,False
B,1793,60330494,encoded,,6804,False
A,1795,60333121,encoded,,7098,False
B,1794,60363825,encoded,,6731,False
A,1796,60366453,encoded,,7324,False
B,1795,60397156,encoded,,6501,False
A,1797,60399786,encoded,,15000,False
B,1796,60430483,encoded,,16291,False
A,1798,60433116,encoded,,16667,False
B,1797,60463823,encoded,,20522,False
A,1799,60466459,encoded,,16667,False
B,1798,60497162,encoded,,12811,False
A,1800,60499791,encoded,,16666,False
B,1799,60530485,encoded,,16667,False
A,1801,60533113,encoded,,124248,True
B,1800,60563818,encoded,,16666,False
