camera,sequence,pts_us,status,drop_reason,encoded_bytes,keyframe
A,0,279872,dropped,camera_frame_error,,
B,0,536485,dropped,camera_frame_error,,
A,1,313212,encoded,,65993,True
A,2,546536,encoded,,323,False
B,1,569818,encoded,,78008,True
A,3,579868,encoded,,1871,False
B,2,603159,encoded,,504,False
A,4,613212,encoded,,55788,False
B,3,636503,encoded,,75,False
A,5,646536,encoded,,592,False
A,6,679870,encoded,,8958,False
B,4,669828,encoded,,54086,False
A,7,713211,encoded,,17817,False
B,5,703154,encoded,,474,False
A,8,746536,encoded,,3125,False
B,6,736489,encoded,,8482,False
A,9,779872,encoded,,25464,False
B,7,769824,encoded,,22724,False
A,10,813203,encoded,,1105,False
B,8,803156,encoded,,13145,False
A,11,846541,encoded,,15530,False
B,9,836493,encoded,,16824,False
A,12,879870,encoded,,4663,False
B,10,869847,encoded,,4347,False
A,13,913208,encoded,,3228,False
B,11,903171,encoded,,21644,False
B,12,936509,encoded,,4724,False
A,14,946540,encoded,,17233,False
B,13,969840,encoded,,3652,False
A,15,979874,encoded,,5845,False
B,14,1003151,encoded,,12824,False
A,16,1013245,encoded,,14825,False
B,15,1036488,encoded,,4936,False
A,17,1046557,encoded,,16667,False
B,16,1069822,encoded,,18034,False
A,18,1079869,encoded,,16666,False
B,17,1103155,encoded,,5611,False
B,18,1136487,encoded,,5599,False
A,19,1113205,encoded,,16667,False
B,19,1169823,encoded,,16667,False
A,20,1146538,encoded,,16667,False
B,20,1203153,encoded,,37783,False
A,21,1179871,encoded,,16666,False
B,21,1236487,encoded,,188,False
A,22,1213207,encoded,,16667,False
B,22,1269821,encoded,,12029,False
A,23,1246545,encoded,,16667,False
B,23,1303155,encoded,,16667,False
A,24,1279927,encoded,,16666,False
B,24,1336487,encoded,,19847,False
A,25,1313205,encoded,,16667,False
B,25,1369822,encoded,,13486,False
A,26,1346542,encoded,,16667,False
B,26,1403154,encoded,,16667,False
A,27,1379873,encoded,,16666,False
B,27,1436490,encoded,,16666,False
A,28,1413206,encoded,,16667,False
B,28,1469821,encoded,,16667,False
A,29,1446538,encoded,,16667,False
B,29,1503164,encoded,,16667,False
A,30,1479884,encoded,,16666,False
B,30,1536512,encoded,,16666,False
A,35,1646534,dropped,capture_queue_full,,
A,31,1513206,encoded,,115294,True
B,31,1569822,encoded,,123843,True
A,32,1546536,encoded,,29864,False
B,32,1603151,encoded,,29047,False
A,33,1579869,encoded,,480,False
B,33,1636485,encoded,,297,False
A,34,1613205,encoded,,3336,False
B,34,1669818,encoded,,1218,False
A,36,1679872,encoded,,6977,False
B,35,1703159,encoded,,3518,False
A,37,1713200,encoded,,2788,False
B,36,1736500,encoded,,14218,False
A,38,1746533,encoded,,7786,False
B,37,1769821,encoded,,5448,False
A,39,1779870,encoded,,4075,False
B,38,1803162,encoded,,18222,False
A,40,1813207,encoded,,19435,False
B,39,1836494,encoded,,7675,False
A,41,1846553,encoded,,8374,False
B,40,1869817,encoded,,5992,False
A,42,1879884,encoded,,6366,False
B,41,1903157,encoded,,4837,False
A,43,1913211,encoded,,5507,False
B,46,2069817,dropped,capture_queue_full,,
B,42,1936483,encoded,,4451,False
A,44,1946533,encoded,,6385,False
A,45,1979872,encoded,,16667,False
B,43,1969823,encoded,,15708,False
B,44,2003155,encoded,,8277,False
A,50,2146554,dropped,capture_queue_full,,
A,46,2013209,encoded,,27482,False
B,45,2036491,encoded,,7249,False
A,47,2046549,encoded,,5851,False
B,47,2103156,encoded,,16667,False
A,48,2079882,encoded,,16667,False
A,49,2113201,encoded,,16666,False
B,48,2136485,encoded,,16667,False
A,51,2179869,encoded,,16667,False
B,49,2169821,encoded,,16666,False
A,52,2213204,encoded,,16667,False
B,50,2203154,encoded,,16667,False
A,53,2246535,encoded,,16666,False
B,51,2236486,encoded,,16667,False
A,54,2279869,encoded,,16667,False
B,56,2403149,dropped,capture_queue_full,,
B,52,2269833,encoded,,16666,False
A,55,2313201,encoded,,16667,False
B,53,2303155,encoded,,16667,False
A,56,2346535,encoded,,16666,False
B,54,2336496,encoded,,16667,False
A,57,2379868,encoded,,16667,False
B,55,2369817,encoded,,16666,False
B,57,2436492,encoded,,16667,False
A,62,2546536,dropped,capture_queue_full,,
A,58,2413199,encoded,,16667,False
B,58,2469818,encoded,,16667,False
A,59,2446533,encoded,,16666,False
B,59,2503150,encoded,,16666,False
A,60,2479868,encoded,,16667,False
B,60,2536484,encoded,,16667,False
A,61,2513199,encoded,,16667,False
B,61,2569817,encoded,,16667,False
A,63,2579866,encoded,,16666,False
B,62,2603151,encoded,,16666,False
A,64,2613200,encoded,,115287,True
B,63,2636484,encoded,,123863,True
A,65,2646531,encoded,,24718,False
B,64,2669818,encoded,,29051,False
A,66,2679866,encoded,,3556,False
B,65,2703163,encoded,,2803,False
A,71,2846532,dropped,capture_queue_full,,
A,67,2713201,encoded,,10626,False
B,66,2736490,encoded,,14382,False
A,68,2746531,encoded,,26913,False
B,67,2769817,encoded,,21323,False
A,69,2779869,encoded,,9932,False
B,68,2803155,encoded,,7956,False
A,70,2813201,encoded,,16043,False
B,73,2969818,dropped,capture_queue_full,,
B,69,2836484,encoded,,21053,False
A,72,2879866,encoded,,5975,False
B,70,2869819,encoded,,9399,False
A,73,2913201,encoded,,10712,False
B,71,2903150,encoded,,6985,False
A,74,2946534,encoded,,7252,False
B,72,2936488,encoded,,5865,False
A,75,2979873,encoded,,6232,False
B,74,3003151,encoded,,6983,False
A,76,3013213,encoded,,5627,False
B,75,3036490,encoded,,4732,False
A,77,3046535,encoded,,5054,False
B,76,3069828,encoded,,4566,False
A,78,3079868,encoded,,19297,False
B,77,3103167,encoded,,27740,False
A,79,3113210,encoded,,10514,False
B,78,3136484,encoded,,11987,False
A,80,3146536,encoded,,8056,False
B,83,3303165,dropped,capture_queue_full,,
B,79,3169817,encoded,,8662,False
A,85,3313200,dropped,capture_queue_full,,
A,81,3179871,encoded,,7437,False
B,80,3203152,encoded,,7473,False
A,82,3213198,encoded,,6769,False
B,81,3236481,encoded,,6468,False
A,83,3246530,encoded,,16667,False
B,82,3269823,encoded,,5793,False
A,84,3279880,encoded,,45809,False
B,84,3336493,encoded,,7044,False
B,85,3369821,encoded,,15872,False
A,86,3346533,encoded,,2798,False
B,86,3403155,encoded,,38085,False
A,91,3513197,dropped,capture_queue_full,,
A,87,3379867,encoded,,3016,False
B,87,3436487,encoded,,3259,False
A,88,3413198,encoded,,15044,False
B,88,3469816,encoded,,8656,False
A,89,3446539,encoded,,16666,False
B,89,3503155,encoded,,16667,False
A,95,3646551,dropped,capture_queue_full,,
B,90,3536482,encoded,,16667,False
A,90,3479888,encoded,,16667,False
B,91,3569821,encoded,,16666,False
A,92,3546542,encoded,,16667,False
B,92,3603165,encoded,,16667,False
A,93,3579867,encoded,,16666,False
B,93,3636489,encoded,,16667,False
A,94,3613198,encoded,,16667,False
B,94,3669815,encoded,,16666,False
A,96,3679864,encoded,,16667,False
B,95,3703152,encoded,,123924,True
A,97,3713201,encoded,,16666,False
B,96,3736493,encoded,,18535,False
A,98,3746530,encoded,,124335,True
B,97,3769839,encoded,,4711,False
A,99,3779865,encoded,,27994,False
B,98,3803176,encoded,,26337,False
A,100,3813200,encoded,,2206,False
B,103,3969839,dropped,capture_queue_full,,
B,99,3836488,encoded,,14383,False
A,101,3846534,encoded,,11658,False
B,100,3869821,encoded,,28194,False
A,106,4013199,dropped,capture_queue_full,,
A,102,3879865,encoded,,20397,False
B,101,3903157,encoded,,9469,False
A,103,3913205,encoded,,12802,False
B,102,3936493,encoded,,7014,False
A,104,3946530,encoded,,8464,False
B,104,4003149,encoded,,7992,False
A,105,3979891,encoded,,24656,False
B,105,4036494,encoded,,21771,False
A,107,4046528,encoded,,4097,False
B,106,4069821,encoded,,19245,False
A,108,4079862,encoded,,3807,False
B,107,4103149,encoded,,10196,False
A,109,4113196,encoded,,15208,False
B,112,4269823,dropped,capture_queue_full,,
B,108,4136486,encoded,,8312,False
A,110,4146531,encoded,,8738,False
B,109,4169830,encoded,,7228,False
A,111,4179862,encoded,,7525,False
B,110,4203154,encoded,,6640,False
A,112,4213196,encoded,,6596,False
A,113,4246532,encoded,,6136,False
B,111,4236481,encoded,,5941,False
A,114,4279869,encoded,,5811,False
B,113,4303154,encoded,,6968,False
A,115,4313205,encoded,,5695,False
B,114,4336485,encoded,,5230,False
A,116,4346548,encoded,,5481,False
B,115,4369816,encoded,,4587,False
A,117,4379887,encoded,,15061,False
B,116,4403152,encoded,,11478,False
B,117,4436481,encoded,,7827,False
A,122,4546528,dropped,capture_queue_full,,
A,118,4413201,encoded,,23632,False
B,118,4469819,encoded,,10685,False
A,119,4446528,encoded,,12310,False
B,119,4503148,encoded,,16667,False
A,120,4479869,encoded,,14058,False
B,120,4536485,encoded,,23749,False
A,121,4513198,encoded,,16667,False
B,121,4569820,encoded,,9584,False
A,123,4579865,encoded,,16666,False
B,122,4603146,encoded,,16667,False
A,124,4613194,encoded,,16667,False
B,127,4769830,dropped,capture_queue_full,,
A,129,4779864,dropped,capture_queue_full,,
B,123,4636481,encoded,,16666,False
A,125,4646529,encoded,,16667,False
B,124,4669816,encoded,,16667,False
A,126,4679873,encoded,,16666,False
B,125,4703152,encoded,,16667,False
A,127,4713200,encoded,,16667,False
B,126,4736488,encoded,,16666,False
A,128,4746544,encoded,,16667,False
B,128,4803150,encoded,,123744,True
A,130,4813200,encoded,,16666,False
B,129,4836487,encoded,,8415,False
A,131,4846527,encoded,,124284,True
B,130,4869819,encoded,,20366,False
B,131,4903147,encoded,,14348,False
A,132,4879868,encoded,,24303,False
B,132,4936485,encoded,,18535,False
A,133,4913197,encoded,,8195,False
B,133,4969813,encoded,,11712,False
A,138,5079861,dropped,capture_queue_full,,
A,134,4946527,encoded,,18808,False
B,134,5003155,encoded,,24502,False
A,135,4979865,encoded,,16888,False
B,135,5036486,encoded,,17731,False
A,136,5013195,encoded,,9408,False
B,136,5069825,encoded,,20902,False
A,137,5046529,encoded,,26634,False
B,137,5103157,encoded,,18350,False
A,139,5113196,encoded,,4660,False
B,138,5136486,encoded,,9096,False
B,139,5169835,encoded,,7596,False
A,144,5279861,dropped,capture_queue_full,,
A,140,5146530,encoded,,15793,False
B,140,5203146,encoded,,6694,False
A,141,5179864,encoded,,9481,False
B,141,5236486,encoded,,5740,False
A,142,5213200,encoded,,7858,False
B,142,5269815,encoded,,5616,False
A,143,5246542,encoded,,6954,False
B,143,5303148,encoded,,5008,False
A,145,5313193,encoded,,8690,False
B,144,5336485,encoded,,4671,False
A,146,5346530,encoded,,6330,False
B,145,5369821,encoded,,11907,False
A,147,5379861,encoded,,5546,False
B,146,5403148,encoded,,8008,False
A,148,5413208,encoded,,24550,False
B,147,5436481,encoded,,6780,False
A,153,5579865,dropped,capture_queue_full,,
A,149,5446532,encoded,,13653,False
B,152,5603152,dropped,capture_queue_full,,
B,148,5469816,encoded,,6143,False
A,150,5479864,encoded,,11475,False
B,149,5503145,encoded,,10803,False
A,151,5513193,encoded,,10097,False
B,150,5536481,encoded,,16667,False
A,152,5546526,encoded,,10399,False
B,151,5569818,encoded,,21078,False
A,154,5613193,encoded,,2839,False
B,153,5636492,encoded,,12255,False
A,155,5646525,encoded,,12463,False
B,154,5669821,encoded,,16667,False
A,156,5679862,encoded,,8955,False
B,155,5703166,encoded,,16666,False
A,157,5713213,encoded,,11737,False
B,156,5736481,encoded,,16667,False
A,158,5746530,encoded,,16667,False
B,157,5769815,encoded,,16667,False
A,159,5779862,encoded,,16667,False
B,158,5803155,encoded,,16666,False
A,160,5813208,encoded,,16666,False
B,163,5969814,dropped,capture_queue_full,,
B,159,5836487,encoded,,123756,True
A,165,5979860,dropped,capture_queue_full,,
A,161,5846527,encoded,,16667,False
B,160,5869816,encoded,,24693,False
A,162,5879881,encoded,,16667,False
A,163,5913196,encoded,,16666,False
B,161,5903151,encoded,,7003,False
A,164,5946531,encoded,,124490,True
B,162,5936485,encoded,,13745,False
A,166,6013245,encoded,,27672,False
B,164,6003152,encoded,,18987,False
A,167,6046526,encoded,,6839,False
B,165,6036481,encoded,,17657,False
A,168,6079859,encoded,,18291,False
B,170,6203147,dropped,capture_queue_full,,
B,166,6069819,encoded,,29481,False
A,169,6113194,encoded,,16694,False
B,167,6103160,encoded,,18941,False
A,170,6146526,encoded,,21515,False
B,168,6136482,encoded,,20990,False
A,171,6179861,encoded,,18838,False
B,169,6169825,encoded,,9917,False
A,172,6213192,encoded,,11299,False
B,171,6236490,encoded,,10835,False
A,173,6246528,encoded,,9373,False
B,172,6269819,encoded,,7191,False
B,173,6303143,encoded,,6324,False
A,178,6413194,dropped,capture_queue_full,,
A,174,6279865,encoded,,8281,False
B,174,6336483,encoded,,5659,False
A,175,6313192,encoded,,7386,False
B,175,6369813,encoded,,5013,False
A,176,6346532,encoded,,6689,False
B,176,6403158,encoded,,4590,False
A,177,6379863,encoded,,6201,False
A,179,6446524,encoded,,7589,False
B,177,6436477,encoded,,11745,False
A,180,6479856,encoded,,5745,False
B,178,6469818,encoded,,7904,False
A,181,6513199,encoded,,24914,False
B,179,6503147,encoded,,6621,False
B,180,6536484,encoded,,6243,False
A,182,6546526,encoded,,13270,False
B,181,6569814,encoded,,5728,False
A,183,6579863,encoded,,11631,False
B,182,6603168,encoded,,5244,False
A,184,6613196,encoded,,9976,False
B,183,6636479,encoded,,15067,False
B,187,6769814,dropped,capture_queue_full,,
A,185,6646529,encoded,,9392,False
A,190,6813196,dropped,capture_queue_full,,
B,184,6669826,encoded,,42606,False
A,186,6679863,encoded,,8831,False
A,187,6713197,encoded,,8493,False
B,185,6703147,encoded,,7620,False
A,188,6746547,encoded,,8132,False
B,186,6736478,encoded,,1806,False
A,189,6779861,encoded,,8459,False
B,188,6803152,encoded,,14634,False
A,191,6846523,encoded,,16667,False
B,189,6836478,encoded,,16667,False
A,192,6879857,encoded,,16667,False
B,190,6869813,encoded,,16667,False
A,193,6913194,encoded,,16666,False
B,195,7036478,dropped,capture_queue_full,,
B,191,6903145,encoded,,16666,False
A,194,6946526,encoded,,16667,False
B,192,6936479,encoded,,123917,True
A,195,6979858,encoded,,16667,False
B,193,6969811,encoded,,22487,False
A,196,7013191,encoded,,16666,False
B,194,7003144,encoded,,7975,False
A,197,7046536,encoded,,124632,True
B,196,7069822,encoded,,14709,False
A,198,7079858,encoded,,14798,False
B,197,7103171,encoded,,17910,False
A,199,7113190,encoded,,9613,False
B,198,7136487,encoded,,26162,False
A,200,7146524,encoded,,23891,False
B,199,7169837,encoded,,20581,False
A,201,7179858,encoded,,17231,False
B,200,7203148,encoded,,12672,False
A,202,7213190,encoded,,24368,False
B,201,7236479,encoded,,17716,False
A,207,7379858,dropped,capture_queue_full,,
A,203,7246526,encoded,,19489,False
B,202,7269812,encoded,,16822,False
A,204,7279859,encoded,,11360,False
B,207,7436500,dropped,capture_queue_full,,
B,203,7303151,encoded,,8540,False
A,205,7313190,encoded,,9254,False
B,204,7336490,encoded,,6865,False
A,206,7346523,encoded,,8122,False
B,205,7369824,encoded,,6564,False
A,208,7413189,encoded,,9755,False
B,206,7403146,encoded,,5441,False
A,209,7446526,encoded,,7094,False
B,208,7469818,encoded,,6884,False
A,210,7479856,encoded,,6607,False
B,209,7503148,encoded,,5068,False
A,211,7513190,encoded,,26677,False
B,210,7536476,encoded,,11474,False
A,212,7546526,encoded,,14018,False
B,211,7569810,encoded,,7969,False
A,213,7579855,encoded,,11923,False
B,212,7603148,encoded,,7016,False
A,214,7613192,encoded,,10563,False
B,213,7636483,encoded,,6047,False
A,219,7779857,dropped,capture_queue_full,,
B,214,7669809,encoded,,5819,False
A,215,7646521,encoded,,10063,False
B,215,7703153,encoded,,8029,False
A,216,7679870,encoded,,9220,False
B,216,7736486,encoded,,16667,False
A,217,7713193,encoded,,9779,False
B,217,7769811,encoded,,41916,False
A,218,7746521,encoded,,8512,False
B,218,7803150,encoded,,1711,False
A,220,7813196,encoded,,11313,False
B,219,7836487,encoded,,6373,False
A,221,7846525,encoded,,8662,False
B,220,7869810,encoded,,16666,False
A,222,7879857,encoded,,7964,False
B,225,8036477,dropped,capture_queue_full,,
B,221,7903148,encoded,,16667,False
A,223,7913190,encoded,,7509,False
A,228,8079857,dropped,capture_queue_full,,
B,222,7936489,encoded,,16667,False
A,224,7946523,encoded,,10917,False
B,223,7969828,encoded,,16666,False
A,225,7979857,encoded,,16666,False
B,224,8003149,encoded,,123765,True
A,226,8013208,encoded,,18122,False
B,226,8069817,encoded,,22902,False
A,227,8046531,encoded,,15212,False
B,227,8103142,encoded,,12190,False
A,229,8113187,encoded,,16666,False
B,228,8136486,encoded,,22158,False
A,230,8146523,encoded,,124469,True
B,229,8169816,encoded,,19159,False
A,231,8179855,encoded,,24361,False
B,230,8203143,encoded,,31614,False
A,232,8213191,encoded,,8415,False
B,231,8236479,encoded,,10184,False
A,233,8246522,encoded,,15065,False
B,236,8403145,dropped,capture_queue_full,,
B,232,8269811,encoded,,14260,False
A,234,8279857,encoded,,17055,False
B,233,8303143,encoded,,10678,False
A,235,8313190,encoded,,24748,False
B,234,8336477,encoded,,17103,False
A,240,8479855,dropped,capture_queue_full,,
A,236,8346521,encoded,,18867,False
B,235,8369809,encoded,,8939,False
A,237,8379854,encoded,,11327,False
B,237,8436483,encoded,,10600,False
A,238,8413189,encoded,,9908,False
B,238,8469814,encoded,,6825,False
A,239,8446519,encoded,,8267,False
B,239,8503148,encoded,,5817,False
A,241,8513191,encoded,,10004,False
B,240,8536476,encoded,,13505,False
A,242,8546519,encoded,,6715,False
B,241,8569813,encoded,,9187,False
A,243,8579855,encoded,,6272,False
B,242,8603144,encoded,,7642,False
A,244,8613190,encoded,,25851,False
B,247,8769815,dropped,capture_queue_full,,
B,243,8636492,encoded,,7276,False
A,245,8646524,encoded,,13976,False
A,246,8679856,encoded,,11620,False
B,244,8669814,encoded,,6141,False
B,245,8703148,encoded,,6026,False
A,247,8713203,encoded,,11255,False
B,246,8736479,encoded,,5440,False
A,248,8746524,encoded,,9732,False
B,248,8803141,encoded,,7111,False
A,253,8913188,dropped,capture_queue_full,,
A,249,8779872,encoded,,9418,False
B,249,8836475,encoded,,5310,False
A,250,8813200,encoded,,8559,False
B,250,8869811,encoded,,16168,False
B,251,8903144,encoded,,34844,False
A,251,8846528,encoded,,8476,False
A,252,8879861,encoded,,8032,False
B,252,8936476,encoded,,2401,False
B,253,8969824,encoded,,12755,False
A,254,8946527,encoded,,10253,False
B,254,9003142,encoded,,16667,False
A,255,8979857,encoded,,7805,False
B,255,9036474,encoded,,16667,False
A,260,9146528,dropped,capture_queue_full,,
A,256,9013189,encoded,,7998,False
B,256,9069811,encoded,,16666,False
A,257,9046539,encoded,,14886,False
B,257,9103146,encoded,,123750,True
A,258,9079855,encoded,,19202,False
B,258,9136485,encoded,,29106,False
A,259,9113186,encoded,,14131,False
B,259,9169814,encoded,,14864,False
A,261,9179854,encoded,,16667,False
B,260,9203156,encoded,,21893,False
A,262,9213190,encoded,,16666,False
B,265,9369810,dropped,capture_queue_full,,
B,261,9236483,encoded,,25137,False
A,263,9246525,encoded,,124289,True
B,262,9269809,encoded,,9550,False
A,264,9279853,encoded,,10796,False
A,265,9313186,encoded,,22601,False
B,263,9303144,encoded,,23866,False
A,266,9346524,encoded,,15888,False
B,264,9336480,encoded,,11579,False
B,266,9403162,encoded,,10077,False
A,267,9379869,encoded,,11057,False
B,267,9436480,encoded,,17901,False
A,272,9546530,dropped,capture_queue_full,,
A,268,9413201,encoded,,26341,False
B,268,9469810,encoded,,8681,False
A,269,9446543,encoded,,22192,False
B,269,9503142,encoded,,7282,False
A,270,9479858,encoded,,11056,False
B,270,9536480,encoded,,15651,False
A,271,9513201,encoded,,10052,False
B,271,9569817,encoded,,4329,False
A,273,9579866,encoded,,10654,False
B,272,9603148,encoded,,10812,False
A,278,9746526,dropped,capture_queue_full,,
A,274,9613187,encoded,,7291,False
B,273,9636477,encoded,,8004,False
A,275,9646518,encoded,,6768,False
B,278,9803143,dropped,capture_queue_full,,
B,274,9669813,encoded,,7107,False
A,276,9679852,encoded,,26664,False
B,275,9703145,encoded,,6715,False
A,277,9713190,encoded,,14311,False
B,276,9736475,encoded,,6203,False
A,279,9779856,encoded,,3744,False
B,277,9769817,encoded,,5771,False
A,280,9813186,encoded,,3596,False
B,279,9836484,encoded,,7172,False
A,281,9846519,encoded,,16729,False
B,280,9869808,encoded,,5335,False
A,282,9879868,encoded,,11469,False
B,281,9903145,encoded,,5294,False
A,283,9913184,encoded,,9851,False
B,282,9936475,encoded,,13921,False
A,284,9946519,encoded,,8926,False
B,287,10103140,dropped,capture_queue_full,,
B,283,9969808,encoded,,41280,False
A,285,9979852,encoded,,8775,False
B,284,10003146,encoded,,7012,False
A,286,10013187,encoded,,8337,False
B,285,10036475,encoded,,1708,False
A,287,10046518,encoded,,8293,False
B,286,10069811,encoded,,16667,False
A,288,10079856,encoded,,7716,False
B,288,10136477,encoded,,16667,False
A,293,10246535,dropped,capture_queue_full,,
A,289,10113187,encoded,,9271,False
B,289,10169807,encoded,,16666,False
A,290,10146518,encoded,,16667,False
B,290,10203144,encoded,,123757,True
A,291,10179855,encoded,,36759,False
B,291,10236474,encoded,,13541,False
A,292,10213187,encoded,,3979,False
B,292,10269806,encoded,,30993,False
A,294,10279863,encoded,,9262,False
B,293,10303144,encoded,,10439,False
A,299,10446536,dropped,capture_queue_full,,
A,295,10313202,encoded,,16666,False
B,294,10336482,encoded,,18550,False
A,296,10346551,encoded,,124384,True
B,295,10369813,encoded,,25512,False
B,296,10403145,encoded,,15894,False
A,297,10379866,encoded,,8882,False
A,298,10413188,encoded,,14135,False
B,297,10436484,encoded,,21420,False
A,300,10479852,encoded,,28593,False
B,302,10603167,dropped,capture_queue_full,,
B,298,10469812,encoded,,15123,False
A,301,10513183,encoded,,18469,False
B,299,10503141,encoded,,8294,False
A,302,10546520,encoded,,22516,False
B,300,10536476,encoded,,7105,False
A,307,10713192,dropped,capture_queue_full,,
A,303,10579853,encoded,,18624,False
B,301,10569812,encoded,,15638,False
A,304,10613185,encoded,,10945,False
B,303,10636481,encoded,,5913,False
A,305,10646520,encoded,,9094,False
B,304,10669807,encoded,,4588,False
A,306,10679854,encoded,,7948,False
B,305,10703159,encoded,,10878,False
A,308,10746526,encoded,,10189,False
B,306,10736472,encoded,,7532,False
A,309,10779848,encoded,,6878,False
B,307,10769812,encoded,,6596,False
A,310,10813183,encoded,,27523,False
B,308,10803142,encoded,,5802,False
B,309,10836476,encoded,,5665,False
A,311,10846520,encoded,,3136,False
B,314,11003139,dropped,capture_queue_full,,
B,310,10869809,encoded,,5192,False
A,312,10879852,encoded,,16925,False
A,317,11046533,dropped,capture_queue_full,,
B,311,10903156,encoded,,4762,False
A,313,10913183,encoded,,11887,False
B,312,10936476,encoded,,4648,False
A,314,10946523,encoded,,10684,False
B,313,10969819,encoded,,15492,False
A,315,10979851,encoded,,9862,False
B,315,11036484,encoded,,36004,False
A,316,11013187,encoded,,9073,False
B,316,11069806,encoded,,2369,False
A,318,11079858,encoded,,2773,False
B,317,11103142,encoded,,11627,False
A,319,11113192,encoded,,11846,False
B,318,11136473,encoded,,16666,False
A,320,11146520,encoded,,9162,False
B,319,11169808,encoded,,16667,False
A,325,11313183,dropped,capture_queue_full,,
A,321,11179852,encoded,,8447,False
B,320,11203145,encoded,,16667,False
A,322,11213184,encoded,,8123,False
B,321,11236473,encoded,,16666,False
A,323,11246538,encoded,,7829,False
B,322,11269805,encoded,,123679,True
A,324,11279855,encoded,,15407,False
B,323,11303146,encoded,,13012,False
B,328,11469825,dropped,capture_queue_full,,
B,324,11336489,encoded,,20792,False
A,326,11346516,encoded,,21254,False
B,325,11369806,encoded,,27791,False
A,327,11379850,encoded,,12079,False
B,326,11403144,encoded,,11372,False
A,332,11546519,dropped,capture_queue_full,,
A,328,11413182,encoded,,16667,False
B,327,11436474,encoded,,23593,False
A,329,11446521,encoded,,16666,False
B,329,11503141,encoded,,18167,False
A,330,11479850,encoded,,124375,True
B,330,11536478,encoded,,15706,False
A,331,11513200,encoded,,27321,False
B,331,11569806,encoded,,15355,False
A,333,11579848,encoded,,8073,False
B,332,11603144,encoded,,16571,False
A,334,11613182,encoded,,15260,False
B,333,11636479,encoded,,8419,False
A,339,11779858,dropped,capture_queue_full,,
A,335,11646520,encoded,,16455,False
B,334,11669807,encoded,,16742,False
A,336,11679849,encoded,,23570,False
B,335,11703167,encoded,,10455,False
A,337,11713189,encoded,,19412,False
B,336,11736474,encoded,,8431,False
B,341,11903167,dropped,capture_queue_full,,
B,337,11769811,encoded,,7303,False
A,338,11746519,encoded,,10725,False
B,338,11803146,encoded,,6764,False
A,340,11813180,encoded,,12167,False
B,339,11836475,encoded,,6260,False
A,341,11846514,encoded,,8230,False
B,340,11869807,encoded,,5957,False
A,342,11879854,encoded,,7043,False
B,342,11936473,encoded,,7119,False
A,347,12046518,dropped,capture_queue_full,,
A,343,11913183,encoded,,27612,False
B,343,11969807,encoded,,5378,False
A,344,11946518,encoded,,14774,False
B,344,12003149,encoded,,4965,False
A,345,11979869,encoded,,12348,False
B,345,12036478,encoded,,5125,False
A,346,12013190,encoded,,10799,False
B,346,12069816,encoded,,4566,False
A,348,12079871,encoded,,3321,False
B,347,12103148,encoded,,16478,False
A,349,12113196,encoded,,13986,False
B,348,12136482,encoded,,39616,False
A,350,12146520,encoded,,9640,False
B,349,12169812,encoded,,1518,False
B,350,12203139,encoded,,8866,False
A,351,12179850,encoded,,9884,False
B,351,12236472,encoded,,16667,False
A,352,12213182,encoded,,8440,False
B,352,12269806,encoded,,16667,False
A,357,12379851,dropped,capture_queue_full,,
A,353,12246515,encoded,,8543,False
B,353,12303141,encoded,,16666,False
A,354,12279847,encoded,,8143,False
B,354,12336474,encoded,,123581,True
A,355,12313181,encoded,,7650,False
B,355,12369806,encoded,,14264,False
A,356,12346515,encoded,,7967,False
B,360,12536477,dropped,capture_queue_full,,
B,356,12403149,encoded,,22410,False
A,358,12413183,encoded,,9940,False
A,363,12579852,dropped,capture_queue_full,,
A,359,12446515,encoded,,7656,False
B,357,12436473,encoded,,21834,False
A,360,12479848,encoded,,16666,False
B,358,12469808,encoded,,21431,False
A,361,12513183,encoded,,35516,False
B,359,12503138,encoded,,31261,False
A,362,12546525,encoded,,3991,False
B,361,12569810,encoded,,11711,False
A,364,12613182,encoded,,10493,False
B,362,12603137,encoded,,15946,False
A,365,12646525,encoded,,124426,True
B,363,12636472,encoded,,11000,False
A,366,12679871,encoded,,17678,False
B,364,12669816,encoded,,18188,False
A,367,12713210,encoded,,6665,False
B,369,12836479,dropped,capture_queue_full,,
B,365,12703147,encoded,,10145,False
A,368,12746515,encoded,,24516,False
B,366,12736477,encoded,,8550,False
A,369,12779848,encoded,,17130,False
B,367,12769810,encoded,,7755,False
A,370,12813181,encoded,,24461,False
B,368,12803143,encoded,,15670,False
A,371,12846514,encoded,,20029,False
B,370,12869822,encoded,,6148,False
A,372,12879849,encoded,,11191,False
B,371,12903136,encoded,,5111,False
A,373,12913181,encoded,,9248,False
B,372,12936478,encoded,,11173,False
A,374,12946513,encoded,,8277,False
B,373,12969807,encoded,,7769,False
A,375,12979858,encoded,,21004,False
B,378,13136481,dropped,capture_queue_full,,
B,374,13003147,encoded,,6775,False
A,380,13146518,dropped,capture_queue_full,,
A,376,13013194,encoded,,20993,False
B,375,13036478,encoded,,6816,False
A,377,13046514,encoded,,2706,False
B,376,13069806,encoded,,5906,False
A,378,13079850,encoded,,16395,False
B,377,13103147,encoded,,5950,False
A,379,13113182,encoded,,11628,False
B,379,13169805,encoded,,7733,False
A,381,13179861,encoded,,3419,False
B,380,13203145,encoded,,5388,False
A,382,13213190,encoded,,14451,False
B,381,13236471,encoded,,14152,False
A,383,13246516,encoded,,10215,False
B,382,13269813,encoded,,38795,False
A,388,13413178,dropped,capture_queue_full,,
A,384,13279848,encoded,,9123,False
B,383,13303146,encoded,,7478,False
A,385,13313182,encoded,,8671,False
B,384,13336488,encoded,,3727,False
A,386,13346516,encoded,,8524,False
B,385,13369810,encoded,,16667,False
A,387,13379848,encoded,,8000,False
B,386,13403141,encoded,,16666,False
A,389,13446515,encoded,,9954,False
B,387,13436471,encoded,,123760,True
A,390,13479848,encoded,,8035,False
B,388,13469809,encoded,,8463,False
A,391,13513181,encoded,,7869,False
B,393,13636473,dropped,capture_queue_full,,
B,389,13503144,encoded,,25773,False
A,392,13546518,encoded,,8726,False
B,390,13536483,encoded,,26662,False
A,393,13579848,encoded,,16666,False
B,391,13569809,encoded,,11002,False
A,398,13746515,dropped,capture_queue_full,,
A,394,13613181,encoded,,37823,False
B,392,13603141,encoded,,23653,False
A,395,13646516,encoded,,4519,False
B,394,13669812,encoded,,13418,False
A,396,13679847,encoded,,7658,False
B,395,13703140,encoded,,11102,False
A,397,13713193,encoded,,124384,True
B,396,13736472,encoded,,16977,False
A,399,13779859,encoded,,19041,False
B,401,13903167,dropped,capture_queue_full,,
B,397,13769804,encoded,,12947,False
A,400,13813190,encoded,,6655,False
B,398,13803142,encoded,,15654,False
A,401,13846515,encoded,,23894,False
B,399,13836474,encoded,,8406,False
A,402,13879848,encoded,,17178,False
B,400,13869826,encoded,,16456,False
A,403,13913185,encoded,,24469,False
B,402,13936473,encoded,,6970,False
A,404,13946525,encoded,,20013,False
B,403,13969804,encoded,,5581,False
A,405,13979847,encoded,,11453,False
B,404,14003138,encoded,,11890,False
A,410,14146531,dropped,capture_queue_full,,
A,406,14013184,encoded,,9466,False
B,405,14036478,encoded,,8529,False
A,407,14046514,encoded,,8004,False
B,406,14069810,encoded,,7538,False
A,408,14079847,encoded,,20487,False
B,407,14103141,encoded,,6597,False
A,409,14113194,encoded,,21339,False
B,412,14269814,dropped,capture_queue_full,,
B,408,14136482,encoded,,5968,False
A,411,14179862,encoded,,4336,False
B,409,14169816,encoded,,5924,False
A,412,14213182,encoded,,3877,False
A,413,14246528,encoded,,18618,False
B,410,14203139,encoded,,6431,False
A,414,14279847,encoded,,11453,False
B,411,14236476,encoded,,5453,False
A,415,14313189,encoded,,9869,False
B,413,14303138,encoded,,14846,False
A,416,14346516,encoded,,9485,False
B,418,14469807,dropped,capture_queue_full,,
B,414,14336476,encoded,,22254,False
A,417,14379849,encoded,,9235,False
B,415,14369807,encoded,,32119,False
A,418,14413179,encoded,,8909,False
B,416,14403143,encoded,,1674,False
A,419,14446519,encoded,,8345,False
B,417,14436476,encoded,,10620,False
A,420,14479846,encoded,,8317,False
A,421,14513179,encoded,,7818,False
B,419,14503148,encoded,,16667,False
A,422,14546512,encoded,,7725,False
B,424,14669834,dropped,capture_queue_full,,
B,420,14536482,encoded,,16666,False
A,423,14579849,encoded,,7860,False
B,421,14569805,encoded,,123763,True
B,422,14603144,encoded,,16399,False
A,424,14613180,encoded,,11104,False
B,423,14636472,encoded,,26644,False
A,425,14646513,encoded,,16666,False
B,425,14703152,encoded,,11214,False
A,426,14679851,encoded,,34954,False
A,427,14713177,encoded,,3786,False
B,426,14736480,encoded,,14677,False
A,428,14746512,encoded,,11260,False
B,427,14769807,encoded,,14521,False
A,433,14913179,dropped,capture_queue_full,,
A,429,14779863,encoded,,124499,True
B,428,14803138,encoded,,29527,False
A,430,14813177,encoded,,17817,False
B,429,14836471,encoded,,18337,False
A,431,14846512,encoded,,6870,False
B,434,15003140,dropped,capture_queue_full,,
B,430,14869805,encoded,,20885,False
A,432,14879845,encoded,,24680,False
B,431,14903139,encoded,,10095,False
A,434,14946512,encoded,,19930,False
B,432,14936473,encoded,,8516,False
A,435,14979845,encoded,,23498,False
B,433,14969806,encoded,,16873,False
B,435,15036482,encoded,,6729,False
A,436,15013179,encoded,,20501,False
B,436,15069810,encoded,,5467,False
A,437,15046529,encoded,,11104,False
B,437,15103146,encoded,,12082,False
A,438,15079844,encoded,,8897,False
B,438,15136483,encoded,,8739,False
A,443,15246510,dropped,capture_queue_full,,
A,439,15113181,encoded,,7959,False
B,439,15169803,encoded,,7267,False
A,440,15146512,encoded,,20063,False
B,440,15203147,encoded,,6708,False
A,441,15179852,encoded,,21258,False
B,441,15236470,encoded,,6671,False
A,442,15213187,encoded,,2895,False
B,442,15269804,encoded,,6059,False
A,444,15279846,encoded,,5107,False
B,443,15303154,encoded,,5829,False
B,444,15336477,encoded,,5779,False
A,445,15313179,encoded,,18833,False
B,445,15369804,encoded,,5101,False
A,446,15346511,encoded,,11763,False
B,446,15403137,encoded,,12118,False
A,451,15513181,dropped,capture_queue_full,,
A,447,15379849,encoded,,10123,False
B,447,15436474,encoded,,22538,False
A,448,15413183,encoded,,9502,False
B,448,15469814,encoded,,32635,False
A,449,15446512,encoded,,9029,False
B,449,15503149,encoded,,1770,False
B,450,15536474,encoded,,9724,False
A,450,15479847,encoded,,10946,False
B,451,15569809,encoded,,16667,False
A,452,15546510,encoded,,3423,False
B,452,15603141,encoded,,16666,False
A,457,15713196,dropped,capture_queue_full,,
A,453,15579847,encoded,,11885,False
B,453,15636470,encoded,,123580,True
A,454,15613178,encoded,,8797,False
B,454,15669808,encoded,,18464,False
A,455,15646511,encoded,,7877,False
B,455,15703139,encoded,,24362,False
A,456,15679854,encoded,,7483,False
B,456,15736471,encoded,,24795,False
B,457,15769809,encoded,,25184,False
A,458,15746515,encoded,,9497,False
B,458,15803168,encoded,,10817,False
A,459,15779844,encoded,,15764,False
B,459,15836475,encoded,,9392,False
A,464,15946510,dropped,capture_queue_full,,
A,460,15813180,encoded,,36766,False
B,460,15869809,encoded,,23539,False
A,461,15846515,encoded,,3957,False
B,461,15903153,encoded,,11258,False
A,462,15879867,encoded,,9277,False
B,462,15936473,encoded,,18140,False
A,463,15913192,encoded,,124476,True
B,463,15969804,encoded,,10616,False
A,465,15979845,encoded,,19706,False
B,464,16003142,encoded,,19598,False
A,466,16013183,encoded,,6364,False
B,465,16036478,encoded,,12022,False
A,467,16046512,encoded,,23932,False
B,466,16069813,encoded,,9738,False
A,468,16079843,encoded,,16652,False
B,467,16103139,encoded,,8850,False
A,473,16246511,dropped,capture_queue_full,,
A,469,16113196,encoded,,20911,False
B,468,16136477,encoded,,7794,False
A,470,16146512,encoded,,23017,False
B,469,16169805,encoded,,7245,False
A,471,16179847,encoded,,12603,False
B,474,16336472,dropped,capture_queue_full,,
B,470,16203149,encoded,,6471,False
A,472,16213180,encoded,,9600,False
B,471,16236475,encoded,,6145,False
A,474,16279847,encoded,,10637,False
B,472,16269828,encoded,,5757,False
A,475,16313179,encoded,,7377,False
A,476,16346512,encoded,,7675,False
B,473,16303138,encoded,,5794,False
A,477,16379844,encoded,,27050,False
B,479,16503149,dropped,capture_queue_full,,
B,475,16369806,encoded,,6517,False
A,478,16413176,encoded,,14398,False
B,476,16403137,encoded,,5238,False
A,479,16446511,encoded,,12033,False
B,477,16436477,encoded,,4666,False
A,480,16479848,encoded,,10613,False
B,478,16469828,encoded,,10685,False
A,481,16513197,encoded,,9821,False
B,480,16536471,encoded,,16667,False
A,482,16546524,encoded,,11045,False
B,481,16569827,encoded,,16968,False
A,483,16579862,encoded,,9197,False
B,482,16603145,encoded,,16365,False
A,484,16613176,encoded,,8790,False
B,483,16636471,encoded,,16667,False
A,489,16779844,dropped,capture_queue_full,,
A,485,16646510,encoded,,8189,False
B,484,16669814,encoded,,16666,False
B,489,16836472,dropped,capture_queue_full,,
A,486,16679845,encoded,,8369,False
B,485,16703138,encoded,,138274,True
A,487,16713176,encoded,,8115,False
B,486,16736476,encoded,,7829,False
A,488,16746511,encoded,,7822,False
B,487,16769812,encoded,,15118,False
A,490,16813176,encoded,,9988,False
B,488,16803139,encoded,,25928,False
A,491,16846508,encoded,,7849,False
B,490,16869806,encoded,,15995,False
A,492,16879842,encoded,,13771,False
B,491,16903141,encoded,,29152,False
A,493,16913176,encoded,,16667,False
B,492,16936479,encoded,,12102,False
A,494,16946526,encoded,,16667,False
B,493,16969804,encoded,,14754,False
A,495,16979860,encoded,,16666,False
B,498,17136478,dropped,capture_queue_full,,
A,496,17013189,encoded,,124394,True
B,494,17003145,encoded,,13793,False
A,497,17046524,encoded,,9188,False
B,495,17036484,encoded,,8854,False
A,498,17079868,encoded,,26903,False
B,496,17069821,encoded,,17979,False
A,499,17113191,encoded,,14594,False
B,497,17103147,encoded,,11107,False
A,500,17146514,encoded,,20644,False
B,499,17169804,encoded,,5893,False
A,501,17179858,encoded,,21756,False
B,500,17203140,encoded,,4231,False
A,502,17213194,encoded,,17528,False
B,501,17236470,encoded,,10201,False
A,503,17246511,encoded,,10657,False
B,502,17269809,encoded,,7398,False
A,508,17413178,dropped,capture_queue_full,,
A,504,17279845,encoded,,9039,False
B,507,17436479,dropped,capture_queue_full,,
B,503,17303144,encoded,,6704,False
A,505,17313180,encoded,,8147,False
B,504,17336489,encoded,,6280,False
A,506,17346513,encoded,,20765,False
B,505,17369828,encoded,,5443,False
B,506,17403152,encoded,,5039,False
A,507,17379847,encoded,,20740,False
A,509,17446511,encoded,,4086,False
B,508,17469806,encoded,,6435,False
A,510,17479858,encoded,,3902,False
B,509,17503155,encoded,,4852,False
A,511,17513175,encoded,,18343,False
B,510,17536498,encoded,,9973,False
A,512,17546514,encoded,,12461,False
B,511,17569807,encoded,,16666,False
A,513,17579862,encoded,,10377,False
B,512,17603142,encoded,,33116,False
A,514,17613190,encoded,,9417,False
B,513,17636470,encoded,,9724,False
B,517,17769808,dropped,capture_queue_full,,
A,515,17646522,encoded,,9042,False
B,514,17669807,encoded,,7160,False
A,516,17679842,encoded,,9876,False
B,515,17703144,encoded,,16667,False
A,517,17713178,encoded,,9344,False
B,516,17736484,encoded,,16667,False
A,518,17746511,encoded,,8469,False
B,518,17803138,encoded,,16666,False
A,519,17779843,encoded,,8419,False
A,524,17946514,dropped,capture_queue_full,,
B,519,17836471,encoded,,123629,True
A,520,17813180,encoded,,7914,False
B,520,17869803,encoded,,23338,False
A,521,17846518,encoded,,7546,False
B,521,17903138,encoded,,7148,False
A,522,17879848,encoded,,9783,False
B,522,17936471,encoded,,25076,False
A,523,17913175,encoded,,16666,False
B,523,17969804,encoded,,10694,False
A,525,17979846,encoded,,37549,False
B,524,18003148,encoded,,25540,False
A,526,18013181,encoded,,3756,False
B,529,18169805,dropped,capture_queue_full,,
B,525,18036469,encoded,,14068,False
A,531,18179843,dropped,capture_queue_full,,
A,527,18046509,encoded,,8695,False
B,526,18069813,encoded,,15247,False
A,528,18079842,encoded,,124435,True
B,527,18103142,encoded,,13593,False
A,529,18113176,encoded,,17835,False
B,528,18136470,encoded,,16930,False
A,530,18146511,encoded,,20130,False
B,530,18203139,encoded,,19316,False
A,532,18213175,encoded,,18462,False
B,531,18236473,encoded,,6982,False
A,533,18246526,encoded,,16869,False
B,532,18269812,encoded,,14568,False
A,534,18279841,encoded,,22077,False
B,533,18303142,encoded,,9241,False
A,535,18313175,encoded,,18028,False
B,534,18336472,encoded,,8249,False
A,536,18346509,encoded,,11205,False
B,539,18503145,dropped,capture_queue_full,,
B,535,18369824,encoded,,7108,False
A,541,18513176,dropped,capture_queue_full,,
A,537,18379843,encoded,,9025,False
A,538,18413176,encoded,,8167,False
B,536,18403146,encoded,,6406,False
A,539,18446510,encoded,,21134,False
B,537,18436480,encoded,,5931,False
B,538,18469803,encoded,,6000,False
A,540,18479843,encoded,,21670,False
B,540,18536476,encoded,,7138,False
A,542,18546520,encoded,,5499,False
B,541,18569808,encoded,,5434,False
A,543,18579843,encoded,,4282,False
B,542,18603147,encoded,,5204,False
A,544,18613182,encoded,,20227,False
B,543,18636473,encoded,,6494,False
A,549,18779843,dropped,capture_queue_full,,
A,545,18646508,encoded,,11901,False
B,544,18669814,encoded,,16666,False
A,546,18679843,encoded,,10401,False
B,549,18836488,dropped,capture_queue_full,,
B,545,18703152,encoded,,39199,False
A,547,18713177,encoded,,9665,False
B,546,18736471,encoded,,1774,False
B,547,18769803,encoded,,9027,False
A,548,18746509,encoded,,8966,False
B,548,18803155,encoded,,16667,False
A,550,18813175,encoded,,11727,False
B,550,18869804,encoded,,16667,False
A,555,18979845,dropped,capture_queue_full,,
A,551,18846511,encoded,,8862,False
B,551,18903149,encoded,,16666,False
A,552,18879841,encoded,,8222,False
B,552,18936488,encoded,,123598,True
A,553,18913179,encoded,,8252,False
B,553,18969812,encoded,,12200,False
A,554,18946509,encoded,,8047,False
B,554,19003138,encoded,,22286,False
A,556,19013175,encoded,,9735,False
B,555,19036472,encoded,,23727,False
A,557,19046507,encoded,,7821,False
B,556,19069809,encoded,,19230,False
A,558,19079843,encoded,,7356,False
B,557,19103135,encoded,,16242,False
A,559,19113175,encoded,,16667,False
B,558,19136478,encoded,,30431,False
A,560,19146508,encoded,,18423,False
B,559,19169812,encoded,,12743,False
A,561,19179842,encoded,,14910,False
B,560,19203140,encoded,,19679,False
A,562,19213176,encoded,,124629,True
B,561,19236470,encoded,,9862,False
A,563,19246508,encoded,,24272,False
B,562,19269809,encoded,,8366,False
A,568,19413176,dropped,capture_queue_full,,
A,564,19279844,encoded,,8256,False
B,563,19303137,encoded,,7222,False
A,565,19313175,encoded,,15345,False
B,564,19336470,encoded,,15522,False
A,566,19346511,encoded,,21124,False
B,569,19503137,dropped,capture_queue_full,,
B,565,19369805,encoded,,9814,False
A,567,19379840,encoded,,20544,False
B,566,19403146,encoded,,8356,False
A,569,19446507,encoded,,21518,False
B,567,19436491,encoded,,7198,False
B,568,19469814,encoded,,6675,False
A,570,19479841,encoded,,11162,False
B,570,19536479,encoded,,3516,False
A,571,19513181,encoded,,8848,False
B,571,19569804,encoded,,7756,False
A,572,19546511,encoded,,7927,False
B,572,19603138,encoded,,6153,False
A,577,19713177,dropped,capture_queue_full,,
A,573,19579850,encoded,,29206,False
B,573,19636472,encoded,,5810,False
A,574,19613175,encoded,,3056,False
B,574,19669808,encoded,,5452,False
A,575,19646518,encoded,,17881,False
B,575,19703140,encoded,,5291,False
A,576,19679842,encoded,,12320,False
B,576,19736482,encoded,,12871,False
A,578,19746511,encoded,,3014,False
B,577,19769804,encoded,,41785,False
A,579,19779855,encoded,,15304,False
B,578,19803142,encoded,,31110,False
A,580,19813177,encoded,,10151,False
B,579,19836470,encoded,,1380,False
A,581,19846516,encoded,,9449,False
B,580,19869808,encoded,,1828,False
A,582,19879844,encoded,,8790,False
B,581,19903141,encoded,,7231,False
A,583,19913178,encoded,,8324,False
B,582,19936472,encoded,,16666,False
A,588,20079849,dropped,capture_queue_full,,
A,584,19946533,encoded,,8478,False
B,583,19969811,encoded,,123703,True
A,585,19979865,encoded,,7841,False
B,584,20003139,encoded,,18589,False
B,585,20036477,encoded,,14130,False
A,586,20013180,encoded,,7585,False
B,586,20069822,encoded,,13196,False
A,587,20046509,encoded,,7494,False
B,591,20236471,dropped,capture_queue_full,,
B,587,20103141,encoded,,17983,False
A,589,20113179,encoded,,9411,False
B,588,20136487,encoded,,13380,False
A,590,20146511,encoded,,11405,False
B,589,20169809,encoded,,26000,False
A,595,20313173,dropped,capture_queue_full,,
A,591,20179841,encoded,,16666,False
B,590,20203162,encoded,,19337,False
A,592,20213176,encoded,,17501,False
B,592,20269807,encoded,,16283,False
A,593,20246522,encoded,,15833,False
B,593,20303149,encoded,,13983,False
A,594,20279840,encoded,,16666,False
B,594,20336480,encoded,,15760,False
A,596,20346509,encoded,,124631,True
B,595,20369803,encoded,,8674,False
A,597,20379843,encoded,,26344,False
B,596,20403143,encoded,,7295,False
A,598,20413196,encoded,,6680,False
B,597,20436470,encoded,,6819,False
A,599,20446512,encoded,,15120,False
B,602,20603143,dropped,capture_queue_full,,
B,598,20469810,encoded,,14703,False
A,604,20613173,dropped,capture_queue_full,,
A,600,20479841,encoded,,18308,False
B,599,20503145,encoded,,9416,False
A,601,20513174,encoded,,19691,False
B,600,20536477,encoded,,7985,False
A,602,20546509,encoded,,22740,False
B,601,20569803,encoded,,7199,False
A,603,20579843,encoded,,11166,False
B,603,20636477,encoded,,4268,False
A,605,20646510,encoded,,12134,False
B,604,20669805,encoded,,8420,False
A,606,20679841,encoded,,7837,False
B,605,20703144,encoded,,6180,False
A,607,20713176,encoded,,7022,False
B,606,20736478,encoded,,5584,False
A,608,20746507,encoded,,28227,False
B,607,20769812,encoded,,5108,False
A,613,20913178,dropped,capture_queue_full,,
B,608,20803143,encoded,,16005,False
A,609,20779841,encoded,,14767,False
A,610,20813179,encoded,,12340,False
B,609,20836471,encoded,,41583,False
A,611,20846508,encoded,,10826,False
B,610,20869810,encoded,,2158,False
A,612,20879842,encoded,,10197,False
B,615,21036471,dropped,capture_queue_full,,
B,611,20903137,encoded,,6259,False
A,614,20946508,encoded,,3117,False
B,612,20936471,encoded,,16667,False
A,615,20979841,encoded,,13341,False
B,613,20969806,encoded,,16667,False
B,614,21003143,encoded,,16666,False
A,616,21013182,encoded,,10324,False
B,616,21069810,encoded,,123650,True
A,621,21179853,dropped,capture_queue_full,,
A,617,21046509,encoded,,8951,False
B,617,21103135,encoded,,22362,False
A,618,21079843,encoded,,8012,False
B,618,21136480,encoded,,12546,False
A,619,21113178,encoded,,8165,False
B,619,21169803,encoded,,21817,False
A,620,21146523,encoded,,7680,False
B,620,21203142,encoded,,18127,False
A,622,21213174,encoded,,9923,False
B,621,21236481,encoded,,26892,False
A,623,21246524,encoded,,7925,False
B,622,21269834,encoded,,16352,False
A,624,21279840,encoded,,7866,False
B,623,21303136,encoded,,12623,False
A,625,21313175,encoded,,16666,False
B,624,21336470,encoded,,14119,False
A,630,21479844,dropped,capture_queue_full,,
A,626,21346507,encoded,,36192,False
B,625,21369803,encoded,,18705,False
A,627,21379843,encoded,,4218,False
B,630,21536481,dropped,capture_queue_full,,
B,626,21403138,encoded,,9467,False
A,628,21413179,encoded,,9590,False
B,627,21436478,encoded,,7848,False
A,629,21446505,encoded,,124678,True
B,628,21469805,encoded,,7066,False
A,631,21513178,encoded,,19094,False
B,629,21503137,encoded,,15107,False
A,632,21546508,encoded,,6633,False
B,631,21569804,encoded,,6129,False
A,633,21579840,encoded,,23661,False
B,632,21603138,encoded,,5138,False
A,634,21613183,encoded,,17115,False
B,633,21636470,encoded,,11218,False
A,635,21646511,encoded,,24235,False
B,634,21669804,encoded,,8184,False
A,636,21679841,encoded,,20658,False
B,635,21703166,encoded,,6984,False
A,637,21713182,encoded,,11381,False
B,636,21736497,encoded,,6280,False
A,642,21879843,dropped,capture_queue_full,,
A,638,21746508,encoded,,9880,False
B,637,21769813,encoded,,5512,False
A,639,21779845,encoded,,8301,False
B,638,21803141,encoded,,5362,False
A,640,21813187,encoded,,20686,False
B,639,21836468,encoded,,4929,False
B,644,22003138,dropped,capture_queue_full,,
A,641,21846506,encoded,,21101,False
B,640,21869811,encoded,,13583,False
A,643,21913176,encoded,,4559,False
B,641,21903151,encoded,,39982,False
A,644,21946511,encoded,,4285,False
B,642,21936476,encoded,,7695,False
A,645,21979844,encoded,,18512,False
B,643,21969811,encoded,,2323,False
A,646,22013179,encoded,,11682,False
B,645,22036471,encoded,,16667,False
A,647,22046506,encoded,,10088,False
B,646,22069819,encoded,,16667,False
A,652,22213171,dropped,capture_queue_full,,
A,648,22079861,encoded,,9629,False
B,647,22103145,encoded,,16666,False
A,649,22113175,encoded,,9251,False
B,652,22269804,dropped,capture_queue_full,,
B,648,22136481,encoded,,123479,True
A,650,22146508,encoded,,10179,False
B,649,22169810,encoded,,22585,False
A,651,22179838,encoded,,9177,False
B,650,22203142,encoded,,6822,False
A,653,22246507,encoded,,10982,False
B,651,22236474,encoded,,14712,False
A,654,22279845,encoded,,8185,False
A,655,22313211,encoded,,8370,False
B,653,22303142,encoded,,19573,False
A,656,22346505,encoded,,7642,False
B,658,22469804,dropped,capture_queue_full,,
B,654,22336475,encoded,,26423,False
A,657,22379839,encoded,,7801,False
B,655,22369806,encoded,,14424,False
A,658,22413174,encoded,,12235,False
B,656,22403165,encoded,,12924,False
A,659,22446510,encoded,,16667,False
B,657,22436472,encoded,,13377,False
A,660,22479841,encoded,,17388,False
B,659,22503140,encoded,,15106,False
A,661,22513173,encoded,,15945,False
B,660,22536478,encoded,,19791,False
A,662,22546505,encoded,,124617,True
B,661,22569804,encoded,,7677,False
A,663,22579839,encoded,,30799,False
B,662,22603144,encoded,,6588,False
A,664,22613174,encoded,,3758,False
B,663,22636473,encoded,,14387,False
A,669,22779842,dropped,capture_queue_full,,
A,665,22646507,encoded,,14466,False
B,664,22669803,encoded,,9639,False
A,666,22679854,encoded,,17250,False
B,669,22836487,dropped,capture_queue_full,,
B,665,22703151,encoded,,8203,False
A,667,22713172,encoded,,23738,False
B,666,22736483,encoded,,6996,False
A,668,22746507,encoded,,19532,False
B,667,22769806,encoded,,6850,False
A,670,22813176,encoded,,14339,False
B,668,22803141,encoded,,6068,False
A,671,22846510,encoded,,9189,False
B,670,22869805,encoded,,7550,False
A,672,22879845,encoded,,7731,False
B,671,22903138,encoded,,5496,False
A,673,22913172,encoded,,29256,False
B,672,22936478,encoded,,5231,False
A,674,22946511,encoded,,3077,False
B,673,22969807,encoded,,9433,False
A,679,23113171,dropped,capture_queue_full,,
B,674,23003138,encoded,,16666,False
A,675,22979843,encoded,,17815,False
B,675,23036477,encoded,,38625,False
A,676,23013175,encoded,,12368,False
B,676,23069810,encoded,,1725,False
A,677,23046508,encoded,,10788,False
B,677,23103139,encoded,,9650,False
A,678,23079843,encoded,,9677,False
B,678,23136473,encoded,,16667,False
A,680,23146505,encoded,,2846,False
B,679,23169822,encoded,,16667,False
A,685,23313176,dropped,capture_queue_full,,
A,681,23179842,encoded,,12525,False
B,680,23203137,encoded,,16666,False
A,682,23213173,encoded,,9366,False
B,685,23369805,dropped,capture_queue_full,,
B,681,23236474,encoded,,123462,True
A,683,23246522,encoded,,8482,False
A,684,23279842,encoded,,7980,False
B,682,23269804,encoded,,12286,False
A,686,23346508,encoded,,10262,False
B,683,23303151,encoded,,19368,False
A,687,23379844,encoded,,7889,False
B,684,23336478,encoded,,14304,False
B,686,23403136,encoded,,19167,False
A,688,23413186,encoded,,7529,False
B,687,23436471,encoded,,25052,False
A,689,23446507,encoded,,7210,False
B,688,23469812,encoded,,19663,False
A,690,23479843,encoded,,10845,False
B,689,23503153,encoded,,16174,False
A,691,23513180,encoded,,16666,False
B,690,23536485,encoded,,15017,False
A,692,23546506,encoded,,19044,False
B,691,23569807,encoded,,18214,False
A,693,23579842,encoded,,14290,False
B,692,23603175,encoded,,8687,False
A,694,23613175,encoded,,16666,False
B,693,23636475,encoded,,7332,False
A,699,23779853,dropped,capture_queue_full,,
A,695,23646507,encoded,,124563,True
B,694,23669805,encoded,,6469,False
A,696,23679853,encoded,,26910,False
B,695,23703143,encoded,,14177,False
A,697,23713171,encoded,,7090,False
B,696,23736472,encoded,,9280,False
A,698,23746506,encoded,,14852,False
B,697,23769836,encoded,,7790,False
A,700,23813176,encoded,,19053,False
B,698,23803156,encoded,,6652,False
B,703,23969805,dropped,capture_queue_full,,
B,699,23836490,encoded,,6341,False
A,701,23846508,encoded,,22499,False
B,700,23869806,encoded,,5588,False
A,702,23879839,encoded,,19661,False
B,701,23903145,encoded,,5660,False
A,703,23913184,encoded,,11089,False
B,702,23936478,encoded,,5267,False
A,704,23946506,encoded,,9074,False
B,704,24003139,encoded,,6660,False
A,705,23979853,encoded,,21633,False
A,710,24146509,dropped,capture_queue_full,,
B,705,24036476,encoded,,10724,False
A,706,24013175,encoded,,21927,False
B,706,24069808,encoded,,16666,False
A,707,24046520,encoded,,13629,False
B,711,24236478,dropped,capture_queue_full,,
B,707,24103141,encoded,,36074,False
A,708,24079840,encoded,,12103,False
B,708,24136473,encoded,,1650,False
A,709,24113173,encoded,,11003,False
B,709,24169806,encoded,,12276,False
A,711,24179839,encoded,,3158,False
B,710,24203151,encoded,,16667,False
A,712,24213172,encoded,,13402,False
B,712,24269808,encoded,,16667,False
A,717,24379864,dropped,capture_queue_full,,
A,713,24246507,encoded,,9779,False
B,713,24303144,encoded,,16666,False
A,714,24279840,encoded,,8853,False
B,714,24336476,encoded,,123527,True
A,715,24313191,encoded,,8455,False
B,715,24369807,encoded,,10550,False
A,716,24346519,encoded,,8042,False
B,716,24403138,encoded,,24281,False
A,718,24413179,encoded,,10096,False
B,717,24436471,encoded,,21562,False
A,719,24446505,encoded,,7804,False
B,718,24469812,encoded,,24529,False
A,720,24479839,encoded,,7553,False
B,719,24503137,encoded,,32864,False
A,721,24513171,encoded,,7049,False
B,720,24536487,encoded,,5544,False
A,722,24546506,encoded,,6899,False
B,721,24569810,encoded,,14342,False
A,723,24579840,encoded,,7502,False
B,722,24603139,encoded,,12341,False
A,728,24746508,dropped,capture_queue_full,,
A,724,24613178,encoded,,16322,False
B,723,24636479,encoded,,15494,False
A,725,24646520,encoded,,22791,False
B,724,24669805,encoded,,8889,False
A,726,24679841,encoded,,12366,False
B,725,24703140,encoded,,7673,False
A,727,24713173,encoded,,14843,False
B,730,24869806,dropped,capture_queue_full,,
B,726,24736471,encoded,,15603,False
A,729,24779837,encoded,,124868,True
B,727,24769805,encoded,,10524,False
A,730,24813176,encoded,,24615,False
B,728,24803141,encoded,,8042,False
A,731,24846508,encoded,,13082,False
B,729,24836476,encoded,,7377,False
A,732,24879844,encoded,,20979,False
B,731,24903138,encoded,,3756,False
A,733,24913175,encoded,,13187,False
B,732,24936475,encoded,,8187,False
A,734,24946508,encoded,,21220,False
B,733,24969815,encoded,,6296,False
A,739,25113175,dropped,capture_queue_full,,
B,734,25003141,encoded,,5482,False
A,735,24979842,encoded,,17999,False
B,735,25036485,encoded,,5134,False
A,736,25013181,encoded,,11106,False
B,736,25069809,encoded,,5185,False
A,737,25046519,encoded,,9217,False
B,737,25103142,encoded,,6152,False
A,738,25079840,encoded,,21708,False
B,738,25136473,encoded,,16666,False
A,740,25146506,encoded,,6823,False
A,741,25179839,encoded,,5584,False
B,739,25169810,encoded,,40918,False
A,742,25213172,encoded,,23496,False
B,740,25203143,encoded,,1581,False
A,743,25246506,encoded,,13225,False
B,745,25369804,dropped,capture_queue_full,,
B,741,25236471,encoded,,7501,False
A,744,25279841,encoded,,11243,False
B,742,25269807,encoded,,16667,False
A,745,25313178,encoded,,9946,False
B,743,25303152,encoded,,16667,False
A,746,25346505,encoded,,9114,False
B,744,25336471,encoded,,16666,False
A,747,25379852,encoded,,9065,False
B,746,25403137,encoded,,123431,True
A,748,25413172,encoded,,8811,False
B,747,25436474,encoded,,27836,False
A,749,25446513,encoded,,8525,False
B,752,25603139,dropped,capture_queue_full,,
B,748,25469811,encoded,,5297,False
A,750,25479842,encoded,,8255,False
B,749,25503139,encoded,,20065,False
A,755,25646503,dropped,capture_queue_full,,
A,751,25513180,encoded,,7846,False
B,750,25536474,encoded,,10893,False
A,752,25546507,encoded,,7456,False
B,751,25569814,encoded,,26975,False
A,753,25579839,encoded,,8197,False
B,753,25636474,encoded,,19760,False
A,754,25613174,encoded,,7158,False
B,754,25669810,encoded,,13999,False
B,755,25703141,encoded,,16667,False
A,756,25679855,encoded,,10609,False
B,756,25736484,encoded,,16175,False
A,761,25846514,dropped,capture_queue_full,,
A,757,25713180,encoded,,16666,False
B,757,25769813,encoded,,8434,False
A,758,25746508,encoded,,35875,False
B,758,25803138,encoded,,16583,False
A,759,25779838,encoded,,4016,False
B,759,25836471,encoded,,9904,False
A,760,25813174,encoded,,11551,False
B,760,25869805,encoded,,8561,False
A,762,25879837,encoded,,124668,True
B,761,25903148,encoded,,7538,False
A,763,25913171,encoded,,24353,False
B,762,25936478,encoded,,7145,False
A,764,25946506,encoded,,8782,False
B,763,25969805,encoded,,6179,False
A,765,25979840,encoded,,15244,False
B,764,26003146,encoded,,5628,False
A,766,26013180,encoded,,17252,False
B,765,26036477,encoded,,5545,False
A,767,26046510,encoded,,21443,False
B,766,26069811,encoded,,5062,False
A,772,26213174,dropped,capture_queue_full,,
A,768,26079840,encoded,,21679,False
B,771,26236474,dropped,capture_queue_full,,
B,767,26103143,encoded,,4894,False
A,769,26113174,encoded,,11188,False
B,768,26136479,encoded,,4619,False
A,770,26146533,encoded,,9023,False
B,769,26169815,encoded,,12144,False
A,771,26179841,encoded,,21623,False
B,770,26203145,encoded,,20859,False
A,773,26246509,encoded,,7835,False
B,772,26269808,encoded,,35145,False
A,774,26279860,encoded,,6562,False
B,773,26303154,encoded,,1538,False
B,774,26336482,encoded,,9124,False
A,775,26313176,encoded,,23688,False
B,775,26369805,encoded,,16667,False
A,780,26479837,dropped,capture_queue_full,,
A,776,26346514,encoded,,13320,False
B,776,26403144,encoded,,16667,False
A,777,26379839,encoded,,10917,False
B,777,26436474,encoded,,16666,False
A,778,26413175,encoded,,10362,False
B,778,26469819,encoded,,123603,True
A,779,26446506,encoded,,9574,False
B,779,26503147,encoded,,7943,False
A,781,26513176,encoded,,3015,False
B,780,26536473,encoded,,21373,False
A,782,26546505,encoded,,12284,False
B,781,26569813,encoded,,26317,False
A,783,26579837,encoded,,9292,False
B,782,26603144,encoded,,10586,False
A,784,26613170,encoded,,8222,False
B,787,26769814,dropped,capture_queue_full,,
B,783,26636497,encoded,,26169,False
A,785,26646507,encoded,,7837,False
A,786,26679849,encoded,,7609,False
B,784,26669815,encoded,,16125,False
A,787,26713171,encoded,,7312,False
B,785,26703146,encoded,,14916,False
A,788,26746505,encoded,,7081,False
B,786,26736478,encoded,,16628,False
A,793,26913182,dropped,capture_queue_full,,
A,789,26779839,encoded,,11727,False
B,788,26803143,encoded,,19370,False
A,790,26813179,encoded,,16666,False
B,793,26969810,dropped,capture_queue_full,,
B,789,26836479,encoded,,8024,False
B,790,26869807,encoded,,6635,False
A,791,26846507,encoded,,19275,False
A,792,26879842,encoded,,14059,False
B,791,26903152,encoded,,14384,False
A,794,26946505,encoded,,16666,False
B,792,26936490,encoded,,9244,False
A,795,26979837,encoded,,124718,True
B,794,27003158,encoded,,5030,False
A,796,27013172,encoded,,27218,False
B,795,27036477,encoded,,9579,False
A,797,27046525,encoded,,7252,False
B,796,27069808,encoded,,7283,False
A,798,27079857,encoded,,14870,False
B,797,27103143,encoded,,6348,False
A,799,27113176,encoded,,20130,False
B,798,27136483,encoded,,5942,False
A,800,27146523,encoded,,10848,False
B,799,27169811,encoded,,5517,False
A,801,27179838,encoded,,10454,False
B,804,27336479,dropped,capture_queue_full,,
B,800,27203155,encoded,,5112,False
A,806,27346504,dropped,capture_queue_full,,
A,802,27213178,encoded,,27756,False
B,801,27236486,encoded,,4711,False
A,803,27246508,encoded,,17160,False
B,802,27269809,encoded,,12495,False
A,804,27279841,encoded,,7678,False
B,803,27303139,encoded,,16666,False
A,805,27313180,encoded,,26965,False
B,805,27369809,encoded,,38797,False
A,807,27379838,encoded,,4737,False
B,806,27403144,encoded,,1466,False
A,812,27546505,dropped,capture_queue_full,,
A,808,27413177,encoded,,4353,False
B,807,27436479,encoded,,9737,False
A,809,27446506,encoded,,18836,False
B,808,27469814,encoded,,16667,False
A,810,27479837,encoded,,12451,False
B,809,27503145,encoded,,16667,False
B,810,27536480,encoded,,16666,False
A,811,27513184,encoded,,10243,False
B,811,27569828,encoded,,138226,True
A,813,27579837,encoded,,3036,False
B,812,27603146,encoded,,13033,False
A,814,27613174,encoded,,13273,False
B,813,27636471,encoded,,11189,False
A,815,27646506,encoded,,9474,False
B,814,27669816,encoded,,25567,False
A,816,27679842,encoded,,8899,False
B,815,27703151,encoded,,10962,False
A,821,27846508,dropped,capture_queue_full,,
A,817,27713182,encoded,,8339,False
B,820,27869829,dropped,capture_queue_full,,
B,816,27736480,encoded,,26186,False
A,818,27746507,encoded,,7700,False
B,817,27769811,encoded,,17315,False
A,819,27779841,encoded,,7627,False
B,818,27803147,encoded,,12284,False
A,820,27813174,encoded,,7315,False
B,819,27836481,encoded,,16478,False
A,826,28013179,dropped,capture_queue_full,,
A,822,27879845,encoded,,9334,False
B,825,28036478,dropped,capture_queue_full,,
B,821,27903146,encoded,,11700,False
A,823,27913178,encoded,,12668,False
B,822,27936475,encoded,,7665,False
A,824,27946505,encoded,,16666,False
B,823,27969821,encoded,,15320,False
A,825,27979839,encoded,,17066,False
B,824,28003143,encoded,,10351,False
A,827,28046506,encoded,,16268,False
B,826,28069813,encoded,,5090,False
A,828,28079840,encoded,,16666,False
B,827,28103163,encoded,,9887,False
A,829,28113178,encoded,,124810,True
B,828,28136473,encoded,,7250,False
A,830,28146504,encoded,,9218,False
B,829,28169814,encoded,,6485,False
A,831,28179840,encoded,,23811,False
B,830,28203141,encoded,,5978,False
A,836,28346508,dropped,capture_queue_full,,
A,832,28213172,encoded,,16296,False
B,835,28369817,dropped,capture_queue_full,,
B,831,28236483,encoded,,5431,False
A,833,28246510,encoded,,30150,False
B,832,28269809,encoded,,5433,False
A,834,28279840,encoded,,16335,False
B,833,28303142,encoded,,5082,False
A,835,28313173,encoded,,17192,False
B,834,28336480,encoded,,4474,False
A,837,28379844,encoded,,13831,False
B,836,28403160,encoded,,11948,False
A,842,28546505,dropped,capture_queue_full,,
A,838,28413174,encoded,,9470,False
B,837,28436473,encoded,,16666,False
A,839,28446505,encoded,,7740,False
B,842,28603178,dropped,capture_queue_full,,
B,838,28469813,encoded,,39728,False
A,840,28479839,encoded,,20833,False
B,839,28503144,encoded,,2361,False
A,841,28513182,encoded,,5224,False
B,840,28536489,encoded,,7911,False
A,843,28579840,encoded,,6326,False
B,841,28569807,encoded,,16667,False
A,844,28613176,encoded,,5073,False
B,843,28636485,encoded,,16667,False
A,845,28646511,encoded,,21545,False
B,844,28669810,encoded,,16666,False
A,846,28679844,encoded,,12270,False
B,845,28703163,encoded,,123277,True
A,851,28846505,dropped,capture_queue_full,,
B,846,28736475,encoded,,11394,False
A,847,28713177,encoded,,10691,False
A,848,28746518,encoded,,9660,False
B,847,28769807,encoded,,22098,False
A,849,28779839,encoded,,9092,False
B,848,28803142,encoded,,25315,False
A,850,28813173,encoded,,8518,False
B,849,28836475,encoded,,23821,False
A,852,28879837,encoded,,11115,False
B,854,29003146,dropped,capture_queue_full,,
B,850,28869812,encoded,,20861,False
A,853,28913172,encoded,,8143,False
B,851,28903148,encoded,,23499,False
A,854,28946505,encoded,,8162,False
B,852,28936486,encoded,,10165,False
A,855,28979841,encoded,,7800,False
B,853,28969819,encoded,,18882,False
A,856,29013172,encoded,,7548,False
B,855,29036481,encoded,,12363,False
A,857,29046517,encoded,,12481,False
B,856,29069812,encoded,,7721,False
A,858,29079853,encoded,,16666,False
B,861,29236478,dropped,capture_queue_full,,
B,857,29103146,encoded,,6903,False
A,863,29246504,dropped,capture_queue_full,,
A,859,29113184,encoded,,17661,False
B,858,29136476,encoded,,14771,False
A,860,29146504,encoded,,15673,False
B,859,29169812,encoded,,10186,False
A,861,29179840,encoded,,16666,False
B,860,29203149,encoded,,8120,False
A,862,29213175,encoded,,124721,True
B,862,29269811,encoded,,3867,False
A,864,29279840,encoded,,8865,False
B,863,29303143,encoded,,8668,False
A,865,29313174,encoded,,27514,False
B,864,29336476,encoded,,6462,False
A,866,29346509,encoded,,13588,False
B,865,29369815,encoded,,5806,False
A,867,29379848,encoded,,20280,False
B,866,29403158,encoded,,5498,False
A,868,29413172,encoded,,28217,False
B,867,29436475,encoded,,4853,False
B,868,29469813,encoded,,4581,False
A,869,29446508,encoded,,12981,False
B,869,29503142,encoded,,21653,False
A,874,29613172,dropped,capture_queue_full,,
A,870,29479837,encoded,,10062,False
B,870,29536479,encoded,,2573,False
A,871,29513178,encoded,,8761,False
B,871,29569810,encoded,,13330,False
A,872,29546505,encoded,,21583,False
B,872,29603143,encoded,,16667,False
A,873,29579836,encoded,,21378,False
B,873,29636484,encoded,,16666,False
A,875,29646509,encoded,,4462,False
B,874,29669832,encoded,,16667,False
A,876,29679848,encoded,,4370,False
B,875,29703142,encoded,,16667,False
A,877,29713176,encoded,,18881,False
B,876,29736478,encoded,,16666,False
A,878,29746505,encoded,,11671,False
B,881,29903167,dropped,capture_queue_full,,
B,877,29769820,encoded,,123373,True
A,883,29913177,dropped,capture_queue_full,,
A,879,29779849,encoded,,10162,False
B,878,29803143,encoded,,22325,False
A,880,29813173,encoded,,9717,False
B,879,29836477,encoded,,8107,False
A,881,29846507,encoded,,8564,False
B,880,29869811,encoded,,24772,False
A,882,29879840,encoded,,9772,False
B,882,29936480,encoded,,12204,False
A,884,29946505,encoded,,10943,False
B,887,30103143,dropped,capture_queue_full,,
B,883,29969809,encoded,,23388,False
A,889,30113174,dropped,capture_queue_full,,
A,885,29979840,encoded,,8464,False
B,884,30003158,encoded,,14020,False
A,886,30013170,encoded,,7905,False
B,885,30036484,encoded,,13850,False
A,887,30046507,encoded,,7406,False
A,888,30079839,encoded,,7579,False
B,886,30069807,encoded,,15154,False
A,890,30146517,encoded,,9634,False
B,888,30136478,encoded,,16007,False
A,891,30179838,encoded,,7465,False
B,889,30169809,encoded,,15420,False
A,892,30213192,encoded,,15055,False
B,890,30203144,encoded,,7870,False
A,893,30246510,encoded,,24399,False
B,891,30236476,encoded,,15711,False
A,894,30279841,encoded,,8935,False
B,892,30269817,encoded,,9779,False
A,895,30313188,encoded,,16666,False
B,897,30436477,dropped,capture_queue_full,,
B,893,30303150,encoded,,7823,False
A,896,30346517,encoded,,124695,True
B,894,30336475,encoded,,7336,False
A,897,30379839,encoded,,8986,False
B,895,30369815,encoded,,6542,False
A,898,30413173,encoded,,12915,False
B,896,30403144,encoded,,5901,False
A,899,30446510,encoded,,23186,False
B,898,30469810,encoded,,7343,False
A,900,30479838,encoded,,23876,False
B,899,30503148,encoded,,5783,False
A,901,30513171,encoded,,19607,False
B,900,30536484,encoded,,5227,False
A,902,30546506,encoded,,21706,False
B,901,30569814,encoded,,4840,False
A,903,30579840,encoded,,10666,False
B,902,30603154,encoded,,10559,False
A,904,30613173,encoded,,8876,False
B,903,30636500,encoded,,16666,False
A,905,30646515,encoded,,21466,False
B,904,30669822,encoded,,37706,False
A,906,30679841,encoded,,6716,False
B,905,30703142,encoded,,1387,False
A,907,30713186,encoded,,6530,False
B,906,30736486,encoded,,10907,False
A,912,30879845,dropped,capture_queue_full,,
A,908,30746507,encoded,,23580,False
B,911,30903145,dropped,capture_queue_full,,
B,907,30769817,encoded,,16667,False
A,909,30779839,encoded,,13347,False
B,908,30803147,encoded,,16667,False
A,910,30813180,encoded,,11390,False
B,909,30836479,encoded,,16666,False
A,911,30846516,encoded,,10697,False
B,910,30869811,encoded,,123298,True
A,913,30913175,encoded,,3155,False
B,912,30936496,encoded,,8728,False
A,914,30946504,encoded,,13288,False
B,913,30969814,encoded,,26724,False
A,915,30979840,encoded,,10057,False
B,914,31003144,encoded,,15601,False
A,916,31013188,encoded,,8841,False
B,915,31036478,encoded,,18193,False
A,917,31046524,encoded,,8163,False
B,920,31203148,dropped,capture_queue_full,,
B,916,31069812,encoded,,25909,False
A,918,31079850,encoded,,8066,False
B,917,31103141,encoded,,12446,False
A,919,31113171,encoded,,7753,False
A,920,31146506,encoded,,7338,False
B,918,31136476,encoded,,14343,False
A,921,31179839,encoded,,7486,False
B,919,31169810,encoded,,19751,False
A,922,31213176,encoded,,10948,False
B,925,31369810,dropped,capture_queue_full,,
A,927,31379841,dropped,capture_queue_full,,
B,921,31236482,encoded,,18959,False
A,923,31246522,encoded,,16666,False
B,922,31269812,encoded,,8514,False
A,924,31279839,encoded,,35496,False
B,923,31303146,encoded,,6731,False
A,925,31313179,encoded,,3810,False
B,924,31336485,encoded,,14944,False
A,926,31346505,encoded,,10694,False
B,926,31403141,encoded,,5367,False
A,928,31413172,encoded,,124619,True
B,927,31436484,encoded,,4544,False
A,929,31446528,encoded,,17747,False
B,928,31469814,encoded,,10792,False
A,930,31479844,encoded,,19567,False
B,929,31503152,encoded,,7900,False
A,931,31513173,encoded,,14767,False
B,930,31536484,encoded,,6954,False
A,932,31546506,encoded,,20044,False
B,931,31569817,encoded,,6005,False
A,933,31579843,encoded,,29425,False
B,932,31603153,encoded,,5886,False
A,934,31613177,encoded,,13322,False
B,933,31636495,encoded,,5077,False
A,939,31779843,dropped,capture_queue_full,,
A,935,31646533,encoded,,10721,False
B,938,31803151,dropped,capture_queue_full,,
B,934,31669835,encoded,,5056,False
A,936,31679853,encoded,,9249,False
B,935,31703153,encoded,,11612,False
A,937,31713180,encoded,,7762,False
B,936,31736487,encoded,,22527,False
A,938,31746506,encoded,,20885,False
B,937,31769824,encoded,,32068,False
A,940,31813181,encoded,,6750,False
B,939,31836485,encoded,,2355,False
A,941,31846508,encoded,,5492,False
B,940,31869818,encoded,,9716,False
A,946,32013173,dropped,capture_queue_full,,
A,942,31879842,encoded,,22535,False
B,941,31903149,encoded,,16667,False
A,943,31913171,encoded,,12689,False
B,946,32069820,dropped,capture_queue_full,,
B,942,31936483,encoded,,16667,False
A,944,31946507,encoded,,10827,False
B,943,31969813,encoded,,16666,False
A,945,31979846,encoded,,9827,False
B,944,32003153,encoded,,123277,True
A,947,32046507,encoded,,2897,False
B,945,32036479,encoded,,9468,False
A,948,32079838,encoded,,12787,False
B,947,32103150,encoded,,25629,False
A,949,32113172,encoded,,9451,False
B,948,32136477,encoded,,21987,False
A,950,32146508,encoded,,8397,False
B,949,32169815,encoded,,24360,False
A,951,32179848,encoded,,8217,False
B,950,32203150,encoded,,17071,False
A,952,32213171,encoded,,7772,False
B,951,32236480,encoded,,26118,False
A,953,32246520,encoded,,7818,False
B,952,32269809,encoded,,9612,False
A,958,32413178,dropped,capture_queue_full,,
A,954,32279840,encoded,,7435,False
B,953,32303144,encoded,,10213,False
A,955,32313174,encoded,,12332,False
B,954,32336484,encoded,,16864,False
A,956,32346518,encoded,,16666,False
B,959,32503153,dropped,capture_queue_full,,
B,955,32369816,encoded,,8755,False
A,957,32379838,encoded,,17934,False
B,956,32403147,encoded,,17731,False
B,957,32436487,encoded,,10797,False
A,959,32446509,encoded,,15400,False
B,958,32469820,encoded,,9270,False
A,960,32479841,encoded,,16666,False
B,960,32536484,encoded,,4587,False
A,961,32513178,encoded,,124649,True
B,961,32569813,encoded,,9501,False
A,962,32546506,encoded,,8502,False
B,962,32603144,encoded,,6581,False
A,963,32579840,encoded,,27074,False
B,963,32636478,encoded,,6563,False
A,964,32613174,encoded,,14049,False
B,964,32669818,encoded,,5873,False
A,969,32779843,dropped,capture_queue_full,,
A,965,32646505,encoded,,28642,False
B,965,32703143,encoded,,5501,False
A,966,32679838,encoded,,16373,False
B,966,32736480,encoded,,5039,False
A,967,32713210,encoded,,17913,False
B,967,32769811,encoded,,5100,False
A,968,32746508,encoded,,10456,False
B,968,32803146,encoded,,4635,False
B,969,32836482,encoded,,15468,False
A,970,32813176,encoded,,11623,False
B,970,32869810,encoded,,39694,False
A,975,32979840,dropped,capture_queue_full,,
A,971,32846508,encoded,,8376,False
B,971,32903146,encoded,,7088,False
A,972,32879838,encoded,,7192,False
B,972,32936478,encoded,,3218,False
A,973,32913178,encoded,,27807,False
B,973,32969817,encoded,,16667,False
A,974,32946505,encoded,,14520,False
B,974,33003159,encoded,,16667,False
A,976,33013186,encoded,,4123,False
B,975,33036484,encoded,,16666,False
A,977,33046507,encoded,,3570,False
B,976,33069816,encoded,,123240,True
A,978,33079841,encoded,,17512,False
B,977,33103145,encoded,,10521,False
A,983,33246509,dropped,capture_queue_full,,
A,979,33113175,encoded,,11023,False
B,978,33136484,encoded,,17105,False
B,979,33169812,encoded,,26782,False
A,980,33146506,encoded,,10775,False
B,984,33336502,dropped,capture_queue_full,,
B,980,33203152,encoded,,9856,False
A,981,33179838,encoded,,9265,False
A,982,33213174,encoded,,9324,False
B,981,33236480,encoded,,24823,False
B,982,33269811,encoded,,20371,False
A,984,33279846,encoded,,10591,False
B,983,33303162,encoded,,17649,False
A,985,33313176,encoded,,8304,False
A,990,33479856,dropped,capture_queue_full,,
B,985,33369818,encoded,,16277,False
A,986,33346506,encoded,,7571,False
B,986,33403144,encoded,,16441,False
A,987,33379838,encoded,,7593,False
B,987,33436480,encoded,,8432,False
A,988,33413172,encoded,,7469,False
B,988,33469812,encoded,,7058,False
A,989,33446518,encoded,,9038,False
B,989,33503151,encoded,,15148,False
A,991,33513173,encoded,,16666,False
B,990,33536485,encoded,,9897,False
A,992,33546509,encoded,,16667,False
B,991,33569831,encoded,,8097,False
A,997,33713172,dropped,capture_queue_full,,
A,993,33579842,encoded,,16667,False
B,992,33603150,encoded,,7154,False
A,994,33613175,encoded,,16666,False
B,993,33636487,encoded,,6783,False
A,995,33646545,encoded,,124800,True
B,994,33669817,encoded,,6066,False
A,996,33679841,encoded,,26633,False
B,999,33836479,dropped,capture_queue_full,,
B,995,33703150,encoded,,5829,False
A,998,33746508,encoded,,7847,False
B,996,33736491,encoded,,5532,False
A,999,33779840,encoded,,15516,False
B,997,33769822,encoded,,5122,False
A,1000,33813173,encoded,,16689,False
B,998,33803147,encoded,,4979,False
A,1001,33846510,encoded,,20664,False
B,1000,33869816,encoded,,10172,False
A,1002,33879840,encoded,,21781,False
B,1001,33903150,encoded,,16666,False
A,1003,33913173,encoded,,10856,False
B,1002,33936486,encoded,,33888,False
A,1008,34079854,dropped,capture_queue_full,,
A,1004,33946508,encoded,,23266,False
B,1003,33969826,encoded,,2514,False
A,1005,33979844,encoded,,5641,False
B,1004,34003162,encoded,,13598,False
A,1006,34013175,encoded,,24267,False
B,1009,34169824,dropped,capture_queue_full,,
B,1005,34036485,encoded,,16667,False
A,1007,34046512,encoded,,13793,False
B,1006,34069814,encoded,,16667,False
A,1009,34113184,encoded,,4139,False
B,1007,34103160,encoded,,16666,False
A,1010,34146508,encoded,,4668,False
B,1008,34136481,encoded,,123496,True
A,1011,34179841,encoded,,17540,False
B,1010,34203153,encoded,,22870,False
A,1012,34213174,encoded,,11058,False
B,1011,34236481,encoded,,6703,False
A,1013,34246507,encoded,,9849,False
B,1012,34269816,encoded,,15571,False
B,1013,34303147,encoded,,17406,False
A,1014,34279843,encoded,,9685,False
B,1014,34336481,encoded,,26493,False
A,1019,34446505,dropped,capture_queue_full,,
A,1015,34313175,encoded,,9281,False
B,1015,34369814,encoded,,14473,False
A,1016,34346521,encoded,,8340,False
B,1016,34403145,encoded,,15259,False
A,1017,34379841,encoded,,8006,False
B,1017,34436491,encoded,,15546,False
A,1018,34413174,encoded,,8078,False
B,1018,34469819,encoded,,22683,False
A,1020,34479846,encoded,,10184,False
B,1019,34503148,encoded,,8327,False
A,1021,34513182,encoded,,7593,False
B,1020,34536498,encoded,,7087,False
A,1022,34546510,encoded,,7398,False
B,1021,34569822,encoded,,15501,False
A,1023,34579843,encoded,,6861,False
B,1022,34603148,encoded,,10173,False
A,1028,34746512,dropped,capture_queue_full,,
A,1024,34613194,encoded,,15567,False
B,1027,34769818,dropped,capture_queue_full,,
B,1023,34636485,encoded,,8477,False
A,1025,34646511,encoded,,35618,False
B,1024,34669821,encoded,,7510,False
A,1026,34679841,encoded,,3680,False
B,1025,34703151,encoded,,6593,False
A,1027,34713177,encoded,,11270,False
B,1026,34736482,encoded,,5890,False
A,1029,34779839,encoded,,124676,True
B,1028,34803153,encoded,,7852,False
A,1030,34813177,encoded,,24409,False
B,1029,34836481,encoded,,5398,False
B,1030,34869828,encoded,,5077,False
A,1031,34846508,encoded,,8021,False
A,1032,34879839,encoded,,24293,False
B,1031,34903147,encoded,,4808,False
A,1033,34913177,encoded,,14223,False
B,1032,34936490,encoded,,10141,False
A,1038,35079841,dropped,capture_queue_full,,
A,1034,34946511,encoded,,21358,False
B,1033,34969816,encoded,,16666,False
B,1034,35003146,encoded,,39178,False
A,1035,34979854,encoded,,19009,False
B,1035,35036483,encoded,,1498,False
A,1036,35013176,encoded,,10966,False
A,1037,35046508,encoded,,9201,False
B,1036,35069821,encoded,,9324,False
B,1041,35236500,dropped,capture_queue_full,,
A,1043,35246511,dropped,capture_queue_full,,
A,1039,35113179,encoded,,11119,False
B,1037,35103153,encoded,,16667,False
A,1040,35146513,encoded,,7488,False
B,1038,35136486,encoded,,16667,False
A,1041,35179842,encoded,,28358,False
B,1039,35169833,encoded,,16666,False
A,1042,35213178,encoded,,14548,False
B,1040,35203150,encoded,,123385,True
A,1044,35279850,encoded,,4004,False
B,1042,35269820,encoded,,21500,False
A,1045,35313179,encoded,,16565,False
B,1043,35303146,encoded,,13708,False
A,1046,35346507,encoded,,11070,False
B,1044,35336488,encoded,,13871,False
A,1047,35379841,encoded,,9558,False
B,1049,35503148,dropped,capture_queue_full,,
B,1045,35369820,encoded,,17037,False
A,1048,35413173,encoded,,9060,False
B,1046,35403147,encoded,,15056,False
A,1049,35446510,encoded,,8705,False
B,1047,35436482,encoded,,32057,False
A,1050,35479839,encoded,,8265,False
B,1048,35469818,encoded,,18127,False
A,1051,35513175,encoded,,8504,False
B,1050,35536494,encoded,,14246,False
A,1052,35546507,encoded,,7988,False
B,1051,35569815,encoded,,15754,False
A,1053,35579859,encoded,,8531,False
B,1052,35603147,encoded,,8719,False
A,1054,35613185,encoded,,7801,False
B,1053,35636491,encoded,,7299,False
A,1055,35646515,encoded,,7431,False
B,1058,35803153,dropped,capture_queue_full,,
A,1056,35679846,encoded,,7615,False
B,1054,35669819,encoded,,6714,False
A,1057,35713177,encoded,,16666,False
B,1055,35703149,encoded,,14805,False
A,1062,35879841,dropped,capture_queue_full,,
A,1058,35746508,encoded,,18985,False
B,1056,35736489,encoded,,9883,False
A,1059,35779859,encoded,,14349,False
B,1062,35936480,dropped,capture_queue_full,,
B,1057,35769815,encoded,,8268,False
A,1060,35813177,encoded,,16666,False
B,1059,35836487,encoded,,4202,False
B,1060,35869816,encoded,,8531,False
A,1061,35846509,encoded,,124802,True
B,1061,35903154,encoded,,6257,False
A,1063,35913174,encoded,,10741,False
B,1063,35969816,encoded,,7391,False
A,1064,35946507,encoded,,26761,False
B,1064,36003152,encoded,,5625,False
A,1065,35979841,encoded,,14196,False
B,1065,36036482,encoded,,4869,False
A,1070,36146508,dropped,capture_queue_full,,
A,1066,36013174,encoded,,19985,False
B,1066,36069815,encoded,,6030,False
A,1067,36046527,encoded,,28791,False
B,1067,36103148,encoded,,16666,False
A,1068,36079842,encoded,,12881,False
B,1068,36136484,encoded,,40689,False
A,1069,36113176,encoded,,10454,False
B,1069,36169815,encoded,,1604,False
A,1071,36179844,encoded,,11260,False
B,1070,36203157,encoded,,7707,False
A,1072,36213179,encoded,,7725,False
B,1075,36369826,dropped,capture_queue_full,,
B,1071,36236482,encoded,,16667,False
A,1077,36379842,dropped,capture_queue_full,,
A,1073,36246507,encoded,,28746,False
B,1072,36269825,encoded,,16667,False
A,1074,36279846,encoded,,3657,False
B,1073,36303150,encoded,,16666,False
A,1075,36313180,encoded,,18178,False
B,1074,36336491,encoded,,123284,True
A,1076,36346508,encoded,,12046,False
B,1076,36403155,encoded,,16012,False
A,1078,36413177,encoded,,3332,False
B,1077,36436492,encoded,,28043,False
A,1079,36446511,encoded,,14492,False
B,1078,36469820,encoded,,21494,False
A,1080,36479858,encoded,,10257,False
B,1079,36503150,encoded,,25057,False
A,1081,36513178,encoded,,8987,False
B,1080,36536482,encoded,,9743,False
A,1082,36546510,encoded,,8647,False
B,1081,36569817,encoded,,24576,False
A,1087,36713179,dropped,capture_queue_full,,
A,1083,36579842,encoded,,8873,False
B,1082,36603154,encoded,,11018,False
A,1084,36613189,encoded,,8276,False
B,1083,36636486,encoded,,10322,False
A,1085,36646509,encoded,,8058,False
B,1088,36803158,dropped,capture_queue_full,,
B,1084,36669828,encoded,,15209,False
A,1086,36679842,encoded,,7895,False
B,1085,36703158,encoded,,11209,False
A,1088,36746508,encoded,,9824,False
B,1086,36736489,encoded,,19955,False
A,1089,36779845,encoded,,7278,False
B,1087,36769824,encoded,,9840,False
A,1090,36813181,encoded,,7192,False
B,1089,36836487,encoded,,5056,False
A,1091,36846523,encoded,,16666,False
B,1090,36869823,encoded,,9912,False
A,1092,36879853,encoded,,27473,False
B,1091,36903157,encoded,,7394,False
A,1093,36913180,encoded,,5861,False
B,1092,36936485,encoded,,6556,False
A,1098,37079845,dropped,capture_queue_full,,
A,1094,36946517,encoded,,16666,False
B,1093,36969817,encoded,,5948,False
A,1095,36979859,encoded,,124726,True
B,1098,37136492,dropped,capture_queue_full,,
B,1094,37003153,encoded,,5495,False
A,1096,37013177,encoded,,27297,False
B,1095,37036490,encoded,,4926,False
A,1097,37046511,encoded,,7599,False
B,1096,37069817,encoded,,4767,False
A,1099,37113179,encoded,,16179,False
B,1097,37103149,encoded,,4604,False
B,1099,37169817,encoded,,6237,False
A,1100,37146510,encoded,,21070,False
B,1100,37203150,encoded,,13343,False
A,1101,37179842,encoded,,20695,False
B,1101,37236499,encoded,,39579,False
A,1106,37346510,dropped,capture_queue_full,,
A,1102,37213175,encoded,,17630,False
B,1102,37269816,encoded,,29586,False
A,1103,37246509,encoded,,10878,False
B,1103,37303151,encoded,,1234,False
A,1104,37279847,encoded,,9536,False
B,1104,37336493,encoded,,1654,False
A,1105,37313177,encoded,,21156,False
B,1105,37369822,encoded,,11281,False
A,1107,37379845,encoded,,7264,False
B,1106,37403162,encoded,,16666,False
A,1108,37413176,encoded,,5837,False
B,1107,37436485,encoded,,138068,True
A,1109,37446511,encoded,,23612,False
B,1108,37469817,encoded,,9598,False
A,1110,37479845,encoded,,13330,False
B,1109,37503169,encoded,,16812,False
A,1111,37513179,encoded,,11667,False
B,1110,37536493,encoded,,24474,False
A,1112,37546509,encoded,,10766,False
B,1111,37569819,encoded,,10906,False
A,1117,37713176,dropped,capture_queue_full,,
B,1112,37603151,encoded,,25629,False
A,1113,37579842,encoded,,9634,False
B,1113,37636484,encoded,,16359,False
A,1114,37613190,encoded,,9277,False
B,1114,37669818,encoded,,12143,False
A,1115,37646509,encoded,,8444,False
B,1119,37836489,dropped,capture_queue_full,,
B,1115,37703151,encoded,,16970,False
A,1116,37679844,encoded,,8552,False
A,1122,37879852,dropped,capture_queue_full,,
B,1116,37736494,encoded,,19840,False
A,1118,37746511,encoded,,10998,False
A,1119,37779848,encoded,,8250,False
B,1117,37769826,encoded,,11441,False
A,1120,37813179,encoded,,7662,False
B,1118,37803165,encoded,,5024,False
A,1121,37846523,encoded,,7631,False
B,1120,37869820,encoded,,5925,False
A,1123,37913179,encoded,,9406,False
B,1125,38036490,dropped,capture_queue_full,,
A,1124,37946511,encoded,,7373,False
B,1121,37903150,encoded,,11187,False
B,1122,37936487,encoded,,7431,False
A,1125,37979843,encoded,,13531,False
B,1123,37969820,encoded,,6621,False
A,1126,38013192,encoded,,18627,False
B,1124,38003153,encoded,,6051,False
A,1127,38046524,encoded,,14707,False
B,1126,38069818,encoded,,7476,False
A,1128,38079855,encoded,,16666,False
B,1127,38103151,encoded,,5284,False
A,1129,38113175,encoded,,124881,True
B,1128,38136485,encoded,,5070,False
A,1130,38146509,encoded,,12635,False
B,1129,38169827,encoded,,4668,False
A,1131,38179843,encoded,,17314,False
B,1130,38203155,encoded,,4464,False
A,1132,38213178,encoded,,15002,False
B,1131,38236505,encoded,,11893,False
A,1133,38246510,encoded,,20531,False
B,1136,38403156,dropped,capture_queue_full,,
A,1134,38279847,encoded,,13701,False
B,1132,38269833,encoded,,20284,False
A,1135,38313179,encoded,,12847,False
B,1133,38303163,encoded,,31379,False
A,1136,38346518,encoded,,18011,False
B,1134,38336494,encoded,,5597,False
A,1137,38379843,encoded,,15987,False
B,1135,38369820,encoded,,9406,False
A,1138,38413180,encoded,,23823,False
B,1137,38436493,encoded,,16667,False
A,1139,38446520,encoded,,5796,False
B,1138,38469826,encoded,,16667,False
A,1144,38613180,dropped,capture_queue_full,,
A,1140,38479843,encoded,,23985,False
B,1139,38503156,encoded,,26464,False
A,1141,38513184,encoded,,13900,False
B,1140,38536486,encoded,,123273,True
B,1141,38569828,encoded,,22290,False
A,1142,38546524,encoded,,11942,False
B,1142,38603158,encoded,,12281,False
A,1143,38579844,encoded,,10997,False
B,1143,38636487,encoded,,24915,False
A,1145,38646515,encoded,,3301,False
B,1144,38669832,encoded,,10944,False
A,1150,38813201,dropped,capture_queue_full,,
A,1146,38679843,encoded,,13949,False
B,1145,38703164,encoded,,22568,False
A,1147,38713182,encoded,,10031,False
B,1150,38869819,dropped,capture_queue_full,,
B,1146,38736494,encoded,,12070,False
A,1148,38746517,encoded,,9006,False
B,1147,38769819,encoded,,10293,False
A,1149,38779843,encoded,,9017,False
B,1148,38803159,encoded,,17480,False
A,1151,38846518,encoded,,10452,False
B,1149,38836492,encoded,,13729,False
A,1152,38879847,encoded,,8130,False
B,1151,38903159,encoded,,18212,False
A,1153,38913177,encoded,,9136,False
B,1152,38936488,encoded,,8274,False
A,1154,38946513,encoded,,7806,False
B,1153,38969821,encoded,,6800,False
A,1155,38979846,encoded,,7845,False
B,1154,39003155,encoded,,14900,False
A,1160,39146515,dropped,capture_queue_full,,
A,1156,39013179,encoded,,6945,False
B,1155,39036495,encoded,,9345,False
A,1157,39046510,encoded,,13030,False
B,1156,39069824,encoded,,7792,False
A,1158,39079857,encoded,,16667,False
B,1157,39103156,encoded,,6901,False
A,1159,39113177,encoded,,16949,False
B,1158,39136487,encoded,,6396,False
B,1159,39169823,encoded,,6116,False
A,1161,39179844,encoded,,16384,False
B,1164,39336487,dropped,capture_queue_full,,
A,1162,39213180,encoded,,124581,True
B,1160,39203162,encoded,,5938,False
B,1161,39236488,encoded,,5266,False
A,1163,39246512,encoded,,17954,False
A,1168,39413177,dropped,capture_queue_full,,
B,1162,39269823,encoded,,5063,False
A,1164,39279846,encoded,,20044,False
B,1163,39303156,encoded,,4705,False
A,1165,39313195,encoded,,22117,False
B,1165,39369827,encoded,,14651,False
A,1166,39346511,encoded,,14157,False
B,1166,39403156,encoded,,21302,False
A,1167,39379845,encoded,,20831,False
A,1169,39446532,encoded,,21927,False
B,1167,39436493,encoded,,43422,False
B,1168,39469820,encoded,,1113,False
A,1170,39479845,encoded,,10710,False
A,1171,39513177,encoded,,8836,False
B,1169,39503153,encoded,,1779,False
A,1172,39546511,encoded,,7680,False
B,1170,39536496,encoded,,15718,False
A,1173,39579844,encoded,,20335,False
B,1175,39703157,dropped,capture_queue_full,,
B,1171,39569825,encoded,,16666,False
A,1174,39613178,encoded,,20384,False
B,1172,39603153,encoded,,123234,True
A,1175,39646516,encoded,,13578,False
B,1173,39636499,encoded,,22295,False
A,1176,39679848,encoded,,11576,False
B,1174,39669833,encoded,,8154,False
A,1177,39713180,encoded,,10940,False
B,1176,39736487,encoded,,15312,False
A,1182,39879844,dropped,capture_queue_full,,
B,1177,39769825,encoded,,17374,False
A,1178,39746511,encoded,,10536,False
B,1178,39803159,encoded,,14131,False
A,1179,39779846,encoded,,9904,False
B,1179,39836490,encoded,,21962,False
A,1180,39813179,encoded,,9166,False
B,1180,39869823,encoded,,13602,False
A,1186,40013182,dropped,capture_queue_full,,
A,1181,39846531,encoded,,8448,False
B,1181,39903160,encoded,,20042,False
A,1183,39913183,encoded,,11418,False
B,1186,40069828,dropped,capture_queue_full,,
B,1182,39936505,encoded,,22562,False
A,1184,39946512,encoded,,8704,False
B,1183,39969826,encoded,,8690,False
A,1185,39979845,encoded,,8081,False
B,1184,40003162,encoded,,7441,False
A,1187,40046513,encoded,,9737,False
B,1185,40036493,encoded,,6864,False
A,1188,40079845,encoded,,7739,False
B,1187,40103154,encoded,,8024,False
A,1189,40113178,encoded,,7066,False
B,1188,40136505,encoded,,6046,False
A,1190,40146524,encoded,,7162,False
B,1189,40169834,encoded,,12813,False
A,1191,40179883,encoded,,7101,False
B,1190,40203156,encoded,,8348,False
A,1192,40213185,encoded,,15955,False
B,1191,40236488,encoded,,7323,False
A,1193,40246514,encoded,,35793,False
B,1192,40269823,encoded,,6647,False
A,1194,40279850,encoded,,3782,False
B,1193,40303161,encoded,,5827,False
A,1195,40313180,encoded,,124822,True
B,1194,40336497,encoded,,5268,False
A,1196,40346519,encoded,,17680,False
B,1195,40369830,encoded,,5346,False
A,1197,40379877,encoded,,7072,False
B,1196,40403159,encoded,,16029,False
A,1202,40546516,dropped,capture_queue_full,,
A,1198,40413182,encoded,,24114,False
B,1201,40569829,dropped,capture_queue_full,,
B,1197,40436490,encoded,,36484,False
A,1199,40446520,encoded,,17151,False
B,1198,40469828,encoded,,2588,False
A,1200,40479847,encoded,,24250,False
B,1199,40503166,encoded,,10928,False
A,1201,40513181,encoded,,20069,False
B,1200,40536491,encoded,,16666,False
B,1202,40603162,encoded,,16667,False
A,1207,40713191,dropped,capture_queue_full,,
A,1203,40579849,encoded,,14625,False
B,1203,40636512,encoded,,16667,False
A,1204,40613201,encoded,,9374,False
B,1204,40669845,encoded,,16666,False
A,1205,40646512,encoded,,7830,False
B,1205,40703161,encoded,,123035,True
A,1206,40679849,encoded,,19698,False
B,1206,40736492,encoded,,22285,False
A,1208,40746524,encoded,,6602,False
B,1207,40769823,encoded,,8164,False
A,1209,40779847,encoded,,5254,False
B,1208,40803157,encoded,,14121,False
A,1210,40813179,encoded,,21983,False
B,1209,40836494,encoded,,17711,False
A,1211,40846514,encoded,,13795,False
B,1210,40869822,encoded,,26306,False
A,1212,40879848,encoded,,11204,False
B,1211,40903163,encoded,,21167,False
A,1213,40913184,encoded,,10060,False
B,1212,40936496,encoded,,17160,False
A,1214,40946514,encoded,,9513,False
B,1213,40969835,encoded,,16123,False
A,1219,41113180,dropped,capture_queue_full,,
A,1215,40979846,encoded,,9424,False
B,1214,41003157,encoded,,15589,False
A,1216,41013182,encoded,,8791,False
B,1219,41169828,dropped,capture_queue_full,,
B,1215,41036490,encoded,,8424,False
A,1217,41046515,encoded,,8060,False
B,1216,41069832,encoded,,7405,False
A,1218,41079846,encoded,,8077,False
B,1217,41103161,encoded,,6360,False
A,1220,41146515,encoded,,10382,False
B,1218,41136491,encoded,,14676,False
A,1221,41179851,encoded,,8156,False
B,1220,41203168,encoded,,5366,False
A,1222,41213179,encoded,,7586,False
B,1221,41236496,encoded,,4771,False
A,1223,41246516,encoded,,8085,False
B,1222,41269837,encoded,,10503,False
A,1224,41279848,encoded,,10101,False
B,1223,41303159,encoded,,7354,False
A,1229,41446515,dropped,capture_queue_full,,
A,1225,41313183,encoded,,16667,False
B,1224,41336494,encoded,,6269,False
B,1225,41369824,encoded,,5822,False
A,1226,41346519,encoded,,35260,False
B,1226,41403167,encoded,,5521,False
A,1227,41379848,encoded,,3868,False
B,1227,41436500,encoded,,5224,False
A,1228,41413183,encoded,,124751,True
B,1228,41469829,encoded,,13978,False
A,1230,41479851,encoded,,18726,False
B,1233,41636493,dropped,capture_queue_full,,
B,1229,41503162,encoded,,42072,False
A,1231,41513181,encoded,,6436,False
A,1232,41546516,encoded,,23893,False
B,1230,41536494,encoded,,7092,False
B,1231,41569833,encoded,,2184,False
A,1233,41579851,encoded,,17605,False
B,1232,41603164,encoded,,15318,False
A,1238,41746521,dropped,capture_queue_full,,
A,1234,41613180,encoded,,25673,False
B,1234,41669825,encoded,,16667,False
A,1235,41646539,encoded,,18624,False
B,1235,41703161,encoded,,16667,False
A,1236,41679849,encoded,,11244,False
B,1236,41736491,encoded,,16666,False
A,1242,41879850,dropped,capture_queue_full,,
A,1237,41713180,encoded,,9203,False
B,1237,41769826,encoded,,123073,True
A,1239,41779847,encoded,,10973,False
B,1238,41803170,encoded,,22272,False
A,1240,41813194,encoded,,7836,False
B,1239,41836492,encoded,,8004,False
A,1241,41846522,encoded,,6449,False
B,1240,41869832,encoded,,13904,False
A,1243,41913188,encoded,,7613,False
B,1241,41903161,encoded,,17929,False
A,1244,41946531,encoded,,26265,False
B,1242,41936493,encoded,,13612,False
A,1245,41979848,encoded,,13982,False
B,1243,41969826,encoded,,30297,False
A,1246,42013181,encoded,,11416,False
B,1248,42136493,dropped,capture_queue_full,,
B,1244,42003167,encoded,,17522,False
A,1247,42046514,encoded,,10353,False
B,1245,42036503,encoded,,22487,False
A,1248,42079849,encoded,,9901,False
B,1246,42069844,encoded,,10766,False
A,1249,42113187,encoded,,9368,False
B,1247,42103170,encoded,,9779,False
A,1250,42146517,encoded,,8757,False
B,1249,42169841,encoded,,9998,False
A,1251,42179849,encoded,,8867,False
B,1250,42203182,encoded,,6887,False
A,1252,42213180,encoded,,8200,False
B,1251,42236498,encoded,,5934,False
A,1253,42246515,encoded,,7785,False
B,1252,42269840,encoded,,13003,False
A,1254,42279850,encoded,,7847,False
B,1257,42436492,dropped,capture_queue_full,,
B,1253,42303157,encoded,,8651,False
A,1255,42313188,encoded,,7765,False
A,1256,42346518,encoded,,8007,False
B,1254,42336496,encoded,,7176,False
A,1257,42379848,encoded,,16666,False
B,1255,42369846,encoded,,6624,False
A,1258,42413180,encoded,,36546,False
B,1256,42403170,encoded,,6382,False
A,1263,42579850,dropped,capture_queue_full,,
A,1259,42446514,encoded,,3866,False
B,1258,42469826,encoded,,7809,False
A,1260,42479861,encoded,,9588,False
B,1259,42503159,encoded,,5778,False
A,1261,42513184,encoded,,124737,True
B,1260,42536495,encoded,,5311,False
A,1262,42546514,encoded,,17450,False
B,1261,42569829,encoded,,10136,False
A,1264,42613184,encoded,,8531,False
B,1266,42736496,dropped,capture_queue_full,,
B,1262,42603167,encoded,,16666,False
A,1265,42646522,encoded,,23730,False
A,1266,42679850,encoded,,16765,False
B,1263,42636502,encoded,,33626,False
A,1267,42713183,encoded,,24384,False
B,1264,42669844,encoded,,2344,False
A,1268,42746529,encoded,,20105,False
B,1270,42869834,dropped,capture_queue_full,,
B,1265,42703168,encoded,,14030,False
A,1269,42779851,encoded,,11647,False
B,1267,42769826,encoded,,16667,False
A,1270,42813180,encoded,,10025,False
B,1268,42803170,encoded,,16667,False
A,1271,42846514,encoded,,8172,False
B,1269,42836499,encoded,,16666,False
A,1272,42879849,encoded,,20466,False
B,1271,42903165,encoded,,123107,True
A,1273,42913189,encoded,,21698,False
B,1272,42936500,encoded,,22885,False
A,1274,42946517,encoded,,2738,False
B,1273,42969831,encoded,,12092,False
A,1275,42979850,encoded,,16613,False
B,1274,43003167,encoded,,21694,False
B,1275,43036497,encoded,,24881,False
A,1276,43013184,encoded,,11366,False
B,1276,43069829,encoded,,32855,False
A,1281,43179856,dropped,capture_queue_full,,
A,1277,43046517,encoded,,10553,False
B,1277,43103163,encoded,,5111,False
A,1278,43079865,encoded,,10412,False
B,1278,43136498,encoded,,14622,False
A,1279,43113185,encoded,,9530,False
B,1279,43169833,encoded,,11842,False
A,1285,43313183,dropped,capture_queue_full,,
A,1280,43146516,encoded,,8892,False
B,1280,43203174,encoded,,16682,False
B,1281,43236498,encoded,,9233,False
A,1282,43213187,encoded,,11262,False
B,1282,43269833,encoded,,8021,False
A,1283,43246519,encoded,,8501,False
B,1283,43303176,encoded,,6911,False
A,1284,43279850,encoded,,7958,False
B,1284,43336500,encoded,,15276,False
A,1286,43346515,encoded,,9953,False
B,1285,43369843,encoded,,10223,False
A,1287,43379854,encoded,,7823,False
B,1286,43403182,encoded,,8803,False
A,1288,43413187,encoded,,7081,False
B,1287,43436497,encoded,,8083,False
A,1289,43446518,encoded,,7161,False
B,1288,43469831,encoded,,7549,False
A,1294,43613183,dropped,capture_queue_full,,
A,1290,43479868,encoded,,12447,False
B,1289,43503161,encoded,,7572,False
B,1294,43669832,dropped,capture_queue_full,,
A,1291,43513195,encoded,,16667,False
B,1290,43536496,encoded,,7304,False
B,1291,43569836,encoded,,7688,False
A,1292,43546530,encoded,,16667,False
B,1292,43603163,encoded,,7720,False
A,1298,43746520,dropped,capture_queue_full,,
A,1293,43579850,encoded,,16666,False
B,1293,43636498,encoded,,7931,False
A,1295,43646518,encoded,,124808,True
B,1295,43703161,encoded,,11339,False
A,1296,43679851,encoded,,26916,False
B,1296,43736502,encoded,,8652,False
A,1297,43713191,encoded,,6993,False
B,1297,43769834,encoded,,15258,False
A,1299,43779853,encoded,,21245,False
B,1298,43803221,encoded,,25289,False
A,1300,43813187,encoded,,16709,False
B,1299,43836504,encoded,,8044,False
A,1301,43846519,encoded,,20980,False
B,1300,43869831,encoded,,16667,False
A,1302,43879852,encoded,,18540,False
B,1301,43903165,encoded,,16666,False
A,1303,43913188,encoded,,10948,False
B,1302,43936501,encoded,,123203,True
B,1303,43969833,encoded,,14553,False
A,1304,43946517,encoded,,9462,False
B,1304,44003183,encoded,,18162,False
A,1309,44113184,dropped,capture_queue_full,,
A,1305,43979851,encoded,,7817,False
B,1305,44036496,encoded,,18661,False
A,1306,44013186,encoded,,20896,False
B,1306,44069833,encoded,,20260,False
A,1307,44046520,encoded,,5287,False
B,1311,44236501,dropped,capture_queue_full,,
B,1307,44103172,encoded,,13860,False
A,1308,44079853,encoded,,22824,False
B,1308,44136497,encoded,,26318,False
A,1310,44146516,encoded,,4238,False
B,1309,44169835,encoded,,19517,False
A,1315,44313185,dropped,capture_queue_full,,
A,1311,44179851,encoded,,17036,False
B,1310,44203167,encoded,,19141,False
A,1312,44213184,encoded,,11268,False
B,1312,44269848,encoded,,12370,False
A,1313,44246517,encoded,,9863,False
B,1313,44303180,encoded,,25290,False
A,1314,44279849,encoded,,9123,False
B,1314,44336504,encoded,,12533,False
A,1316,44346520,encoded,,2910,False
B,1315,44369831,encoded,,10804,False
A,1317,44379855,encoded,,12388,False
B,1316,44403166,encoded,,9969,False
A,1318,44413193,encoded,,9442,False
B,1317,44436495,encoded,,9805,False
A,1319,44446516,encoded,,8495,False
B,1318,44469836,encoded,,8884,False
A,1320,44479851,encoded,,7894,False
B,1319,44503168,encoded,,8060,False
A,1321,44513183,encoded,,8045,False
B,1320,44536508,encoded,,7539,False
A,1322,44546518,encoded,,7806,False
B,1325,44703164,dropped,capture_queue_full,,
B,1321,44569834,encoded,,7234,False
A,1323,44579852,encoded,,11401,False
B,1322,44603166,encoded,,6569,False
A,1324,44613189,encoded,,16666,False
B,1323,44636499,encoded,,6488,False
A,1329,44779852,dropped,capture_queue_full,,
A,1325,44646522,encoded,,17887,False
B,1324,44669837,encoded,,12651,False
A,1326,44679852,encoded,,15447,False
B,1326,44736503,encoded,,6208,False
A,1327,44713190,encoded,,16666,False
B,1327,44769830,encoded,,10275,False
A,1328,44746522,encoded,,124811,True
B,1328,44803165,encoded,,8502,False
A,1330,44813202,encoded,,11175,False
B,1329,44836498,encoded,,8019,False
A,1331,44846520,encoded,,14576,False
B,1330,44869839,encoded,,7143,False
A,1332,44879859,encoded,,23530,False
B,1331,44903171,encoded,,14649,False
A,1333,44913189,encoded,,17148,False
B,1332,44936497,encoded,,25566,False
A,1338,45079853,dropped,capture_queue_full,,
B,1333,44969835,encoded,,7767,False
A,1334,44946521,encoded,,23620,False
B,1334,45003167,encoded,,123194,True
A,1335,44979854,encoded,,19729,False
B,1335,45036500,encoded,,23852,False
A,1336,45013194,encoded,,10860,False
B,1336,45069831,encoded,,7219,False
A,1337,45046525,encoded,,8656,False
B,1337,45103171,encoded,,15051,False
A,1339,45113184,encoded,,10689,False
B,1338,45136506,encoded,,18438,False
A,1340,45146524,encoded,,7738,False
B,1339,45169840,encoded,,11973,False
A,1341,45179860,encoded,,28247,False
B,1344,45336499,dropped,capture_queue_full,,
B,1340,45203168,encoded,,24207,False
A,1346,45346528,dropped,capture_queue_full,,
A,1342,45213186,encoded,,15167,False
A,1343,45246525,encoded,,12122,False
B,1341,45236509,encoded,,18432,False
A,1344,45279857,encoded,,11217,False
B,1342,45269834,encoded,,13521,False
A,1345,45313187,encoded,,10208,False
B,1343,45303171,encoded,,18490,False
A,1347,45379855,encoded,,3422,False
B,1345,45369839,encoded,,19218,False
A,1348,45413185,encoded,,13449,False
B,1346,45403165,encoded,,8752,False
A,1349,45446521,encoded,,9584,False
B,1351,45569840,dropped,capture_queue_full,,
B,1347,45436505,encoded,,7482,False
A,1350,45479853,encoded,,8897,False
B,1348,45469832,encoded,,6569,False
A,1351,45513190,encoded,,8113,False
B,1349,45503176,encoded,,6201,False
A,1352,45546520,encoded,,7984,False
B,1350,45536525,encoded,,5615,False
A,1353,45579855,encoded,,7580,False
B,1352,45603171,encoded,,6705,False
A,1354,45613197,encoded,,7787,False
B,1353,45636513,encoded,,4954,False
A,1355,45646518,encoded,,7737,False
B,1354,45669843,encoded,,11459,False
A,1356,45679856,encoded,,9288,False
B,1355,45703166,encoded,,7618,False
A,1357,45713188,encoded,,16666,False
B,1356,45736513,encoded,,7108,False
A,1358,45746521,encoded,,35683,False
B,1357,45769844,encoded,,6609,False
A,1359,45779854,encoded,,3928,False
B,1358,45803168,encoded,,10667,False
A,1360,45813188,encoded,,10389,False
B,1363,45969836,dropped,capture_queue_full,,
B,1359,45836517,encoded,,16666,False
A,1365,45979872,dropped,capture_queue_full,,
A,1361,45846522,encoded,,124776,True
B,1360,45869856,encoded,,41021,False
A,1362,45879855,encoded,,17762,False
B,1361,45903171,encoded,,2124,False
A,1363,45913196,encoded,,19308,False
B,1362,45936517,encoded,,6855,False
A,1364,45946533,encoded,,22898,False
B,1364,46003169,encoded,,16667,False
A,1366,46013191,encoded,,17252,False
B,1365,46036500,encoded,,16667,False
A,1367,46046538,encoded,,19934,False
B,1366,46069844,encoded,,16666,False
A,1368,46079854,encoded,,18440,False
B,1367,46103174,encoded,,123121,True
A,1369,46113184,encoded,,11002,False
B,1372,46269846,dropped,capture_queue_full,,
B,1368,46136506,encoded,,18370,False
A,1370,46146523,encoded,,9411,False
A,1375,46313197,dropped,capture_queue_full,,
B,1369,46169837,encoded,,24163,False
A,1371,46179856,encoded,,8167,False
B,1370,46203187,encoded,,24047,False
A,1372,46213190,encoded,,20381,False
B,1371,46236509,encoded,,25503,False
A,1373,46246519,encoded,,21043,False
B,1373,46303174,encoded,,13659,False
A,1374,46279869,encoded,,14337,False
B,1374,46336499,encoded,,7866,False
A,1376,46346520,encoded,,3606,False
B,1375,46369841,encoded,,22283,False
A,1377,46379875,encoded,,3684,False
B,1380,46536520,dropped,capture_queue_full,,
B,1376,46403173,encoded,,11611,False
A,1378,46413195,encoded,,17359,False
B,1377,46436506,encoded,,18757,False
A,1379,46446526,encoded,,10871,False
B,1378,46469846,encoded,,10714,False
A,1384,46613188,dropped,capture_queue_full,,
A,1380,46479857,encoded,,9762,False
B,1379,46503173,encoded,,8717,False
A,1381,46513188,encoded,,9122,False
A,1382,46546522,encoded,,8490,False
B,1381,46569842,encoded,,10642,False
A,1383,46579870,encoded,,8710,False
B,1382,46603167,encoded,,7130,False
A,1385,46646524,encoded,,10602,False
B,1383,46636501,encoded,,6444,False
A,1386,46679860,encoded,,7953,False
B,1384,46669842,encoded,,13867,False
B,1389,46836522,dropped,capture_queue_full,,
A,1387,46713187,encoded,,8281,False
B,1385,46703182,encoded,,9372,False
A,1388,46746521,encoded,,7609,False
B,1386,46736510,encoded,,7964,False
A,1389,46779856,encoded,,7258,False
B,1387,46769845,encoded,,6977,False
A,1390,46813189,encoded,,11982,False
B,1388,46803175,encoded,,6583,False
B,1390,46869834,encoded,,8092,False
A,1391,46846521,encoded,,16667,False
B,1391,46903174,encoded,,5895,False
A,1396,47013189,dropped,capture_queue_full,,
A,1392,46879858,encoded,,16667,False
B,1392,46936502,encoded,,5700,False
A,1393,46913187,encoded,,16666,False
B,1393,46969836,encoded,,4959,False
A,1394,46946537,encoded,,124959,True
B,1394,47003170,encoded,,14231,False
A,1395,46979871,encoded,,24768,False
B,1395,47036509,encoded,,42254,False
A,1397,47046521,encoded,,9317,False
B,1396,47069842,encoded,,7369,False
A,1398,47079858,encoded,,16169,False
A,1399,47113193,encoded,,16879,False
B,1397,47103187,encoded,,2410,False
B,1402,47269836,dropped,capture_queue_full,,
A,1400,47146521,encoded,,23424,False
B,1398,47136505,encoded,,14634,False
A,1401,47179857,encoded,,19494,False
B,1399,47169839,encoded,,16666,False
A,1402,47213201,encoded,,10654,False
B,1400,47203171,encoded,,123310,True
A,1403,47246525,encoded,,9226,False
B,1401,47236517,encoded,,13469,False
A,1404,47279858,encoded,,21650,False
B,1403,47303180,encoded,,20512,False
A,1405,47313199,encoded,,4979,False
B,1404,47336502,encoded,,13767,False
A,1406,47346522,encoded,,23085,False
B,1409,47503185,dropped,capture_queue_full,,
B,1405,47369843,encoded,,17717,False
A,1411,47513192,dropped,capture_queue_full,,
A,1407,47379860,encoded,,13443,False
B,1406,47403170,encoded,,15243,False
A,1408,47413188,encoded,,12234,False
B,1407,47436503,encoded,,24025,False
A,1409,47446522,encoded,,10673,False
B,1408,47469846,encoded,,15344,False
A,1410,47479856,encoded,,9485,False
B,1410,47536505,encoded,,15789,False
A,1412,47546521,encoded,,3125,False
B,1411,47569839,encoded,,18318,False
A,1413,47579856,encoded,,13227,False
A,1414,47613199,encoded,,9814,False
B,1412,47603170,encoded,,17106,False
A,1415,47646526,encoded,,9073,False
B,1417,47769838,dropped,capture_queue_full,,
B,1413,47636505,encoded,,8911,False
A,1416,47679860,encoded,,8731,False
B,1414,47669850,encoded,,7674,False
A,1417,47713195,encoded,,7993,False
B,1415,47703172,encoded,,6879,False
A,1418,47746526,encoded,,7670,False
B,1416,47736506,encoded,,6693,False
A,1419,47779856,encoded,,7675,False
B,1418,47803171,encoded,,8113,False
A,1420,47813202,encoded,,7688,False
B,1419,47836503,encoded,,5664,False
A,1421,47846523,encoded,,8592,False
B,1420,47869838,encoded,,12529,False
A,1422,47879858,encoded,,15973,False
B,1425,48036514,dropped,capture_queue_full,,
B,1421,47903171,encoded,,8360,False
A,1427,48046526,dropped,capture_queue_full,,
A,1423,47913188,encoded,,37475,False
B,1422,47936512,encoded,,7450,False
A,1424,47946524,encoded,,4031,False
B,1423,47969863,encoded,,6761,False
A,1425,47979858,encoded,,8494,False
B,1424,48003176,encoded,,6457,False
A,1426,48013200,encoded,,124834,True
B,1426,48069840,encoded,,7383,False
A,1428,48079858,encoded,,19191,False
B,1427,48103180,encoded,,12526,False
A,1429,48113189,encoded,,6575,False
B,1428,48136506,encoded,,23757,False
A,1430,48146522,encoded,,23998,False
B,1429,48169843,encoded,,33088,False
A,1431,48179857,encoded,,17194,False
B,1430,48203179,encoded,,1782,False
A,1432,48213195,encoded,,23808,False
B,1431,48236513,encoded,,8040,False
A,1433,48246526,encoded,,20329,False
B,1432,48269851,encoded,,16667,False
A,1434,48279861,encoded,,11366,False
B,1437,48436506,dropped,capture_queue_full,,
B,1433,48303177,encoded,,16666,False
A,1439,48446526,dropped,capture_queue_full,,
A,1435,48313189,encoded,,9640,False
B,1434,48336512,encoded,,123260,True
A,1436,48346534,encoded,,8561,False
B,1435,48369839,encoded,,18329,False
A,1437,48379883,encoded,,19843,False
B,1436,48403172,encoded,,24108,False
A,1438,48413193,encoded,,21143,False
B,1442,48603184,dropped,capture_queue_full,,
A,1440,48479856,encoded,,4663,False
B,1438,48469841,encoded,,25908,False
A,1441,48513191,encoded,,4092,False
B,1439,48503175,encoded,,25435,False
A,1442,48546526,encoded,,18665,False
B,1440,48536510,encoded,,10610,False
A,1443,48579857,encoded,,11337,False
B,1441,48569841,encoded,,24510,False
A,1444,48613190,encoded,,9980,False
B,1443,48636511,encoded,,5876,False
A,1445,48646527,encoded,,9421,False
B,1444,48669847,encoded,,14151,False
A,1446,48679870,encoded,,9257,False
B,1445,48703183,encoded,,9836,False
A,1447,48713200,encoded,,8481,False
B,1446,48736505,encoded,,16340,False
A,1448,48746527,encoded,,8181,False
B,1447,48769840,encoded,,9399,False
A,1453,48913195,dropped,capture_queue_full,,
A,1449,48779857,encoded,,7969,False
B,1452,48936513,dropped,capture_queue_full,,
B,1448,48803179,encoded,,8450,False
A,1450,48813192,encoded,,8178,False
B,1449,48836515,encoded,,7477,False
A,1451,48846525,encoded,,7857,False
B,1450,48869847,encoded,,15163,False
A,1452,48879858,encoded,,7294,False
B,1451,48903187,encoded,,10204,False
A,1454,48946524,encoded,,11477,False
B,1453,48969844,encoded,,5069,False
A,1455,48979860,encoded,,16666,False
B,1454,49003174,encoded,,10071,False
A,1456,49013194,encoded,,36478,False
B,1455,49036511,encoded,,7061,False
A,1457,49046525,encoded,,4077,False
B,1456,49069847,encoded,,6400,False
A,1458,49079861,encoded,,9445,False
B,1457,49103183,encoded,,6141,False
A,1459,49113193,encoded,,124920,True
B,1458,49136517,encoded,,5655,False
A,1460,49146523,encoded,,17713,False
B,1459,49169849,encoded,,5344,False
A,1465,49313197,dropped,capture_queue_full,,
A,1461,49179863,encoded,,7253,False
B,1464,49336541,dropped,capture_queue_full,,
B,1460,49203186,encoded,,5203,False
A,1462,49213196,encoded,,24446,False
B,1461,49236514,encoded,,16667,False
B,1462,49269869,encoded,,41930,False
A,1463,49246529,encoded,,21498,False
B,1463,49303181,encoded,,1832,False
A,1464,49279860,encoded,,29391,False
B,1465,49369848,encoded,,6238,False
A,1466,49346535,encoded,,17872,False
B,1466,49403177,encoded,,16667,False
A,1471,49513193,dropped,capture_queue_full,,
A,1467,49379861,encoded,,10580,False
B,1467,49436510,encoded,,16666,False
A,1468,49413193,encoded,,8425,False
B,1468,49469849,encoded,,137704,True
A,1469,49446525,encoded,,7458,False
B,1469,49503177,encoded,,9151,False
A,1470,49479860,encoded,,20151,False
B,1470,49536510,encoded,,15594,False
A,1472,49546535,encoded,,6029,False
B,1471,49569855,encoded,,20433,False
A,1473,49579860,encoded,,4971,False
B,1472,49603185,encoded,,23696,False
A,1474,49613195,encoded,,21864,False
B,1473,49636521,encoded,,26253,False
B,1474,49669856,encoded,,4984,False
A,1475,49646527,encoded,,12810,False
B,1475,49703178,encoded,,14021,False
A,1480,49813194,dropped,capture_queue_full,,
A,1476,49679861,encoded,,11034,False
B,1476,49736520,encoded,,19180,False
A,1477,49713195,encoded,,9665,False
B,1481,49903179,dropped,capture_queue_full,,
A,1478,49746526,encoded,,9620,False
B,1477,49769842,encoded,,10490,False
B,1478,49803180,encoded,,9302,False
A,1479,49779861,encoded,,8510,False
B,1479,49836515,encoded,,8355,False
A,1481,49846527,encoded,,10855,False
B,1480,49869854,encoded,,7786,False
A,1486,50013198,dropped,capture_queue_full,,
A,1482,49879862,encoded,,8696,False
B,1482,49936528,encoded,,9852,False
A,1483,49913193,encoded,,8369,False
B,1483,49969843,encoded,,7304,False
A,1484,49946528,encoded,,9687,False
B,1484,50003183,encoded,,14486,False
A,1485,49979859,encoded,,8076,False
B,1485,50036510,encoded,,10927,False
A,1487,50046528,encoded,,9864,False
B,1486,50069849,encoded,,9202,False
A,1488,50079860,encoded,,7847,False
B,1487,50103180,encoded,,8373,False
B,1488,50136516,encoded,,7930,False
A,1489,50113195,encoded,,12396,False
B,1489,50169845,encoded,,7335,False
A,1494,50279860,dropped,capture_queue_full,,
A,1490,50146528,encoded,,16667,False
B,1490,50203178,encoded,,7397,False
A,1491,50179861,encoded,,17136,False
B,1491,50236511,encoded,,6856,False
A,1492,50213195,encoded,,16197,False
B,1492,50269846,encoded,,6291,False
A,1493,50246530,encoded,,124937,True
B,1493,50303186,encoded,,13765,False
A,1495,50313200,encoded,,21115,False
B,1494,50336522,encoded,,33593,False
B,1495,50369869,encoded,,12226,False
A,1496,50346537,encoded,,6278,False
B,1496,50403179,encoded,,4181,False
A,1497,50379864,encoded,,23060,False
B,1497,50436515,encoded,,16667,False
A,1502,50546532,dropped,capture_queue_full,,
A,1498,50413195,encoded,,16568,False
B,1498,50469853,encoded,,16666,False
A,1499,50446539,encoded,,24042,False
B,1499,50503178,encoded,,122737,True
A,1500,50479862,encoded,,19962,False
B,1500,50536522,encoded,,27400,False
A,1501,50513198,encoded,,10902,False
B,1501,50569847,encoded,,11949,False
A,1503,50579862,encoded,,12078,False
B,1502,50603181,encoded,,12767,False
A,1504,50613201,encoded,,8507,False
B,1503,50636516,encoded,,16954,False
A,1505,50646529,encoded,,7430,False
B,1504,50669860,encoded,,24899,False
A,1506,50679862,encoded,,28270,False
B,1505,50703189,encoded,,18024,False
A,1511,50846527,dropped,capture_queue_full,,
A,1507,50713195,encoded,,14732,False
B,1506,50736514,encoded,,17437,False
A,1508,50746529,encoded,,12264,False
B,1511,50903179,dropped,capture_queue_full,,
B,1507,50769849,encoded,,16596,False
A,1509,50779868,encoded,,10759,False
B,1508,50803180,encoded,,17156,False
A,1510,50813207,encoded,,10241,False
B,1509,50836512,encoded,,9120,False
A,1512,50879862,encoded,,2952,False
B,1510,50869845,encoded,,8131,False
A,1513,50913200,encoded,,13554,False
B,1512,50936519,encoded,,9134,False
A,1514,50946530,encoded,,10001,False
B,1513,50969847,encoded,,6883,False
A,1515,50979863,encoded,,9107,False
B,1518,51136530,dropped,capture_queue_full,,
B,1514,51003182,encoded,,5929,False
A,1516,51013197,encoded,,8420,False
A,1517,51046528,encoded,,8122,False
B,1515,51036520,encoded,,13358,False
A,1518,51079862,encoded,,8097,False
B,1516,51069854,encoded,,9490,False
A,1519,51113197,encoded,,7500,False
B,1517,51103183,encoded,,8512,False
A,1520,51146539,encoded,,7533,False
B,1519,51169853,encoded,,4690,False
A,1521,51179864,encoded,,7115,False
B,1520,51203179,encoded,,9163,False
A,1522,51213196,encoded,,16454,False
B,1521,51236516,encoded,,7119,False
A,1523,51246533,encoded,,16667,False
B,1522,51269848,encoded,,6444,False
A,1528,51413200,dropped,capture_queue_full,,
A,1524,51279863,encoded,,16667,False
B,1523,51303181,encoded,,6056,False
A,1525,51313201,encoded,,16666,False
B,1528,51469849,dropped,capture_queue_full,,
B,1524,51336514,encoded,,10052,False
A,1526,51346537,encoded,,124880,True
B,1525,51369852,encoded,,16667,False
A,1527,51379864,encoded,,27759,False
B,1526,51403183,encoded,,39203,False
B,1527,51436520,encoded,,2273,False
A,1529,51446530,encoded,,7867,False
B,1529,51503184,encoded,,8524,False
A,1534,51613196,dropped,capture_queue_full,,
A,1530,51479865,encoded,,15008,False
B,1530,51536519,encoded,,16667,False
A,1531,51513197,encoded,,16375,False
B,1531,51569851,encoded,,16666,False
A,1532,51546531,encoded,,20668,False
B,1532,51603182,encoded,,122774,True
B,1533,51636516,encoded,,19006,False
A,1533,51579862,encoded,,21357,False
A,1539,51779864,dropped,capture_queue_full,,
A,1535,51646530,encoded,,14305,False
B,1534,51669856,encoded,,24519,False
A,1536,51679864,encoded,,8837,False
B,1535,51703191,encoded,,24934,False
A,1537,51713197,encoded,,9203,False
B,1540,51869850,dropped,capture_queue_full,,
B,1536,51736520,encoded,,26452,False
A,1538,51746530,encoded,,7869,False
B,1537,51769853,encoded,,11133,False
A,1540,51813196,encoded,,8106,False
B,1538,51803186,encoded,,25004,False
A,1541,51846543,encoded,,27004,False
B,1539,51836515,encoded,,4746,False
A,1542,51879866,encoded,,14384,False
B,1541,51903187,encoded,,15729,False
A,1543,51913197,encoded,,11688,False
B,1542,51936518,encoded,,10063,False
A,1544,51946535,encoded,,10747,False
B,1543,51969855,encoded,,17867,False
A,1545,51979869,encoded,,9704,False
B,1544,52003184,encoded,,10254,False
A,1546,52013199,encoded,,9251,False
B,1549,52169850,dropped,capture_queue_full,,
B,1545,52036516,encoded,,8900,False
A,1551,52179866,dropped,capture_queue_full,,
A,1547,52046530,encoded,,8373,False
B,1546,52069850,encoded,,8540,False
A,1548,52079874,encoded,,8592,False
B,1547,52103192,encoded,,7454,False
A,1549,52113206,encoded,,7994,False
B,1548,52136517,encoded,,15001,False
A,1550,52146532,encoded,,8192,False
B,1550,52203184,encoded,,6768,False
A,1552,52213207,encoded,,10204,False
B,1551,52236522,encoded,,5322,False
A,1553,52246531,encoded,,8007,False
B,1552,52269854,encoded,,11073,False
A,1554,52279867,encoded,,7959,False
B,1553,52303185,encoded,,8178,False
B,1554,52336523,encoded,,7387,False
A,1559,52446533,dropped,capture_queue_full,,
A,1555,52313217,encoded,,9001,False
B,1555,52369855,encoded,,6679,False
A,1556,52346533,encoded,,16666,False
B,1556,52403183,encoded,,6355,False
A,1557,52379879,encoded,,27828,False
B,1557,52436524,encoded,,5865,False
A,1558,52413202,encoded,,5506,False
B,1558,52469853,encoded,,6664,False
A,1564,52613198,dropped,capture_queue_full,,
B,1559,52503188,encoded,,16667,False
A,1560,52479866,encoded,,16666,False
B,1560,52536571,encoded,,40269,False
A,1561,52513198,encoded,,124988,True
B,1561,52569858,encoded,,2640,False
A,1562,52546534,encoded,,18914,False
A,1563,52579867,encoded,,19114,False
B,1562,52603194,encoded,,7091,False
A,1565,52646532,encoded,,18082,False
B,1567,52769891,dropped,capture_queue_full,,
B,1563,52636518,encoded,,16666,False
A,1566,52679866,encoded,,17197,False
B,1564,52669852,encoded,,122988,True
A,1567,52713203,encoded,,21662,False
B,1565,52703194,encoded,,22082,False
B,1566,52736531,encoded,,8226,False
A,1572,52879878,dropped,capture_queue_full,,
A,1568,52746539,encoded,,18773,False
A,1569,52779871,encoded,,11488,False
B,1568,52803196,encoded,,15897,False
A,1570,52813199,encoded,,9440,False
B,1569,52836539,encoded,,17537,False
A,1571,52846535,encoded,,22590,False
B,1574,53003186,dropped,capture_queue_full,,
B,1570,52869852,encoded,,12107,False
A,1573,52913198,encoded,,6825,False
A,1574,52946531,encoded,,5802,False
B,1571,52903184,encoded,,31866,False
B,1572,52936526,encoded,,17798,False
A,1575,52979865,encoded,,23465,False
A,1576,53013202,encoded,,12895,False
B,1573,52969860,encoded,,16656,False
A,1577,53046533,encoded,,11295,False
B,1575,53036521,encoded,,21255,False
A,1578,53079866,encoded,,9953,False
B,1580,53203198,dropped,capture_queue_full,,
B,1576,53069855,encoded,,9661,False
A,1579,53113198,encoded,,9760,False
B,1577,53103194,encoded,,8058,False
A,1584,53279875,dropped,capture_queue_full,,
B,1578,53136525,encoded,,7077,False
A,1580,53146533,encoded,,9201,False
A,1581,53179872,encoded,,8586,False
B,1579,53169855,encoded,,6296,False
A,1582,53213202,encoded,,8556,False
B,1581,53236520,encoded,,8173,False
A,1583,53246534,encoded,,8004,False
B,1582,53269851,encoded,,6147,False
A,1585,53313211,encoded,,10250,False
B,1583,53303190,encoded,,13212,False
A,1586,53346536,encoded,,8137,False
B,1584,53336526,encoded,,9441,False
A,1587,53379871,encoded,,7582,False
B,1585,53369852,encoded,,8269,False
A,1588,53413203,encoded,,7597,False
B,1590,53536526,dropped,capture_queue_full,,
B,1586,53403187,encoded,,7441,False
A,1589,53446534,encoded,,7059,False
B,1587,53436521,encoded,,6815,False
A,1590,53479867,encoded,,12785,False
B,1588,53469859,encoded,,6429,False
A,1591,53513207,encoded,,16667,False
B,1589,53503220,encoded,,5943,False
A,1592,53546536,encoded,,17234,False
B,1591,53569854,encoded,,10626,False
A,1597,53713203,dropped,capture_queue_full,,
B,1592,53603193,encoded,,16667,False
A,1593,53579869,encoded,,16099,False
B,1593,53636521,encoded,,41532,False
A,1594,53613215,encoded,,124911,True
B,1594,53669865,encoded,,2339,False
A,1595,53646539,encoded,,19350,False
B,1595,53703193,encoded,,6129,False
A,1596,53679873,encoded,,19104,False
B,1596,53736542,encoded,,16667,False
A,1598,53746536,encoded,,18475,False
B,1597,53769861,encoded,,16666,False
A,1599,53779869,encoded,,16615,False
B,1598,53803188,encoded,,122803,True
A,1600,53813202,encoded,,21757,False
B,1599,53836526,encoded,,22729,False
A,1601,53846537,encoded,,18599,False
B,1600,53869862,encoded,,8658,False
A,1602,53879874,encoded,,11302,False
B,1601,53903194,encoded,,14267,False
A,1603,53913201,encoded,,9111,False
B,1602,53936523,encoded,,18094,False
A,1608,54079872,dropped,capture_queue_full,,
A,1604,53946538,encoded,,22097,False
B,1603,53969856,encoded,,27024,False
A,1605,53979869,encoded,,5841,False
B,1608,54136537,dropped,capture_queue_full,,
B,1604,54003190,encoded,,13640,False
A,1606,54013205,encoded,,23259,False
B,1605,54036536,encoded,,14051,False
A,1607,54046535,encoded,,3077,False
B,1606,54069868,encoded,,14439,False
A,1609,54113204,encoded,,5610,False
A,1610,54146536,encoded,,4215,False
B,1607,54103190,encoded,,14227,False
A,1611,54179871,encoded,,18608,False
B,1609,54169864,encoded,,24285,False
A,1612,54213202,encoded,,11520,False
B,1614,54336530,dropped,capture_queue_full,,
B,1610,54203189,encoded,,9379,False
A,1613,54246537,encoded,,10144,False
B,1611,54236523,encoded,,7831,False
A,1614,54279869,encoded,,9515,False
B,1612,54269856,encoded,,7111,False
A,1615,54313202,encoded,,8713,False
B,1613,54303188,encoded,,6566,False
A,1616,54346542,encoded,,8129,False
B,1615,54369862,encoded,,7925,False
A,1617,54379880,encoded,,7842,False
B,1616,54403190,encoded,,5975,False
A,1618,54413204,encoded,,7705,False
B,1617,54436524,encoded,,12854,False
A,1623,54579870,dropped,capture_queue_full,,
A,1619,54446535,encoded,,7629,False
B,1618,54469862,encoded,,9310,False
A,1620,54479872,encoded,,7558,False
B,1623,54636529,dropped,capture_queue_full,,
B,1619,54503194,encoded,,7997,False
B,1620,54536524,encoded,,7159,False
A,1621,54513215,encoded,,12648,False
B,1621,54569861,encoded,,6660,False
A,1622,54546538,encoded,,16666,False
A,1624,54613204,encoded,,20215,False
B,1622,54603195,encoded,,6544,False
B,1624,54669857,encoded,,10472,False
A,1625,54646546,encoded,,13119,False
B,1625,54703217,encoded,,16667,False
A,1626,54679874,encoded,,16666,False
B,1626,54736544,encoded,,41230,False
A,1631,54846545,dropped,capture_queue_full,,
A,1627,54713206,encoded,,125056,True
B,1627,54769880,encoded,,2661,False
A,1628,54746545,encoded,,11608,False
B,1628,54803203,encoded,,6109,False
A,1629,54779877,encoded,,25161,False
B,1629,54836524,encoded,,16667,False
A,1630,54813218,encoded,,14458,False
B,1630,54869867,encoded,,16666,False
A,1632,54879885,encoded,,22897,False
B,1631,54903191,encoded,,122978,True
A,1633,54913219,encoded,,21070,False
B,1632,54936528,encoded,,33456,False
A,1634,54946538,encoded,,17681,False
B,1637,55103199,dropped,capture_queue_full,,
B,1633,54969860,encoded,,8708,False
A,1635,54979880,encoded,,10906,False
B,1634,55003194,encoded,,16186,False
A,1640,55146540,dropped,capture_queue_full,,
A,1636,55013205,encoded,,8780,False
B,1635,55036528,encoded,,15637,False
A,1637,55046544,encoded,,21938,False
B,1636,55069877,encoded,,30493,False
A,1638,55079871,encoded,,5074,False
B,1638,55136542,encoded,,12499,False
A,1639,55113210,encoded,,23058,False
B,1639,55169858,encoded,,15710,False
A,1641,55179895,encoded,,4169,False
A,1642,55213207,encoded,,3770,False
B,1640,55203194,encoded,,12726,False
B,1641,55236532,encoded,,16009,False
A,1643,55246556,encoded,,18334,False
B,1642,55269862,encoded,,9251,False
A,1644,55279877,encoded,,11529,False
B,1643,55303197,encoded,,7209,False
A,1645,55313205,encoded,,9743,False
B,1644,55336528,encoded,,6512,False
A,1646,55346540,encoded,,9786,False
B,1645,55369871,encoded,,15207,False
A,1647,55379871,encoded,,8791,False
B,1646,55403196,encoded,,9629,False
A,1648,55413208,encoded,,8539,False
B,1647,55436536,encoded,,8197,False
A,1649,55446540,encoded,,8205,False
B,1652,55603196,dropped,capture_queue_full,,
B,1648,55469862,encoded,,7483,False
A,1654,55613205,dropped,capture_queue_full,,
A,1650,55479875,encoded,,7929,False
B,1649,55503197,encoded,,6856,False
A,1651,55513211,encoded,,7239,False
B,1650,55536527,encoded,,6748,False
A,1652,55546544,encoded,,7442,False
B,1651,55569864,encoded,,6665,False
A,1653,55579873,encoded,,7239,False
B,1653,55636527,encoded,,7705,False
A,1655,55646545,encoded,,12932,False
B,1654,55669861,encoded,,5781,False
A,1656,55679871,encoded,,16666,False
B,1655,55703207,encoded,,5258,False
A,1657,55713206,encoded,,28086,False
B,1656,55736540,encoded,,13097,False
B,1657,55769879,encoded,,22582,False
A,1658,55746542,encoded,,5248,False
A,1663,55913212,dropped,capture_queue_full,,
A,1659,55779871,encoded,,16666,False
B,1658,55803196,encoded,,11094,False
A,1660,55813206,encoded,,125053,True
B,1659,55836530,encoded,,16324,False
A,1661,55846541,encoded,,27219,False
B,1664,56003197,dropped,capture_queue_full,,
B,1660,55869861,encoded,,16667,False
A,1662,55879873,encoded,,6711,False
A,1664,55946543,encoded,,16636,False
B,1661,55903202,encoded,,16667,False
A,1665,55979873,encoded,,16645,False
B,1662,55936537,encoded,,16666,False
A,1666,56013207,encoded,,20215,False
B,1663,55969865,encoded,,122884,True
A,1667,56046539,encoded,,21539,False
B,1669,56169866,dropped,capture_queue_full,,
B,1665,56036535,encoded,,19299,False
A,1668,56079874,encoded,,11424,False
B,1666,56069863,encoded,,24156,False
A,1669,56113208,encoded,,8875,False
B,1667,56103209,encoded,,23903,False
A,1670,56146542,encoded,,21706,False
B,1668,56136533,encoded,,26146,False
A,1671,56179877,encoded,,22861,False
B,1670,56203200,encoded,,12860,False
A,1672,56213209,encoded,,2847,False
B,1671,56236538,encoded,,23451,False
A,1673,56246562,encoded,,16956,False
B,1672,56269865,encoded,,3646,False
A,1674,56279880,encoded,,11960,False
B,1677,56436542,dropped,capture_queue_full,,
B,1673,56303200,encoded,,12821,False
A,1675,56313210,encoded,,10363,False
B,1674,56336533,encoded,,17757,False
A,1676,56346542,encoded,,9793,False
B,1675,56369864,encoded,,9863,False
A,1677,56379875,encoded,,9309,False
A,1678,56413210,encoded,,10080,False
B,1676,56403195,encoded,,7883,False
A,1679,56446546,encoded,,8954,False
B,1678,56469862,encoded,,9221,False
B,1679,56503201,encoded,,6694,False
A,1684,56613208,dropped,capture_queue_full,,
A,1680,56479875,encoded,,8823,False
B,1680,56536530,encoded,,14394,False
A,1681,56513221,encoded,,10239,False
B,1681,56569869,encoded,,9128,False
A,1682,56546541,encoded,,8198,False
B,1682,56603196,encoded,,7833,False
A,1683,56579873,encoded,,7538,False
B,1683,56636546,encoded,,6907,False
A,1685,56646545,encoded,,10735,False
B,1684,56669870,encoded,,6418,False
A,1686,56679877,encoded,,7749,False
B,1685,56703205,encoded,,6413,False
A,1687,56713208,encoded,,7220,False
B,1686,56736536,encoded,,5960,False
A,1688,56746542,encoded,,10352,False
B,1687,56769862,encoded,,5668,False
A,1693,56913212,dropped,capture_queue_full,,
A,1689,56779877,encoded,,16667,False
B,1692,56936549,dropped,capture_queue_full,,
B,1688,56803204,encoded,,5486,False
A,1690,56813209,encoded,,34746,False
B,1689,56836529,encoded,,11209,False
A,1691,56846549,encoded,,3982,False
B,1690,56869864,encoded,,16667,False
A,1692,56879878,encoded,,124983,True
B,1691,56903211,encoded,,33949,False
A,1694,56946544,encoded,,19068,False
B,1693,56969864,encoded,,4071,False
A,1695,56979878,encoded,,6793,False
B,1694,57003206,encoded,,11980,False
A,1696,57013212,encoded,,23682,False
B,1695,57036537,encoded,,16667,False
B,1696,57069874,encoded,,16666,False
A,1701,57179877,dropped,capture_queue_full,,
A,1697,57046544,encoded,,17054,False
B,1697,57103198,encoded,,137538,True
A,1698,57079877,encoded,,24326,False
B,1698,57136533,encoded,,12365,False
A,1699,57113209,encoded,,20414,False
B,1699,57169865,encoded,,12065,False
A,1700,57146543,encoded,,11222,False
B,1700,57203205,encoded,,25171,False
A,1702,57213208,encoded,,12314,False
B,1701,57236539,encoded,,10990,False
A,1703,57246543,encoded,,8163,False
B,1702,57269882,encoded,,26074,False
B,1703,57303199,encoded,,17607,False
A,1704,57279880,encoded,,7431,False
B,1704,57336533,encoded,,16379,False
A,1709,57446546,dropped,capture_queue_full,,
A,1705,57313214,encoded,,27730,False
B,1705,57369875,encoded,,15396,False
A,1706,57346545,encoded,,14731,False
B,1706,57403207,encoded,,10161,False
A,1707,57379906,encoded,,12574,False
B,1707,57436537,encoded,,8649,False
A,1708,57413210,encoded,,11023,False
B,1708,57469867,encoded,,7623,False
A,1710,57479880,encoded,,3400,False
B,1709,57503210,encoded,,15388,False
A,1711,57513211,encoded,,14083,False
B,1714,57669876,dropped,capture_queue_full,,
B,1710,57536553,encoded,,10135,False
A,1712,57546546,encoded,,10458,False
B,1711,57569879,encoded,,8728,False
A,1717,57713213,dropped,capture_queue_full,,
A,1713,57579882,encoded,,8686,False
B,1712,57603204,encoded,,7674,False
A,1714,57613210,encoded,,8416,False
B,1713,57636534,encoded,,7129,False
A,1715,57646548,encoded,,8539,False
B,1715,57703205,encoded,,9024,False
A,1716,57679884,encoded,,8234,False
B,1716,57736541,encoded,,6537,False
A,1718,57746547,encoded,,10205,False
B,1717,57769868,encoded,,6384,False
A,1719,57779896,encoded,,10113,False
B,1718,57803212,encoded,,5782,False
A,1720,57813213,encoded,,7865,False
B,1719,57836534,encoded,,5904,False
A,1721,57846555,encoded,,7925,False
B,1720,57869885,encoded,,5604,False
A,1722,57879880,encoded,,7217,False
B,1721,57903199,encoded,,11693,False
A,1727,58046548,dropped,capture_queue_full,,
A,1723,57913214,encoded,,14623,False
B,1722,57936537,encoded,,21672,False
B,1723,57969867,encoded,,44617,False
A,1724,57946555,encoded,,18865,False
B,1724,58003209,encoded,,1255,False
A,1725,57979879,encoded,,14468,False
B,1725,58036540,encoded,,2017,False
A,1726,58013216,encoded,,125163,True
B,1726,58069873,encoded,,13773,False
A,1728,58079880,encoded,,19746,False
B,1727,58103209,encoded,,16666,False
A,1729,58113215,encoded,,6369,False
B,1728,58136554,encoded,,122720,True
A,1734,58279880,dropped,capture_queue_full,,
A,1730,58146548,encoded,,20200,False
B,1729,58169869,encoded,,18566,False
A,1731,58179889,encoded,,19487,False
B,1730,58203205,encoded,,15300,False
A,1732,58213213,encoded,,25968,False
B,1731,58236548,encoded,,22537,False
A,1733,58246545,encoded,,20678,False
B,1736,58403212,dropped,capture_queue_full,,
B,1732,58269875,encoded,,10725,False
A,1735,58313215,encoded,,14698,False
B,1733,58303205,encoded,,23244,False
A,1736,58346548,encoded,,9467,False
B,1734,58336537,encoded,,12152,False
A,1741,58513213,dropped,capture_queue_full,,
A,1737,58379879,encoded,,8171,False
B,1735,58369871,encoded,,12834,False
A,1738,58413212,encoded,,7032,False
B,1737,58436543,encoded,,16796,False
A,1739,58446560,encoded,,28315,False
B,1738,58469870,encoded,,13805,False
B,1742,58603214,dropped,capture_queue_full,,
A,1740,58479881,encoded,,2716,False
A,1742,58546557,encoded,,5092,False
B,1739,58503214,encoded,,20828,False
A,1743,58579900,encoded,,4466,False
B,1740,58536534,encoded,,7702,False
B,1741,58569871,encoded,,7251,False
A,1744,58613231,encoded,,20312,False
B,1743,58636536,encoded,,7928,False
A,1745,58646556,encoded,,11613,False
B,1744,58669878,encoded,,5834,False
A,1746,58679882,encoded,,10015,False
B,1745,58703211,encoded,,12474,False
A,1747,58713261,encoded,,9229,False
B,1746,58736538,encoded,,8691,False
A,1748,58746546,encoded,,8980,False
B,1747,58769871,encoded,,7627,False
A,1749,58779889,encoded,,8591,False
B,1748,58803209,encoded,,6576,False
A,1754,58946581,dropped,capture_queue_full,,
A,1750,58813214,encoded,,8388,False
B,1753,58969872,dropped,capture_queue_full,,
B,1749,58836554,encoded,,6073,False
A,1751,58846549,encoded,,8919,False
A,1752,58879881,encoded,,8117,False
B,1750,58869876,encoded,,5707,False
A,1753,58913219,encoded,,7624,False
B,1751,58903210,encoded,,5313,False
A,1755,58979881,encoded,,13978,False
B,1752,58936550,encoded,,12651,False
A,1756,59013220,encoded,,16666,False
B,1754,59003209,encoded,,25202,False
B,1755,59036547,encoded,,8131,False
A,1757,59046554,encoded,,18200,False
B,1756,59069877,encoded,,16667,False
A,1758,59079884,encoded,,15134,False
B,1757,59103210,encoded,,16666,False
A,1759,59113216,encoded,,16666,False
B,1762,59269888,dropped,capture_queue_full,,
B,1758,59136547,encoded,,16667,False
A,1760,59146552,encoded,,124997,True
B,1759,59169891,encoded,,16667,False
A,1761,59179888,encoded,,25324,False
B,1760,59203230,encoded,,16666,False
A,1766,59346563,dropped,capture_queue_full,,
A,1762,59213219,encoded,,8326,False
B,1761,59236538,encoded,,122737,True
A,1763,59246559,encoded,,14536,False
B,1763,59303206,encoded,,29892,False
A,1764,59279881,encoded,,16572,False
B,1764,59336550,encoded,,14405,False
A,1765,59313215,encoded,,24426,False
B,1765,59369871,encoded,,21942,False
A,1767,59379882,encoded,,22274,False
B,1766,59403209,encoded,,25845,False
A,1768,59413214,encoded,,10812,False
B,1767,59436547,encoded,,9734,False
A,1769,59446548,encoded,,9075,False
B,1768,59469879,encoded,,24174,False
A,1770,59479884,encoded,,7628,False
B,1769,59503213,encoded,,11233,False
A,1775,59646553,dropped,capture_queue_full,,
B,1770,59536559,encoded,,10283,False
A,1771,59513216,encoded,,29462,False
A,1772,59546550,encoded,,3286,False
B,1771,59569876,encoded,,16910,False
B,1772,59603221,encoded,,9734,False
A,1773,59579921,encoded,,18167,False
B,1777,59769877,dropped,capture_queue_full,,
B,1773,59636552,encoded,,18320,False
A,1774,59613217,encoded,,12340,False
B,1774,59669879,encoded,,11539,False
A,1780,59813223,dropped,capture_queue_full,,
A,1776,59679884,encoded,,3544,False
A,1777,59713218,encoded,,14842,False
B,1775,59703213,encoded,,9296,False
A,1778,59746551,encoded,,10053,False
B,1776,59736559,encoded,,7979,False
A,1779,59779885,encoded,,9248,False
B,1778,59803214,encoded,,4488,False
A,1781,59846570,encoded,,2625,False
B,1783,59969890,dropped,capture_queue_full,,
B,1779,59836548,encoded,,9164,False
A,1782,59879885,encoded,,11942,False
B,1780,59869876,encoded,,6998,False
A,1783,59913215,encoded,,8948,False
B,1781,59903212,encoded,,6027,False
B,1782,59936554,encoded,,5828,False
A,1784,59946551,encoded,,7968,False
B,1784,60003211,encoded,,7250,False
A,1785,59979885,encoded,,7974,False
A,1786,60013220,encoded,,7446,False
B,1785,60036540,encoded,,5981,False
A,1787,60046551,encoded,,7972,False
B,1786,60069874,encoded,,5222,False
A,1788,60079882,encoded,,13547,False
B,1787,60103209,encoded,,5019,False
A,1789,60113219,encoded,,16666,False
B,1788,60136541,encoded,,17767,False
A,1794,60279905,dropped,capture_queue_full,,
A,1790,60146556,encoded,,16667,False
B,1789,60169876,encoded,,15567,False
A,1791,60179883,encoded,,16667,False
B,1790,60203213,encoded,,16666,False
A,1792,60213218,encoded,,16666,False
B,1795,60369879,dropped,capture_queue_full,,
B,1791,60236544,encoded,,16667,False
A,1793,60246556,encoded,,125001,True
B,1792,60269885,encoded,,16667,False
A,1795,60313220,encoded,,15996,False
B,1793,60303221,encoded,,16666,False
A,1796,60346551,encoded,,9537,False
B,1794,60336577,encoded,,122810,True
A,1797,60379903,encoded,,24427,False
B,1796,60403212,encoded,,22603,False
A,1798,60413233,encoded,,17318,False
B,1797,60436542,encoded,,8417,False
A,1799,60446552,encoded,,21787,False
B,1798,60469893,encoded,,25403,False
A,1800,60479891,encoded,,21705,False
B,1799,60503210,encoded,,11713,False
B,1800,60536562,encoded,,12433,False
B,1801,60569899,encoded,,27926,False
B,1802,60603229,encoded,,17425,False
