camera,sequence,pts_us,status,drop_reason,encoded_bytes,keyframe
A,0,287708,dropped,camera_frame_error,,
B,0,542921,dropped,camera_frame_error,,
A,1,321046,encoded,,66504,True
A,2,554385,encoded,,113,False
B,1,576261,encoded,,77707,True
A,3,587718,encoded,,154,False
B,2,609601,encoded,,113,False
A,4,621051,encoded,,49675,False
B,3,642924,encoded,,476,False
A,5,654388,encoded,,2093,False
B,4,676265,encoded,,48223,False
A,6,687716,encoded,,13230,False
B,5,709595,encoded,,3236,False
A,7,721055,encoded,,9256,False
B,6,742930,encoded,,11253,False
A,8,754391,encoded,,27054,False
B,7,776264,encoded,,22907,False
A,9,787717,encoded,,3681,False
B,8,809610,encoded,,3019,False
A,10,821052,encoded,,9982,False
B,9,842937,encoded,,24835,False
A,11,854399,encoded,,4016,False
B,10,876276,encoded,,4115,False
A,12,887726,encoded,,13166,False
B,11,909599,encoded,,20722,False
A,13,921060,encoded,,4595,False
B,12,942933,encoded,,5063,False
A,14,954396,encoded,,18959,False
B,13,976272,encoded,,3668,False
A,15,987734,encoded,,5873,False
B,14,1009604,encoded,,12366,False
A,16,1021066,encoded,,14009,False
B,15,1042938,encoded,,5174,False
A,17,1054394,encoded,,16667,False
B,16,1076272,encoded,,18276,False
A,18,1087727,encoded,,16666,False
B,17,1109609,encoded,,6000,False
A,19,1121061,encoded,,16667,False
B,18,1142947,encoded,,8540,False
A,20,1154395,encoded,,16667,False
B,19,1176272,encoded,,16667,False
A,21,1187743,encoded,,16666,False
B,20,1209628,encoded,,30226,False
A,22,1221069,encoded,,16667,False
B,21,1242948,encoded,,3107,False
A,23,1254396,encoded,,16667,False
B,22,1276303,encoded,,16667,False
A,24,1287731,encoded,,16666,False
B,23,1309620,encoded,,16667,False
A,25,1321070,encoded,,16667,False
B,24,1342960,encoded,,16666,False
A,26,1354401,encoded,,16667,False
B,25,1376288,encoded,,16667,False
A,27,1387734,encoded,,16666,False
B,26,1409622,encoded,,16667,False
A,28,1421066,encoded,,16667,False
B,27,1442964,encoded,,16666,False
A,29,1454402,encoded,,16667,False
B,28,1476298,encoded,,16667,False
A,30,1487740,encoded,,16666,False
B,29,1509622,encoded,,16667,False
A,31,1521071,encoded,,116200,True
B,30,1542952,encoded,,16666,False
A,32,1554410,encoded,,22367,False
B,31,1576303,encoded,,123931,True
A,33,1587738,encoded,,251,False
B,32,1609627,encoded,,15043,False
A,34,1621072,encoded,,2507,False
B,33,1642962,encoded,,1332,False
A,35,1654414,encoded,,8129,False
B,34,1676299,encoded,,4036,False
A,36,1687743,encoded,,11932,False
B,35,1709633,encoded,,10478,False
A,37,1721076,encoded,,5355,False
B,36,1742964,encoded,,18910,False
A,38,1754419,encoded,,4414,False
B,37,1776304,encoded,,5658,False
A,39,1787748,encoded,,21887,False
B,38,1809635,encoded,,4335,False
A,40,1821076,encoded,,8816,False
B,39,1842964,encoded,,16667,False
A,41,1854412,encoded,,6918,False
B,40,1876297,encoded,,7801,False
A,42,1887744,encoded,,5474,False
B,41,1909627,encoded,,5660,False
A,43,1921085,encoded,,4850,False
B,42,1942970,encoded,,5026,False
A,44,1954419,encoded,,14234,False
B,43,1976315,encoded,,4479,False
A,45,1987747,encoded,,29919,False
B,44,2009626,encoded,,9978,False
A,46,2021093,encoded,,3414,False
B,45,2042963,encoded,,18129,False
A,47,2054426,encoded,,16667,False
B,46,2076296,encoded,,31664,False
A,48,2087751,encoded,,16666,False
B,47,2109628,encoded,,980,False
A,49,2121102,encoded,,16667,False
B,48,2142975,encoded,,15893,False
A,50,2154419,encoded,,16667,False
B,49,2176309,encoded,,16667,False
A,51,2187752,encoded,,16666,False
B,50,2209645,encoded,,16667,False
A,52,2221086,encoded,,16667,False
B,51,2242972,encoded,,16666,False
A,53,2254420,encoded,,16667,False
B,52,2276307,encoded,,16667,False
A,54,2287766,encoded,,16666,False
B,53,2309643,encoded,,16667,False
A,55,2321104,encoded,,16667,False
B,54,2342985,encoded,,16666,False
A,56,2354433,encoded,,16667,False
B,55,2376322,encoded,,16667,False
A,57,2387758,encoded,,16666,False
B,56,2409650,encoded,,16667,False
A,58,2421092,encoded,,16667,False
B,57,2442976,encoded,,16666,False
A,59,2454430,encoded,,16667,False
B,58,2476310,encoded,,16667,False
A,60,2487761,encoded,,16666,False
B,59,2509649,encoded,,16667,False
A,61,2521107,encoded,,116035,True
B,60,2542981,encoded,,16666,False
A,62,2554430,encoded,,21111,False
B,61,2576313,encoded,,123873,True
A,63,2587769,encoded,,9968,False
B,62,2609657,encoded,,12775,False
A,64,2621111,encoded,,12238,False
B,63,2642975,encoded,,11881,False
A,65,2654439,encoded,,15743,False
B,64,2676310,encoded,,6455,False
A,66,2687772,encoded,,15051,False
B,65,2709651,encoded,,12968,False
A,67,2721100,encoded,,16583,False
B,66,2742982,encoded,,11760,False
A,68,2754453,encoded,,9586,False
B,67,2776315,encoded,,22909,False
A,69,2787775,encoded,,7632,False
B,68,2809661,encoded,,16408,False
A,70,2821110,encoded,,6418,False
B,69,2842981,encoded,,13108,False
A,71,2854436,encoded,,5667,False
B,70,2876332,encoded,,7127,False
A,72,2887775,encoded,,5400,False
B,71,2909664,encoded,,6399,False
A,73,2921111,encoded,,4836,False
B,72,2942984,encoded,,5599,False
A,74,2954446,encoded,,18972,False
B,73,2976315,encoded,,4868,False
A,75,2987779,encoded,,10209,False
B,74,3009660,encoded,,4447,False
A,76,3021110,encoded,,8142,False
B,75,3042985,encoded,,28451,False
A,77,3054453,encoded,,7905,False
B,76,3076321,encoded,,1343,False
A,78,3087775,encoded,,8504,False
B,77,3109654,encoded,,13946,False
A,79,3121109,encoded,,16667,False
B,78,3142993,encoded,,8868,False
A,80,3154444,encoded,,18512,False
B,79,3176323,encoded,,7820,False
A,81,3187783,encoded,,14821,False
B,80,3209661,encoded,,12329,False
A,82,3221122,encoded,,16667,False
B,81,3242996,encoded,,16666,False
A,83,3254446,encoded,,16667,False
B,82,3276336,encoded,,16667,False
A,84,3287782,encoded,,16666,False
B,83,3309664,encoded,,16667,False
A,85,3321113,encoded,,16667,False
B,84,3342999,encoded,,16666,False
A,86,3354459,encoded,,16667,False
B,85,3376335,encoded,,16667,False
A,87,3387783,encoded,,16666,False
B,86,3409672,encoded,,16667,False
A,88,3421115,encoded,,16667,False
B,87,3443005,encoded,,16666,False
A,89,3454464,encoded,,16667,False
B,88,3476333,encoded,,16667,False
A,90,3487797,encoded,,16666,False
B,89,3509688,encoded,,16667,False
A,91,3521120,encoded,,116018,True
B,90,3543024,encoded,,16666,False
A,92,3554452,encoded,,21469,False
B,91,3576338,encoded,,123666,True
A,93,3587794,encoded,,9853,False
B,92,3609680,encoded,,12166,False
A,94,3621134,encoded,,21288,False
B,93,3643009,encoded,,14243,False
A,95,3654467,encoded,,17508,False
B,94,3676339,encoded,,14730,False
A,96,3687798,encoded,,16700,False
B,95,3709673,encoded,,15984,False
A,97,3721124,encoded,,9096,False
B,96,3743017,encoded,,16958,False
A,98,3754459,encoded,,7642,False
B,97,3776347,encoded,,18374,False
A,99,3787800,encoded,,24420,False
B,98,3809682,encoded,,12757,False
A,100,3821126,encoded,,11650,False
B,99,3843015,encoded,,7442,False
A,101,3854459,encoded,,9404,False
B,100,3876354,encoded,,20636,False
A,102,3887813,encoded,,7970,False
B,101,3909686,encoded,,11497,False
A,103,3921128,encoded,,7249,False
B,102,3943024,encoded,,19351,False
A,104,3954463,encoded,,6689,False
B,103,3976357,encoded,,10332,False
A,105,3987795,encoded,,6443,False
B,104,4009691,encoded,,8088,False
A,106,4021131,encoded,,5745,False
B,105,4043038,encoded,,7261,False
A,107,4054465,encoded,,5447,False
B,106,4076354,encoded,,6598,False
A,108,4087803,encoded,,5010,False
B,107,4109703,encoded,,6015,False
A,109,4121134,encoded,,23523,False
B,108,4143032,encoded,,5446,False
A,110,4154467,encoded,,2415,False
B,109,4176372,encoded,,5178,False
A,111,4187803,encoded,,14461,False
B,110,4209686,encoded,,4712,False
A,112,4221139,encoded,,16667,False
B,111,4243028,encoded,,8566,False
A,113,4254469,encoded,,16667,False
B,112,4276370,encoded,,16667,False
A,114,4287803,encoded,,16666,False
B,113,4309696,encoded,,24359,False
A,115,4321139,encoded,,16667,False
B,114,4343033,encoded,,8974,False
A,116,4354479,encoded,,16667,False
B,115,4376363,encoded,,16667,False
A,117,4387807,encoded,,16666,False
B,116,4409704,encoded,,16667,False
A,118,4421142,encoded,,16667,False
B,117,4443023,encoded,,16666,False
A,119,4454477,encoded,,16667,False
B,118,4476366,encoded,,16667,False
A,120,4487809,encoded,,16666,False
B,119,4509715,encoded,,16667,False
A,121,4521143,encoded,,125215,True
B,120,4543027,encoded,,16666,False
A,122,4554477,encoded,,20430,False
B,121,4576378,encoded,,123713,True
A,123,4587812,encoded,,11027,False
B,122,4609704,encoded,,16887,False
A,124,4621151,encoded,,13589,False
B,123,4643044,encoded,,18339,False
A,125,4654480,encoded,,19560,False
B,124,4676364,encoded,,20156,False
A,126,4687822,encoded,,12554,False
B,125,4709706,encoded,,16947,False
A,127,4721149,encoded,,20486,False
B,126,4743042,encoded,,14631,False
A,128,4754482,encoded,,17099,False
B,127,4776380,encoded,,14459,False
A,129,4787817,encoded,,10495,False
B,128,4809731,encoded,,21857,False
A,130,4821151,encoded,,8748,False
B,129,4843040,encoded,,11986,False
A,131,4854484,encoded,,7996,False
B,130,4876375,encoded,,10135,False
A,132,4887819,encoded,,6895,False
B,131,4909713,encoded,,17933,False
A,133,4921152,encoded,,6572,False
B,132,4943041,encoded,,9310,False
A,134,4954488,encoded,,6283,False
B,133,4976385,encoded,,7494,False
A,135,4987821,encoded,,26669,False
B,134,5009706,encoded,,6941,False
A,136,5021156,encoded,,2758,False
B,135,5043043,encoded,,6092,False
A,137,5054488,encoded,,16715,False
B,136,5076399,encoded,,5356,False
A,138,5087825,encoded,,11597,False
B,137,5109711,encoded,,5416,False
A,139,5121158,encoded,,10460,False
B,138,5143051,encoded,,4803,False
A,140,5154490,encoded,,9355,False
B,139,5176377,encoded,,11917,False
A,141,5187827,encoded,,8504,False
B,140,5209708,encoded,,8127,False
A,142,5221162,encoded,,8295,False
B,141,5243042,encoded,,6943,False
A,143,5254495,encoded,,8175,False
B,142,5276376,encoded,,7225,False
A,144,5287829,encoded,,10523,False
B,143,5309723,encoded,,16667,False
A,145,5321169,encoded,,16667,False
B,144,5343072,encoded,,34339,False
A,146,5354498,encoded,,16667,False
B,145,5376380,encoded,,3343,False
A,147,5387831,encoded,,16666,False
B,146,5409726,encoded,,12318,False
A,148,5421166,encoded,,16667,False
B,147,5443062,encoded,,16666,False
A,149,5454499,encoded,,16667,False
B,148,5476389,encoded,,16667,False
A,150,5487845,encoded,,16666,False
B,149,5509712,encoded,,16667,False
A,151,5521167,encoded,,125164,True
B,150,5543053,encoded,,16666,False
A,152,5554502,encoded,,16242,False
B,151,5576397,encoded,,123675,True
A,153,5587835,encoded,,12406,False
B,152,5609718,encoded,,7599,False
A,154,5621170,encoded,,23292,False
B,153,5643058,encoded,,24657,False
A,155,5654503,encoded,,17162,False
B,154,5676400,encoded,,14908,False
A,156,5687838,encoded,,21331,False
B,155,5709719,encoded,,15994,False
A,157,5721172,encoded,,19419,False
B,156,5743053,encoded,,14828,False
A,158,5754506,encoded,,10852,False
B,157,5776387,encoded,,22841,False
A,159,5787841,encoded,,9300,False
B,158,5809726,encoded,,17649,False
A,160,5821175,encoded,,7697,False
B,159,5843059,encoded,,17842,False
A,161,5854509,encoded,,7179,False
B,160,5876390,encoded,,21425,False
A,162,5887861,encoded,,7210,False
B,161,5909726,encoded,,10023,False
A,163,5921179,encoded,,6205,False
B,162,5943057,encoded,,8908,False
A,164,5954513,encoded,,26201,False
B,163,5976394,encoded,,7631,False
A,165,5987845,encoded,,2905,False
B,164,6009727,encoded,,6431,False
A,166,6021181,encoded,,16283,False
B,165,6043060,encoded,,5928,False
A,167,6054515,encoded,,11907,False
B,166,6076400,encoded,,5468,False
A,168,6087847,encoded,,10631,False
B,167,6109731,encoded,,12682,False
A,169,6121194,encoded,,9606,False
B,168,6143061,encoded,,8711,False
A,170,6154523,encoded,,9203,False
B,169,6176395,encoded,,7223,False
A,171,6187855,encoded,,9365,False
B,170,6209731,encoded,,6747,False
A,172,6221185,encoded,,8781,False
B,171,6243065,encoded,,6287,False
A,173,6254524,encoded,,8116,False
B,172,6276399,encoded,,5722,False
A,174,6287860,encoded,,8692,False
B,173,6309733,encoded,,10155,False
A,175,6321193,encoded,,11518,False
B,174,6343074,encoded,,16666,False
A,176,6354522,encoded,,16667,False
B,175,6376399,encoded,,32028,False
A,177,6387863,encoded,,20225,False
B,176,6409742,encoded,,3142,False
A,178,6421189,encoded,,13108,False
B,177,6443074,encoded,,14830,False
A,179,6454524,encoded,,16667,False
B,178,6476404,encoded,,16667,False
A,180,6487858,encoded,,16666,False
B,179,6509736,encoded,,16667,False
A,181,6521195,encoded,,125410,True
B,180,6543071,encoded,,16666,False
A,182,6554527,encoded,,23244,False
B,181,6576410,encoded,,123727,True
A,183,6587860,encoded,,9575,False
B,182,6609749,encoded,,17445,False
A,184,6621197,encoded,,15036,False
B,183,6643074,encoded,,18466,False
A,185,6654527,encoded,,17187,False
B,184,6676416,encoded,,12188,False
A,186,6687869,encoded,,23020,False
B,185,6709745,encoded,,14796,False
A,187,6721196,encoded,,19812,False
B,186,6743077,encoded,,22693,False
A,188,6754554,encoded,,10779,False
B,187,6776417,encoded,,19145,False
A,189,6787872,encoded,,9059,False
B,188,6809744,encoded,,17024,False
A,190,6821207,encoded,,8061,False
B,189,6843086,encoded,,16749,False
A,191,6854552,encoded,,7220,False
B,190,6876422,encoded,,20271,False
B,191,6909773,encoded,,9323,False
A,192,6887878,encoded,,20278,False
B,192,6943105,encoded,,7620,False
A,193,6921201,encoded,,19542,False
B,193,6976428,encoded,,7042,False
A,194,6954534,encoded,,12524,False
B,194,7009765,encoded,,6264,False
B,195,7043094,encoded,,5756,False
A,195,6987881,encoded,,11284,False
A,196,7021217,encoded,,9980,False
B,196,7076434,encoded,,13304,False
A,197,7054543,encoded,,10371,False
B,197,7109769,encoded,,9276,False
A,198,7087873,encoded,,9414,False
A,199,7121212,encoded,,8769,False
B,198,7143088,encoded,,7592,False
A,200,7154545,encoded,,9405,False
B,199,7176429,encoded,,7404,False
A,201,7187874,encoded,,8355,False
B,200,7209762,encoded,,6912,False
A,202,7221209,encoded,,9043,False
B,201,7243088,encoded,,6677,False
A,203,7254542,encoded,,8300,False
B,202,7276429,encoded,,6386,False
A,204,7287876,encoded,,8021,False
B,203,7309768,encoded,,7274,False
A,205,7321215,encoded,,7470,False
B,204,7343104,encoded,,16666,False
A,206,7354544,encoded,,12175,False
B,205,7376426,encoded,,33163,False
A,207,7387879,encoded,,16666,False
B,206,7409763,encoded,,4545,False
A,208,7421212,encoded,,17795,False
B,207,7443118,encoded,,12292,False
A,209,7454548,encoded,,15539,False
B,208,7476447,encoded,,16667,False
A,210,7487881,encoded,,16666,False
B,209,7509782,encoded,,16667,False
A,211,7521216,encoded,,125257,True
B,210,7543107,encoded,,16666,False
A,212,7554558,encoded,,21257,False
B,211,7576444,encoded,,123586,True
A,213,7587884,encoded,,8891,False
B,212,7609786,encoded,,17322,False
A,214,7621217,encoded,,18464,False
B,213,7643115,encoded,,14772,False
A,215,7654553,encoded,,17821,False
B,214,7676441,encoded,,13414,False
A,216,7687891,encoded,,23699,False
B,215,7709789,encoded,,16764,False
A,217,7721221,encoded,,20615,False
B,216,7743115,encoded,,15737,False
A,218,7754555,encoded,,11212,False
B,217,7776440,encoded,,19880,False
A,219,7787888,encoded,,10005,False
B,218,7809784,encoded,,19055,False
A,220,7821223,encoded,,8302,False
B,219,7843111,encoded,,18766,False
A,221,7854558,encoded,,7734,False
B,220,7876438,encoded,,12915,False
A,222,7887891,encoded,,19370,False
B,221,7909772,encoded,,12346,False
A,223,7921224,encoded,,21151,False
B,222,7943116,encoded,,12193,False
A,224,7954558,encoded,,3214,False
B,223,7976442,encoded,,12321,False
A,225,7987895,encoded,,16695,False
B,224,8009775,encoded,,11756,False
A,226,8021228,encoded,,12033,False
B,225,8043117,encoded,,11970,False
A,227,8054562,encoded,,11832,False
B,226,8076452,encoded,,11643,False
A,228,8087896,encoded,,10005,False
B,227,8109779,encoded,,11858,False
A,229,8121233,encoded,,10349,False
B,228,8143120,encoded,,11573,False
A,230,8154566,encoded,,9109,False
B,229,8176451,encoded,,22447,False
A,231,8187900,encoded,,8709,False
B,230,8209782,encoded,,16084,False
A,232,8221241,encoded,,8595,False
B,231,8243113,encoded,,23247,False
A,233,8254566,encoded,,7968,False
B,232,8276459,encoded,,17416,False
A,234,8287910,encoded,,8015,False
B,233,8309784,encoded,,16161,False
A,235,8321242,encoded,,7773,False
B,234,8343115,encoded,,8124,False
A,236,8354570,encoded,,7303,False
B,235,8376458,encoded,,9174,False
A,237,8387904,encoded,,14622,False
B,236,8409786,encoded,,9894,False
A,238,8421249,encoded,,20201,False
B,237,8443122,encoded,,20956,False
A,239,8454577,encoded,,13133,False
B,238,8476461,encoded,,16515,False
A,240,8487907,encoded,,16666,False
B,239,8509795,encoded,,15516,False
A,241,8521246,encoded,,125326,True
B,240,8543121,encoded,,15482,False
A,242,8554577,encoded,,7885,False
B,241,8576458,encoded,,103502,True
A,243,8587913,encoded,,16300,False
B,242,8609795,encoded,,12564,False
A,244,8621246,encoded,,24316,False
A,245,8654575,encoded,,17583,False
B,243,8643125,encoded,,12404,False
A,246,8687910,encoded,,24194,False
B,244,8676460,encoded,,13683,False
A,247,8721243,encoded,,20519,False
B,245,8709808,encoded,,18249,False
A,248,8754579,encoded,,11308,False
B,246,8743132,encoded,,13244,False
A,249,8787913,encoded,,9512,False
B,247,8776461,encoded,,17549,False
A,250,8821252,encoded,,9223,False
B,248,8809795,encoded,,14317,False
A,251,8854626,encoded,,8417,False
B,249,8843141,encoded,,15892,False
A,252,8887914,encoded,,7597,False
B,250,8876463,encoded,,12987,False
A,253,8921255,encoded,,28151,False
B,251,8909800,encoded,,16056,False
A,254,8954595,encoded,,16533,False
B,252,8943142,encoded,,11773,False
A,255,8987920,encoded,,3712,False
B,253,8976469,encoded,,11203,False
A,256,9021260,encoded,,15985,False
B,254,9009810,encoded,,10779,False
A,257,9054593,encoded,,12241,False
B,255,9043132,encoded,,9591,False
A,258,9087926,encoded,,10876,False
B,256,9076483,encoded,,14061,False
A,259,9121261,encoded,,9318,False
B,257,9109816,encoded,,16009,False
A,260,9154592,encoded,,9816,False
B,258,9143155,encoded,,15534,False
A,261,9187932,encoded,,8447,False
B,259,9176481,encoded,,11111,False
A,262,9221263,encoded,,8188,False
B,260,9209829,encoded,,10505,False
A,263,9254596,encoded,,8285,False
B,261,9243165,encoded,,10166,False
A,264,9287925,encoded,,7835,False
B,262,9276494,encoded,,10133,False
A,265,9321258,encoded,,7965,False
B,263,9309840,encoded,,9803,False
A,266,9354593,encoded,,7248,False
B,264,9343147,encoded,,9670,False
A,267,9387928,encoded,,13220,False
B,265,9376483,encoded,,9648,False
A,268,9421263,encoded,,16667,False
B,266,9409816,encoded,,19675,False
A,269,9454595,encoded,,18333,False
B,267,9443144,encoded,,22977,False
A,270,9487929,encoded,,15000,False
B,268,9476483,encoded,,16258,False
A,271,9521274,encoded,,125298,True
B,269,9509816,encoded,,6483,False
A,272,9554598,encoded,,25536,False
B,270,9543147,encoded,,7370,False
A,273,9587931,encoded,,7682,False
B,271,9576486,encoded,,104008,True
A,274,9621267,encoded,,16227,False
B,272,9609817,encoded,,15246,False
A,275,9654598,encoded,,18329,False
B,273,9643146,encoded,,12213,False
A,276,9687936,encoded,,24340,False
B,274,9676494,encoded,,16330,False
A,277,9721270,encoded,,21567,False
B,275,9709815,encoded,,15996,False
A,278,9754602,encoded,,11214,False
B,276,9743150,encoded,,9054,False
A,279,9787937,encoded,,10575,False
B,277,9776489,encoded,,14705,False
A,280,9821272,encoded,,9704,False
B,278,9809819,encoded,,11106,False
A,281,9854604,encoded,,8336,False
B,279,9843157,encoded,,18759,False
A,282,9887941,encoded,,9074,False
B,280,9876492,encoded,,13094,False
A,283,9921274,encoded,,6846,False
B,281,9909827,encoded,,11489,False
A,284,9954607,encoded,,20319,False
B,282,9943165,encoded,,11430,False
A,285,9987942,encoded,,18609,False
B,283,9976492,encoded,,11478,False
A,286,10021275,encoded,,12265,False
B,284,10009824,encoded,,8364,False
A,287,10054621,encoded,,14230,False
B,285,10043164,encoded,,10381,False
A,288,10087943,encoded,,11448,False
B,286,10076494,encoded,,13733,False
A,289,10121278,encoded,,13208,False
B,287,10109825,encoded,,20640,False
A,290,10154613,encoded,,11108,False
B,288,10143160,encoded,,10661,False
A,291,10187952,encoded,,9485,False
B,289,10176499,encoded,,10061,False
A,292,10221284,encoded,,8691,False
B,290,10209829,encoded,,9777,False
A,293,10254661,encoded,,8944,False
B,291,10243164,encoded,,9071,False
A,294,10287952,encoded,,8889,False
B,292,10276497,encoded,,8973,False
A,295,10321285,encoded,,7816,False
B,293,10309834,encoded,,8694,False
A,296,10354625,encoded,,8184,False
B,294,10343171,encoded,,8777,False
A,297,10387953,encoded,,7305,False
B,295,10376504,encoded,,8900,False
A,298,10421284,encoded,,11438,False
B,296,10409839,encoded,,9191,False
A,299,10454619,encoded,,16667,False
B,297,10443168,encoded,,9550,False
A,300,10487958,encoded,,16666,False
B,298,10476501,encoded,,12903,False
A,301,10521288,encoded,,125005,True
B,299,10509835,encoded,,16667,False
A,302,10554631,encoded,,9256,False
B,300,10543169,encoded,,16666,False
A,303,10587961,encoded,,15221,False
B,301,10576510,encoded,,123023,True
A,304,10621290,encoded,,23353,False
B,302,10609866,encoded,,20324,False
A,305,10654623,encoded,,18601,False
B,303,10643175,encoded,,9536,False
A,306,10687959,encoded,,24415,False
B,304,10676513,encoded,,16087,False
A,307,10721300,encoded,,21043,False
B,305,10709843,encoded,,15766,False
A,308,10754642,encoded,,11524,False
B,306,10743175,encoded,,18111,False
A,309,10787962,encoded,,9282,False
B,307,10776509,encoded,,15289,False
A,310,10821293,encoded,,8652,False
B,308,10809844,encoded,,19546,False
A,311,10854665,encoded,,8621,False
B,309,10843177,encoded,,14099,False
A,312,10887969,encoded,,7140,False
B,310,10876517,encoded,,16925,False
A,313,10921304,encoded,,20352,False
B,311,10909855,encoded,,12134,False
A,314,10954633,encoded,,5336,False
B,312,10943188,encoded,,9681,False
A,315,10987971,encoded,,22318,False
B,313,10976522,encoded,,9535,False
A,316,11021311,encoded,,3991,False
B,314,11009869,encoded,,8756,False
A,317,11054643,encoded,,16460,False
B,315,11043191,encoded,,8360,False
A,318,11087975,encoded,,10991,False
B,316,11076521,encoded,,8520,False
A,319,11121308,encoded,,10452,False
B,317,11109854,encoded,,8299,False
A,320,11154642,encoded,,10438,False
B,318,11143193,encoded,,7619,False
A,321,11187969,encoded,,9196,False
B,319,11176521,encoded,,19574,False
A,322,11221305,encoded,,8899,False
B,320,11209875,encoded,,13468,False
A,323,11254639,encoded,,8527,False
B,321,11243198,encoded,,19632,False
A,324,11287977,encoded,,7901,False
B,322,11276540,encoded,,13496,False
A,325,11321306,encoded,,8032,False
B,323,11309866,encoded,,12697,False
A,326,11354641,encoded,,8328,False
B,324,11343199,encoded,,5490,False
A,327,11387974,encoded,,16666,False
B,325,11376537,encoded,,6340,False
A,328,11421308,encoded,,38522,False
B,326,11409874,encoded,,16940,False
A,329,11454642,encoded,,5234,False
B,327,11443214,encoded,,13398,False
A,330,11487976,encoded,,6244,False
B,328,11476526,encoded,,11132,False
A,331,11521311,encoded,,125276,True
B,329,11509865,encoded,,10687,False
A,332,11554645,encoded,,18049,False
B,330,11543203,encoded,,15536,False
A,333,11587979,encoded,,6727,False
B,331,11576537,encoded,,123605,True
A,334,11621313,encoded,,23133,False
B,332,11609865,encoded,,19362,False
A,335,11654649,encoded,,18053,False
B,333,11643201,encoded,,8018,False
A,336,11687981,encoded,,24196,False
B,334,11676534,encoded,,15217,False
A,337,11721316,encoded,,21233,False
B,335,11709873,encoded,,14981,False
A,338,11754653,encoded,,11457,False
B,336,11743202,encoded,,16912,False
A,339,11787983,encoded,,9263,False
B,337,11776538,encoded,,16465,False
A,340,11821319,encoded,,8829,False
B,338,11809869,encoded,,17918,False
A,341,11854653,encoded,,7703,False
B,339,11843218,encoded,,14904,False
A,342,11887986,encoded,,19891,False
B,340,11876554,encoded,,10398,False
A,343,11921321,encoded,,21069,False
B,341,11909869,encoded,,8577,False
A,344,11954654,encoded,,13258,False
B,342,11943211,encoded,,8422,False
A,345,11987989,encoded,,11267,False
B,343,11976537,encoded,,7527,False
A,346,12021322,encoded,,11197,False
B,344,12009872,encoded,,7862,False
A,347,12054657,encoded,,9991,False
B,345,12043217,encoded,,8157,False
A,348,12087991,encoded,,9570,False
B,346,12076549,encoded,,20121,False
A,349,12121325,encoded,,8692,False
B,347,12109881,encoded,,13722,False
A,350,12154658,encoded,,8851,False
B,348,12143221,encoded,,6020,False
A,351,12187997,encoded,,9050,False
B,349,12176546,encoded,,13710,False
A,352,12221334,encoded,,8670,False
B,350,12209880,encoded,,18996,False
A,353,12254661,encoded,,8534,False
B,351,12243222,encoded,,13343,False
A,354,12287998,encoded,,9161,False
B,352,12276543,encoded,,12650,False
A,355,12321329,encoded,,8000,False
B,353,12309891,encoded,,11332,False
A,356,12354665,encoded,,7742,False
B,354,12343212,encoded,,10556,False
A,357,12388012,encoded,,11138,False
B,355,12376558,encoded,,8645,False
A,358,12421342,encoded,,16667,False
B,356,12409890,encoded,,8378,False
A,359,12454671,encoded,,16667,False
B,357,12443225,encoded,,14202,False
A,360,12488016,encoded,,16666,False
B,358,12476558,encoded,,16667,False
A,361,12521337,encoded,,125279,True
B,359,12509886,encoded,,16667,False
A,362,12554671,encoded,,23357,False
B,360,12543223,encoded,,16666,False
A,363,12588005,encoded,,8785,False
B,361,12576561,encoded,,123355,True
A,364,12621339,encoded,,17345,False
B,362,12609898,encoded,,19675,False
A,365,12654673,encoded,,17278,False
B,363,12643220,encoded,,12221,False
A,366,12688007,encoded,,23375,False
B,364,12676557,encoded,,12291,False
A,367,12721341,encoded,,21036,False
B,365,12709895,encoded,,14190,False
A,368,12754674,encoded,,11568,False
B,366,12743229,encoded,,16941,False
A,369,12788010,encoded,,9245,False
B,367,12776562,encoded,,17733,False
A,370,12821344,encoded,,7924,False
B,368,12809891,encoded,,18181,False
A,371,12854675,encoded,,7378,False
B,369,12843241,encoded,,12789,False
A,372,12888023,encoded,,22516,False
B,370,12876572,encoded,,15690,False
A,373,12921345,encoded,,5604,False
B,371,12909895,encoded,,11181,False
A,374,12954680,encoded,,21380,False
B,372,12943234,encoded,,9114,False
A,375,12988013,encoded,,13549,False
B,373,12976583,encoded,,8386,False
A,376,13021345,encoded,,11442,False
B,374,13009898,encoded,,8568,False
A,377,13054690,encoded,,10487,False
B,375,13043243,encoded,,8315,False
A,378,13088015,encoded,,9401,False
B,376,13076584,encoded,,8604,False
A,379,13121349,encoded,,9207,False
B,377,13109924,encoded,,19072,False
A,380,13154685,encoded,,8859,False
B,378,13143242,encoded,,23249,False
A,381,13188016,encoded,,9303,False
B,379,13176582,encoded,,13178,False
A,382,13221350,encoded,,8604,False
B,380,13209919,encoded,,12914,False
A,383,13254692,encoded,,8379,False
B,381,13243259,encoded,,11079,False
A,384,13288019,encoded,,9035,False
B,382,13276593,encoded,,9977,False
A,385,13321355,encoded,,8247,False
B,383,13309921,encoded,,10144,False
A,386,13354689,encoded,,7366,False
B,384,13343261,encoded,,10617,False
A,387,13388021,encoded,,14051,False
B,385,13376586,encoded,,9377,False
A,388,13421356,encoded,,16667,False
B,386,13409925,encoded,,8441,False
A,389,13454691,encoded,,16667,False
B,387,13443254,encoded,,8127,False
A,390,13488024,encoded,,16666,False
B,388,13476595,encoded,,13258,False
A,391,13521358,encoded,,125321,True
B,389,13509912,encoded,,16667,False
A,392,13554700,encoded,,17293,False
B,390,13543249,encoded,,16666,False
A,393,13588026,encoded,,10914,False
B,391,13576579,encoded,,123404,True
A,394,13621361,encoded,,18696,False
B,392,13609920,encoded,,19635,False
A,395,13654693,encoded,,17829,False
B,393,13643246,encoded,,7906,False
A,396,13688036,encoded,,23368,False
B,394,13676585,encoded,,15967,False
A,397,13721364,encoded,,20493,False
B,395,13709924,encoded,,14422,False
A,398,13754697,encoded,,11510,False
B,396,13743250,encoded,,23209,False
A,399,13788030,encoded,,9724,False
B,397,13776583,encoded,,19174,False
A,400,13821373,encoded,,8443,False
B,398,13809930,encoded,,13591,False
A,401,13854708,encoded,,20390,False
B,399,13843251,encoded,,15055,False
A,402,13888036,encoded,,5147,False
B,400,13876584,encoded,,10481,False
A,403,13921367,encoded,,22144,False
B,401,13909918,encoded,,9324,False
A,404,13954707,encoded,,3039,False
B,402,13943258,encoded,,8722,False
A,405,13988038,encoded,,16230,False
B,403,13976588,encoded,,8311,False
A,406,14021379,encoded,,11902,False
B,404,14009925,encoded,,7977,False
A,407,14054709,encoded,,10252,False
B,405,14043257,encoded,,7543,False
A,408,14088048,encoded,,9938,False
B,406,14076589,encoded,,20133,False
A,409,14121379,encoded,,9572,False
B,407,14109921,encoded,,13643,False
A,410,14154716,encoded,,8870,False
B,408,14143257,encoded,,20653,False
A,411,14188041,encoded,,8618,False
B,409,14176591,encoded,,13621,False
A,412,14221381,encoded,,8103,False
B,410,14209932,encoded,,12326,False
A,413,14254725,encoded,,8268,False
B,411,14243261,encoded,,10343,False
A,414,14288043,encoded,,9390,False
B,412,14276606,encoded,,10690,False
A,415,14321383,encoded,,8736,False
B,413,14309934,encoded,,10221,False
A,416,14354724,encoded,,9144,False
B,414,14343265,encoded,,8877,False
A,417,14388052,encoded,,16666,False
B,415,14376604,encoded,,8667,False
A,418,14421391,encoded,,19989,False
B,416,14409931,encoded,,8577,False
A,419,14454716,encoded,,13345,False
B,417,14443282,encoded,,7764,False
A,420,14488048,encoded,,16666,False
B,418,14476614,encoded,,16431,False
A,421,14521417,encoded,,125362,True
B,419,14509932,encoded,,17289,False
A,422,14554719,encoded,,13128,False
B,420,14543299,encoded,,16044,False
A,423,14588051,encoded,,11896,False
B,421,14576614,encoded,,123254,True
A,424,14621395,encoded,,24078,False
B,422,14609950,encoded,,19117,False
A,425,14654747,encoded,,18929,False
B,423,14643285,encoded,,7752,False
A,426,14688053,encoded,,20925,False
B,424,14676622,encoded,,15925,False
A,427,14721385,encoded,,15986,False
B,425,14709960,encoded,,14403,False
A,428,14754720,encoded,,16335,False
B,426,14743279,encoded,,17078,False
A,429,14788054,encoded,,10347,False
B,427,14776618,encoded,,16896,False
A,430,14821388,encoded,,8586,False
B,428,14809952,encoded,,16953,False
A,431,14854723,encoded,,20693,False
B,429,14843292,encoded,,15318,False
A,432,14888058,encoded,,4968,False
B,430,14876621,encoded,,9822,False
A,433,14921391,encoded,,22898,False
B,431,14909957,encoded,,21865,False
A,434,14954726,encoded,,13489,False
B,432,14943284,encoded,,6561,False
A,435,14988059,encoded,,12043,False
B,433,14976615,encoded,,14704,False
A,436,15021393,encoded,,10685,False
B,434,15043284,encoded,,6740,False
A,437,15054728,encoded,,9899,False
B,435,15076614,encoded,,13263,False
A,438,15088063,encoded,,9630,False
B,436,15109964,encoded,,7325,False
A,439,15121395,encoded,,9303,False
B,437,15143282,encoded,,8497,False
A,440,15154731,encoded,,8618,False
B,438,15176621,encoded,,7289,False
A,441,15188065,encoded,,8392,False
B,439,15209950,encoded,,14648,False
A,442,15221400,encoded,,9390,False
B,440,15243290,encoded,,18616,False
A,443,15254735,encoded,,8021,False
B,441,15276619,encoded,,13773,False
A,444,15288068,encoded,,7914,False
B,442,15309958,encoded,,11235,False
A,445,15321401,encoded,,7871,False
B,443,15343286,encoded,,12078,False
A,446,15354734,encoded,,7661,False
B,444,15376621,encoded,,10063,False
A,447,15388075,encoded,,12953,False
B,445,15409954,encoded,,10846,False
A,448,15421409,encoded,,16667,False
B,446,15443299,encoded,,10098,False
A,449,15454746,encoded,,18483,False
B,447,15476622,encoded,,11584,False
A,450,15488080,encoded,,14850,False
B,448,15509955,encoded,,12066,False
A,451,15521414,encoded,,125234,True
B,449,15543300,encoded,,15565,False
A,452,15554738,encoded,,18077,False
B,450,15576626,encoded,,16666,False
A,453,15588076,encoded,,7639,False
B,451,15609960,encoded,,123176,True
A,454,15621409,encoded,,23928,False
B,452,15643300,encoded,,20327,False
A,455,15654765,encoded,,18438,False
B,453,15676633,encoded,,6536,False
A,456,15688076,encoded,,24294,False
B,454,15709962,encoded,,15998,False
A,457,15721410,encoded,,21572,False
B,455,15743296,encoded,,15603,False
A,458,15754750,encoded,,12417,False
B,456,15776632,encoded,,16917,False
A,459,15788108,encoded,,9688,False
B,457,15809968,encoded,,18717,False
A,460,15821412,encoded,,8026,False
B,458,15843299,encoded,,13524,False
A,461,15854749,encoded,,20523,False
B,459,15876632,encoded,,15030,False
A,462,15888081,encoded,,4716,False
B,460,15909976,encoded,,16536,False
A,463,15921415,encoded,,22565,False
B,461,15943308,encoded,,10970,False
A,464,15954758,encoded,,13387,False
B,462,15976637,encoded,,8993,False
A,465,15988086,encoded,,12778,False
B,463,16009985,encoded,,8097,False
A,466,16021420,encoded,,10782,False
B,464,16043303,encoded,,21060,False
A,467,16054759,encoded,,10072,False
B,465,16076636,encoded,,8323,False
A,468,16088086,encoded,,9471,False
B,466,16109981,encoded,,8188,False
A,469,16121451,encoded,,8681,False
B,467,16143316,encoded,,8175,False
A,470,16154760,encoded,,8284,False
B,468,16176644,encoded,,8373,False
A,471,16188094,encoded,,8454,False
B,469,16209972,encoded,,16123,False
A,472,16221453,encoded,,8877,False
B,470,16243324,encoded,,21361,False
A,473,16254767,encoded,,8784,False
B,471,16276652,encoded,,6993,False
A,474,16288090,encoded,,8073,False
B,472,16309983,encoded,,18009,False
A,475,16321425,encoded,,9666,False
B,473,16343331,encoded,,14821,False
A,476,16354759,encoded,,7890,False
B,474,16376653,encoded,,13672,False
A,477,16388112,encoded,,7684,False
B,475,16409992,encoded,,10594,False
A,478,16421432,encoded,,16667,False
B,476,16443333,encoded,,11282,False
A,479,16454762,encoded,,24969,False
B,477,16476664,encoded,,9770,False
A,480,16488095,encoded,,8364,False
B,478,16509998,encoded,,9507,False
A,481,16521428,encoded,,125413,True
B,479,16543332,encoded,,8446,False
A,482,16554764,encoded,,18701,False
B,480,16576651,encoded,,14879,False
A,483,16588097,encoded,,7102,False
B,481,16609998,encoded,,123228,True
A,484,16621432,encoded,,23698,False
B,482,16643320,encoded,,16835,False
A,485,16654765,encoded,,18247,False
B,483,16676661,encoded,,12891,False
A,486,16688102,encoded,,20137,False
B,484,16709993,encoded,,13303,False
A,487,16721433,encoded,,15429,False
B,485,16743340,encoded,,15982,False
A,488,16754768,encoded,,18293,False
B,486,16776671,encoded,,17832,False
A,489,16788102,encoded,,10325,False
B,487,16809992,encoded,,16995,False
A,490,16821466,encoded,,8939,False
B,488,16843348,encoded,,17710,False
A,491,16854770,encoded,,7559,False
B,489,16876672,encoded,,16432,False
A,492,16888106,encoded,,19874,False
B,490,16910012,encoded,,10489,False
A,493,16921439,encoded,,21266,False
B,491,16943353,encoded,,9332,False
A,494,16954773,encoded,,13757,False
B,492,16976666,encoded,,8281,False
A,495,16988106,encoded,,11894,False
B,493,17010000,encoded,,20840,False
A,496,17021441,encoded,,11294,False
B,494,17043327,encoded,,13200,False
A,497,17054776,encoded,,9974,False
B,495,17076662,encoded,,6142,False
A,498,17088109,encoded,,9249,False
B,496,17109996,encoded,,13739,False
A,499,17121443,encoded,,9268,False
B,497,17143349,encoded,,7188,False
A,500,17154778,encoded,,8964,False
B,498,17176684,encoded,,13284,False
A,501,17188112,encoded,,8626,False
B,499,17210003,encoded,,19681,False
A,502,17221445,encoded,,9817,False
B,500,17243349,encoded,,5966,False
A,503,17254782,encoded,,9400,False
B,501,17276668,encoded,,16080,False
A,504,17288114,encoded,,8586,False
B,502,17310003,encoded,,11983,False
A,505,17321448,encoded,,10321,False
B,503,17343342,encoded,,12705,False
A,506,17354781,encoded,,7916,False
B,504,17376669,encoded,,10811,False
A,507,17388116,encoded,,10285,False
B,505,17410015,encoded,,10877,False
A,508,17421450,encoded,,12333,False
B,506,17443338,encoded,,11855,False
A,509,17454797,encoded,,16667,False
B,507,17476693,encoded,,10000,False
A,510,17488119,encoded,,16666,False
B,508,17510024,encoded,,8873,False
A,511,17521453,encoded,,125208,True
B,509,17543346,encoded,,10800,False
A,512,17554787,encoded,,22322,False
B,510,17576675,encoded,,16666,False
A,513,17588122,encoded,,8687,False
B,511,17610014,encoded,,123205,True
A,514,17621456,encoded,,18727,False
B,512,17643348,encoded,,19240,False
A,515,17654790,encoded,,17530,False
B,513,17676678,encoded,,11761,False
A,516,17688125,encoded,,24331,False
B,514,17710011,encoded,,9902,False
A,517,17721461,encoded,,22408,False
B,515,17743350,encoded,,17726,False
A,518,17754794,encoded,,11263,False
B,516,17776687,encoded,,17107,False
A,519,17788151,encoded,,9585,False
B,517,17810019,encoded,,17679,False
A,520,17821482,encoded,,8212,False
B,518,17843354,encoded,,12642,False
A,521,17854819,encoded,,7922,False
B,519,17876680,encoded,,15719,False
A,522,17888138,encoded,,10364,False
B,520,17910015,encoded,,18038,False
A,523,17921461,encoded,,10270,False
B,521,17943351,encoded,,12437,False
A,524,17954802,encoded,,6608,False
B,522,17976691,encoded,,10012,False
B,523,18010018,encoded,,8184,False
A,525,17988135,encoded,,25465,False
A,526,18021487,encoded,,14524,False
B,524,18043352,encoded,,9288,False
A,527,18054800,encoded,,12920,False
B,525,18076696,encoded,,8442,False
A,528,18088135,encoded,,11403,False
B,526,18110022,encoded,,8451,False
A,529,18121492,encoded,,10057,False
B,527,18143363,encoded,,19284,False
A,530,18154803,encoded,,10357,False
B,528,18176692,encoded,,12647,False
A,531,18188138,encoded,,10130,False
B,529,18210041,encoded,,18824,False
A,532,18221480,encoded,,8975,False
B,530,18243363,encoded,,11975,False
A,533,18254803,encoded,,8887,False
B,531,18276704,encoded,,10335,False
A,534,18288138,encoded,,8392,False
B,532,18310049,encoded,,9381,False
A,535,18354817,encoded,,8080,False
B,533,18343381,encoded,,9977,False
A,536,18388147,encoded,,7907,False
B,534,18376693,encoded,,10039,False
A,537,18421479,encoded,,9466,False
B,535,18410048,encoded,,10635,False
A,538,18454810,encoded,,16667,False
B,536,18443386,encoded,,11473,False
A,539,18488143,encoded,,24558,False
B,537,18476699,encoded,,11047,False
A,540,18521476,encoded,,8775,False
B,538,18510046,encoded,,11217,False
A,541,18554811,encoded,,125403,True
B,539,18543389,encoded,,16667,False
A,542,18588145,encoded,,17784,False
B,540,18576697,encoded,,16666,False
A,543,18621500,encoded,,6823,False
B,541,18610032,encoded,,123775,True
A,544,18654813,encoded,,22461,False
B,542,18643376,encoded,,17760,False
A,545,18688146,encoded,,19001,False
B,543,18676716,encoded,,10255,False
A,546,18721480,encoded,,24606,False
B,544,18710041,encoded,,15741,False
A,547,18754831,encoded,,21231,False
B,545,18743393,encoded,,15826,False
A,548,18788150,encoded,,12417,False
B,546,18776705,encoded,,16790,False
A,549,18821512,encoded,,10303,False
B,547,18810040,encoded,,13761,False
A,550,18854821,encoded,,9360,False
B,548,18843386,encoded,,13269,False
A,551,18888154,encoded,,8015,False
B,549,18876708,encoded,,16746,False
A,552,18921488,encoded,,19461,False
A,553,18954823,encoded,,5221,False
B,550,18910055,encoded,,16968,False
B,551,18943388,encoded,,11116,False
A,554,18988154,encoded,,21556,False
B,552,18976726,encoded,,10387,False
A,555,19021489,encoded,,13825,False
B,553,19010057,encoded,,8845,False
A,556,19054823,encoded,,11630,False
B,554,19043394,encoded,,8913,False
A,557,19088156,encoded,,10012,False
B,555,19076716,encoded,,19323,False
A,558,19121490,encoded,,10555,False
B,556,19110062,encoded,,13054,False
A,559,19154824,encoded,,9173,False
B,557,19176731,encoded,,8101,False
A,560,19188160,encoded,,8610,False
B,558,19210062,encoded,,13874,False
A,561,19221493,encoded,,8741,False
B,559,19243382,encoded,,12805,False
A,562,19254827,encoded,,8122,False
B,560,19276714,encoded,,17746,False
A,563,19288161,encoded,,8203,False
B,561,19310056,encoded,,12645,False
A,564,19321496,encoded,,7972,False
B,562,19343386,encoded,,11130,False
A,565,19354829,encoded,,8026,False
B,563,19376744,encoded,,11238,False
A,566,19388164,encoded,,7567,False
B,564,19410055,encoded,,10578,False
A,567,19421496,encoded,,13922,False
B,565,19443386,encoded,,10778,False
A,568,19454833,encoded,,19145,False
B,566,19476719,encoded,,10663,False
A,569,19488170,encoded,,14189,False
B,567,19510054,encoded,,9822,False
A,570,19521500,encoded,,16666,False
B,568,19543397,encoded,,9126,False
A,571,19554834,encoded,,125165,True
B,569,19576728,encoded,,12299,False
A,572,19588168,encoded,,18448,False
B,570,19610065,encoded,,16666,False
A,573,19621504,encoded,,10553,False
B,571,19643390,encoded,,123201,True
A,574,19654837,encoded,,18556,False
B,572,19676729,encoded,,17975,False
A,575,19688171,encoded,,17835,False
B,573,19710066,encoded,,9163,False
A,576,19721505,encoded,,23408,False
B,574,19743404,encoded,,15995,False
A,577,19754843,encoded,,20465,False
B,575,19776733,encoded,,12768,False
A,578,19788175,encoded,,11595,False
B,576,19810070,encoded,,14828,False
A,579,19821509,encoded,,9304,False
B,577,19843402,encoded,,13605,False
A,580,19854850,encoded,,8556,False
B,578,19876732,encoded,,12213,False
A,581,19888174,encoded,,7874,False
B,579,19910071,encoded,,11307,False
A,582,19921509,encoded,,20037,False
B,580,19943398,encoded,,11607,False
A,583,19954844,encoded,,20980,False
B,581,19976732,encoded,,14145,False
A,584,19988177,encoded,,2712,False
B,582,20010066,encoded,,20967,False
A,585,20021512,encoded,,16139,False
B,583,20043407,encoded,,17491,False
A,586,20054847,encoded,,12863,False
B,584,20076744,encoded,,7462,False
A,587,20088236,encoded,,10892,False
B,585,20110072,encoded,,13702,False
A,588,20121519,encoded,,9572,False
B,586,20143405,encoded,,10606,False
A,589,20154904,encoded,,9019,False
B,587,20176739,encoded,,19348,False
A,590,20188182,encoded,,9048,False
B,588,20210072,encoded,,11904,False
A,591,20221566,encoded,,8236,False
B,589,20243416,encoded,,11409,False
A,592,20254868,encoded,,8832,False
B,590,20276747,encoded,,9804,False
A,593,20288186,encoded,,8302,False
B,591,20310081,encoded,,9548,False
A,594,20321522,encoded,,9457,False
B,592,20343414,encoded,,8526,False
A,595,20354852,encoded,,8421,False
B,593,20376746,encoded,,8960,False
A,596,20388192,encoded,,7616,False
B,594,20410081,encoded,,9371,False
A,597,20421521,encoded,,16115,False
B,595,20443420,encoded,,8914,False
A,598,20454865,encoded,,25158,False
B,596,20476753,encoded,,9036,False
A,599,20488198,encoded,,8176,False
B,597,20510085,encoded,,16145,False
A,600,20521533,encoded,,16666,False
B,598,20543415,encoded,,16667,False
A,601,20554874,encoded,,125207,True
B,599,20576765,encoded,,16667,False
A,602,20588192,encoded,,17531,False
B,600,20610086,encoded,,16666,False
A,603,20621526,encoded,,12551,False
B,601,20643430,encoded,,123240,True
A,604,20654862,encoded,,17576,False
B,602,20676767,encoded,,17097,False
A,605,20688194,encoded,,18076,False
B,603,20710085,encoded,,9510,False
A,606,20721527,encoded,,22982,False
B,604,20743424,encoded,,20580,False
A,607,20754862,encoded,,20429,False
B,605,20776753,encoded,,17573,False
A,608,20788205,encoded,,11868,False
B,606,20810092,encoded,,15807,False
A,609,20821537,encoded,,9100,False
B,607,20843445,encoded,,12534,False
A,610,20854897,encoded,,9270,False
B,608,20876761,encoded,,14728,False
A,611,20888236,encoded,,9019,False
B,609,20910103,encoded,,16150,False
A,612,20921533,encoded,,7231,False
B,610,20943434,encoded,,10034,False
A,613,20954871,encoded,,20282,False
B,611,20976789,encoded,,21999,False
A,614,20988201,encoded,,19899,False
B,612,21010109,encoded,,13469,False
A,615,21021536,encoded,,12724,False
B,613,21043438,encoded,,11407,False
A,616,21054869,encoded,,12013,False
B,614,21076759,encoded,,19015,False
A,617,21088219,encoded,,10435,False
B,615,21110111,encoded,,11654,False
A,618,21121537,encoded,,9924,False
B,616,21143436,encoded,,10221,False
A,619,21154872,encoded,,9301,False
B,617,21176762,encoded,,9648,False
A,620,21188207,encoded,,8994,False
B,618,21210103,encoded,,8702,False
A,621,21221539,encoded,,8660,False
B,619,21243437,encoded,,8298,False
A,622,21254877,encoded,,8467,False
B,620,21276768,encoded,,7856,False
A,623,21288207,encoded,,8290,False
B,621,21310115,encoded,,7917,False
A,624,21321545,encoded,,7587,False
B,622,21343455,encoded,,8011,False
A,625,21354877,encoded,,7322,False
B,623,21376788,encoded,,7028,False
A,626,21388213,encoded,,8596,False
B,624,21410105,encoded,,7012,False
A,627,21421543,encoded,,16666,False
B,625,21443436,encoded,,7177,False
A,628,21454878,encoded,,38006,False
B,626,21476775,encoded,,16667,False
A,629,21488212,encoded,,4078,False
B,627,21510103,encoded,,23287,False
A,630,21521548,encoded,,7916,False
B,628,21543437,encoded,,10046,False
A,631,21554881,encoded,,125335,True
B,629,21576780,encoded,,16667,False
A,632,21588219,encoded,,18333,False
B,630,21610112,encoded,,16666,False
A,633,21621552,encoded,,6791,False
B,631,21643447,encoded,,123336,True
A,634,21654895,encoded,,23379,False
B,632,21676775,encoded,,20429,False
A,635,21688221,encoded,,17793,False
B,633,21710110,encoded,,16037,False
A,636,21721562,encoded,,23438,False
B,634,21743453,encoded,,12680,False
A,637,21754893,encoded,,21587,False
B,635,21776776,encoded,,15320,False
A,638,21788269,encoded,,11851,False
B,636,21810116,encoded,,15818,False
A,639,21821557,encoded,,9207,False
B,637,21843445,encoded,,22434,False
A,640,21854906,encoded,,8025,False
B,638,21876779,encoded,,18192,False
A,641,21888222,encoded,,7458,False
B,639,21910117,encoded,,12218,False
A,642,21921555,encoded,,19335,False
B,640,21943448,encoded,,11111,False
A,643,21954896,encoded,,20838,False
B,641,21976780,encoded,,13862,False
A,644,21988231,encoded,,12844,False
B,642,22010113,encoded,,19171,False
A,645,22021570,encoded,,11169,False
B,643,22043453,encoded,,9684,False
A,646,22054901,encoded,,10139,False
B,644,22076782,encoded,,8336,False
A,647,22088227,encoded,,9912,False
B,645,22110118,encoded,,7134,False
A,648,22121576,encoded,,9486,False
B,646,22143456,encoded,,6415,False
A,649,22154899,encoded,,8786,False
B,647,22176785,encoded,,5771,False
A,650,22188234,encoded,,8662,False
B,648,22210127,encoded,,5700,False
A,651,22221564,encoded,,8184,False
B,649,22243459,encoded,,5297,False
A,652,22254897,encoded,,7960,False
B,650,22276788,encoded,,12002,False
A,653,22288238,encoded,,7751,False
B,651,22310126,encoded,,8808,False
A,654,22321576,encoded,,8754,False
B,652,22343457,encoded,,8230,False
A,655,22354900,encoded,,7901,False
B,653,22376794,encoded,,7811,False
A,656,22388234,encoded,,8416,False
B,654,22410129,encoded,,14204,False
A,657,22421568,encoded,,16666,False
B,655,22443468,encoded,,16667,False
A,658,22454909,encoded,,31910,False
B,656,22476813,encoded,,16667,False
A,659,22488246,encoded,,4339,False
B,657,22510127,encoded,,16666,False
A,660,22554906,encoded,,13751,False
B,658,22543465,encoded,,16667,False
A,661,22588248,encoded,,125300,True
B,659,22576807,encoded,,16667,False
A,662,22621573,encoded,,21943,False
B,660,22610141,encoded,,16666,False
A,663,22654907,encoded,,9801,False
B,661,22643486,encoded,,137773,True
A,664,22688241,encoded,,14885,False
B,662,22676809,encoded,,15671,False
A,665,22721575,encoded,,17706,False
B,663,22710141,encoded,,14541,False
A,666,22754910,encoded,,23584,False
B,664,22743474,encoded,,12056,False
A,667,22788255,encoded,,20877,False
B,665,22776815,encoded,,18717,False
A,668,22821578,encoded,,11181,False
B,666,22810152,encoded,,15750,False
A,669,22854914,encoded,,9266,False
B,667,22843479,encoded,,22766,False
A,670,22888247,encoded,,8437,False
B,668,22876802,encoded,,12305,False
A,671,22921581,encoded,,19930,False
B,669,22910150,encoded,,10073,False
A,672,22954916,encoded,,21147,False
B,670,22943491,encoded,,9024,False
A,673,22988248,encoded,,2628,False
B,671,22976826,encoded,,18038,False
A,674,23021582,encoded,,16096,False
B,672,23010161,encoded,,9742,False
A,675,23054916,encoded,,11766,False
B,673,23043492,encoded,,8338,False
A,676,23088250,encoded,,10252,False
B,674,23076829,encoded,,6952,False
A,677,23121584,encoded,,9760,False
B,675,23110150,encoded,,6343,False
A,678,23154920,encoded,,9403,False
B,676,23143523,encoded,,13820,False
A,679,23188253,encoded,,8475,False
B,677,23210155,encoded,,9390,False
A,680,23221587,encoded,,8115,False
B,678,23243479,encoded,,7936,False
A,681,23254921,encoded,,8234,False
B,679,23276812,encoded,,8063,False
A,682,23288256,encoded,,7989,False
B,680,23310149,encoded,,7147,False
A,683,23321590,encoded,,7490,False
B,681,23343482,encoded,,6487,False
A,684,23354926,encoded,,8466,False
B,682,23376835,encoded,,6242,False
A,685,23388257,encoded,,7950,False
B,683,23410175,encoded,,6174,False
A,686,23421594,encoded,,12653,False
B,684,23443498,encoded,,16652,False
A,687,23454926,encoded,,16666,False
B,685,23476829,encoded,,29892,False
A,688,23488261,encoded,,16667,False
B,686,23510156,encoded,,5236,False
A,689,23521595,encoded,,16667,False
B,687,23543484,encoded,,14872,False
A,690,23554927,encoded,,16666,False
B,688,23576821,encoded,,16667,False
A,691,23588262,encoded,,125344,True
B,689,23610153,encoded,,16667,False
A,692,23621595,encoded,,7621,False
B,690,23643492,encoded,,16666,False
A,693,23654945,encoded,,27555,False
B,691,23676821,encoded,,123242,True
A,694,23688265,encoded,,22909,False
B,692,23710163,encoded,,19747,False
A,695,23721603,encoded,,13796,False
B,693,23743499,encoded,,16020,False
A,696,23754932,encoded,,20828,False
B,694,23776823,encoded,,13526,False
A,697,23788268,encoded,,18239,False
B,695,23810159,encoded,,22185,False
A,698,23821603,encoded,,11278,False
B,696,23843505,encoded,,15050,False
A,699,23854935,encoded,,9303,False
B,697,23876831,encoded,,22375,False
A,700,23888284,encoded,,9534,False
B,698,23910171,encoded,,12870,False
A,701,23921604,encoded,,7883,False
B,699,23943505,encoded,,14364,False
A,702,23954955,encoded,,19659,False
B,700,23976830,encoded,,11090,False
A,703,23988292,encoded,,4403,False
B,701,24010163,encoded,,9900,False
A,704,24021608,encoded,,21559,False
B,702,24043498,encoded,,13730,False
A,705,24054993,encoded,,13121,False
B,703,24076837,encoded,,10541,False
A,706,24088282,encoded,,11372,False
B,704,24110178,encoded,,9193,False
A,707,24121615,encoded,,10266,False
B,705,24143506,encoded,,17633,False
A,708,24154948,encoded,,9773,False
B,706,24176835,encoded,,10558,False
A,709,24188286,encoded,,8963,False
B,707,24210174,encoded,,9727,False
A,710,24221623,encoded,,8633,False
B,708,24243507,encoded,,9232,False
A,711,24254952,encoded,,8431,False
B,709,24276842,encoded,,9096,False
A,712,24288286,encoded,,8401,False
B,710,24310180,encoded,,9367,False
A,713,24321623,encoded,,8062,False
B,711,24343528,encoded,,9116,False
A,714,24354965,encoded,,7898,False
B,712,24376859,encoded,,8526,False
A,715,24388281,encoded,,7389,False
B,713,24410201,encoded,,15123,False
A,716,24421616,encoded,,11114,False
B,714,24443520,encoded,,11493,False
A,717,24454950,encoded,,16666,False
B,715,24476852,encoded,,10468,False
A,718,24488284,encoded,,19540,False
B,716,24510183,encoded,,10823,False
A,719,24521648,encoded,,13794,False
B,717,24543532,encoded,,9885,False
A,720,24554977,encoded,,16666,False
B,718,24576849,encoded,,11787,False
A,721,24588287,encoded,,125166,True
B,719,24610178,encoded,,16667,False
A,722,24621623,encoded,,23149,False
B,720,24643516,encoded,,36466,False
A,723,24654954,encoded,,8882,False
B,721,24676862,encoded,,112983,True
A,724,24688288,encoded,,16970,False
B,722,24710185,encoded,,17915,False
A,725,24721622,encoded,,17427,False
B,723,24743532,encoded,,18189,False
A,726,24754959,encoded,,20851,False
B,724,24776850,encoded,,14297,False
A,727,24788293,encoded,,22413,False
B,725,24810196,encoded,,19231,False
A,728,24821626,encoded,,11776,False
B,726,24843529,encoded,,12636,False
A,729,24854958,encoded,,9069,False
B,727,24876867,encoded,,12645,False
A,730,24888293,encoded,,8649,False
B,728,24910192,encoded,,22432,False
A,731,24921628,encoded,,19650,False
B,729,24943549,encoded,,14124,False
A,732,24954963,encoded,,14482,False
B,730,24976856,encoded,,13800,False
A,733,24988295,encoded,,17339,False
B,731,25010192,encoded,,13204,False
A,734,25021629,encoded,,13726,False
B,732,25043551,encoded,,17178,False
A,735,25054964,encoded,,11191,False
B,733,25076872,encoded,,14198,False
A,736,25088297,encoded,,10506,False
B,734,25110191,encoded,,14531,False
A,737,25121633,encoded,,9945,False
B,735,25143536,encoded,,12499,False
A,738,25154968,encoded,,8777,False
B,736,25176872,encoded,,10954,False
A,739,25188300,encoded,,10017,False
B,737,25210197,encoded,,10389,False
A,740,25221633,encoded,,11776,False
B,738,25243525,encoded,,12880,False
A,741,25254970,encoded,,9488,False
B,739,25276871,encoded,,17803,False
A,742,25288303,encoded,,9022,False
B,740,25310196,encoded,,8725,False
A,743,25321636,encoded,,8627,False
B,741,25343539,encoded,,7448,False
A,744,25354969,encoded,,11312,False
B,742,25376869,encoded,,15692,False
A,745,25388304,encoded,,16573,False
B,743,25410207,encoded,,15040,False
A,746,25421639,encoded,,11679,False
B,744,25443531,encoded,,10900,False
A,747,25454979,encoded,,11173,False
B,745,25476873,encoded,,10611,False
A,748,25488307,encoded,,9363,False
B,746,25510204,encoded,,8992,False
A,749,25521646,encoded,,8369,False
B,747,25543538,encoded,,8749,False
A,750,25554975,encoded,,12633,False
B,748,25576868,encoded,,9066,False
A,751,25588334,encoded,,125356,True
B,749,25610202,encoded,,8314,False
A,752,25621643,encoded,,25981,False
B,750,25643540,encoded,,6956,False
A,753,25654987,encoded,,9678,False
B,751,25676870,encoded,,123199,True
A,754,25688334,encoded,,13078,False
B,752,25710210,encoded,,12853,False
A,755,25721654,encoded,,17208,False
B,753,25743538,encoded,,11864,False
B,754,25776878,encoded,,20727,False
A,756,25754988,encoded,,20856,False
B,755,25810212,encoded,,15177,False
A,757,25788314,encoded,,15153,False
A,758,25821665,encoded,,16618,False
B,756,25843553,encoded,,17064,False
A,759,25854983,encoded,,10600,False
B,757,25876877,encoded,,17127,False
A,760,25888321,encoded,,8867,False
B,758,25910213,encoded,,17733,False
A,761,25921652,encoded,,7423,False
B,759,25943557,encoded,,18090,False
A,762,25954984,encoded,,19572,False
B,760,25976885,encoded,,10882,False
A,763,25988319,encoded,,20248,False
B,761,26010224,encoded,,9843,False
A,764,26021652,encoded,,13189,False
B,762,26043548,encoded,,8861,False
A,765,26054995,encoded,,11337,False
B,763,26076881,encoded,,21671,False
A,766,26088323,encoded,,10780,False
B,764,26110216,encoded,,12539,False
A,767,26121664,encoded,,9993,False
B,765,26143557,encoded,,11570,False
A,768,26154996,encoded,,10084,False
B,766,26176916,encoded,,10730,False
A,769,26188325,encoded,,10475,False
B,767,26210227,encoded,,10839,False
A,770,26221698,encoded,,10203,False
B,768,26243555,encoded,,11465,False
A,771,26288337,encoded,,9435,False
B,769,26276896,encoded,,17793,False
A,772,26321670,encoded,,10043,False
B,770,26310219,encoded,,13386,False
A,773,26354994,encoded,,8050,False
B,771,26343556,encoded,,11246,False
A,774,26388329,encoded,,7965,False
B,772,26376891,encoded,,10150,False
A,775,26421664,encoded,,8326,False
B,773,26410237,encoded,,8809,False
A,776,26454996,encoded,,7759,False
B,774,26443557,encoded,,9201,False
A,777,26488353,encoded,,11723,False
B,775,26476896,encoded,,8953,False
A,778,26521665,encoded,,16667,False
B,776,26510231,encoded,,9206,False
A,779,26555016,encoded,,16667,False
B,777,26543613,encoded,,9491,False
A,780,26588339,encoded,,16666,False
B,778,26576914,encoded,,9508,False
A,781,26621668,encoded,,125201,True
B,779,26610238,encoded,,10755,False
A,782,26655002,encoded,,18619,False
B,780,26643571,encoded,,9847,False
A,783,26688335,encoded,,10815,False
B,781,26676905,encoded,,122861,True
A,784,26721672,encoded,,21118,False
B,782,26710252,encoded,,14929,False
A,785,26755024,encoded,,21292,False
B,783,26743569,encoded,,14046,False
A,786,26788371,encoded,,24713,False
B,784,26776897,encoded,,17968,False
A,787,26821671,encoded,,15559,False
B,785,26810237,encoded,,17508,False
A,788,26855007,encoded,,17315,False
B,786,26843606,encoded,,18992,False
A,789,26888340,encoded,,10731,False
B,787,26876907,encoded,,11770,False
A,790,26921673,encoded,,12275,False
B,788,26910236,encoded,,15644,False
A,791,26955008,encoded,,8596,False
B,789,26943599,encoded,,13184,False
A,792,26988342,encoded,,9807,False
B,790,26976906,encoded,,14735,False
A,793,27021676,encoded,,9070,False
B,791,27043597,encoded,,16899,False
A,794,27055009,encoded,,6712,False
B,792,27076910,encoded,,9585,False
A,795,27088345,encoded,,6544,False
B,793,27110245,encoded,,8973,False
A,796,27121681,encoded,,24037,False
B,794,27143581,encoded,,20461,False
A,797,27155014,encoded,,13897,False
B,795,27176907,encoded,,12984,False
A,798,27188347,encoded,,12372,False
B,796,27210246,encoded,,11598,False
A,799,27221682,encoded,,10872,False
B,797,27243607,encoded,,11107,False
A,800,27255015,encoded,,9801,False
B,798,27276915,encoded,,17518,False
A,801,27288350,encoded,,9249,False
B,799,27310254,encoded,,11553,False
A,802,27321685,encoded,,9042,False
B,800,27343596,encoded,,9202,False
A,803,27355036,encoded,,8805,False
B,801,27376910,encoded,,9192,False
A,804,27388358,encoded,,8579,False
B,802,27410250,encoded,,10447,False
A,805,27421688,encoded,,8051,False
B,803,27443590,encoded,,10718,False
A,806,27455020,encoded,,7729,False
B,804,27476922,encoded,,10364,False
A,807,27488355,encoded,,9199,False
B,805,27510248,encoded,,9588,False
A,808,27521694,encoded,,16667,False
B,806,27543594,encoded,,8768,False
A,809,27555027,encoded,,33351,False
B,807,27576921,encoded,,11683,False
A,810,27588357,encoded,,6493,False
B,808,27610249,encoded,,13036,False
A,811,27621690,encoded,,116156,True
B,809,27643591,encoded,,9016,False
A,812,27655030,encoded,,19922,False
B,810,27676927,encoded,,12911,False
A,813,27688359,encoded,,17584,False
B,811,27710257,encoded,,123093,True
A,814,27721701,encoded,,19155,False
B,812,27743586,encoded,,17633,False
A,815,27755048,encoded,,15881,False
B,813,27776930,encoded,,13716,False
A,816,27788367,encoded,,27657,False
B,814,27810260,encoded,,18072,False
A,817,27821702,encoded,,19052,False
B,815,27843598,encoded,,11246,False
A,818,27855047,encoded,,17510,False
B,816,27876927,encoded,,14202,False
A,819,27888381,encoded,,10869,False
B,817,27910263,encoded,,15698,False
B,818,27943604,encoded,,17508,False
A,820,27921710,encoded,,8737,False
B,819,27976927,encoded,,11754,False
A,821,27955031,encoded,,8138,False
B,820,28010261,encoded,,12660,False
A,822,27988371,encoded,,7556,False
B,821,28043599,encoded,,10226,False
A,823,28021701,encoded,,6677,False
B,822,28076931,encoded,,10817,False
A,824,28055040,encoded,,6978,False
B,823,28110285,encoded,,22235,False
A,825,28088369,encoded,,26177,False
B,824,28143615,encoded,,6653,False
A,826,28121702,encoded,,3131,False
B,825,28176931,encoded,,14863,False
A,827,28155036,encoded,,17028,False
B,826,28210272,encoded,,11957,False
A,828,28188370,encoded,,12061,False
B,827,28243604,encoded,,13251,False
A,829,28221706,encoded,,12319,False
B,828,28276940,encoded,,18462,False
A,830,28255045,encoded,,9896,False
B,829,28310267,encoded,,13172,False
A,831,28288375,encoded,,13023,False
B,830,28343610,encoded,,10470,False
A,832,28321708,encoded,,10753,False
B,831,28376944,encoded,,10483,False
A,833,28388380,encoded,,9387,False
B,832,28410274,encoded,,10478,False
A,834,28421709,encoded,,8340,False
B,833,28443626,encoded,,9448,False
A,835,28455047,encoded,,11329,False
B,834,28476938,encoded,,9855,False
A,836,28488403,encoded,,10771,False
B,835,28510280,encoded,,9366,False
A,837,28521749,encoded,,9487,False
B,836,28543606,encoded,,9782,False
A,838,28555052,encoded,,11630,False
B,837,28576953,encoded,,10924,False
A,839,28588384,encoded,,9619,False
B,838,28610273,encoded,,10459,False
A,840,28621748,encoded,,16666,False
B,839,28643621,encoded,,15524,False
A,841,28655063,encoded,,125241,True
B,840,28676949,encoded,,15993,False
A,842,28688382,encoded,,16078,False
B,841,28710296,encoded,,123271,True
A,843,28721716,encoded,,20331,False
B,842,28743626,encoded,,17284,False
A,844,28755055,encoded,,12925,False
B,843,28776953,encoded,,14867,False
A,845,28788387,encoded,,21800,False
B,844,28810292,encoded,,13572,False
A,846,28821721,encoded,,18000,False
B,845,28843625,encoded,,18747,False
A,847,28855062,encoded,,21396,False
B,846,28876949,encoded,,13059,False
A,848,28888387,encoded,,18952,False
B,847,28910284,encoded,,15779,False
A,849,28921721,encoded,,14450,False
B,848,28943624,encoded,,16578,False
A,850,28955055,encoded,,9939,False
B,849,28976952,encoded,,12907,False
A,851,28988389,encoded,,8501,False
B,850,29010290,encoded,,15624,False
A,852,29021724,encoded,,8203,False
B,851,29043621,encoded,,16885,False
A,853,29055059,encoded,,8918,False
B,852,29076973,encoded,,11348,False
A,854,29088394,encoded,,6323,False
B,853,29110303,encoded,,9815,False
A,855,29121725,encoded,,6817,False
B,854,29143632,encoded,,9638,False
A,856,29155060,encoded,,24526,False
B,855,29176964,encoded,,8723,False
A,857,29188394,encoded,,13558,False
B,856,29210314,encoded,,20036,False
A,858,29221742,encoded,,11885,False
B,857,29243625,encoded,,13478,False
A,859,29255062,encoded,,10876,False
B,858,29276971,encoded,,20464,False
A,860,29288397,encoded,,9895,False
B,859,29310294,encoded,,13705,False
A,861,29321733,encoded,,10043,False
B,860,29343644,encoded,,14294,False
A,862,29355063,encoded,,9283,False
B,861,29376990,encoded,,12982,False
A,863,29388399,encoded,,8960,False
B,862,29410301,encoded,,11604,False
A,864,29421739,encoded,,8304,False
B,863,29443636,encoded,,9445,False
A,865,29455078,encoded,,8559,False
B,864,29476964,encoded,,9282,False
A,866,29488402,encoded,,8135,False
B,865,29510299,encoded,,9065,False
A,867,29521736,encoded,,8102,False
B,866,29543636,encoded,,9000,False
A,868,29555085,encoded,,16667,False
B,867,29576965,encoded,,8612,False
A,869,29588420,encoded,,38914,False
B,868,29610298,encoded,,8903,False
A,870,29621748,encoded,,3813,False
B,869,29643650,encoded,,8231,False
A,871,29655096,encoded,,116304,True
B,870,29676972,encoded,,12802,False
A,872,29688413,encoded,,19513,False
B,871,29710309,encoded,,123101,True
A,873,29721746,encoded,,16381,False
B,872,29743640,encoded,,20665,False
A,874,29755074,encoded,,18371,False
B,873,29776977,encoded,,7498,False
A,875,29788450,encoded,,23773,False
B,874,29810306,encoded,,20955,False
A,876,29821748,encoded,,26350,False
B,875,29843640,encoded,,10764,False
A,877,29855076,encoded,,6477,False
B,876,29876986,encoded,,21683,False
A,878,29888424,encoded,,21056,False
B,877,29910322,encoded,,14023,False
A,879,29921746,encoded,,11972,False
B,878,29943640,encoded,,13639,False
B,879,29976985,encoded,,19676,False
A,880,29955084,encoded,,10338,False
A,881,29988412,encoded,,11969,False
B,880,30010324,encoded,,13351,False
A,882,30021751,encoded,,9727,False
B,881,30043642,encoded,,11148,False
A,883,30055110,encoded,,6782,False
B,882,30076978,encoded,,8730,False
A,884,30088420,encoded,,6900,False
B,883,30110313,encoded,,8736,False
A,885,30121773,encoded,,5866,False
B,884,30143658,encoded,,8779,False
B,885,30176998,encoded,,8287,False
A,886,30155084,encoded,,24992,False
B,886,30210337,encoded,,19353,False
A,887,30188418,encoded,,4181,False
B,887,30243656,encoded,,13468,False
A,888,30221753,encoded,,17197,False
B,888,30276980,encoded,,18964,False
A,889,30255085,encoded,,3944,False
B,889,30310330,encoded,,14777,False
A,890,30288420,encoded,,15559,False
B,890,30343652,encoded,,12991,False
A,891,30355088,encoded,,11213,False
B,891,30376994,encoded,,11315,False
A,892,30388423,encoded,,9632,False
B,892,30410330,encoded,,10665,False
A,893,30421756,encoded,,9132,False
B,893,30443671,encoded,,10591,False
A,894,30455091,encoded,,8726,False
B,894,30476985,encoded,,10800,False
A,895,30488425,encoded,,8278,False
B,895,30510336,encoded,,10803,False
A,896,30521759,encoded,,8153,False
B,896,30543659,encoded,,10169,False
A,897,30555093,encoded,,7820,False
B,897,30576989,encoded,,8444,False
A,898,30588428,encoded,,16667,False
B,898,30610324,encoded,,10103,False
A,899,30621761,encoded,,25933,False
B,899,30643660,encoded,,10049,False
A,900,30655098,encoded,,7400,False
B,900,30676997,encoded,,16473,False
A,901,30688429,encoded,,125114,True
B,901,30710341,encoded,,123647,True
A,902,30721764,encoded,,17893,False
B,902,30743666,encoded,,20344,False
A,903,30755098,encoded,,6820,False
B,903,30776999,encoded,,8300,False
A,904,30788437,encoded,,23463,False
B,904,30810332,encoded,,15268,False
A,905,30821766,encoded,,18226,False
B,905,30843661,encoded,,14851,False
A,906,30855099,encoded,,24859,False
B,906,30876994,encoded,,17627,False
A,907,30888433,encoded,,20962,False
B,907,30910330,encoded,,17865,False
A,908,30921780,encoded,,13262,False
B,908,30943668,encoded,,18603,False
A,909,30955103,encoded,,10190,False
B,909,30977012,encoded,,18226,False
A,910,30988436,encoded,,8353,False
B,910,31010330,encoded,,12418,False
A,911,31021770,encoded,,7485,False
B,911,31043668,encoded,,10264,False
A,912,31055111,encoded,,6661,False
B,912,31077004,encoded,,9350,False
A,913,31088441,encoded,,6195,False
B,913,31110334,encoded,,8059,False
A,914,31121788,encoded,,25969,False
B,914,31143673,encoded,,18654,False
A,915,31155106,encoded,,14680,False
B,915,31177004,encoded,,12927,False
A,916,31188442,encoded,,11516,False
B,916,31210335,encoded,,19795,False
A,917,31221829,encoded,,10610,False
B,917,31243676,encoded,,12635,False
A,918,31255110,encoded,,9360,False
B,918,31277013,encoded,,11571,False
A,919,31288454,encoded,,9470,False
B,919,31310341,encoded,,11372,False
A,920,31321777,encoded,,9444,False
B,920,31343674,encoded,,9662,False
A,921,31355146,encoded,,8708,False
B,921,31377029,encoded,,9423,False
A,922,31388455,encoded,,8368,False
B,922,31410341,encoded,,9320,False
A,923,31421818,encoded,,8230,False
B,923,31443681,encoded,,9283,False
A,924,31455121,encoded,,7807,False
B,924,31477016,encoded,,10070,False
A,925,31488468,encoded,,7858,False
B,925,31510353,encoded,,12525,False
A,926,31521784,encoded,,11831,False
B,926,31543682,encoded,,12227,False
A,927,31555121,encoded,,16666,False
B,927,31577018,encoded,,10891,False
A,928,31588453,encoded,,19158,False
B,928,31610351,encoded,,11432,False
A,929,31621799,encoded,,14176,False
B,929,31643691,encoded,,9939,False
A,930,31655122,encoded,,16666,False
B,930,31677019,encoded,,13452,False
A,931,31688454,encoded,,125303,True
B,931,31710378,encoded,,123111,True
A,932,31721787,encoded,,9800,False
B,932,31743691,encoded,,19495,False
A,933,31755132,encoded,,13993,False
B,933,31777034,encoded,,7791,False
A,934,31788455,encoded,,24915,False
B,934,31810363,encoded,,16614,False
A,935,31821791,encoded,,18108,False
B,935,31843697,encoded,,12619,False
A,936,31855123,encoded,,23926,False
B,936,31877029,encoded,,16674,False
A,937,31888464,encoded,,20242,False
B,937,31910366,encoded,,12736,False
A,938,31921813,encoded,,11377,False
B,938,31943691,encoded,,11724,False
A,939,31955126,encoded,,9301,False
B,939,31977037,encoded,,11440,False
A,940,31988463,encoded,,8698,False
B,940,32010369,encoded,,14533,False
A,941,32021793,encoded,,7553,False
B,941,32043703,encoded,,16373,False
A,942,32055129,encoded,,19664,False
B,942,32077035,encoded,,16209,False
A,943,32088481,encoded,,19870,False
B,943,32110371,encoded,,11224,False
A,944,32121803,encoded,,2929,False
B,944,32143705,encoded,,10674,False
A,945,32155131,encoded,,16238,False
B,945,32177046,encoded,,9577,False
A,946,32188465,encoded,,12168,False
B,946,32210381,encoded,,8788,False
A,947,32221798,encoded,,10568,False
B,947,32243717,encoded,,19920,False
A,948,32255133,encoded,,10305,False
B,948,32277038,encoded,,13799,False
A,949,32288470,encoded,,9629,False
B,949,32310364,encoded,,12368,False
A,950,32321800,encoded,,9657,False
B,950,32343711,encoded,,11386,False
A,951,32355136,encoded,,9209,False
B,951,32377052,encoded,,21003,False
A,952,32388469,encoded,,8142,False
B,952,32410389,encoded,,14706,False
A,953,32421804,encoded,,8059,False
B,953,32443705,encoded,,13077,False
A,954,32455141,encoded,,8201,False
B,954,32477035,encoded,,11253,False
A,955,32488473,encoded,,8428,False
B,955,32510382,encoded,,10449,False
A,956,32521807,encoded,,9716,False
B,956,32543713,encoded,,10105,False
A,957,32555141,encoded,,14172,False
B,957,32577037,encoded,,13100,False
A,958,32588474,encoded,,16496,False
B,958,32610375,encoded,,13489,False
A,959,32621808,encoded,,16667,False
B,959,32643706,encoded,,10395,False
A,960,32655142,encoded,,16666,False
B,960,32677045,encoded,,11009,False
A,961,32688476,encoded,,125300,True
B,961,32710376,encoded,,123046,True
A,962,32721811,encoded,,23406,False
B,962,32743711,encoded,,14176,False
A,963,32755144,encoded,,9868,False
B,963,32777045,encoded,,12019,False
A,964,32788480,encoded,,15821,False
B,964,32810387,encoded,,15179,False
A,965,32821813,encoded,,17749,False
B,965,32843729,encoded,,17857,False
A,966,32855146,encoded,,23876,False
B,966,32877048,encoded,,17651,False
A,967,32888481,encoded,,19676,False
B,967,32910380,encoded,,11475,False
A,968,32921814,encoded,,11352,False
B,968,32943727,encoded,,10454,False
A,969,32955148,encoded,,9793,False
B,969,32977051,encoded,,10208,False
A,970,32988483,encoded,,8301,False
B,970,33010382,encoded,,8833,False
A,971,33021818,encoded,,7360,False
B,971,33043715,encoded,,12280,False
A,972,33055154,encoded,,19225,False
B,972,33077050,encoded,,18932,False
A,973,33088493,encoded,,20745,False
B,973,33110383,encoded,,9651,False
A,974,33121819,encoded,,2656,False
B,974,33143725,encoded,,21552,False
A,975,33155156,encoded,,16340,False
B,975,33177056,encoded,,6805,False
A,976,33188488,encoded,,11240,False
B,976,33210394,encoded,,15445,False
A,977,33221823,encoded,,10098,False
B,977,33243726,encoded,,20963,False
A,978,33255157,encoded,,9623,False
B,978,33277055,encoded,,12557,False
B,979,33310397,encoded,,12108,False
A,979,33288491,encoded,,9083,False
A,980,33321874,encoded,,8433,False
B,980,33343726,encoded,,12057,False
A,981,33355159,encoded,,9359,False
B,981,33377059,encoded,,12231,False
A,982,33388501,encoded,,7992,False
B,982,33410400,encoded,,11971,False
A,983,33421834,encoded,,8197,False
B,983,33443726,encoded,,11153,False
A,984,33455161,encoded,,8192,False
B,984,33477065,encoded,,11030,False
A,985,33488495,encoded,,7301,False
B,985,33510403,encoded,,9724,False
A,986,33521853,encoded,,12348,False
B,986,33543737,encoded,,10121,False
A,987,33555203,encoded,,16666,False
B,987,33577068,encoded,,9295,False
A,988,33588514,encoded,,16667,False
B,988,33610402,encoded,,9255,False
A,989,33621833,encoded,,16667,False
B,989,33643741,encoded,,9665,False
A,990,33655181,encoded,,16666,False
B,990,33677081,encoded,,16666,False
B,991,33710398,encoded,,123072,True
A,991,33688502,encoded,,125474,True
A,992,33721854,encoded,,8629,False
B,992,33743738,encoded,,12314,False
A,993,33755188,encoded,,14973,False
B,993,33777084,encoded,,23605,False
A,994,33821837,encoded,,23528,False
B,994,33810420,encoded,,8407,False
A,995,33855170,encoded,,18848,False
B,995,33843739,encoded,,12832,False
A,996,33888506,encoded,,24229,False
B,996,33877081,encoded,,16050,False
A,997,33921840,encoded,,21631,False
B,997,33910417,encoded,,10214,False
A,998,33955174,encoded,,12065,False
B,998,33943758,encoded,,12340,False
A,999,33988509,encoded,,9340,False
B,999,33977087,encoded,,10651,False
A,1000,34021872,encoded,,7986,False
B,1000,34010414,encoded,,19654,False
A,1001,34055175,encoded,,20743,False
B,1001,34043742,encoded,,15272,False
A,1002,34088519,encoded,,4920,False
B,1002,34077072,encoded,,10545,False
A,1003,34121844,encoded,,22000,False
B,1003,34110419,encoded,,9454,False
A,1004,34155179,encoded,,13758,False
B,1004,34143753,encoded,,8630,False
A,1005,34188512,encoded,,10986,False
B,1005,34177082,encoded,,19419,False
A,1006,34221846,encoded,,10894,False
B,1006,34210419,encoded,,13898,False
A,1007,34255181,encoded,,9552,False
B,1007,34243754,encoded,,19145,False
A,1008,34288515,encoded,,9426,False
B,1008,34277088,encoded,,12813,False
A,1009,34321876,encoded,,8914,False
B,1009,34310415,encoded,,11330,False
A,1010,34355184,encoded,,8550,False
B,1010,34343752,encoded,,10250,False
A,1011,34388518,encoded,,8305,False
B,1011,34377085,encoded,,9957,False
A,1012,34421851,encoded,,8271,False
B,1012,34410433,encoded,,9661,False
A,1013,34455185,encoded,,7981,False
B,1013,34443756,encoded,,9184,False
A,1014,34488520,encoded,,7891,False
B,1014,34477112,encoded,,8230,False
A,1015,34521854,encoded,,7701,False
B,1015,34510443,encoded,,8946,False
A,1016,34555189,encoded,,7537,False
B,1016,34543761,encoded,,9861,False
A,1017,34588521,encoded,,15868,False
B,1017,34577116,encoded,,14266,False
A,1018,34621857,encoded,,24923,False
B,1018,34610441,encoded,,16667,False
A,1019,34655190,encoded,,8411,False
B,1019,34643760,encoded,,16667,False
A,1020,34688523,encoded,,16666,False
B,1020,34710421,encoded,,16666,False
A,1021,34721857,encoded,,125405,True
B,1021,34743761,encoded,,123251,True
A,1022,34755190,encoded,,23176,False
B,1022,34777102,encoded,,19585,False
A,1023,34788526,encoded,,9041,False
B,1023,34810444,encoded,,8413,False
A,1024,34821861,encoded,,17426,False
B,1024,34843764,encoded,,15192,False
A,1025,34855194,encoded,,17654,False
B,1025,34877094,encoded,,14474,False
A,1026,34888528,encoded,,23984,False
B,1026,34910437,encoded,,17145,False
A,1027,34921863,encoded,,19600,False
B,1027,34943767,encoded,,17249,False
A,1028,34955204,encoded,,11980,False
B,1028,34977097,encoded,,12607,False
A,1029,34988530,encoded,,10770,False
B,1029,35010430,encoded,,13896,False
A,1030,35021865,encoded,,8532,False
B,1030,35043771,encoded,,14691,False
A,1031,35055199,encoded,,7312,False
B,1031,35077099,encoded,,22793,False
A,1032,35088533,encoded,,19506,False
B,1032,35110434,encoded,,7072,False
A,1033,35121868,encoded,,19886,False
B,1033,35143770,encoded,,14732,False
A,1034,35155203,encoded,,13486,False
B,1034,35177102,encoded,,11448,False
A,1035,35188590,encoded,,11607,False
B,1035,35210434,encoded,,11180,False
A,1036,35221869,encoded,,10950,False
B,1036,35243771,encoded,,10388,False
A,1037,35255204,encoded,,9819,False
B,1037,35277110,encoded,,19493,False
A,1038,35288542,encoded,,9352,False
B,1038,35310443,encoded,,11833,False
A,1039,35321875,encoded,,9071,False
B,1039,35343774,encoded,,10438,False
A,1040,35355208,encoded,,8624,False
B,1040,35377116,encoded,,11143,False
A,1041,35388561,encoded,,8623,False
B,1041,35410438,encoded,,11905,False
A,1042,35421875,encoded,,8137,False
B,1042,35443774,encoded,,11423,False
A,1043,35455235,encoded,,8515,False
B,1043,35477115,encoded,,11826,False
A,1044,35488551,encoded,,7982,False
B,1044,35510442,encoded,,9666,False
A,1045,35521878,encoded,,7636,False
B,1045,35543782,encoded,,8581,False
A,1046,35555212,encoded,,8731,False
B,1046,35577115,encoded,,7992,False
A,1047,35588563,encoded,,13195,False
B,1047,35610446,encoded,,8003,False
A,1048,35621894,encoded,,16667,False
B,1048,35643785,encoded,,10248,False
A,1049,35655255,encoded,,19144,False
B,1049,35677121,encoded,,16667,False
A,1050,35688554,encoded,,14189,False
B,1050,35710447,encoded,,22564,False
A,1051,35721902,encoded,,125161,True
B,1051,35743778,encoded,,123084,True
A,1052,35755218,encoded,,17734,False
B,1052,35777115,encoded,,17545,False
A,1053,35788561,encoded,,6951,False
B,1053,35810450,encoded,,7739,False
A,1054,35821885,encoded,,23049,False
B,1054,35843789,encoded,,20046,False
A,1055,35855237,encoded,,10100,False
B,1055,35877120,encoded,,13413,False
A,1056,35888562,encoded,,26270,False
B,1056,35910454,encoded,,16209,False
A,1057,35921895,encoded,,16507,False
B,1057,35943796,encoded,,17939,False
A,1058,35955240,encoded,,18439,False
B,1058,35977124,encoded,,14183,False
A,1059,35988562,encoded,,10922,False
B,1059,36010455,encoded,,20937,False
A,1060,36021921,encoded,,9322,False
B,1060,36043792,encoded,,10783,False
A,1061,36055224,encoded,,20783,False
B,1061,36077123,encoded,,9275,False
A,1062,36088598,encoded,,22788,False
B,1062,36110458,encoded,,9178,False
A,1063,36121893,encoded,,2900,False
B,1063,36143798,encoded,,20192,False
A,1064,36155224,encoded,,17047,False
B,1064,36177129,encoded,,11816,False
A,1065,36188559,encoded,,12190,False
B,1065,36210464,encoded,,11589,False
A,1066,36221907,encoded,,11032,False
B,1066,36243805,encoded,,10704,False
A,1067,36255229,encoded,,9937,False
B,1067,36277139,encoded,,18717,False
A,1068,36288564,encoded,,9580,False
B,1068,36310472,encoded,,12301,False
A,1069,36321897,encoded,,9212,False
B,1069,36343817,encoded,,11610,False
A,1070,36355233,encoded,,8872,False
B,1070,36377140,encoded,,10821,False
A,1071,36388577,encoded,,8281,False
B,1071,36410519,encoded,,9922,False
A,1072,36421897,encoded,,9020,False
B,1072,36443801,encoded,,9787,False
A,1073,36455232,encoded,,7899,False
B,1073,36477139,encoded,,9592,False
A,1074,36488567,encoded,,8070,False
B,1074,36510473,encoded,,8508,False
A,1075,36521900,encoded,,8280,False
B,1075,36543810,encoded,,9557,False
A,1076,36555235,encoded,,7625,False
B,1076,36577136,encoded,,9855,False
A,1077,36588568,encoded,,12029,False
B,1077,36610469,encoded,,9380,False
A,1078,36621906,encoded,,16667,False
B,1078,36643808,encoded,,8331,False
A,1079,36655237,encoded,,16667,False
B,1079,36677137,encoded,,14423,False
A,1080,36688571,encoded,,16666,False
B,1080,36710480,encoded,,16666,False
A,1081,36721905,encoded,,125243,True
B,1081,36743819,encoded,,122770,True
A,1082,36755239,encoded,,23299,False
B,1082,36777145,encoded,,19690,False
A,1083,36788578,encoded,,9156,False
B,1083,36810473,encoded,,12282,False
A,1084,36821908,encoded,,17239,False
B,1084,36843825,encoded,,17078,False
A,1085,36855241,encoded,,17580,False
B,1085,36877148,encoded,,16730,False
A,1086,36888580,encoded,,22709,False
B,1086,36910494,encoded,,16298,False
A,1087,36921910,encoded,,19895,False
B,1087,36943815,encoded,,12463,False
A,1088,36955247,encoded,,11318,False
B,1088,36977145,encoded,,14692,False
A,1089,36988595,encoded,,10043,False
B,1089,37010484,encoded,,16732,False
A,1090,37021913,encoded,,8333,False
B,1090,37043818,encoded,,10813,False
A,1091,37055247,encoded,,20642,False
B,1091,37077154,encoded,,9591,False
A,1092,37088639,encoded,,21867,False
B,1092,37110491,encoded,,8472,False
A,1093,37121934,encoded,,13714,False
B,1093,37143826,encoded,,20082,False
A,1094,37155256,encoded,,2835,False
B,1094,37177148,encoded,,13306,False
A,1095,37188615,encoded,,15175,False
B,1095,37210482,encoded,,19054,False
A,1096,37221924,encoded,,10836,False
B,1096,37243838,encoded,,14229,False
A,1097,37255267,encoded,,10531,False
B,1097,37277151,encoded,,12153,False
A,1098,37288584,encoded,,9526,False
B,1098,37310483,encoded,,11877,False
A,1099,37321929,encoded,,8753,False
B,1099,37343832,encoded,,9969,False
A,1100,37355262,encoded,,8917,False
B,1100,37377154,encoded,,10057,False
A,1101,37388596,encoded,,9564,False
B,1101,37410528,encoded,,9382,False
A,1102,37421925,encoded,,8425,False
B,1102,37443833,encoded,,9233,False
A,1103,37455258,encoded,,8494,False
B,1103,37477160,encoded,,8293,False
A,1104,37488633,encoded,,8312,False
B,1104,37510500,encoded,,9546,False
A,1105,37521934,encoded,,7752,False
B,1105,37543836,encoded,,8506,False
A,1106,37555258,encoded,,7752,False
B,1106,37577170,encoded,,10515,False
A,1107,37588593,encoded,,12090,False
B,1107,37610496,encoded,,10478,False
A,1108,37621926,encoded,,16667,False
B,1108,37643835,encoded,,12376,False
A,1109,37655307,encoded,,18164,False
B,1109,37677177,encoded,,16667,False
A,1110,37721929,encoded,,15169,False
B,1110,37710505,encoded,,16666,False
A,1111,37755264,encoded,,125432,True
B,1111,37743839,encoded,,137755,True
A,1112,37788598,encoded,,22613,False
B,1112,37777166,encoded,,16640,False
A,1113,37821932,encoded,,9987,False
B,1113,37810505,encoded,,6345,False
A,1114,37855284,encoded,,15304,False
B,1114,37843848,encoded,,9432,False
A,1115,37888599,encoded,,18127,False
B,1115,37877171,encoded,,16808,False
A,1116,37921936,encoded,,23494,False
B,1116,37910508,encoded,,16577,False
A,1117,37955303,encoded,,20954,False
B,1117,37943848,encoded,,17188,False
A,1118,37988620,encoded,,11800,False
B,1118,37977180,encoded,,17243,False
A,1119,38021936,encoded,,9531,False
B,1119,38010514,encoded,,10871,False
A,1120,38055274,encoded,,8269,False
B,1120,38043850,encoded,,9965,False
A,1121,38088610,encoded,,19694,False
B,1121,38077175,encoded,,9045,False
A,1122,38121939,encoded,,21497,False
B,1122,38110506,encoded,,20097,False
A,1123,38155274,encoded,,14360,False
B,1123,38143841,encoded,,12026,False
A,1124,38188606,encoded,,12433,False
B,1124,38177179,encoded,,11608,False
A,1125,38221941,encoded,,11221,False
B,1125,38210530,encoded,,10749,False
A,1126,38255275,encoded,,11596,False
B,1126,38243859,encoded,,19500,False
A,1127,38288609,encoded,,9896,False
B,1127,38277189,encoded,,15392,False
A,1128,38321943,encoded,,9607,False
B,1128,38310535,encoded,,12300,False
A,1129,38355276,encoded,,12000,False
B,1129,38377191,encoded,,12467,False
A,1130,38388611,encoded,,10578,False
B,1130,38410516,encoded,,11447,False
A,1131,38421944,encoded,,9627,False
B,1131,38443852,encoded,,8843,False
A,1132,38455281,encoded,,11561,False
B,1132,38477181,encoded,,9830,False
A,1133,38488615,encoded,,9849,False
B,1133,38510515,encoded,,9629,False
A,1134,38521949,encoded,,8808,False
B,1134,38543851,encoded,,8099,False
A,1135,38555283,encoded,,9001,False
B,1135,38577188,encoded,,9016,False
A,1136,38588617,encoded,,7787,False
B,1136,38610527,encoded,,8305,False
A,1137,38621959,encoded,,7976,False
B,1137,38643852,encoded,,7433,False
A,1138,38655296,encoded,,7414,False
B,1138,38677186,encoded,,12057,False
A,1139,38688620,encoded,,12918,False
B,1139,38710520,encoded,,16667,False
A,1140,38721960,encoded,,16666,False
B,1140,38743854,encoded,,16666,False
A,1141,38755293,encoded,,125140,True
B,1141,38777194,encoded,,122977,True
A,1142,38788623,encoded,,9637,False
B,1142,38810534,encoded,,16735,False
A,1143,38821954,encoded,,27209,False
B,1143,38843856,encoded,,10277,False
A,1144,38855307,encoded,,15754,False
B,1144,38877191,encoded,,20869,False
A,1145,38888639,encoded,,19962,False
B,1145,38910532,encoded,,13165,False
A,1146,38921957,encoded,,21510,False
B,1146,38943894,encoded,,19603,False
A,1147,38955293,encoded,,17874,False
B,1147,38977196,encoded,,13852,False
A,1148,38988625,encoded,,10940,False
B,1148,39010529,encoded,,15821,False
A,1149,39021962,encoded,,9268,False
B,1149,39043868,encoded,,13016,False
A,1150,39055307,encoded,,7843,False
B,1150,39077201,encoded,,14237,False
A,1151,39088628,encoded,,20061,False
B,1151,39110536,encoded,,10719,False
A,1152,39121979,encoded,,21221,False
B,1152,39143871,encoded,,9340,False
A,1153,39155295,encoded,,3753,False
B,1153,39177197,encoded,,21767,False
A,1154,39188636,encoded,,5679,False
B,1154,39210531,encoded,,7567,False
A,1155,39221998,encoded,,18744,False
B,1155,39243870,encoded,,14448,False
A,1156,39255300,encoded,,13622,False
B,1156,39277208,encoded,,12217,False
B,1157,39310540,encoded,,11425,False
A,1157,39288640,encoded,,12621,False
A,1158,39321979,encoded,,9942,False
B,1158,39343868,encoded,,17783,False
A,1159,39355305,encoded,,10188,False
B,1159,39377215,encoded,,12011,False
A,1160,39388653,encoded,,8927,False
B,1160,39410555,encoded,,11840,False
A,1161,39421972,encoded,,8458,False
B,1161,39443881,encoded,,10482,False
A,1162,39455304,encoded,,8340,False
B,1162,39477208,encoded,,10138,False
A,1163,39488637,encoded,,7974,False
B,1163,39510544,encoded,,8273,False
A,1164,39521980,encoded,,7994,False
B,1164,39543876,encoded,,8724,False
A,1165,39555306,encoded,,7735,False
B,1165,39577221,encoded,,7791,False
A,1166,39588686,encoded,,7368,False
B,1166,39610549,encoded,,8278,False
A,1167,39621977,encoded,,12236,False
B,1167,39643880,encoded,,7096,False
A,1168,39655326,encoded,,16667,False
B,1168,39677221,encoded,,16216,False
A,1169,39688643,encoded,,18955,False
B,1169,39710571,encoded,,22888,False
A,1170,39721978,encoded,,14378,False
B,1170,39743893,encoded,,10445,False
A,1171,39755316,encoded,,125264,True
B,1171,39777227,encoded,,122837,True
A,1172,39788645,encoded,,18389,False
B,1172,39810554,encoded,,13737,False
A,1173,39821980,encoded,,6981,False
B,1173,39843886,encoded,,10373,False
A,1174,39855313,encoded,,23525,False
B,1174,39877228,encoded,,19918,False
A,1175,39888660,encoded,,17731,False
B,1175,39910549,encoded,,20551,False
A,1176,39921982,encoded,,24445,False
B,1176,39943888,encoded,,10718,False
A,1177,39955343,encoded,,20933,False
B,1177,39977221,encoded,,14679,False
A,1178,39988661,encoded,,11753,False
B,1178,40010573,encoded,,24369,False
A,1179,40021983,encoded,,9552,False
B,1179,40043886,encoded,,14319,False
A,1180,40055353,encoded,,8586,False
B,1180,40077218,encoded,,15299,False
A,1181,40088665,encoded,,21261,False
B,1181,40110557,encoded,,17700,False
A,1182,40121987,encoded,,20850,False
B,1182,40143896,encoded,,9578,False
A,1183,40155348,encoded,,2997,False
B,1183,40177226,encoded,,11152,False
A,1184,40188664,encoded,,17247,False
B,1184,40210583,encoded,,19703,False
A,1185,40221988,encoded,,12159,False
B,1185,40243914,encoded,,11526,False
A,1186,40255322,encoded,,10887,False
B,1186,40277229,encoded,,10631,False
A,1187,40288660,encoded,,10143,False
B,1187,40310576,encoded,,8887,False
A,1188,40321992,encoded,,10235,False
B,1188,40343904,encoded,,8951,False
A,1189,40355326,encoded,,9740,False
B,1189,40377244,encoded,,8951,False
A,1190,40388659,encoded,,9015,False
B,1190,40410586,encoded,,9675,False
A,1191,40421998,encoded,,8524,False
B,1191,40443902,encoded,,9717,False
A,1192,40455328,encoded,,8089,False
B,1192,40477234,encoded,,9012,False
A,1193,40488661,encoded,,8195,False
B,1193,40510574,encoded,,7260,False
A,1194,40521995,encoded,,8522,False
B,1194,40543902,encoded,,7661,False
A,1195,40555330,encoded,,7480,False
B,1195,40577237,encoded,,6809,False
A,1196,40588663,encoded,,7310,False
B,1196,40610574,encoded,,9321,False
A,1197,40622003,encoded,,10187,False
B,1197,40643911,encoded,,16666,False
A,1198,40655331,encoded,,16667,False
B,1198,40677241,encoded,,22729,False
A,1199,40688665,encoded,,29040,False
B,1199,40710575,encoded,,10605,False
A,1200,40721999,encoded,,4717,False
B,1200,40743908,encoded,,16666,False
A,1201,40755333,encoded,,125218,True
B,1201,40777238,encoded,,122950,True
A,1202,40788677,encoded,,18077,False
B,1202,40810580,encoded,,20080,False
A,1203,40822004,encoded,,6937,False
B,1203,40843906,encoded,,11999,False
A,1204,40855358,encoded,,23657,False
B,1204,40877249,encoded,,18563,False
A,1205,40888671,encoded,,17875,False
B,1205,40910574,encoded,,13006,False
A,1206,40922006,encoded,,23894,False
B,1206,40943907,encoded,,13898,False
A,1207,40955339,encoded,,22265,False
B,1207,40977243,encoded,,11037,False
A,1208,40988673,encoded,,11950,False
B,1208,41010582,encoded,,12534,False
A,1209,41022006,encoded,,9659,False
B,1209,41043917,encoded,,22645,False
A,1210,41055342,encoded,,8588,False
B,1210,41077252,encoded,,8883,False
A,1211,41088723,encoded,,20881,False
B,1211,41110586,encoded,,9266,False
A,1212,41122032,encoded,,5593,False
B,1212,41143921,encoded,,15305,False
A,1213,41155344,encoded,,16176,False
B,1213,41177248,encoded,,12465,False
A,1214,41188683,encoded,,17076,False
B,1214,41210587,encoded,,20186,False
A,1215,41222027,encoded,,12565,False
B,1215,41243924,encoded,,13056,False
A,1216,41255379,encoded,,10740,False
B,1216,41277253,encoded,,11505,False
A,1217,41288691,encoded,,9750,False
B,1217,41310586,encoded,,19507,False
A,1218,41322021,encoded,,9559,False
B,1218,41343922,encoded,,12455,False
A,1219,41355348,encoded,,9168,False
B,1219,41377251,encoded,,10951,False
A,1220,41388720,encoded,,8385,False
B,1220,41410586,encoded,,10302,False
A,1221,41422034,encoded,,8435,False
B,1221,41443919,encoded,,10264,False
A,1222,41455382,encoded,,7949,False
B,1222,41477252,encoded,,9749,False
A,1223,41488706,encoded,,8176,False
B,1223,41510589,encoded,,9121,False
A,1224,41522042,encoded,,7840,False
B,1224,41543946,encoded,,7971,False
A,1225,41555383,encoded,,8335,False
B,1225,41577262,encoded,,8077,False
A,1226,41588706,encoded,,7563,False
B,1226,41610599,encoded,,7786,False
A,1227,41622022,encoded,,13265,False
B,1227,41643927,encoded,,8062,False
A,1228,41655366,encoded,,16667,False
B,1228,41677272,encoded,,15044,False
A,1229,41688690,encoded,,16667,False
B,1229,41710593,encoded,,16667,False
A,1230,41722030,encoded,,16666,False
B,1230,41743939,encoded,,16666,False
A,1231,41755374,encoded,,125388,True
B,1231,41777279,encoded,,122880,True
A,1232,41788711,encoded,,22712,False
B,1232,41810600,encoded,,13708,False
A,1233,41822049,encoded,,8502,False
B,1233,41843933,encoded,,14116,False
A,1234,41855407,encoded,,17224,False
B,1234,41877283,encoded,,20353,False
A,1235,41922030,encoded,,21025,False
B,1235,41910603,encoded,,13811,False
A,1236,41955388,encoded,,17658,False
B,1236,41943940,encoded,,19149,False
A,1237,41988701,encoded,,15676,False
B,1237,41977285,encoded,,13045,False
A,1238,42022031,encoded,,17234,False
B,1238,42010626,encoded,,16829,False
A,1239,42055370,encoded,,10564,False
B,1239,42043948,encoded,,19975,False
A,1240,42088700,encoded,,8569,False
B,1240,42077282,encoded,,18303,False
A,1241,42122033,encoded,,19860,False
B,1241,42110622,encoded,,12557,False
A,1242,42155367,encoded,,21382,False
B,1242,42143947,encoded,,10175,False
A,1243,42188701,encoded,,13373,False
B,1243,42177278,encoded,,20670,False
A,1244,42222039,encoded,,11907,False
B,1244,42210614,encoded,,12262,False
A,1245,42255396,encoded,,10529,False
B,1245,42243967,encoded,,10314,False
A,1246,42288705,encoded,,9664,False
B,1246,42277306,encoded,,8041,False
A,1247,42322038,encoded,,9380,False
B,1247,42343945,encoded,,9337,False
A,1248,42355372,encoded,,8808,False
B,1248,42377280,encoded,,8038,False
A,1249,42388704,encoded,,8733,False
B,1249,42410616,encoded,,8043,False
A,1250,42422040,encoded,,8243,False
B,1250,42443954,encoded,,8332,False
A,1251,42455379,encoded,,8275,False
B,1251,42477295,encoded,,10499,False
A,1252,42488709,encoded,,8009,False
B,1252,42510635,encoded,,10644,False
A,1253,42522060,encoded,,7552,False
B,1253,42543953,encoded,,10017,False
A,1254,42555376,encoded,,7864,False
B,1254,42577305,encoded,,10169,False
A,1255,42588711,encoded,,7531,False
B,1255,42610630,encoded,,6868,False
A,1256,42622045,encoded,,7672,False
B,1256,42643948,encoded,,8977,False
A,1257,42655379,encoded,,16666,False
B,1257,42677290,encoded,,12888,False
A,1258,42688728,encoded,,37265,False
B,1258,42710619,encoded,,16667,False
A,1259,42722049,encoded,,3901,False
B,1259,42743954,encoded,,16667,False
A,1260,42755382,encoded,,8834,False
B,1260,42777290,encoded,,16666,False
A,1261,42788717,encoded,,125357,True
B,1261,42810621,encoded,,122699,True
A,1262,42822053,encoded,,17940,False
B,1262,42843954,encoded,,17237,False
A,1263,42855402,encoded,,7101,False
B,1263,42877294,encoded,,10151,False
A,1264,42888747,encoded,,23050,False
B,1264,42910627,encoded,,17273,False
A,1265,42922053,encoded,,18699,False
B,1265,42943955,encoded,,13972,False
A,1266,42955403,encoded,,24184,False
B,1266,42977291,encoded,,23335,False
A,1267,42988721,encoded,,22282,False
B,1267,43010630,encoded,,16385,False
A,1268,43022062,encoded,,15278,False
B,1268,43043958,encoded,,15288,False
A,1269,43055409,encoded,,11637,False
B,1269,43077292,encoded,,18025,False
A,1270,43088728,encoded,,8216,False
B,1270,43110628,encoded,,10580,False
A,1271,43122056,encoded,,8139,False
B,1271,43143960,encoded,,9649,False
A,1272,43155412,encoded,,7560,False
B,1272,43177298,encoded,,20930,False
A,1273,43188725,encoded,,19001,False
B,1273,43210631,encoded,,13188,False
A,1274,43222065,encoded,,19994,False
B,1274,43243967,encoded,,12624,False
A,1275,43255393,encoded,,13331,False
B,1275,43277299,encoded,,11841,False
A,1276,43288729,encoded,,12468,False
B,1276,43310630,encoded,,10395,False
A,1277,43322063,encoded,,11378,False
B,1277,43343967,encoded,,18606,False
A,1278,43355416,encoded,,9939,False
B,1278,43377305,encoded,,11492,False
A,1279,43388759,encoded,,10089,False
B,1279,43410637,encoded,,10199,False
A,1280,43422096,encoded,,9888,False
B,1280,43443969,encoded,,9404,False
A,1281,43455454,encoded,,8486,False
B,1281,43477314,encoded,,9525,False
A,1282,43488752,encoded,,8135,False
B,1282,43510636,encoded,,8663,False
A,1283,43522086,encoded,,7994,False
B,1283,43543984,encoded,,8875,False
A,1284,43555420,encoded,,7621,False
B,1284,43577312,encoded,,8529,False
A,1285,43588759,encoded,,7510,False
B,1285,43610658,encoded,,8744,False
A,1286,43622069,encoded,,8601,False
B,1286,43643989,encoded,,8764,False
A,1287,43655402,encoded,,7650,False
B,1287,43677337,encoded,,10094,False
A,1288,43688740,encoded,,15139,False
B,1288,43710668,encoded,,10463,False
A,1289,43722072,encoded,,20909,False
B,1289,43743994,encoded,,16404,False
A,1290,43755406,encoded,,12424,False
B,1290,43777331,encoded,,16666,False
A,1291,43788740,encoded,,125387,True
B,1291,43810663,encoded,,123106,True
A,1292,43822075,encoded,,18005,False
B,1292,43843990,encoded,,19665,False
A,1293,43855412,encoded,,7676,False
B,1293,43877313,encoded,,10433,False
A,1294,43888741,encoded,,23623,False
B,1294,43910668,encoded,,20530,False
A,1295,43922076,encoded,,17957,False
B,1295,43943986,encoded,,16407,False
A,1296,43955459,encoded,,23687,False
B,1296,43977325,encoded,,11362,False
A,1297,43988743,encoded,,21738,False
B,1297,44010653,encoded,,12262,False
A,1298,44022082,encoded,,11820,False
B,1298,44043985,encoded,,13186,False
A,1299,44055412,encoded,,10659,False
B,1299,44077338,encoded,,22268,False
A,1300,44088749,encoded,,8490,False
B,1300,44110652,encoded,,18302,False
A,1301,44122084,encoded,,7618,False
B,1301,44143987,encoded,,14243,False
A,1302,44155415,encoded,,19649,False
B,1302,44177329,encoded,,15636,False
A,1303,44188748,encoded,,21006,False
B,1303,44210652,encoded,,11464,False
A,1304,44222087,encoded,,13735,False
B,1304,44243989,encoded,,10447,False
A,1305,44255417,encoded,,12133,False
B,1305,44277328,encoded,,10482,False
A,1306,44288752,encoded,,12333,False
B,1306,44310679,encoded,,10700,False
A,1307,44322085,encoded,,10146,False
B,1307,44344005,encoded,,18035,False
A,1308,44355419,encoded,,12496,False
B,1308,44377333,encoded,,11661,False
A,1309,44388754,encoded,,9713,False
B,1309,44410666,encoded,,11742,False
A,1310,44422092,encoded,,10069,False
B,1310,44443995,encoded,,11642,False
A,1311,44455423,encoded,,8558,False
B,1311,44477330,encoded,,11218,False
A,1312,44488759,encoded,,8214,False
B,1312,44510671,encoded,,10174,False
A,1313,44522103,encoded,,7963,False
B,1313,44544004,encoded,,9271,False
A,1314,44555425,encoded,,7936,False
B,1314,44577337,encoded,,9569,False
A,1315,44588762,encoded,,7664,False
B,1315,44610662,encoded,,8773,False
A,1316,44622092,encoded,,7458,False
B,1316,44644007,encoded,,8723,False
A,1317,44655438,encoded,,7478,False
B,1317,44677336,encoded,,8158,False
A,1318,44688779,encoded,,13456,False
B,1318,44710666,encoded,,7682,False
A,1319,44722097,encoded,,16667,False
B,1319,44744005,encoded,,16193,False
A,1320,44755429,encoded,,16666,False
B,1320,44777336,encoded,,25036,False
A,1321,44788763,encoded,,125378,True
B,1321,44810669,encoded,,122784,True
A,1322,44822108,encoded,,16290,False
B,1322,44844008,encoded,,13338,False
A,1323,44855431,encoded,,12516,False
B,1323,44877341,encoded,,12251,False
A,1324,44888768,encoded,,19456,False
B,1324,44910670,encoded,,13076,False
A,1325,44922107,encoded,,17431,False
B,1325,44944009,encoded,,17562,False
A,1326,44955434,encoded,,23822,False
B,1326,44977343,encoded,,13722,False
A,1327,44988769,encoded,,20144,False
B,1327,45010673,encoded,,17246,False
A,1328,45022103,encoded,,11529,False
B,1328,45044008,encoded,,20546,False
A,1329,45055438,encoded,,9591,False
B,1329,45077344,encoded,,12612,False
A,1330,45088772,encoded,,8448,False
B,1330,45110674,encoded,,11297,False
A,1331,45122112,encoded,,19936,False
B,1331,45144014,encoded,,13143,False
A,1332,45155470,encoded,,21505,False
B,1332,45177344,encoded,,13012,False
A,1333,45188796,encoded,,2862,False
B,1333,45210679,encoded,,15100,False
A,1334,45222127,encoded,,16371,False
B,1334,45244016,encoded,,20775,False
A,1335,45255495,encoded,,11592,False
B,1335,45277358,encoded,,10839,False
A,1336,45288797,encoded,,11031,False
B,1336,45310680,encoded,,8472,False
A,1337,45322134,encoded,,11286,False
B,1337,45344014,encoded,,8011,False
A,1338,45355466,encoded,,9413,False
B,1338,45377358,encoded,,7076,False
A,1339,45388801,encoded,,8817,False
B,1339,45410711,encoded,,7702,False
A,1340,45422132,encoded,,8742,False
B,1340,45444018,encoded,,7456,False
A,1341,45488781,encoded,,8139,False
B,1341,45477371,encoded,,7813,False
A,1342,45522115,encoded,,8073,False
B,1342,45510685,encoded,,6780,False
A,1343,45555447,encoded,,7855,False
B,1343,45544035,encoded,,6947,False
A,1344,45588789,encoded,,7863,False
B,1344,45577364,encoded,,5808,False
A,1345,45622120,encoded,,7694,False
B,1345,45610704,encoded,,14929,False
A,1346,45655450,encoded,,7680,False
B,1346,45644046,encoded,,24031,False
A,1347,45688786,encoded,,16536,False
B,1347,45677374,encoded,,9302,False
A,1348,45722119,encoded,,37706,False
B,1348,45710702,encoded,,16667,False
A,1349,45755454,encoded,,3613,False
B,1349,45744027,encoded,,16667,False
A,1350,45788819,encoded,,8681,False
B,1350,45777377,encoded,,16666,False
A,1351,45822121,encoded,,125277,True
B,1351,45810699,encoded,,122761,True
A,1352,45855455,encoded,,17820,False
B,1352,45844036,encoded,,17132,False
A,1353,45888806,encoded,,6984,False
B,1353,45877366,encoded,,10084,False
A,1354,45922133,encoded,,23042,False
B,1354,45910702,encoded,,13504,False
A,1355,45955492,encoded,,17658,False
B,1355,45944034,encoded,,17474,False
A,1356,45988807,encoded,,24573,False
B,1356,45977380,encoded,,11110,False
A,1357,46022138,encoded,,21687,False
B,1357,46010699,encoded,,9963,False
A,1358,46055473,encoded,,11729,False
B,1358,46044052,encoded,,21677,False
A,1359,46088806,encoded,,9288,False
B,1359,46077374,encoded,,12447,False
A,1360,46122131,encoded,,8155,False
B,1360,46110716,encoded,,13279,False
A,1361,46155462,encoded,,20607,False
B,1361,46144045,encoded,,12381,False
A,1362,46188809,encoded,,5225,False
B,1362,46177368,encoded,,16680,False
A,1363,46222130,encoded,,16257,False
B,1363,46210714,encoded,,17000,False
A,1364,46255465,encoded,,17181,False
B,1364,46244046,encoded,,25112,False
A,1365,46288802,encoded,,11818,False
B,1365,46277370,encoded,,12000,False
A,1366,46322133,encoded,,11125,False
B,1366,46310724,encoded,,11464,False
A,1367,46355467,encoded,,10028,False
B,1367,46344053,encoded,,11388,False
A,1368,46388804,encoded,,9221,False
B,1368,46377397,encoded,,11559,False
A,1369,46422134,encoded,,9312,False
B,1369,46410730,encoded,,10146,False
A,1370,46455477,encoded,,9411,False
B,1370,46444053,encoded,,9151,False
A,1371,46488804,encoded,,8432,False
B,1371,46477392,encoded,,9379,False
A,1372,46522138,encoded,,8173,False
B,1372,46510723,encoded,,7350,False
A,1373,46555473,encoded,,8002,False
B,1373,46544050,encoded,,7602,False
A,1374,46588840,encoded,,7917,False
B,1374,46577389,encoded,,6674,False
A,1375,46622146,encoded,,7671,False
B,1375,46610717,encoded,,6542,False
A,1376,46655475,encoded,,7733,False
B,1376,46644054,encoded,,9475,False
A,1377,46688810,encoded,,15674,False
B,1377,46677395,encoded,,16666,False
A,1378,46722150,encoded,,24666,False
B,1378,46710716,encoded,,23651,False
A,1379,46755478,encoded,,8668,False
B,1379,46744050,encoded,,9683,False
A,1380,46788812,encoded,,16666,False
B,1380,46777388,encoded,,16666,False
A,1381,46822151,encoded,,125382,True
B,1381,46844063,encoded,,137514,True
A,1382,46855479,encoded,,19342,False
B,1382,46877385,encoded,,15362,False
A,1383,46888813,encoded,,12577,False
B,1383,46910720,encoded,,5204,False
A,1384,46922147,encoded,,17617,False
B,1384,46944056,encoded,,13763,False
A,1385,46955482,encoded,,17051,False
B,1385,46977394,encoded,,13237,False
A,1386,46988815,encoded,,20002,False
B,1386,47010744,encoded,,9655,False
A,1387,47022150,encoded,,15662,False
B,1387,47044079,encoded,,8648,False
A,1388,47055490,encoded,,15342,False
B,1388,47077400,encoded,,21092,False
A,1389,47088858,encoded,,10372,False
B,1389,47110733,encoded,,12043,False
A,1390,47122152,encoded,,8527,False
B,1390,47144067,encoded,,11300,False
A,1391,47155486,encoded,,7911,False
B,1391,47177408,encoded,,20652,False
A,1392,47188819,encoded,,19550,False
B,1392,47210743,encoded,,16466,False
A,1393,47222153,encoded,,20357,False
B,1393,47244070,encoded,,12726,False
A,1394,47255487,encoded,,12993,False
B,1394,47277406,encoded,,20033,False
A,1395,47288823,encoded,,11409,False
B,1395,47310739,encoded,,11598,False
A,1396,47322156,encoded,,10864,False
B,1396,47344073,encoded,,11096,False
A,1397,47355495,encoded,,9548,False
B,1397,47377397,encoded,,10424,False
A,1398,47388824,encoded,,9244,False
B,1398,47410736,encoded,,9242,False
A,1399,47422159,encoded,,8832,False
B,1399,47444072,encoded,,8380,False
A,1400,47455493,encoded,,8321,False
B,1400,47477417,encoded,,9191,False
A,1401,47488829,encoded,,8256,False
B,1401,47510738,encoded,,8772,False
A,1402,47522161,encoded,,8542,False
B,1402,47544075,encoded,,9607,False
A,1403,47555496,encoded,,8038,False
B,1403,47577406,encoded,,10150,False
A,1404,47588831,encoded,,7499,False
B,1404,47610757,encoded,,11392,False
A,1405,47622164,encoded,,7591,False
B,1405,47644076,encoded,,14056,False
A,1406,47655509,encoded,,12505,False
B,1406,47677417,encoded,,14746,False
A,1407,47688832,encoded,,16666,False
B,1407,47710748,encoded,,15420,False
A,1408,47722165,encoded,,16667,False
B,1408,47744076,encoded,,15984,False
A,1409,47755500,encoded,,16667,False
B,1409,47777415,encoded,,21043,False
A,1410,47788873,encoded,,16666,False
B,1410,47810745,encoded,,12009,False
A,1411,47822201,encoded,,125446,True
B,1411,47844079,encoded,,122304,True
A,1412,47855524,encoded,,19639,False
B,1412,47877414,encoded,,10697,False
A,1413,47888903,encoded,,12794,False
B,1413,47910747,encoded,,13819,False
A,1414,47922208,encoded,,18158,False
B,1414,47944084,encoded,,18724,False
A,1415,47955529,encoded,,17674,False
B,1415,47977412,encoded,,19232,False
A,1416,47988843,encoded,,23265,False
B,1416,48010751,encoded,,16286,False
A,1417,48022180,encoded,,19655,False
B,1417,48044089,encoded,,20432,False
A,1418,48055508,encoded,,11493,False
B,1418,48077415,encoded,,20150,False
A,1419,48088844,encoded,,9995,False
B,1419,48110756,encoded,,13642,False
A,1420,48122187,encoded,,8421,False
B,1420,48144082,encoded,,18132,False
A,1421,48155511,encoded,,21623,False
B,1421,48177423,encoded,,13816,False
A,1422,48188851,encoded,,4619,False
B,1422,48210763,encoded,,17398,False
A,1423,48222185,encoded,,21825,False
B,1423,48244085,encoded,,13212,False
A,1424,48255512,encoded,,13444,False
B,1424,48277431,encoded,,12033,False
A,1425,48288846,encoded,,11196,False
B,1425,48310757,encoded,,11517,False
A,1426,48322182,encoded,,10641,False
B,1426,48344093,encoded,,10711,False
A,1427,48355514,encoded,,9751,False
B,1427,48377425,encoded,,10362,False
A,1428,48388848,encoded,,8823,False
B,1428,48410761,encoded,,9951,False
A,1429,48422185,encoded,,8826,False
B,1429,48444097,encoded,,10079,False
A,1430,48455517,encoded,,8447,False
B,1430,48477441,encoded,,9387,False
A,1431,48488852,encoded,,8321,False
B,1431,48510772,encoded,,9481,False
A,1432,48522185,encoded,,8235,False
B,1432,48544097,encoded,,19988,False
A,1433,48555527,encoded,,7975,False
B,1433,48577430,encoded,,7714,False
A,1434,48588883,encoded,,7563,False
B,1434,48610776,encoded,,15878,False
A,1435,48622187,encoded,,7493,False
B,1435,48644105,encoded,,20169,False
A,1436,48655522,encoded,,8012,False
B,1436,48677444,encoded,,15863,False
A,1437,48688863,encoded,,16666,False
B,1437,48710783,encoded,,14198,False
A,1438,48722190,encoded,,24948,False
B,1438,48744100,encoded,,13080,False
A,1439,48755553,encoded,,8386,False
B,1439,48777451,encoded,,12980,False
A,1440,48788871,encoded,,16666,False
B,1440,48810782,encoded,,12601,False
A,1441,48822192,encoded,,125414,True
B,1441,48844108,encoded,,103811,True
A,1442,48855525,encoded,,24089,False
B,1442,48877454,encoded,,15104,False
A,1443,48888860,encoded,,9129,False
B,1443,48910779,encoded,,14674,False
A,1444,48922197,encoded,,17251,False
B,1444,48944103,encoded,,16179,False
A,1445,48955529,encoded,,17768,False
B,1445,48977445,encoded,,17063,False
A,1446,48988863,encoded,,22934,False
B,1446,49010780,encoded,,18067,False
A,1447,49022203,encoded,,19707,False
B,1447,49044122,encoded,,12434,False
A,1448,49055534,encoded,,10907,False
B,1448,49077445,encoded,,16627,False
A,1449,49088868,encoded,,9027,False
B,1449,49110776,encoded,,14385,False
A,1450,49122217,encoded,,21421,False
B,1450,49144125,encoded,,14262,False
A,1451,49155541,encoded,,14767,False
B,1451,49177443,encoded,,13862,False
A,1452,49188868,encoded,,5410,False
B,1452,49210777,encoded,,11707,False
A,1453,49222201,encoded,,20722,False
B,1453,49244116,encoded,,14318,False
A,1454,49255539,encoded,,13121,False
B,1454,49277452,encoded,,16710,False
A,1455,49288870,encoded,,10821,False
B,1455,49310798,encoded,,11309,False
A,1456,49322204,encoded,,10117,False
B,1456,49344132,encoded,,9896,False
A,1457,49355538,encoded,,9340,False
B,1457,49377461,encoded,,9161,False
A,1458,49388871,encoded,,9387,False
B,1458,49410781,encoded,,8440,False
A,1459,49422208,encoded,,9286,False
B,1459,49444136,encoded,,8179,False
A,1460,49455546,encoded,,8901,False
B,1460,49477454,encoded,,7440,False
A,1461,49488876,encoded,,7985,False
B,1461,49510782,encoded,,7530,False
A,1462,49522207,encoded,,7862,False
B,1462,49544117,encoded,,18380,False
A,1463,49555542,encoded,,7650,False
B,1463,49577460,encoded,,22233,False
A,1464,49588887,encoded,,7412,False
B,1464,49610790,encoded,,13439,False
A,1465,49622210,encoded,,7188,False
B,1465,49644127,encoded,,11793,False
A,1466,49655544,encoded,,6869,False
B,1466,49677462,encoded,,10815,False
A,1467,49688882,encoded,,15515,False
B,1467,49710791,encoded,,9868,False
A,1468,49722214,encoded,,37081,False
B,1468,49744122,encoded,,9067,False
A,1469,49755554,encoded,,3729,False
B,1469,49777458,encoded,,8641,False
A,1470,49788882,encoded,,11203,False
B,1470,49810791,encoded,,8159,False
A,1471,49822244,encoded,,125472,True
B,1471,49844126,encoded,,112371,True
A,1472,49855555,encoded,,20518,False
B,1472,49877461,encoded,,15566,False
A,1473,49888902,encoded,,8382,False
B,1473,49910794,encoded,,12287,False
A,1474,49922236,encoded,,18180,False
B,1474,49944134,encoded,,20606,False
A,1475,49955614,encoded,,18353,False
B,1475,49977462,encoded,,17401,False
A,1476,49988886,encoded,,23798,False
B,1476,50010796,encoded,,17658,False
A,1477,50022245,encoded,,20560,False
B,1477,50044134,encoded,,11486,False
A,1478,50055599,encoded,,11224,False
B,1478,50077473,encoded,,10605,False
A,1479,50088891,encoded,,9860,False
B,1479,50110799,encoded,,12311,False
A,1480,50122251,encoded,,8259,False
B,1480,50144137,encoded,,13924,False
A,1481,50155589,encoded,,20351,False
B,1481,50177469,encoded,,12868,False
A,1482,50188923,encoded,,14716,False
B,1482,50210808,encoded,,8208,False
A,1483,50222235,encoded,,4537,False
B,1483,50244141,encoded,,7506,False
A,1484,50255584,encoded,,20012,False
B,1484,50277474,encoded,,7463,False
A,1485,50288892,encoded,,12435,False
B,1485,50310804,encoded,,7559,False
A,1486,50322233,encoded,,10593,False
B,1486,50344135,encoded,,7273,False
A,1487,50355599,encoded,,9843,False
B,1487,50377471,encoded,,19422,False
A,1488,50388914,encoded,,9712,False
B,1488,50410809,encoded,,21913,False
A,1489,50422257,encoded,,8996,False
B,1489,50444142,encoded,,12970,False
A,1490,50455609,encoded,,8574,False
B,1490,50477474,encoded,,11120,False
A,1491,50488934,encoded,,8894,False
B,1491,50510816,encoded,,10647,False
A,1492,50522249,encoded,,8301,False
B,1492,50544143,encoded,,10297,False
A,1493,50555613,encoded,,8104,False
B,1493,50577478,encoded,,9610,False
A,1494,50588917,encoded,,7845,False
B,1494,50610827,encoded,,9654,False
A,1495,50622235,encoded,,7619,False
B,1495,50644159,encoded,,9023,False
A,1496,50655590,encoded,,7121,False
B,1496,50677490,encoded,,8139,False
A,1497,50688930,encoded,,15728,False
B,1497,50710814,encoded,,13919,False
A,1498,50755584,encoded,,24305,False
B,1498,50744152,encoded,,16667,False
A,1499,50788905,encoded,,9029,False
B,1499,50777488,encoded,,16667,False
A,1500,50822258,encoded,,16666,False
B,1500,50810823,encoded,,16666,False
A,1501,50855635,encoded,,125434,True
B,1501,50844155,encoded,,122874,True
A,1502,50888931,encoded,,7834,False
B,1502,50877511,encoded,,20054,False
A,1503,50922288,encoded,,15286,False
B,1503,50910831,encoded,,13727,False
A,1504,50955642,encoded,,24809,False
B,1504,50944155,encoded,,19675,False
A,1505,50988947,encoded,,17788,False
B,1505,50977495,encoded,,21457,False
A,1506,51022264,encoded,,23313,False
B,1506,51010821,encoded,,10356,False
A,1507,51055600,encoded,,20550,False
B,1507,51044154,encoded,,22663,False
A,1508,51088965,encoded,,11301,False
B,1508,51077498,encoded,,13559,False
A,1509,51122268,encoded,,9344,False
B,1509,51110833,encoded,,11416,False
A,1510,51155623,encoded,,8084,False
B,1510,51144158,encoded,,11262,False
A,1511,51188925,encoded,,8622,False
B,1511,51177492,encoded,,10945,False
A,1512,51222251,encoded,,7027,False
B,1512,51210828,encoded,,9755,False
A,1513,51255626,encoded,,20388,False
B,1513,51244172,encoded,,8186,False
A,1514,51288918,encoded,,18462,False
B,1514,51277497,encoded,,7648,False
A,1515,51322253,encoded,,12450,False
B,1515,51310836,encoded,,7327,False
A,1516,51355615,encoded,,10826,False
B,1516,51344163,encoded,,18936,False
A,1517,51388963,encoded,,10238,False
B,1517,51377508,encoded,,22330,False
A,1518,51422307,encoded,,9429,False
B,1518,51410836,encoded,,13456,False
A,1519,51455607,encoded,,9031,False
B,1519,51444168,encoded,,11961,False
A,1520,51488949,encoded,,8537,False
B,1520,51477500,encoded,,12039,False
A,1521,51522294,encoded,,8522,False
B,1521,51510849,encoded,,11984,False
A,1522,51555611,encoded,,8165,False
B,1522,51544215,encoded,,5779,False
A,1523,51588927,encoded,,7564,False
B,1523,51577507,encoded,,6786,False
A,1524,51622269,encoded,,7407,False
B,1524,51610854,encoded,,7449,False
A,1525,51655605,encoded,,7172,False
B,1525,51644179,encoded,,7586,False
A,1526,51688928,encoded,,15751,False
B,1526,51677515,encoded,,17442,False
A,1527,51722275,encoded,,38493,False
B,1527,51710860,encoded,,7083,False
A,1528,51755595,encoded,,3724,False
B,1528,51744189,encoded,,12932,False
A,1529,51788932,encoded,,7783,False
B,1529,51777505,encoded,,16667,False
A,1530,51822264,encoded,,16666,False
B,1530,51844179,encoded,,17441,False
A,1531,51855600,encoded,,125502,True
B,1531,51877533,encoded,,122602,True
A,1532,51888932,encoded,,19055,False
B,1532,51910857,encoded,,18938,False
A,1533,51922269,encoded,,10559,False
B,1533,51944182,encoded,,13031,False
A,1534,51955625,encoded,,19306,False
B,1534,51977525,encoded,,12721,False
A,1535,51988934,encoded,,17627,False
B,1535,52010855,encoded,,21418,False
A,1536,52022270,encoded,,21267,False
B,1536,52044179,encoded,,19902,False
B,1537,52077514,encoded,,18065,False
A,1537,52055610,encoded,,21950,False
A,1538,52088937,encoded,,10680,False
B,1538,52110848,encoded,,16466,False
A,1539,52122269,encoded,,9095,False
B,1539,52144184,encoded,,10879,False
A,1540,52155614,encoded,,8146,False
B,1540,52177523,encoded,,9955,False
A,1541,52188941,encoded,,8176,False
B,1541,52210865,encoded,,8863,False
A,1542,52222279,encoded,,19839,False
B,1542,52244186,encoded,,8047,False
A,1543,52255613,encoded,,20514,False
B,1543,52277524,encoded,,7371,False
A,1544,52288955,encoded,,13356,False
B,1544,52310860,encoded,,19511,False
A,1545,52322276,encoded,,12400,False
B,1545,52344186,encoded,,12451,False
A,1546,52355630,encoded,,10556,False
B,1546,52377523,encoded,,20840,False
A,1547,52388944,encoded,,10101,False
B,1547,52410861,encoded,,12747,False
A,1548,52422280,encoded,,9274,False
B,1548,52444206,encoded,,11784,False
A,1549,52455612,encoded,,9714,False
B,1549,52477523,encoded,,10796,False
A,1550,52488980,encoded,,8546,False
B,1550,52510865,encoded,,10602,False
A,1551,52522327,encoded,,8568,False
B,1551,52544195,encoded,,9884,False
A,1552,52555644,encoded,,8717,False
B,1552,52577522,encoded,,9295,False
A,1553,52588956,encoded,,8511,False
B,1553,52610866,encoded,,9127,False
A,1554,52622308,encoded,,7629,False
B,1554,52644194,encoded,,9073,False
A,1555,52655629,encoded,,7586,False
B,1555,52677537,encoded,,8828,False
A,1556,52688995,encoded,,7449,False
B,1556,52710871,encoded,,9090,False
A,1557,52722329,encoded,,15877,False
B,1557,52744204,encoded,,8431,False
A,1558,52755640,encoded,,24735,False
B,1558,52777533,encoded,,15175,False
A,1559,52788985,encoded,,8599,False
B,1559,52810866,encoded,,16667,False
A,1560,52822297,encoded,,16666,False
B,1560,52844209,encoded,,16666,False
A,1561,52855620,encoded,,125610,True
B,1561,52877539,encoded,,122889,True
A,1562,52888956,encoded,,22913,False
B,1562,52910869,encoded,,9766,False
A,1563,52922293,encoded,,8797,False
B,1563,52944213,encoded,,14519,False
A,1564,52955623,encoded,,17361,False
B,1564,52977535,encoded,,23997,False
A,1565,52988983,encoded,,17867,False
B,1565,53010878,encoded,,17036,False
A,1566,53022315,encoded,,22647,False
A,1567,53055637,encoded,,20699,False
B,1566,53044213,encoded,,23024,False
B,1567,53077551,encoded,,18168,False
A,1568,53088982,encoded,,11123,False
B,1568,53110879,encoded,,10715,False
A,1569,53122345,encoded,,8870,False
B,1569,53144205,encoded,,9567,False
A,1570,53155628,encoded,,8139,False
B,1570,53177547,encoded,,8584,False
A,1571,53188963,encoded,,22325,False
B,1571,53210882,encoded,,21956,False
A,1572,53222327,encoded,,4810,False
B,1572,53244220,encoded,,6226,False
A,1573,53255639,encoded,,21526,False
B,1573,53277558,encoded,,6836,False
A,1574,53288966,encoded,,13191,False
B,1574,53310894,encoded,,15079,False
A,1575,53322318,encoded,,11224,False
B,1575,53344218,encoded,,20504,False
A,1576,53355636,encoded,,10603,False
B,1576,53377545,encoded,,13206,False
A,1577,53388970,encoded,,9867,False
B,1577,53410887,encoded,,11465,False
A,1578,53422304,encoded,,9360,False
B,1578,53444220,encoded,,11403,False
A,1579,53455641,encoded,,8916,False
B,1579,53477549,encoded,,10859,False
A,1580,53488968,encoded,,8403,False
B,1580,53510888,encoded,,10176,False
A,1581,53522309,encoded,,8277,False
B,1581,53544223,encoded,,9207,False
A,1582,53555649,encoded,,8075,False
B,1582,53577557,encoded,,7628,False
A,1583,53588971,encoded,,8913,False
B,1583,53610889,encoded,,7196,False
A,1584,53622310,encoded,,8001,False
B,1584,53644219,encoded,,6805,False
A,1585,53655649,encoded,,7484,False
B,1585,53677553,encoded,,6190,False
A,1586,53688974,encoded,,8333,False
B,1586,53710904,encoded,,10333,False
A,1587,53722308,encoded,,16666,False
B,1587,53744235,encoded,,16666,False
A,1588,53755648,encoded,,28542,False
B,1588,53777557,encoded,,24632,False
A,1589,53788978,encoded,,4792,False
B,1589,53810889,encoded,,8702,False
A,1590,53822342,encoded,,16666,False
B,1590,53844248,encoded,,16666,False
A,1591,53855652,encoded,,116518,True
B,1591,53877594,encoded,,122760,True
A,1592,53888981,encoded,,11131,False
B,1592,53910919,encoded,,9253,False
A,1593,53922329,encoded,,19507,False
B,1593,53944230,encoded,,14343,False
A,1594,53955654,encoded,,29670,False
B,1594,53977587,encoded,,24255,False
A,1595,53988985,encoded,,14115,False
B,1595,54010907,encoded,,18153,False
A,1596,54022335,encoded,,26309,False
B,1596,54044237,encoded,,17476,False
A,1597,54055653,encoded,,17913,False
B,1597,54077585,encoded,,23288,False
A,1598,54088992,encoded,,16121,False
B,1598,54110908,encoded,,9797,False
A,1599,54122318,encoded,,10226,False
B,1599,54144238,encoded,,23258,False
A,1600,54155654,encoded,,9121,False
B,1600,54177584,encoded,,12447,False
A,1601,54188988,encoded,,7586,False
B,1601,54210913,encoded,,10877,False
A,1602,54222320,encoded,,7174,False
B,1602,54244240,encoded,,17801,False
A,1603,54255654,encoded,,19200,False
B,1603,54277571,encoded,,9883,False
A,1604,54288998,encoded,,20028,False
B,1604,54310905,encoded,,8929,False
A,1605,54322322,encoded,,13107,False
B,1605,54344235,encoded,,7630,False
A,1606,54355657,encoded,,10814,False
B,1606,54377568,encoded,,6981,False
A,1607,54389018,encoded,,10272,False
B,1607,54410902,encoded,,6609,False
A,1608,54422364,encoded,,9298,False
B,1608,54444243,encoded,,6348,False
A,1609,54455684,encoded,,9129,False
B,1609,54477576,encoded,,6283,False
A,1610,54488994,encoded,,8535,False
B,1610,54510905,encoded,,5757,False
A,1611,54522352,encoded,,8510,False
B,1611,54544239,encoded,,5603,False
A,1612,54555703,encoded,,8117,False
B,1612,54577578,encoded,,12098,False
A,1613,54589013,encoded,,7867,False
B,1613,54610915,encoded,,8700,False
A,1614,54622362,encoded,,7882,False
B,1614,54644245,encoded,,11471,False
A,1615,54655685,encoded,,7767,False
B,1615,54677576,encoded,,16667,False
A,1616,54689002,encoded,,7417,False
B,1616,54710911,encoded,,28003,False
A,1617,54722359,encoded,,16666,False
B,1617,54744245,encoded,,5330,False
A,1618,54755701,encoded,,31789,False
B,1618,54777583,encoded,,16667,False
A,1619,54789006,encoded,,4685,False
B,1619,54810911,encoded,,16667,False
A,1620,54822350,encoded,,13526,False
B,1620,54844246,encoded,,16666,False
A,1621,54855681,encoded,,125492,True
B,1621,54877587,encoded,,122976,True
A,1622,54889015,encoded,,18119,False
B,1622,54910922,encoded,,19493,False
A,1623,54922399,encoded,,6769,False
B,1623,54944251,encoded,,10345,False
A,1624,54955696,encoded,,22981,False
B,1624,54977585,encoded,,11500,False
A,1625,54989005,encoded,,17548,False
B,1625,55010919,encoded,,14325,False
A,1626,55022344,encoded,,20662,False
B,1626,55044253,encoded,,12950,False
A,1627,55055698,encoded,,15516,False
B,1627,55077589,encoded,,24787,False
A,1628,55089046,encoded,,17722,False
B,1628,55110920,encoded,,15190,False
A,1629,55122379,encoded,,10262,False
B,1629,55144259,encoded,,15310,False
A,1630,55155682,encoded,,8916,False
B,1630,55177592,encoded,,14838,False
A,1631,55189014,encoded,,20328,False
B,1631,55210940,encoded,,11381,False
A,1632,55222353,encoded,,22160,False
B,1632,55244260,encoded,,12987,False
A,1633,55255690,encoded,,2664,False
B,1633,55277595,encoded,,16797,False
A,1634,55289024,encoded,,16132,False
B,1634,55310957,encoded,,8343,False
A,1635,55322372,encoded,,12524,False
B,1635,55344261,encoded,,7698,False
A,1636,55355688,encoded,,10553,False
B,1636,55377605,encoded,,6306,False
A,1637,55389047,encoded,,9756,False
B,1637,55410935,encoded,,5875,False
A,1638,55422380,encoded,,9384,False
B,1638,55444282,encoded,,13560,False
A,1639,55455709,encoded,,8636,False
B,1639,55477610,encoded,,8845,False
A,1640,55489017,encoded,,8447,False
B,1640,55510946,encoded,,8368,False
A,1641,55555685,encoded,,8690,False
B,1641,55544271,encoded,,7515,False
A,1642,55589054,encoded,,8139,False
B,1642,55577606,encoded,,6584,False
A,1643,55622355,encoded,,7492,False
B,1643,55610947,encoded,,7361,False
A,1644,55655692,encoded,,7504,False
B,1644,55644266,encoded,,16666,False
A,1645,55689022,encoded,,7407,False
B,1645,55677616,encoded,,25114,False
A,1646,55722362,encoded,,9531,False
B,1646,55710947,encoded,,8220,False
A,1647,55755691,encoded,,16666,False
B,1647,55744289,encoded,,16666,False
A,1648,55789040,encoded,,38077,False
B,1648,55777618,encoded,,16667,False
A,1649,55822358,encoded,,4047,False
B,1649,55810943,encoded,,16667,False
A,1650,55855703,encoded,,7876,False
B,1650,55844277,encoded,,16666,False
A,1651,55889025,encoded,,125610,True
B,1651,55877611,encoded,,137451,True
A,1652,55922398,encoded,,17690,False
B,1652,55910945,encoded,,14435,False
A,1653,55955712,encoded,,6666,False
B,1653,55944283,encoded,,14099,False
A,1654,55989057,encoded,,23511,False
B,1654,55977620,encoded,,19779,False
A,1655,56022387,encoded,,17947,False
B,1655,56010953,encoded,,16568,False
A,1656,56055708,encoded,,24106,False
B,1656,56044296,encoded,,15794,False
A,1657,56089048,encoded,,20976,False
B,1657,56077622,encoded,,24095,False
A,1658,56122385,encoded,,11695,False
B,1658,56110956,encoded,,12349,False
A,1659,56155702,encoded,,9546,False
B,1659,56144296,encoded,,10233,False
A,1660,56189053,encoded,,7998,False
B,1660,56177619,encoded,,9723,False
A,1661,56222369,encoded,,20011,False
B,1661,56210961,encoded,,17414,False
A,1662,56255702,encoded,,21219,False
B,1662,56244302,encoded,,9933,False
A,1663,56289036,encoded,,2786,False
B,1663,56277631,encoded,,8186,False
A,1664,56322371,encoded,,16715,False
B,1664,56310978,encoded,,8005,False
B,1665,56344305,encoded,,7154,False
A,1665,56355711,encoded,,11628,False
A,1666,56389037,encoded,,10479,False
B,1666,56377617,encoded,,6766,False
A,1667,56422379,encoded,,9368,False
B,1667,56410951,encoded,,13867,False
A,1668,56455713,encoded,,10062,False
B,1668,56444307,encoded,,10053,False
A,1669,56489055,encoded,,9465,False
B,1669,56477646,encoded,,8357,False
A,1670,56522376,encoded,,9141,False
B,1670,56544289,encoded,,9328,False
A,1671,56555713,encoded,,8182,False
B,1671,56577635,encoded,,7456,False
A,1672,56589049,encoded,,8154,False
B,1672,56610961,encoded,,7001,False
A,1673,56622379,encoded,,7660,False
B,1673,56644302,encoded,,7229,False
A,1674,56655714,encoded,,7756,False
B,1674,56677627,encoded,,6726,False
A,1675,56689046,encoded,,7512,False
B,1675,56710959,encoded,,14666,False
A,1676,56722379,encoded,,7451,False
B,1676,56744295,encoded,,34036,False
A,1677,56755713,encoded,,16666,False
B,1677,56777640,encoded,,4373,False
A,1678,56789049,encoded,,24031,False
B,1678,56810976,encoded,,11591,False
A,1679,56822384,encoded,,9303,False
B,1679,56844296,encoded,,16667,False
A,1680,56855721,encoded,,16666,False
B,1680,56877630,encoded,,16666,False
A,1681,56889054,encoded,,125612,True
B,1681,56910968,encoded,,122746,True
A,1682,56922392,encoded,,16131,False
B,1682,56944306,encoded,,14140,False
A,1683,56955718,encoded,,12453,False
B,1683,56977640,encoded,,14063,False
A,1684,56989052,encoded,,18918,False
B,1684,57010965,encoded,,14555,False
A,1685,57022388,encoded,,17929,False
B,1685,57044302,encoded,,16078,False
A,1686,57055725,encoded,,23039,False
B,1686,57077634,encoded,,17121,False
A,1687,57089056,encoded,,19888,False
B,1687,57110969,encoded,,20305,False
A,1688,57122388,encoded,,10981,False
B,1688,57144303,encoded,,14896,False
A,1689,57155728,encoded,,9346,False
B,1689,57177637,encoded,,14114,False
A,1690,57189058,encoded,,8490,False
B,1690,57210983,encoded,,15958,False
A,1691,57222392,encoded,,20998,False
B,1691,57244305,encoded,,15199,False
A,1692,57255753,encoded,,4957,False
B,1692,57277645,encoded,,19349,False
A,1693,57289062,encoded,,23767,False
B,1693,57310974,encoded,,8826,False
A,1694,57322396,encoded,,2851,False
B,1694,57344309,encoded,,7860,False
A,1695,57355745,encoded,,16194,False
B,1695,57377642,encoded,,7150,False
A,1696,57389061,encoded,,12850,False
B,1696,57410982,encoded,,6264,False
A,1697,57422409,encoded,,10483,False
B,1697,57444319,encoded,,13483,False
A,1698,57455755,encoded,,9426,False
B,1698,57477654,encoded,,9237,False
A,1699,57489101,encoded,,8694,False
B,1699,57510987,encoded,,8033,False
A,1700,57522436,encoded,,8225,False
B,1700,57544320,encoded,,7597,False
A,1701,57555763,encoded,,8439,False
B,1701,57577651,encoded,,7340,False
A,1702,57589071,encoded,,7842,False
B,1702,57610981,encoded,,6654,False
A,1703,57622406,encoded,,7503,False
B,1703,57644315,encoded,,6742,False
A,1704,57655762,encoded,,7583,False
B,1704,57677648,encoded,,12290,False
A,1705,57689084,encoded,,7257,False
A,1706,57722424,encoded,,13478,False
B,1705,57710981,encoded,,24238,False
B,1706,57744317,encoded,,12670,False
A,1707,57755758,encoded,,16666,False
B,1707,57777655,encoded,,13092,False
A,1708,57789075,encoded,,18410,False
B,1708,57811006,encoded,,16667,False
A,1709,57822426,encoded,,14924,False
B,1709,57844319,encoded,,16667,False
A,1710,57855741,encoded,,16666,False
B,1710,57877657,encoded,,16666,False
A,1711,57889092,encoded,,125482,True
B,1711,57910990,encoded,,122856,True
A,1712,57922421,encoded,,20329,False
B,1712,57944326,encoded,,19226,False
A,1713,57955752,encoded,,10600,False
B,1713,57977663,encoded,,15870,False
A,1714,57989075,encoded,,17183,False
B,1714,58010989,encoded,,17798,False
A,1715,58022410,encoded,,20023,False
B,1715,58044329,encoded,,15404,False
A,1716,58055744,encoded,,13009,False
B,1716,58077661,encoded,,16213,False
A,1717,58089079,encoded,,11773,False
B,1717,58110992,encoded,,19302,False
A,1718,58122412,encoded,,14826,False
B,1718,58144327,encoded,,12142,False
A,1719,58155748,encoded,,17727,False
B,1719,58177669,encoded,,9879,False
A,1720,58189080,encoded,,22037,False
B,1720,58211003,encoded,,9633,False
A,1721,58222442,encoded,,15786,False
B,1721,58244330,encoded,,10959,False
A,1722,58255762,encoded,,19505,False
B,1722,58277669,encoded,,13142,False
A,1723,58289102,encoded,,2646,False
B,1723,58310996,encoded,,18410,False
A,1724,58322444,encoded,,16304,False
B,1724,58344329,encoded,,9190,False
A,1725,58355753,encoded,,11824,False
B,1725,58377665,encoded,,8063,False
A,1726,58389116,encoded,,10354,False
B,1726,58411010,encoded,,8163,False
A,1727,58422454,encoded,,9833,False
B,1727,58444339,encoded,,15207,False
A,1728,58455770,encoded,,9128,False
B,1728,58477670,encoded,,11538,False
A,1729,58489087,encoded,,8769,False
B,1729,58511013,encoded,,9469,False
A,1730,58522453,encoded,,8376,False
B,1730,58544342,encoded,,8507,False
A,1731,58555763,encoded,,8233,False
B,1731,58577683,encoded,,7529,False
A,1732,58589095,encoded,,7776,False
B,1732,58611033,encoded,,6887,False
A,1733,58622446,encoded,,8459,False
B,1733,58644339,encoded,,7422,False
A,1734,58655760,encoded,,7372,False
B,1734,58677691,encoded,,7684,False
A,1735,58689092,encoded,,7362,False
B,1735,58711007,encoded,,16174,False
A,1736,58722453,encoded,,8618,False
B,1736,58744346,encoded,,44668,False
A,1737,58755764,encoded,,16666,False
B,1737,58777682,encoded,,3481,False
A,1738,58789116,encoded,,24941,False
B,1738,58811023,encoded,,4302,False
A,1739,58822430,encoded,,8393,False
B,1739,58844358,encoded,,14216,False
A,1740,58855784,encoded,,16666,False
B,1740,58877690,encoded,,16666,False
A,1741,58889098,encoded,,125543,True
B,1741,58911018,encoded,,122737,True
A,1742,58922434,encoded,,20879,False
B,1742,58944366,encoded,,17209,False
A,1743,58955776,encoded,,10275,False
B,1743,58977706,encoded,,12812,False
A,1744,58989114,encoded,,17106,False
B,1744,59011035,encoded,,16465,False
A,1745,59022436,encoded,,17573,False
B,1745,59044351,encoded,,15462,False
A,1746,59055769,encoded,,19722,False
B,1746,59077688,encoded,,23640,False
A,1747,59089111,encoded,,15055,False
B,1747,59111043,encoded,,12035,False
A,1748,59122466,encoded,,16156,False
B,1748,59144362,encoded,,10567,False
A,1749,59155799,encoded,,10102,False
B,1749,59177693,encoded,,10196,False
A,1750,59189122,encoded,,21957,False
B,1750,59211025,encoded,,11153,False
A,1751,59222442,encoded,,23151,False
B,1751,59244367,encoded,,10532,False
A,1752,59255773,encoded,,2748,False
B,1752,59277702,encoded,,9412,False
A,1753,59289107,encoded,,17598,False
B,1753,59311033,encoded,,17444,False
A,1754,59322444,encoded,,11544,False
B,1754,59344363,encoded,,26616,False
A,1755,59355784,encoded,,11403,False
B,1755,59377695,encoded,,4195,False
A,1756,59389115,encoded,,10387,False
B,1756,59411028,encoded,,10947,False
A,1757,59422465,encoded,,9553,False
B,1757,59444364,encoded,,8360,False
A,1758,59455800,encoded,,8650,False
B,1758,59477704,encoded,,7525,False
A,1759,59489116,encoded,,8926,False
B,1759,59511039,encoded,,6926,False
A,1760,59522450,encoded,,8153,False
B,1760,59544365,encoded,,6742,False
A,1761,59555796,encoded,,7985,False
B,1761,59577713,encoded,,6444,False
A,1762,59589116,encoded,,7785,False
B,1762,59611037,encoded,,5736,False
A,1763,59622455,encoded,,7450,False
B,1763,59644369,encoded,,10179,False
A,1764,59655787,encoded,,7717,False
B,1764,59677721,encoded,,16666,False
A,1765,59689119,encoded,,7265,False
B,1765,59711032,encoded,,33225,False
A,1766,59722452,encoded,,8651,False
B,1766,59744365,encoded,,4403,False
A,1767,59755784,encoded,,16666,False
B,1767,59777716,encoded,,12372,False
A,1768,59789119,encoded,,37247,False
B,1768,59811034,encoded,,16667,False
A,1769,59822453,encoded,,4022,False
B,1769,59844383,encoded,,16667,False
A,1770,59855788,encoded,,8731,False
B,1770,59877703,encoded,,16666,False
A,1771,59889121,encoded,,125478,True
B,1771,59911036,encoded,,122585,True
A,1772,59922459,encoded,,17512,False
B,1772,59944384,encoded,,19980,False
A,1773,59955789,encoded,,6826,False
B,1773,59977715,encoded,,16101,False
A,1774,59989123,encoded,,23730,False
B,1774,60011042,encoded,,12602,False
A,1775,60022463,encoded,,21805,False
B,1775,60044378,encoded,,15520,False
A,1776,60055795,encoded,,19057,False
B,1776,60077708,encoded,,24619,False
A,1777,60089147,encoded,,16462,False
B,1777,60111048,encoded,,17716,False
A,1778,60122463,encoded,,16169,False
B,1778,60144386,encoded,,14065,False
A,1779,60155798,encoded,,9958,False
B,1779,60177710,encoded,,16225,False
A,1780,60189148,encoded,,8504,False
B,1780,60211050,encoded,,16052,False
A,1781,60222468,encoded,,19772,False
B,1781,60244385,encoded,,21325,False
A,1782,60255802,encoded,,21925,False
B,1782,60277712,encoded,,10031,False
A,1783,60289134,encoded,,13552,False
B,1783,60311047,encoded,,8432,False
A,1784,60322487,encoded,,11729,False
B,1784,60344388,encoded,,7923,False
A,1785,60355806,encoded,,10467,False
B,1785,60377726,encoded,,7168,False
A,1786,60389169,encoded,,9779,False
B,1786,60411056,encoded,,7255,False
B,1787,60444388,encoded,,14436,False
