camera,sequence,pts_us,status,drop_reason,encoded_bytes,keyframe
A,0,299748,dropped,camera_frame_error,,
B,0,568467,dropped,camera_frame_error,,
A,1,333084,encoded,,66420,True
A,2,599753,encoded,,310,False
B,1,601798,encoded,,78971,True
A,3,633091,encoded,,2023,False
B,2,635134,encoded,,188,False
A,4,666426,encoded,,53782,False
B,3,668473,encoded,,77,False
A,5,699762,encoded,,598,False
B,4,701815,encoded,,51163,False
A,6,733096,encoded,,10909,False
B,5,735136,encoded,,2217,False
A,7,766427,encoded,,9273,False
B,6,768475,encoded,,11284,False
A,8,799773,encoded,,27178,False
B,7,801812,encoded,,21930,False
A,9,833109,encoded,,3589,False
B,8,835145,encoded,,3317,False
A,10,866435,encoded,,9872,False
B,9,868476,encoded,,25579,False
A,11,899780,encoded,,3952,False
B,10,901816,encoded,,4362,False
A,12,933104,encoded,,13136,False
B,11,935146,encoded,,21502,False
A,13,966442,encoded,,4212,False
B,12,968480,encoded,,679,False
A,14,999766,encoded,,19424,False
B,13,1001819,encoded,,5889,False
A,15,1033104,encoded,,5985,False
B,14,1035147,encoded,,13954,False
A,16,1066449,encoded,,11697,False
B,15,1068492,encoded,,5222,False
A,17,1099768,encoded,,16667,False
B,16,1101827,encoded,,3799,False
A,18,1133122,encoded,,16666,False
B,17,1135159,encoded,,17340,False
A,19,1166439,encoded,,16667,False
B,18,1168492,encoded,,8220,False
A,20,1199771,encoded,,16667,False
B,19,1201817,encoded,,16667,False
A,21,1233113,encoded,,16666,False
B,20,1235183,encoded,,20745,False
A,22,1266464,encoded,,16667,False
B,21,1268487,encoded,,12588,False
A,23,1299783,encoded,,16667,False
B,22,1301819,encoded,,16667,False
A,24,1333111,encoded,,16666,False
B,23,1335155,encoded,,16667,False
A,25,1366441,encoded,,16667,False
B,24,1368488,encoded,,16666,False
A,26,1399780,encoded,,16667,False
B,25,1401823,encoded,,16667,False
A,27,1433112,encoded,,16666,False
B,26,1435155,encoded,,16667,False
A,28,1466448,encoded,,16667,False
B,27,1468499,encoded,,16666,False
A,29,1499785,encoded,,16667,False
B,28,1501823,encoded,,16667,False
A,30,1533115,encoded,,16666,False
B,29,1535160,encoded,,16667,False
A,31,1566456,encoded,,115982,True
B,30,1568492,encoded,,16666,False
A,32,1599788,encoded,,22511,False
B,31,1601826,encoded,,125029,True
A,33,1633124,encoded,,461,False
B,32,1635159,encoded,,17877,False
A,34,1666463,encoded,,3403,False
B,33,1668495,encoded,,1033,False
A,35,1699787,encoded,,7628,False
B,34,1701827,encoded,,3260,False
A,36,1733121,encoded,,11294,False
B,35,1735162,encoded,,8730,False
A,37,1766452,encoded,,4795,False
B,36,1768500,encoded,,18365,False
A,38,1799787,encoded,,4166,False
B,37,1801835,encoded,,5576,False
A,39,1833123,encoded,,21468,False
B,38,1835165,encoded,,4341,False
A,40,1866455,encoded,,8427,False
B,39,1868501,encoded,,16447,False
A,41,1899805,encoded,,6670,False
B,40,1901846,encoded,,7101,False
A,42,1933138,encoded,,5744,False
B,41,1935180,encoded,,5375,False
A,43,1966465,encoded,,4945,False
B,42,1968503,encoded,,4723,False
A,44,1999799,encoded,,15840,False
B,43,2001843,encoded,,4032,False
A,45,2033143,encoded,,29196,False
B,44,2035186,encoded,,12394,False
A,46,2066477,encoded,,4137,False
B,45,2068511,encoded,,30129,False
A,47,2099795,encoded,,16667,False
B,46,2101842,encoded,,4260,False
A,48,2133130,encoded,,16666,False
B,47,2135169,encoded,,14662,False
A,49,2166463,encoded,,16667,False
B,48,2168506,encoded,,16666,False
A,50,2199799,encoded,,16667,False
B,49,2201838,encoded,,16667,False
A,51,2233132,encoded,,16666,False
B,50,2235175,encoded,,16667,False
A,52,2266470,encoded,,16667,False
B,51,2268521,encoded,,16666,False
A,53,2299795,encoded,,16667,False
B,52,2301844,encoded,,16667,False
A,54,2333135,encoded,,16666,False
B,53,2335178,encoded,,16667,False
A,55,2366475,encoded,,16667,False
B,54,2368512,encoded,,16666,False
A,56,2399805,encoded,,16667,False
B,55,2401844,encoded,,16667,False
A,57,2433134,encoded,,16666,False
B,56,2435178,encoded,,16667,False
A,58,2466486,encoded,,16667,False
B,57,2468530,encoded,,16666,False
A,59,2499806,encoded,,16667,False
B,58,2501850,encoded,,16667,False
A,60,2533144,encoded,,16666,False
B,59,2535185,encoded,,16667,False
A,61,2566471,encoded,,116316,True
B,60,2568517,encoded,,16666,False
A,62,2599810,encoded,,20511,False
B,61,2601860,encoded,,125184,True
A,63,2633140,encoded,,9815,False
B,62,2635185,encoded,,16250,False
A,64,2666473,encoded,,11776,False
B,63,2668520,encoded,,10787,False
A,65,2699806,encoded,,14956,False
B,64,2701882,encoded,,19339,False
A,66,2733146,encoded,,16389,False
B,65,2735209,encoded,,22574,False
A,67,2766472,encoded,,7526,False
B,66,2768531,encoded,,7868,False
A,68,2799808,encoded,,14260,False
A,69,2833142,encoded,,8385,False
B,67,2801856,encoded,,6159,False
B,68,2835187,encoded,,18855,False
A,70,2866475,encoded,,7316,False
B,69,2868523,encoded,,8467,False
A,71,2899811,encoded,,6055,False
B,70,2901863,encoded,,6730,False
A,72,2933150,encoded,,5488,False
B,71,2935191,encoded,,5377,False
A,73,2966476,encoded,,4794,False
B,72,2968522,encoded,,5189,False
A,74,2999818,encoded,,19580,False
B,73,3001858,encoded,,4416,False
A,75,3033157,encoded,,10288,False
B,74,3035192,encoded,,29283,False
A,76,3066500,encoded,,8241,False
B,75,3068529,encoded,,1233,False
A,77,3099818,encoded,,7592,False
B,76,3101863,encoded,,13926,False
A,78,3133149,encoded,,10712,False
B,77,3135194,encoded,,8754,False
A,79,3166493,encoded,,16667,False
B,78,3168531,encoded,,7294,False
A,80,3199836,encoded,,18405,False
B,79,3201882,encoded,,6566,False
A,81,3233177,encoded,,14928,False
B,80,3235219,encoded,,9083,False
A,82,3266498,encoded,,16667,False
B,81,3268540,encoded,,16666,False
A,83,3299819,encoded,,16667,False
B,82,3301878,encoded,,22981,False
A,84,3333178,encoded,,16666,False
B,83,3335231,encoded,,10353,False
A,85,3366498,encoded,,16667,False
B,84,3368549,encoded,,16666,False
A,86,3399820,encoded,,16667,False
B,85,3401885,encoded,,16667,False
A,87,3433159,encoded,,16666,False
B,86,3435224,encoded,,16667,False
A,88,3466491,encoded,,16667,False
B,87,3468574,encoded,,16666,False
A,89,3499829,encoded,,16667,False
B,88,3501892,encoded,,16667,False
A,90,3533159,encoded,,16666,False
B,89,3535209,encoded,,16667,False
A,91,3566501,encoded,,116267,True
B,90,3568542,encoded,,16666,False
A,92,3599830,encoded,,24635,False
B,91,3601874,encoded,,125042,True
A,93,3633171,encoded,,10766,False
B,92,3635205,encoded,,22308,False
B,93,3668542,encoded,,10554,False
A,94,3666497,encoded,,18138,False
A,95,3699833,encoded,,17058,False
B,94,3701880,encoded,,17962,False
A,96,3733166,encoded,,16493,False
A,97,3766503,encoded,,9535,False
B,95,3735226,encoded,,19481,False
A,98,3799847,encoded,,7578,False
B,96,3768548,encoded,,22415,False
B,97,3801887,encoded,,8636,False
A,99,3833182,encoded,,18345,False
B,98,3835229,encoded,,6798,False
A,100,3866518,encoded,,15374,False
B,99,3868546,encoded,,5546,False
A,101,3899842,encoded,,10909,False
B,100,3901881,encoded,,18469,False
A,102,3933176,encoded,,8420,False
B,101,3935216,encoded,,21269,False
A,103,3966512,encoded,,7562,False
B,102,3968545,encoded,,10369,False
A,104,3999852,encoded,,7045,False
B,103,4001884,encoded,,7960,False
A,105,4033174,encoded,,6272,False
B,104,4035241,encoded,,7120,False
A,106,4066502,encoded,,5841,False
B,105,4068563,encoded,,6728,False
A,107,4099843,encoded,,5788,False
B,106,4101884,encoded,,6055,False
A,108,4133179,encoded,,5305,False
B,107,4135217,encoded,,5422,False
A,109,4166501,encoded,,23461,False
B,108,4168564,encoded,,5131,False
A,110,4199836,encoded,,2301,False
B,109,4201884,encoded,,4485,False
A,111,4233171,encoded,,12907,False
B,110,4235219,encoded,,4486,False
A,112,4266511,encoded,,19874,False
B,111,4268552,encoded,,13764,False
A,113,4299855,encoded,,25917,False
B,112,4301892,encoded,,23223,False
A,114,4333187,encoded,,5894,False
B,113,4335224,encoded,,10111,False
A,115,4366520,encoded,,14982,False
B,114,4368557,encoded,,16666,False
A,116,4399845,encoded,,16667,False
B,115,4401892,encoded,,16667,False
A,117,4433199,encoded,,16666,False
B,116,4435226,encoded,,16667,False
A,118,4466519,encoded,,16667,False
B,117,4468561,encoded,,16666,False
A,119,4499857,encoded,,16667,False
B,118,4501903,encoded,,16667,False
A,120,4533182,encoded,,16666,False
B,119,4535232,encoded,,16667,False
A,121,4566513,encoded,,125154,True
B,120,4568562,encoded,,16666,False
A,122,4599847,encoded,,26254,False
B,121,4601896,encoded,,125038,True
A,123,4633182,encoded,,7480,False
B,122,4668573,encoded,,9771,False
A,124,4666520,encoded,,12006,False
B,123,4701897,encoded,,20696,False
A,125,4699848,encoded,,19930,False
B,124,4735230,encoded,,20399,False
A,126,4733183,encoded,,12195,False
B,125,4768573,encoded,,20190,False
A,127,4766538,encoded,,21357,False
B,126,4801904,encoded,,15691,False
A,128,4799854,encoded,,16621,False
B,127,4835235,encoded,,23390,False
A,129,4833187,encoded,,10193,False
B,128,4868572,encoded,,17078,False
A,130,4866527,encoded,,8638,False
B,129,4901904,encoded,,10922,False
B,130,4935240,encoded,,9959,False
A,131,4899860,encoded,,7275,False
B,131,4968576,encoded,,17069,False
A,132,4933195,encoded,,6918,False
B,132,5001908,encoded,,9023,False
A,133,4966561,encoded,,6455,False
B,133,5035246,encoded,,7128,False
A,134,4999856,encoded,,5784,False
B,134,5068577,encoded,,6248,False
A,135,5066522,encoded,,26063,False
B,135,5101911,encoded,,5544,False
A,136,5099866,encoded,,2437,False
B,136,5135241,encoded,,5494,False
A,137,5133194,encoded,,16527,False
B,137,5168576,encoded,,4603,False
A,138,5166526,encoded,,11001,False
B,138,5201913,encoded,,4513,False
A,139,5199869,encoded,,10180,False
B,139,5235244,encoded,,11292,False
A,140,5233201,encoded,,9218,False
B,140,5268591,encoded,,7481,False
A,141,5266540,encoded,,8541,False
B,141,5301922,encoded,,6438,False
A,142,5299869,encoded,,8449,False
B,142,5335256,encoded,,8700,False
A,143,5333215,encoded,,7885,False
B,143,5368579,encoded,,16667,False
A,144,5366536,encoded,,13439,False
B,144,5401918,encoded,,33635,False
A,145,5399876,encoded,,16667,False
B,145,5435257,encoded,,3124,False
A,146,5433207,encoded,,20045,False
B,146,5468580,encoded,,13241,False
A,147,5466541,encoded,,13288,False
B,147,5501917,encoded,,16666,False
A,148,5499874,encoded,,16667,False
B,148,5535249,encoded,,16667,False
A,149,5533204,encoded,,16667,False
B,149,5568599,encoded,,16667,False
A,150,5566552,encoded,,16666,False
B,150,5601920,encoded,,16666,False
A,151,5599877,encoded,,125179,True
B,151,5635262,encoded,,124896,True
A,152,5633215,encoded,,19110,False
B,152,5668601,encoded,,12461,False
A,153,5666549,encoded,,10746,False
B,153,5701942,encoded,,19771,False
A,154,5733219,encoded,,14933,False
B,154,5735265,encoded,,15213,False
A,155,5766548,encoded,,20298,False
B,155,5768598,encoded,,22865,False
A,156,5799887,encoded,,26073,False
B,156,5801933,encoded,,16758,False
A,157,5833225,encoded,,19099,False
B,157,5835278,encoded,,16852,False
A,158,5866547,encoded,,10912,False
B,158,5868611,encoded,,22286,False
A,159,5899906,encoded,,9120,False
B,159,5901930,encoded,,11907,False
A,160,5933216,encoded,,7712,False
B,160,5935277,encoded,,19755,False
A,161,5966550,encoded,,7273,False
B,161,5968601,encoded,,9406,False
A,162,5999878,encoded,,6602,False
B,162,6001933,encoded,,7743,False
A,163,6033217,encoded,,18731,False
B,163,6035265,encoded,,6870,False
B,164,6068598,encoded,,5925,False
A,164,6066555,encoded,,19473,False
A,165,6099879,encoded,,12349,False
B,165,6101929,encoded,,5457,False
A,166,6133233,encoded,,11013,False
B,166,6135274,encoded,,13083,False
A,167,6166549,encoded,,10094,False
B,167,6168596,encoded,,8806,False
B,168,6201936,encoded,,7317,False
A,168,6199907,encoded,,9510,False
A,169,6233228,encoded,,8823,False
B,169,6235272,encoded,,6647,False
A,170,6266558,encoded,,8775,False
B,170,6268612,encoded,,5902,False
A,171,6299901,encoded,,8272,False
B,171,6301950,encoded,,6803,False
A,172,6333226,encoded,,7658,False
B,172,6335268,encoded,,5476,False
A,173,6366572,encoded,,7625,False
B,173,6368617,encoded,,11135,False
A,174,6399904,encoded,,6911,False
B,174,6401940,encoded,,16666,False
A,175,6433232,encoded,,10376,False
B,175,6435279,encoded,,30398,False
A,176,6466569,encoded,,16667,False
B,176,6468626,encoded,,2936,False
A,177,6499895,encoded,,38456,False
B,177,6501953,encoded,,16666,False
A,178,6533232,encoded,,4053,False
B,178,6535283,encoded,,16667,False
A,179,6566576,encoded,,7491,False
B,179,6568623,encoded,,16667,False
A,180,6599900,encoded,,16666,False
B,180,6601958,encoded,,16666,False
A,181,6633230,encoded,,125468,True
B,181,6668621,encoded,,124920,True
A,182,6666561,encoded,,11763,False
B,182,6701944,encoded,,12404,False
A,183,6699897,encoded,,12031,False
B,183,6735281,encoded,,19394,False
A,184,6733236,encoded,,24226,False
B,184,6768610,encoded,,22907,False
A,185,6766573,encoded,,17699,False
B,185,6801948,encoded,,18676,False
A,186,6799897,encoded,,23684,False
B,186,6835280,encoded,,20854,False
A,187,6833245,encoded,,20196,False
B,187,6868616,encoded,,17820,False
A,188,6866566,encoded,,11033,False
B,188,6901947,encoded,,17367,False
A,189,6899898,encoded,,9330,False
B,189,6935287,encoded,,15194,False
A,190,6933241,encoded,,7960,False
B,190,6968634,encoded,,14803,False
A,191,6966579,encoded,,7308,False
B,191,7001957,encoded,,9005,False
A,192,6999926,encoded,,19651,False
B,192,7035299,encoded,,7573,False
A,193,7033259,encoded,,20453,False
B,193,7068624,encoded,,6594,False
A,194,7066591,encoded,,2742,False
B,194,7101963,encoded,,6218,False
A,195,7099939,encoded,,16524,False
B,195,7135286,encoded,,5433,False
A,196,7166571,encoded,,11486,False
B,196,7168623,encoded,,12799,False
A,197,7199915,encoded,,9734,False
B,197,7201958,encoded,,8814,False
A,198,7233258,encoded,,9547,False
B,198,7235309,encoded,,7204,False
A,199,7266574,encoded,,8819,False
B,199,7268633,encoded,,6414,False
A,200,7299907,encoded,,8770,False
B,200,7301967,encoded,,5715,False
A,201,7333243,encoded,,7929,False
B,201,7335291,encoded,,5561,False
A,202,7366575,encoded,,7830,False
B,202,7368626,encoded,,5495,False
A,203,7399909,encoded,,7947,False
B,203,7401965,encoded,,12170,False
A,204,7433244,encoded,,7483,False
B,204,7435294,encoded,,24003,False
A,205,7466584,encoded,,7285,False
B,205,7468628,encoded,,29592,False
A,206,7499924,encoded,,16436,False
B,206,7501961,encoded,,1493,False
A,207,7533247,encoded,,37452,False
B,207,7535298,encoded,,11578,False
A,208,7566600,encoded,,3684,False
B,208,7568629,encoded,,16667,False
A,209,7599933,encoded,,8864,False
B,209,7601975,encoded,,16667,False
A,210,7633251,encoded,,16666,False
B,210,7635307,encoded,,16666,False
A,211,7666587,encoded,,125317,True
B,211,7668640,encoded,,124921,True
A,212,7699935,encoded,,12437,False
B,212,7701979,encoded,,12522,False
A,213,7733256,encoded,,12135,False
B,213,7735319,encoded,,14015,False
A,214,7766584,encoded,,25291,False
B,214,7768651,encoded,,13028,False
A,215,7799919,encoded,,20800,False
B,215,7801981,encoded,,15769,False
A,216,7833263,encoded,,21155,False
B,216,7835308,encoded,,23284,False
A,217,7866588,encoded,,18030,False
B,217,7868641,encoded,,11051,False
A,218,7899929,encoded,,11170,False
B,218,7901976,encoded,,13511,False
A,219,7933254,encoded,,9342,False
B,219,7968640,encoded,,11222,False
A,220,7966589,encoded,,7736,False
B,220,8001973,encoded,,13272,False
A,221,7999922,encoded,,7536,False
B,221,8035306,encoded,,20129,False
A,222,8033271,encoded,,18761,False
B,222,8068645,encoded,,16784,False
A,223,8066592,encoded,,20580,False
B,223,8101987,encoded,,8224,False
B,224,8135313,encoded,,16099,False
A,224,8099934,encoded,,13535,False
A,225,8133262,encoded,,11787,False
B,225,8168649,encoded,,9991,False
A,226,8166602,encoded,,10329,False
B,226,8201982,encoded,,8288,False
A,227,8199986,encoded,,9903,False
B,227,8235317,encoded,,7180,False
A,228,8233265,encoded,,8838,False
B,228,8268646,encoded,,6510,False
A,229,8266601,encoded,,9981,False
B,229,8301980,encoded,,5736,False
A,230,8299933,encoded,,8578,False
B,230,8335328,encoded,,5606,False
A,231,8333264,encoded,,8102,False
B,231,8368660,encoded,,5298,False
B,232,8401983,encoded,,4904,False
A,232,8366617,encoded,,7686,False
A,233,8399943,encoded,,7660,False
B,233,8435332,encoded,,15990,False
A,234,8433277,encoded,,7243,False
B,234,8468650,encoded,,31596,False
A,235,8499934,encoded,,7764,False
B,235,8501986,encoded,,2760,False
A,236,8533269,encoded,,11638,False
B,236,8535321,encoded,,15644,False
A,237,8566602,encoded,,16666,False
B,237,8568655,encoded,,16666,False
A,238,8599935,encoded,,18712,False
B,238,8601991,encoded,,16667,False
A,239,8633273,encoded,,14622,False
B,239,8635322,encoded,,16667,False
A,240,8666605,encoded,,16666,False
B,240,8668656,encoded,,16666,False
A,241,8699976,encoded,,125413,True
B,241,8701992,encoded,,124547,True
A,242,8733289,encoded,,20217,False
B,242,8735328,encoded,,12434,False
A,243,8766614,encoded,,10687,False
B,243,8768660,encoded,,13643,False
A,244,8799960,encoded,,18889,False
B,244,8802040,encoded,,13010,False
A,245,8833289,encoded,,17452,False
B,245,8835325,encoded,,15130,False
A,246,8866618,encoded,,21302,False
B,246,8868673,encoded,,20723,False
A,247,8899965,encoded,,20131,False
B,247,8902016,encoded,,18131,False
A,248,8933278,encoded,,11125,False
B,248,8935328,encoded,,14941,False
A,249,8966627,encoded,,8799,False
B,249,8968689,encoded,,14757,False
A,250,8999945,encoded,,21587,False
B,250,9002011,encoded,,14241,False
A,251,9033279,encoded,,5300,False
B,251,9035350,encoded,,14066,False
A,252,9066618,encoded,,15018,False
B,252,9102000,encoded,,16228,False
A,253,9099948,encoded,,18147,False
B,253,9135332,encoded,,8830,False
A,254,9133282,encoded,,12452,False
B,254,9168668,encoded,,6706,False
A,255,9166639,encoded,,10774,False
B,255,9202001,encoded,,14814,False
A,256,9199958,encoded,,10022,False
B,256,9235337,encoded,,9283,False
A,257,9233283,encoded,,9385,False
B,257,9268674,encoded,,7948,False
A,258,9266619,encoded,,8769,False
B,258,9302003,encoded,,6940,False
A,259,9299959,encoded,,8272,False
B,259,9335337,encoded,,6161,False
A,260,9333300,encoded,,8348,False
B,260,9368695,encoded,,6087,False
A,261,9366642,encoded,,7998,False
B,261,9402024,encoded,,5532,False
A,262,9399977,encoded,,7739,False
B,262,9435347,encoded,,5321,False
A,263,9433304,encoded,,7490,False
B,263,9468680,encoded,,13861,False
A,264,9466637,encoded,,7131,False
B,264,9502025,encoded,,32902,False
A,265,9499972,encoded,,7103,False
B,265,9535340,encoded,,11985,False
A,266,9566633,encoded,,13784,False
B,266,9568685,encoded,,5113,False
A,267,9599971,encoded,,16666,False
B,267,9602013,encoded,,16666,False
A,268,9633301,encoded,,18360,False
B,268,9635353,encoded,,16667,False
A,269,9666639,encoded,,14974,False
B,269,9668679,encoded,,16667,False
A,270,9699962,encoded,,16666,False
B,270,9702021,encoded,,16666,False
A,271,9733303,encoded,,125409,True
B,271,9735358,encoded,,124818,True
A,272,9766648,encoded,,8604,False
B,272,9768680,encoded,,16495,False
A,273,9799973,encoded,,19374,False
B,273,9802015,encoded,,12601,False
A,274,9833318,encoded,,18757,False
B,274,9835370,encoded,,15642,False
A,275,9866639,encoded,,18254,False
B,275,9868689,encoded,,15183,False
A,276,9899978,encoded,,23655,False
B,276,9902021,encoded,,23788,False
A,277,9933308,encoded,,19577,False
B,277,9935355,encoded,,24664,False
A,278,9966643,encoded,,11149,False
B,278,9968694,encoded,,19455,False
A,279,9999982,encoded,,8840,False
B,279,10002026,encoded,,14088,False
A,280,10033309,encoded,,20848,False
B,280,10035359,encoded,,10819,False
A,281,10066645,encoded,,14951,False
B,281,10102027,encoded,,12477,False
A,282,10099985,encoded,,17990,False
B,282,10135355,encoded,,7558,False
A,283,10133317,encoded,,12201,False
B,283,10168693,encoded,,6441,False
A,284,10166641,encoded,,10798,False
B,284,10202025,encoded,,14565,False
A,285,10199978,encoded,,10328,False
B,285,10235367,encoded,,9203,False
A,286,10233330,encoded,,9433,False
B,286,10268699,encoded,,7815,False
A,287,10266660,encoded,,8870,False
B,287,10302036,encoded,,7451,False
A,288,10299976,encoded,,8898,False
B,288,10335364,encoded,,6247,False
A,289,10333309,encoded,,8766,False
B,289,10368698,encoded,,5707,False
A,290,10366651,encoded,,8538,False
B,290,10402047,encoded,,5411,False
A,291,10399981,encoded,,7905,False
B,291,10435367,encoded,,5419,False
A,292,10433324,encoded,,9030,False
B,292,10468704,encoded,,4864,False
A,293,10466667,encoded,,7873,False
B,293,10502031,encoded,,12623,False
A,294,10499995,encoded,,7394,False
B,294,10535364,encoded,,22957,False
A,295,10533319,encoded,,7220,False
B,295,10568750,encoded,,10731,False
A,296,10566650,encoded,,8672,False
B,296,10602034,encoded,,16312,False
A,297,10600008,encoded,,16666,False
B,297,10635379,encoded,,16666,False
A,298,10633321,encoded,,23321,False
B,298,10668701,encoded,,16667,False
A,299,10666653,encoded,,10013,False
B,299,10702052,encoded,,16667,False
A,300,10699987,encoded,,16666,False
B,300,10735374,encoded,,16666,False
A,301,10766653,encoded,,125367,True
B,301,10768706,encoded,,124729,True
A,302,10799994,encoded,,9099,False
B,302,10802042,encoded,,19149,False
A,303,10833332,encoded,,26144,False
B,303,10835379,encoded,,12927,False
A,304,10866657,encoded,,22698,False
B,304,10868723,encoded,,14736,False
A,305,10899992,encoded,,13741,False
B,305,10902043,encoded,,13238,False
A,306,10933324,encoded,,20757,False
B,306,10935375,encoded,,13885,False
A,307,10966671,encoded,,18498,False
B,307,10968714,encoded,,17880,False
A,308,10999994,encoded,,11283,False
B,308,11002047,encoded,,10374,False
A,309,11033326,encoded,,9111,False
B,309,11035380,encoded,,9907,False
A,310,11066663,encoded,,21570,False
B,310,11068712,encoded,,19210,False
A,311,11099996,encoded,,21409,False
B,311,11102044,encoded,,17049,False
A,312,11133337,encoded,,2544,False
B,312,11135381,encoded,,12856,False
A,313,11166668,encoded,,16845,False
B,313,11168716,encoded,,24379,False
A,314,11200004,encoded,,11616,False
B,314,11202051,encoded,,3775,False
A,315,11233329,encoded,,10384,False
B,315,11235381,encoded,,10898,False
B,316,11268722,encoded,,8215,False
A,316,11266675,encoded,,9552,False
A,317,11300006,encoded,,9650,False
B,317,11302049,encoded,,7232,False
A,318,11333333,encoded,,8483,False
B,318,11335385,encoded,,6926,False
A,319,11366665,encoded,,8409,False
B,319,11402066,encoded,,5657,False
B,320,11435404,encoded,,5462,False
A,320,11400020,encoded,,7856,False
A,321,11433360,encoded,,7551,False
B,321,11468722,encoded,,4907,False
A,322,11466671,encoded,,7367,False
B,322,11502070,encoded,,4986,False
A,323,11500008,encoded,,6965,False
B,323,11535409,encoded,,14957,False
A,324,11533340,encoded,,7213,False
B,324,11568724,encoded,,39210,False
A,325,11566674,encoded,,7176,False
B,325,11602067,encoded,,7333,False
A,326,11600004,encoded,,12046,False
B,326,11635392,encoded,,3457,False
A,327,11633344,encoded,,16666,False
B,327,11668729,encoded,,16666,False
B,328,11702061,encoded,,16667,False
A,328,11666672,encoded,,18523,False
A,329,11700013,encoded,,14811,False
B,329,11735395,encoded,,16667,False
A,330,11733346,encoded,,16666,False
B,330,11768732,encoded,,16666,False
A,331,11766689,encoded,,125466,True
B,331,11802064,encoded,,124684,True
B,332,11835395,encoded,,9035,False
A,332,11800025,encoded,,21478,False
A,333,11833342,encoded,,11011,False
B,333,11868729,encoded,,23326,False
A,334,11866677,encoded,,16802,False
B,334,11902065,encoded,,9736,False
A,335,11933343,encoded,,17093,False
B,335,11935400,encoded,,13771,False
A,336,11966678,encoded,,22302,False
B,336,11968736,encoded,,17153,False
A,337,12000033,encoded,,20213,False
B,337,12002065,encoded,,16479,False
A,338,12033354,encoded,,11041,False
B,338,12035402,encoded,,13401,False
A,339,12066682,encoded,,8889,False
B,339,12068735,encoded,,16217,False
A,340,12100024,encoded,,20822,False
B,340,12102072,encoded,,12176,False
B,341,12135410,encoded,,18787,False
A,341,12133356,encoded,,21904,False
B,342,12168737,encoded,,19054,False
A,342,12166689,encoded,,13452,False
B,343,12202071,encoded,,6523,False
A,343,12200025,encoded,,11946,False
A,344,12233358,encoded,,10675,False
B,344,12235405,encoded,,13732,False
A,345,12266690,encoded,,9884,False
B,345,12268738,encoded,,9284,False
A,346,12300032,encoded,,9406,False
B,346,12302077,encoded,,7479,False
A,347,12333364,encoded,,9283,False
B,347,12335415,encoded,,6998,False
A,348,12366697,encoded,,8688,False
B,348,12368747,encoded,,6507,False
A,349,12400025,encoded,,7961,False
B,349,12402079,encoded,,5725,False
A,350,12433364,encoded,,7916,False
B,350,12435412,encoded,,5370,False
A,351,12466690,encoded,,7374,False
B,351,12468748,encoded,,5075,False
A,352,12500030,encoded,,7500,False
B,352,12502084,encoded,,6155,False
A,353,12533360,encoded,,7754,False
B,353,12535417,encoded,,16667,False
A,354,12566697,encoded,,7165,False
B,354,12568748,encoded,,30635,False
A,355,12600050,encoded,,6925,False
B,355,12602085,encoded,,2909,False
A,356,12633376,encoded,,10384,False
B,356,12635425,encoded,,16456,False
A,357,12666713,encoded,,16666,False
B,357,12668763,encoded,,16666,False
A,358,12700042,encoded,,28292,False
B,358,12702098,encoded,,16667,False
A,359,12733371,encoded,,9877,False
B,359,12735420,encoded,,16667,False
A,360,12766720,encoded,,11831,False
B,360,12768768,encoded,,16666,False
A,361,12800047,encoded,,125431,True
A,362,12833367,encoded,,21970,False
B,361,12802102,encoded,,124597,True
B,362,12868755,encoded,,12752,False
A,363,12866709,encoded,,9613,False
B,363,12902089,encoded,,19485,False
A,364,12900034,encoded,,14529,False
B,364,12935422,encoded,,22896,False
A,365,12933369,encoded,,18537,False
B,365,12968755,encoded,,24551,False
A,366,12966705,encoded,,23525,False
B,366,13002094,encoded,,21497,False
A,367,13000039,encoded,,20482,False
B,367,13035428,encoded,,21189,False
A,368,13033382,encoded,,11006,False
B,368,13068768,encoded,,10876,False
A,369,13066710,encoded,,10325,False
B,369,13102097,encoded,,13778,False
A,370,13100057,encoded,,8104,False
B,370,13135429,encoded,,14190,False
A,371,13133373,encoded,,20644,False
B,371,13168762,encoded,,8542,False
A,372,13166707,encoded,,20814,False
B,372,13202103,encoded,,7043,False
A,373,13200064,encoded,,13256,False
B,373,13235435,encoded,,15196,False
A,374,13233379,encoded,,11486,False
B,374,13268763,encoded,,10146,False
A,375,13266710,encoded,,10605,False
B,375,13302110,encoded,,8527,False
A,376,13300066,encoded,,9713,False
B,376,13335439,encoded,,7104,False
A,377,13333378,encoded,,9161,False
B,377,13368771,encoded,,6397,False
A,378,13366712,encoded,,8536,False
B,378,13402104,encoded,,6280,False
A,379,13400053,encoded,,8744,False
B,379,13435452,encoded,,5961,False
A,380,13466715,encoded,,8629,False
B,380,13468770,encoded,,5308,False
A,381,13500068,encoded,,8463,False
B,381,13502105,encoded,,4967,False
A,382,13533385,encoded,,7855,False
B,382,13535435,encoded,,4514,False
A,383,13566716,encoded,,7617,False
B,383,13568770,encoded,,7538,False
A,384,13600051,encoded,,6936,False
B,384,13602108,encoded,,16666,False
A,385,13633384,encoded,,6951,False
B,385,13635438,encoded,,28760,False
A,386,13666717,encoded,,10402,False
B,386,13668773,encoded,,4574,False
A,387,13700051,encoded,,16666,False
B,387,13702105,encoded,,16666,False
A,388,13733392,encoded,,18311,False
B,388,13735440,encoded,,16667,False
A,389,13766724,encoded,,15023,False
B,389,13768777,encoded,,16667,False
A,390,13800079,encoded,,16666,False
B,390,13802110,encoded,,16666,False
A,391,13833398,encoded,,125466,True
B,391,13835469,encoded,,124799,True
A,392,13866730,encoded,,20698,False
B,392,13868782,encoded,,12292,False
A,393,13900070,encoded,,10462,False
B,393,13902113,encoded,,14389,False
A,394,13933397,encoded,,16693,False
B,394,13935457,encoded,,13387,False
A,395,13966725,encoded,,19077,False
B,395,13968784,encoded,,15593,False
A,396,14000068,encoded,,18425,False
B,396,14002119,encoded,,16158,False
A,397,14033403,encoded,,15047,False
B,397,14035453,encoded,,17207,False
A,398,14066729,encoded,,17212,False
B,398,14068783,encoded,,20829,False
A,399,14100062,encoded,,9752,False
B,399,14102124,encoded,,16891,False
A,400,14133403,encoded,,21564,False
B,400,14135454,encoded,,16414,False
A,401,14166740,encoded,,5736,False
B,401,14168790,encoded,,18101,False
A,402,14200064,encoded,,23635,False
B,402,14202121,encoded,,8408,False
A,403,14233400,encoded,,13755,False
B,403,14235460,encoded,,16971,False
A,404,14266731,encoded,,11505,False
B,404,14268792,encoded,,10289,False
A,405,14300081,encoded,,10533,False
B,405,14302131,encoded,,8339,False
A,406,14333413,encoded,,9540,False
B,406,14335467,encoded,,7797,False
A,407,14366734,encoded,,8898,False
B,407,14368803,encoded,,6561,False
A,408,14400097,encoded,,8657,False
B,408,14402147,encoded,,6057,False
A,409,14433408,encoded,,8634,False
B,409,14468813,encoded,,5890,False
A,410,14466738,encoded,,8357,False
B,410,14502129,encoded,,5272,False
A,411,14500075,encoded,,7786,False
B,411,14535474,encoded,,4876,False
A,412,14533406,encoded,,7697,False
B,412,14568796,encoded,,5136,False
A,413,14566766,encoded,,7654,False
B,413,14602130,encoded,,11678,False
A,414,14600108,encoded,,8232,False
B,414,14635472,encoded,,23062,False
A,415,14633423,encoded,,7244,False
B,415,14668812,encoded,,29406,False
A,416,14666758,encoded,,11075,False
B,416,14702140,encoded,,1389,False
A,417,14733415,encoded,,16666,False
B,417,14735468,encoded,,12809,False
A,418,14766750,encoded,,35913,False
A,419,14800077,encoded,,3688,False
B,418,14768799,encoded,,16667,False
B,419,14802141,encoded,,16667,False
A,420,14833413,encoded,,10399,False
B,420,14835465,encoded,,16666,False
A,421,14866745,encoded,,125495,True
B,421,14868804,encoded,,124628,True
A,422,14900079,encoded,,17800,False
B,422,14902133,encoded,,16413,False
A,423,14933413,encoded,,7052,False
B,423,14935468,encoded,,18609,False
A,424,14966749,encoded,,23057,False
B,424,14968803,encoded,,13012,False
A,425,15000079,encoded,,18081,False
B,425,15002149,encoded,,14455,False
A,426,15033413,encoded,,23989,False
B,426,15035472,encoded,,22968,False
A,427,15066750,encoded,,21196,False
B,427,15068803,encoded,,23526,False
A,428,15100083,encoded,,11354,False
B,428,15102139,encoded,,16871,False
A,429,15133424,encoded,,9625,False
B,429,15135475,encoded,,17373,False
A,430,15166757,encoded,,21741,False
B,430,15168811,encoded,,10908,False
A,431,15200097,encoded,,14757,False
B,431,15202148,encoded,,10926,False
A,432,15233436,encoded,,19002,False
B,432,15235494,encoded,,7412,False
A,433,15266754,encoded,,12753,False
B,433,15268808,encoded,,15438,False
A,434,15300095,encoded,,11192,False
B,434,15302154,encoded,,10470,False
A,435,15333437,encoded,,10229,False
B,435,15335494,encoded,,8446,False
A,436,15366762,encoded,,9230,False
B,436,15402163,encoded,,7398,False
A,437,15400105,encoded,,8928,False
B,437,15435495,encoded,,6630,False
A,438,15433432,encoded,,8297,False
B,438,15468815,encoded,,6247,False
A,439,15466760,encoded,,8089,False
B,439,15502154,encoded,,6088,False
A,440,15500099,encoded,,7885,False
B,440,15535486,encoded,,5358,False
A,441,15533433,encoded,,7546,False
B,441,15568814,encoded,,5081,False
A,442,15566765,encoded,,7490,False
B,442,15602154,encoded,,4684,False
A,443,15600100,encoded,,7328,False
B,443,15635485,encoded,,10393,False
A,444,15633434,encoded,,7171,False
B,444,15668817,encoded,,16666,False
A,445,15666764,encoded,,6967,False
B,445,15702172,encoded,,37488,False
A,446,15700095,encoded,,7080,False
B,446,15735490,encoded,,1859,False
A,447,15733476,encoded,,20374,False
B,447,15768835,encoded,,10653,False
A,448,15766771,encoded,,43557,False
B,448,15802155,encoded,,16667,False
A,449,15800111,encoded,,3432,False
B,449,15835488,encoded,,16667,False
A,450,15833452,encoded,,4182,False
B,450,15868834,encoded,,16666,False
A,451,15866787,encoded,,116107,True
B,451,15902165,encoded,,124677,True
A,452,15900107,encoded,,24302,False
B,452,15935492,encoded,,12043,False
A,453,15933434,encoded,,11938,False
B,453,15968829,encoded,,21831,False
A,454,15966774,encoded,,24917,False
B,454,16002184,encoded,,22795,False
A,455,16000120,encoded,,18882,False
B,455,16035507,encoded,,18452,False
A,456,16033449,encoded,,23948,False
A,457,16066790,encoded,,21239,False
B,456,16068833,encoded,,23670,False
B,457,16102168,encoded,,16142,False
A,458,16100108,encoded,,12395,False
B,458,16135499,encoded,,16849,False
A,459,16133443,encoded,,9467,False
B,459,16168838,encoded,,12891,False
A,460,16200109,encoded,,8501,False
B,460,16202166,encoded,,15939,False
A,461,16233440,encoded,,7723,False
B,461,16235499,encoded,,8354,False
A,462,16266778,encoded,,19577,False
B,462,16268833,encoded,,17373,False
A,463,16300117,encoded,,20499,False
B,463,16302167,encoded,,10799,False
A,464,16333459,encoded,,2833,False
B,464,16335500,encoded,,9289,False
A,465,16366779,encoded,,16211,False
B,465,16368835,encoded,,7879,False
B,466,16402168,encoded,,6738,False
A,466,16400123,encoded,,11378,False
A,467,16433450,encoded,,9880,False
B,467,16435513,encoded,,6047,False
A,468,16466789,encoded,,9420,False
B,468,16468842,encoded,,5812,False
A,469,16500115,encoded,,9316,False
B,469,16502187,encoded,,5558,False
A,470,16533459,encoded,,8502,False
B,470,16535520,encoded,,5016,False
A,471,16566796,encoded,,8505,False
B,471,16568843,encoded,,4790,False
A,472,16600159,encoded,,7899,False
B,472,16602189,encoded,,4498,False
A,473,16633467,encoded,,7566,False
B,473,16635511,encoded,,5892,False
A,474,16666788,encoded,,7252,False
B,474,16668853,encoded,,16666,False
A,475,16700123,encoded,,7234,False
B,475,16702182,encoded,,28906,False
A,476,16733454,encoded,,7075,False
B,476,16768847,encoded,,4428,False
A,477,16766794,encoded,,12555,False
B,477,16802180,encoded,,16666,False
A,478,16800123,encoded,,16667,False
B,478,16835515,encoded,,16667,False
A,479,16833461,encoded,,19301,False
B,479,16868848,encoded,,16667,False
A,480,16866805,encoded,,14032,False
B,480,16902180,encoded,,16666,False
A,481,16900133,encoded,,125379,True
B,481,16935519,encoded,,124698,True
A,482,16933472,encoded,,24937,False
B,482,16968850,encoded,,12497,False
A,483,16966796,encoded,,7352,False
B,483,17002188,encoded,,13560,False
A,484,17000135,encoded,,14497,False
A,485,17033463,encoded,,19713,False
B,484,17035519,encoded,,23337,False
A,486,17066797,encoded,,18469,False
B,485,17068861,encoded,,16683,False
A,487,17100139,encoded,,14950,False
B,486,17102196,encoded,,22638,False
A,488,17133474,encoded,,17850,False
B,487,17135518,encoded,,15575,False
A,489,17166814,encoded,,9961,False
B,488,17168855,encoded,,13411,False
A,490,17200195,encoded,,8389,False
B,489,17202198,encoded,,12816,False
A,491,17233471,encoded,,19661,False
B,490,17235522,encoded,,14597,False
A,492,17266799,encoded,,15770,False
B,491,17268857,encoded,,13569,False
B,492,17302190,encoded,,12900,False
A,493,17300141,encoded,,18339,False
B,493,17335526,encoded,,10482,False
A,494,17333472,encoded,,12574,False
B,494,17368873,encoded,,18667,False
A,495,17366805,encoded,,11205,False
B,495,17402213,encoded,,8661,False
A,496,17400136,encoded,,10125,False
B,496,17435561,encoded,,7272,False
A,497,17433499,encoded,,9522,False
B,497,17468867,encoded,,6400,False
A,498,17500137,encoded,,8895,False
B,498,17502201,encoded,,6137,False
A,499,17533490,encoded,,8692,False
B,499,17535537,encoded,,5391,False
A,500,17566828,encoded,,8358,False
B,500,17568866,encoded,,5092,False
A,501,17600140,encoded,,8057,False
B,501,17602207,encoded,,5119,False
A,502,17633476,encoded,,8268,False
B,502,17635547,encoded,,4936,False
A,503,17666828,encoded,,7862,False
B,503,17668883,encoded,,8896,False
A,504,17700144,encoded,,7844,False
B,504,17702204,encoded,,16666,False
A,505,17733484,encoded,,7552,False
B,505,17735536,encoded,,27727,False
A,506,17766811,encoded,,9113,False
B,506,17768877,encoded,,5607,False
A,507,17800153,encoded,,16666,False
B,507,17802213,encoded,,16666,False
A,508,17833484,encoded,,22976,False
B,508,17835538,encoded,,16667,False
A,509,17866820,encoded,,10358,False
B,509,17868876,encoded,,16667,False
A,510,17900152,encoded,,16666,False
B,510,17902207,encoded,,16666,False
A,511,17933484,encoded,,125246,True
A,512,17966817,encoded,,13244,False
B,511,17968876,encoded,,124562,True
A,513,18000155,encoded,,19142,False
B,512,18002207,encoded,,16672,False
B,513,18035544,encoded,,12352,False
A,514,18033489,encoded,,16563,False
B,514,18068873,encoded,,19762,False
A,515,18066820,encoded,,18078,False
B,515,18102210,encoded,,14468,False
A,516,18100156,encoded,,20880,False
B,516,18135552,encoded,,21524,False
A,517,18133493,encoded,,22002,False
B,517,18168893,encoded,,17673,False
A,518,18166830,encoded,,11351,False
B,518,18202214,encoded,,12380,False
A,519,18200162,encoded,,8818,False
B,519,18235548,encoded,,13366,False
A,520,18233492,encoded,,21415,False
B,520,18268878,encoded,,15479,False
A,521,18266836,encoded,,5191,False
B,521,18302232,encoded,,14873,False
A,522,18300161,encoded,,16201,False
B,522,18335552,encoded,,12118,False
A,523,18333499,encoded,,18328,False
B,523,18368883,encoded,,16290,False
A,524,18366827,encoded,,12450,False
B,524,18402219,encoded,,11911,False
A,525,18400167,encoded,,11518,False
B,525,18435554,encoded,,8592,False
A,526,18433496,encoded,,10656,False
B,526,18468885,encoded,,7356,False
A,527,18466833,encoded,,9595,False
B,527,18502223,encoded,,6733,False
A,528,18500168,encoded,,9075,False
B,528,18535554,encoded,,5826,False
A,529,18533496,encoded,,8482,False
B,529,18568891,encoded,,5826,False
A,530,18566840,encoded,,8278,False
B,530,18602241,encoded,,5248,False
A,531,18633504,encoded,,8189,False
B,531,18635559,encoded,,4934,False
A,532,18666834,encoded,,8120,False
B,532,18668893,encoded,,4557,False
A,533,18700176,encoded,,8030,False
B,533,18702222,encoded,,10832,False
A,534,18733501,encoded,,7866,False
B,534,18735560,encoded,,16666,False
A,535,18766839,encoded,,8011,False
B,535,18768894,encoded,,28828,False
A,536,18800172,encoded,,7623,False
B,536,18802225,encoded,,4506,False
A,537,18833507,encoded,,15648,False
B,537,18835563,encoded,,16666,False
A,538,18866846,encoded,,24437,False
B,538,18868896,encoded,,16667,False
A,539,18900198,encoded,,8897,False
B,539,18902228,encoded,,16667,False
A,540,18933528,encoded,,16666,False
B,540,18935580,encoded,,16666,False
A,541,18966840,encoded,,125393,True
B,541,18968899,encoded,,124725,True
A,542,19000203,encoded,,12058,False
B,542,19002232,encoded,,13828,False
A,543,19033504,encoded,,13456,False
B,543,19035579,encoded,,19164,False
A,544,19066864,encoded,,24534,False
B,544,19068920,encoded,,22659,False
A,545,19100177,encoded,,19511,False
B,545,19102237,encoded,,17010,False
A,546,19133514,encoded,,23597,False
B,546,19135580,encoded,,18831,False
A,547,19166844,encoded,,16934,False
B,547,19168899,encoded,,17503,False
A,548,19200182,encoded,,18793,False
B,548,19202249,encoded,,21284,False
A,549,19233511,encoded,,12732,False
B,549,19235595,encoded,,18913,False
A,550,19266848,encoded,,11603,False
B,550,19302239,encoded,,11983,False
A,551,19300189,encoded,,10520,False
B,551,19335576,encoded,,8446,False
A,552,19333521,encoded,,10103,False
B,552,19368907,encoded,,7391,False
A,553,19366850,encoded,,9872,False
B,553,19402241,encoded,,15359,False
A,554,19400184,encoded,,9169,False
B,554,19435575,encoded,,9795,False
A,555,19433520,encoded,,9301,False
B,555,19468910,encoded,,8011,False
A,556,19466856,encoded,,9134,False
B,556,19502242,encoded,,7096,False
A,557,19500202,encoded,,9127,False
B,557,19535575,encoded,,6555,False
A,558,19533540,encoded,,9241,False
B,558,19568916,encoded,,6155,False
A,559,19566874,encoded,,9442,False
B,559,19602265,encoded,,5636,False
A,560,19600210,encoded,,27646,False
B,560,19635581,encoded,,5646,False
A,561,19633522,encoded,,7510,False
B,561,19668913,encoded,,5172,False
A,562,19666868,encoded,,8582,False
B,562,19702248,encoded,,5106,False
A,563,19700204,encoded,,9290,False
B,563,19735593,encoded,,7066,False
A,564,19766862,encoded,,12019,False
B,564,19768922,encoded,,16666,False
A,565,19800196,encoded,,10163,False
B,565,19802249,encoded,,36925,False
A,566,19833523,encoded,,25694,False
B,566,19835585,encoded,,1684,False
A,567,19866858,encoded,,8546,False
B,567,19868918,encoded,,11391,False
A,568,19900192,encoded,,9743,False
B,568,19902253,encoded,,16667,False
A,569,19933527,encoded,,23234,False
B,569,19935584,encoded,,16667,False
A,570,19966867,encoded,,18082,False
B,570,19968923,encoded,,16666,False
A,571,20000200,encoded,,117908,True
B,571,20002259,encoded,,124676,True
A,572,20033528,encoded,,14919,False
B,572,20035585,encoded,,16551,False
A,573,20066868,encoded,,19281,False
B,573,20068929,encoded,,12582,False
A,574,20100197,encoded,,22134,False
B,574,20102266,encoded,,14550,False
A,575,20133532,encoded,,12144,False
B,575,20135598,encoded,,11943,False
A,576,20166875,encoded,,14678,False
B,576,20168922,encoded,,16757,False
A,577,20200211,encoded,,15040,False
B,577,20202257,encoded,,18006,False
A,578,20233545,encoded,,12526,False
B,578,20235593,encoded,,13803,False
A,579,20266866,encoded,,23902,False
B,579,20268928,encoded,,16735,False
A,580,20300212,encoded,,13721,False
B,580,20302269,encoded,,17545,False
A,581,20333553,encoded,,19328,False
B,581,20335615,encoded,,22297,False
A,582,20366879,encoded,,8568,False
B,582,20368930,encoded,,23527,False
A,583,20400226,encoded,,15263,False
B,583,20402278,encoded,,3918,False
A,584,20433550,encoded,,19105,False
B,584,20435602,encoded,,10439,False
A,585,20466871,encoded,,14643,False
B,585,20468940,encoded,,7603,False
A,586,20500219,encoded,,13436,False
B,586,20535600,encoded,,7170,False
A,587,20533540,encoded,,12658,False
B,587,20568936,encoded,,6440,False
A,588,20566873,encoded,,11775,False
B,588,20602266,encoded,,5631,False
A,589,20600207,encoded,,11609,False
B,589,20635602,encoded,,5620,False
A,590,20633541,encoded,,11173,False
B,590,20668935,encoded,,5210,False
A,591,20666879,encoded,,10986,False
B,591,20702268,encoded,,4815,False
A,592,20700224,encoded,,10605,False
A,593,20733545,encoded,,10442,False
B,592,20735609,encoded,,4991,False
B,593,20768942,encoded,,12525,False
A,594,20766886,encoded,,9688,False
B,594,20802274,encoded,,21121,False
A,595,20800224,encoded,,9588,False
B,595,20835625,encoded,,30556,False
A,596,20833558,encoded,,9155,False
B,596,20868943,encoded,,1422,False
A,597,20866885,encoded,,9285,False
B,597,20902276,encoded,,13567,False
A,598,20900229,encoded,,9069,False
B,598,20935625,encoded,,16667,False
A,599,20933557,encoded,,9003,False
B,599,20968941,encoded,,16667,False
A,600,20966881,encoded,,9397,False
B,600,21002278,encoded,,16666,False
A,601,21033553,encoded,,117073,True
B,601,21035610,encoded,,124644,True
A,602,21066895,encoded,,13876,False
B,602,21068947,encoded,,8003,False
A,603,21100218,encoded,,13699,False
B,603,21102281,encoded,,18680,False
A,604,21133553,encoded,,21376,False
B,604,21135614,encoded,,23056,False
A,605,21166888,encoded,,20340,False
B,605,21168946,encoded,,21095,False
A,606,21200221,encoded,,13928,False
B,606,21202281,encoded,,24253,False
A,607,21233563,encoded,,16628,False
B,607,21235616,encoded,,23903,False
A,608,21266889,encoded,,19145,False
B,608,21268951,encoded,,21372,False
A,609,21300234,encoded,,15032,False
B,609,21302289,encoded,,13707,False
A,610,21333605,encoded,,12624,False
B,610,21335625,encoded,,8847,False
A,611,21366897,encoded,,12065,False
B,611,21368954,encoded,,7760,False
A,612,21400249,encoded,,12107,False
B,612,21402286,encoded,,6618,False
A,613,21433568,encoded,,10915,False
B,613,21435626,encoded,,14922,False
A,614,21466904,encoded,,10240,False
B,614,21468964,encoded,,9940,False
A,615,21500246,encoded,,9833,False
B,615,21502296,encoded,,7904,False
A,616,21533573,encoded,,9139,False
B,616,21535636,encoded,,6861,False
A,617,21566907,encoded,,9369,False
B,617,21568967,encoded,,6622,False
A,618,21600239,encoded,,23049,False
B,618,21602307,encoded,,5848,False
A,619,21633578,encoded,,6596,False
B,619,21635642,encoded,,5652,False
A,620,21666911,encoded,,16554,False
B,620,21668967,encoded,,5030,False
A,621,21700231,encoded,,12960,False
B,621,21702304,encoded,,5110,False
A,622,21733566,encoded,,12207,False
B,622,21768962,encoded,,4991,False
A,623,21766899,encoded,,12116,False
B,623,21802296,encoded,,8516,False
A,624,21800236,encoded,,11844,False
B,624,21835633,encoded,,16666,False
A,625,21833568,encoded,,11717,False
B,625,21868965,encoded,,29509,False
A,626,21866901,encoded,,12123,False
B,626,21902298,encoded,,3825,False
A,627,21900244,encoded,,11281,False
B,627,21935634,encoded,,16666,False
A,628,21933571,encoded,,11443,False
B,628,21968965,encoded,,16667,False
A,629,21966905,encoded,,11296,False
B,629,22002308,encoded,,16667,False
A,630,22000246,encoded,,11985,False
B,630,22035647,encoded,,16666,False
A,631,22033587,encoded,,107414,True
B,631,22068978,encoded,,125337,True
A,632,22066917,encoded,,17121,False
B,632,22102308,encoded,,16124,False
A,633,22133581,encoded,,9431,False
B,633,22135636,encoded,,10059,False
A,634,22166915,encoded,,21424,False
B,634,22168971,encoded,,13784,False
A,635,22200259,encoded,,17639,False
B,635,22202304,encoded,,17567,False
A,636,22233583,encoded,,21113,False
B,636,22235654,encoded,,18085,False
A,637,22266912,encoded,,17204,False
B,637,22268975,encoded,,22037,False
A,638,22300244,encoded,,15814,False
B,638,22302325,encoded,,21624,False
A,639,22333587,encoded,,15563,False
A,640,22366914,encoded,,14609,False
B,639,22335641,encoded,,21840,False
A,641,22400253,encoded,,10551,False
B,640,22368975,encoded,,14562,False
A,642,22433586,encoded,,9049,False
B,641,22402310,encoded,,12650,False
A,643,22466942,encoded,,7675,False
B,642,22435644,encoded,,12351,False
A,644,22500250,encoded,,17121,False
B,643,22469024,encoded,,7791,False
B,644,22502316,encoded,,15970,False
A,645,22533589,encoded,,16999,False
B,645,22535646,encoded,,10552,False
A,646,22566920,encoded,,12031,False
B,646,22568981,encoded,,9139,False
A,647,22600252,encoded,,10334,False
B,647,22602312,encoded,,7627,False
A,648,22633593,encoded,,9453,False
B,648,22635648,encoded,,7232,False
A,649,22666924,encoded,,8939,False
B,649,22668998,encoded,,6971,False
A,650,22700264,encoded,,8022,False
B,650,22702318,encoded,,6210,False
A,651,22733594,encoded,,8134,False
B,651,22735653,encoded,,5647,False
A,652,22766924,encoded,,7105,False
B,652,22769020,encoded,,5432,False
A,653,22800259,encoded,,6343,False
B,653,22835654,encoded,,5220,False
A,654,22833591,encoded,,6427,False
B,654,22868987,encoded,,6189,False
A,655,22866929,encoded,,5912,False
B,655,22902322,encoded,,16667,False
A,656,22900261,encoded,,24116,False
B,656,22935655,encoded,,30541,False
A,657,22933600,encoded,,3394,False
B,657,22969023,encoded,,3012,False
A,658,22966949,encoded,,16589,False
B,658,23002325,encoded,,16447,False
A,659,23000285,encoded,,13592,False
B,659,23035673,encoded,,16667,False
A,660,23033611,encoded,,12264,False
B,660,23069043,encoded,,16666,False
A,661,23066960,encoded,,116138,True
B,661,23102351,encoded,,125591,True
A,662,23100293,encoded,,19890,False
B,662,23135682,encoded,,17455,False
A,663,23133624,encoded,,16785,False
B,663,23169001,encoded,,12337,False
A,664,23200270,encoded,,18712,False
B,664,23202349,encoded,,10332,False
A,665,23233624,encoded,,23356,False
B,665,23235677,encoded,,14277,False
A,666,23266957,encoded,,15543,False
B,666,23269003,encoded,,16267,False
A,667,23300272,encoded,,10207,False
B,667,23302333,encoded,,17357,False
A,668,23333605,encoded,,19468,False
B,668,23335665,encoded,,14042,False
A,669,23366936,encoded,,18650,False
B,669,23369003,encoded,,16443,False
A,670,23400272,encoded,,11231,False
B,670,23402332,encoded,,15921,False
A,671,23433606,encoded,,9509,False
B,671,23435689,encoded,,13791,False
A,672,23466941,encoded,,8945,False
B,672,23469011,encoded,,17786,False
A,673,23500279,encoded,,7870,False
B,673,23502336,encoded,,19568,False
A,674,23533610,encoded,,7509,False
B,674,23535671,encoded,,12546,False
A,675,23566943,encoded,,6701,False
A,676,23600277,encoded,,6349,False
B,675,23569008,encoded,,8639,False
A,677,23633625,encoded,,6156,False
B,676,23602339,encoded,,7613,False
A,678,23666948,encoded,,5712,False
B,677,23635690,encoded,,7038,False
A,679,23700277,encoded,,5818,False
B,678,23669009,encoded,,6361,False
B,679,23702344,encoded,,5717,False
A,680,23733616,encoded,,23838,False
B,680,23735676,encoded,,5256,False
A,681,23766955,encoded,,2798,False
B,681,23769012,encoded,,5424,False
A,682,23800280,encoded,,16084,False
B,682,23802343,encoded,,4944,False
A,683,23833620,encoded,,11525,False
B,683,23835680,encoded,,8629,False
A,684,23866989,encoded,,11206,False
B,684,23869031,encoded,,16666,False
A,685,23900284,encoded,,16667,False
B,685,23902353,encoded,,27624,False
A,686,23933618,encoded,,16667,False
B,686,23935678,encoded,,5710,False
A,687,23966960,encoded,,16666,False
B,687,23969015,encoded,,16666,False
A,688,24000284,encoded,,16667,False
B,688,24035696,encoded,,16667,False
A,689,24033626,encoded,,16667,False
B,689,24069022,encoded,,16667,False
A,690,24066952,encoded,,16666,False
B,690,24102355,encoded,,16666,False
A,691,24100291,encoded,,125456,True
B,691,24135687,encoded,,125523,True
B,692,24169018,encoded,,7467,False
A,692,24133622,encoded,,15255,False
A,693,24166954,encoded,,11866,False
B,693,24202367,encoded,,18423,False
A,694,24200289,encoded,,18814,False
B,694,24235696,encoded,,20275,False
A,695,24233637,encoded,,21646,False
B,695,24269028,encoded,,15348,False
A,696,24266985,encoded,,12841,False
B,696,24302383,encoded,,24220,False
A,697,24300307,encoded,,21362,False
B,697,24335691,encoded,,12577,False
A,698,24333639,encoded,,18148,False
A,699,24366968,encoded,,11111,False
B,698,24369031,encoded,,10739,False
B,699,24402369,encoded,,10408,False
A,700,24400309,encoded,,9022,False
B,700,24435691,encoded,,11473,False
A,701,24433651,encoded,,8760,False
B,701,24469026,encoded,,13777,False
A,702,24466975,encoded,,7391,False
B,702,24502357,encoded,,14147,False
A,703,24500307,encoded,,7445,False
B,703,24535702,encoded,,14691,False
A,704,24533642,encoded,,6771,False
B,704,24569040,encoded,,21149,False
A,705,24566984,encoded,,6384,False
B,705,24602362,encoded,,8960,False
A,706,24600314,encoded,,25569,False
B,706,24635714,encoded,,7914,False
A,707,24666974,encoded,,3955,False
B,707,24669031,encoded,,6884,False
A,708,24700301,encoded,,17201,False
B,708,24702362,encoded,,6527,False
A,709,24733635,encoded,,3256,False
B,709,24735697,encoded,,6210,False
A,710,24766974,encoded,,15600,False
B,710,24769034,encoded,,5408,False
A,711,24800301,encoded,,11744,False
B,711,24802363,encoded,,5101,False
A,712,24833653,encoded,,10609,False
B,712,24835699,encoded,,4829,False
A,713,24866984,encoded,,10300,False
B,713,24869033,encoded,,11284,False
A,714,24900331,encoded,,9632,False
B,714,24902376,encoded,,16666,False
A,715,24933650,encoded,,9584,False
B,715,24935724,encoded,,37754,False
A,716,24966975,encoded,,13612,False
B,716,24969064,encoded,,1872,False
A,717,25000322,encoded,,16666,False
B,717,25002392,encoded,,10374,False
A,718,25033647,encoded,,16667,False
B,718,25035712,encoded,,16667,False
A,719,25066981,encoded,,16667,False
A,720,25100316,encoded,,16666,False
B,719,25069045,encoded,,16667,False
A,721,25133644,encoded,,125477,True
B,720,25135730,encoded,,16666,False
A,722,25166982,encoded,,21511,False
B,721,25169042,encoded,,125533,True
A,723,25200311,encoded,,11163,False
B,722,25202375,encoded,,10311,False
B,723,25235709,encoded,,15587,False
A,724,25233653,encoded,,22115,False
B,724,25269045,encoded,,13076,False
A,725,25266984,encoded,,18013,False
B,725,25302380,encoded,,16476,False
A,726,25300317,encoded,,11018,False
A,727,25333656,encoded,,19896,False
B,726,25335714,encoded,,24877,False
A,728,25366991,encoded,,19316,False
B,727,25369046,encoded,,11657,False
A,729,25400327,encoded,,12469,False
B,728,25402383,encoded,,14292,False
A,730,25433652,encoded,,10626,False
B,729,25435714,encoded,,16254,False
A,731,25466984,encoded,,10196,False
B,730,25469048,encoded,,15416,False
B,731,25502383,encoded,,15424,False
A,732,25500322,encoded,,9209,False
B,732,25535723,encoded,,17198,False
A,733,25533660,encoded,,9012,False
B,733,25569053,encoded,,8559,False
A,734,25567008,encoded,,8836,False
B,734,25602387,encoded,,6813,False
A,735,25600322,encoded,,8725,False
B,735,25635721,encoded,,15332,False
A,736,25633672,encoded,,8379,False
B,736,25669074,encoded,,10406,False
A,737,25667025,encoded,,8118,False
B,737,25702394,encoded,,8610,False
A,738,25700331,encoded,,7794,False
B,738,25735724,encoded,,7888,False
B,739,25769058,encoded,,7421,False
A,739,25733664,encoded,,26382,False
B,740,25802389,encoded,,6757,False
A,740,25767001,encoded,,5088,False
A,741,25800335,encoded,,18739,False
B,741,25835735,encoded,,6577,False
A,742,25866995,encoded,,6182,False
B,742,25869058,encoded,,6548,False
A,743,25900342,encoded,,17465,False
B,743,25902391,encoded,,5953,False
A,744,25933671,encoded,,13905,False
B,744,25935725,encoded,,13035,False
A,745,25967004,encoded,,13063,False
B,745,25969060,encoded,,24688,False
A,746,26000336,encoded,,12510,False
B,746,26002396,encoded,,13173,False
A,747,26033673,encoded,,13511,False
B,747,26035727,encoded,,12139,False
A,748,26066999,encoded,,12630,False
B,748,26069063,encoded,,16667,False
A,749,26100331,encoded,,13105,False
B,749,26102394,encoded,,16667,False
A,750,26133668,encoded,,12297,False
B,750,26135729,encoded,,16666,False
A,751,26167004,encoded,,124596,True
B,751,26169065,encoded,,125450,True
A,752,26200356,encoded,,19246,False
B,752,26202400,encoded,,14026,False
A,753,26233687,encoded,,8527,False
B,753,26235741,encoded,,19919,False
A,754,26267022,encoded,,20361,False
B,754,26269074,encoded,,23322,False
A,755,26300347,encoded,,23020,False
B,755,26302412,encoded,,19351,False
A,756,26333694,encoded,,17033,False
B,756,26335747,encoded,,15626,False
A,757,26367027,encoded,,12040,False
B,757,26369083,encoded,,20651,False
A,758,26400350,encoded,,20380,False
B,758,26402418,encoded,,21227,False
A,759,26433685,encoded,,21544,False
B,759,26435760,encoded,,12571,False
A,760,26467014,encoded,,14240,False
B,760,26469075,encoded,,12053,False
A,761,26500345,encoded,,12453,False
B,761,26502410,encoded,,18612,False
A,762,26533678,encoded,,11802,False
B,762,26569082,encoded,,11508,False
A,763,26567013,encoded,,13255,False
B,763,26602408,encoded,,9201,False
A,764,26600345,encoded,,11597,False
B,764,26635747,encoded,,8220,False
A,765,26633682,encoded,,11445,False
B,765,26669080,encoded,,7765,False
A,766,26667014,encoded,,10548,False
B,766,26702409,encoded,,7939,False
A,767,26700350,encoded,,10230,False
B,767,26735744,encoded,,7610,False
A,768,26733693,encoded,,9908,False
B,768,26769081,encoded,,7387,False
A,769,26767026,encoded,,9680,False
B,769,26802414,encoded,,7004,False
A,770,26800358,encoded,,9763,False
B,770,26835749,encoded,,14341,False
A,771,26833691,encoded,,9376,False
B,771,26869089,encoded,,10583,False
A,772,26867031,encoded,,9359,False
B,772,26902416,encoded,,9369,False
A,773,26900362,encoded,,9751,False
B,773,26935754,encoded,,8969,False
A,774,26933695,encoded,,9039,False
B,774,26969101,encoded,,8589,False
A,775,26967034,encoded,,8507,False
B,775,27002429,encoded,,8179,False
A,776,27033690,encoded,,10041,False
B,776,27035751,encoded,,7631,False
A,777,27067025,encoded,,8364,False
B,777,27069087,encoded,,12897,False
A,778,27100356,encoded,,25395,False
B,778,27102422,encoded,,16667,False
A,779,27133701,encoded,,6292,False
B,779,27135755,encoded,,16671,False
A,780,27167029,encoded,,19620,False
B,780,27169090,encoded,,16662,False
A,781,27200359,encoded,,116750,True
B,781,27202422,encoded,,125449,True
A,782,27233696,encoded,,17108,False
B,782,27235757,encoded,,18999,False
A,783,27267029,encoded,,14504,False
B,783,27269090,encoded,,17953,False
A,784,27300382,encoded,,24782,False
B,784,27302427,encoded,,13215,False
A,785,27333701,encoded,,17091,False
B,785,27335759,encoded,,15781,False
A,786,27367033,encoded,,13669,False
B,786,27369093,encoded,,10799,False
A,787,27400372,encoded,,18063,False
B,787,27402433,encoded,,23455,False
A,788,27433696,encoded,,14474,False
B,788,27435765,encoded,,12886,False
A,789,27467034,encoded,,20541,False
B,789,27469096,encoded,,16408,False
A,790,27500375,encoded,,13604,False
B,790,27502428,encoded,,12726,False
A,791,27533699,encoded,,19101,False
B,791,27535768,encoded,,16735,False
A,792,27567042,encoded,,13061,False
B,792,27569100,encoded,,13169,False
A,793,27600366,encoded,,11075,False
B,793,27602433,encoded,,22424,False
A,794,27633700,encoded,,10278,False
B,794,27635769,encoded,,10247,False
A,795,27667039,encoded,,9800,False
B,795,27669099,encoded,,8793,False
A,796,27700376,encoded,,9252,False
B,796,27735768,encoded,,8996,False
A,797,27733705,encoded,,8355,False
B,797,27769117,encoded,,7430,False
A,798,27767036,encoded,,7979,False
B,798,27802435,encoded,,7145,False
A,799,27800369,encoded,,8071,False
B,799,27835770,encoded,,6902,False
A,800,27833711,encoded,,7600,False
B,800,27869105,encoded,,13985,False
A,801,27867038,encoded,,7468,False
B,801,27902445,encoded,,9995,False
A,802,27900375,encoded,,7151,False
B,802,27935777,encoded,,8936,False
A,803,27933715,encoded,,6927,False
B,803,27969108,encoded,,8221,False
A,804,27967043,encoded,,24755,False
B,804,28002453,encoded,,7812,False
A,805,28000387,encoded,,4481,False
B,805,28035773,encoded,,7550,False
A,806,28033714,encoded,,17669,False
B,806,28069143,encoded,,7323,False
A,807,28067063,encoded,,13408,False
B,807,28102448,encoded,,16666,False
A,808,28100391,encoded,,12456,False
B,808,28135780,encoded,,33979,False
A,809,28133720,encoded,,11803,False
B,809,28169120,encoded,,5069,False
A,810,28167074,encoded,,11670,False
B,810,28202448,encoded,,10952,False
A,811,28200404,encoded,,116569,True
B,811,28235782,encoded,,124898,True
A,812,28267048,encoded,,20432,False
B,812,28269116,encoded,,16475,False
A,813,28300385,encoded,,12470,False
B,813,28302449,encoded,,10498,False
A,814,28333718,encoded,,19123,False
B,814,28335780,encoded,,14287,False
A,815,28367051,encoded,,20104,False
B,815,28369129,encoded,,17004,False
A,816,28400404,encoded,,13709,False
B,816,28402461,encoded,,24540,False
A,817,28433734,encoded,,20088,False
B,817,28435797,encoded,,11277,False
A,818,28467061,encoded,,20511,False
B,818,28469128,encoded,,10956,False
A,819,28500414,encoded,,19822,False
B,819,28502459,encoded,,12805,False
A,820,28533732,encoded,,12254,False
B,820,28535808,encoded,,12815,False
B,821,28569122,encoded,,13031,False
A,821,28567061,encoded,,10641,False
A,822,28600417,encoded,,9820,False
B,822,28602476,encoded,,14976,False
A,823,28633746,encoded,,9622,False
B,823,28635790,encoded,,22672,False
B,824,28669130,encoded,,8392,False
A,824,28667101,encoded,,8429,False
B,825,28702481,encoded,,7541,False
A,825,28700425,encoded,,7556,False
B,826,28735792,encoded,,6803,False
A,826,28733727,encoded,,7574,False
B,827,28769126,encoded,,6380,False
A,827,28767069,encoded,,6839,False
B,828,28802460,encoded,,13739,False
A,828,28800401,encoded,,6910,False
B,829,28835795,encoded,,9780,False
A,829,28833729,encoded,,6396,False
A,830,28867077,encoded,,6344,False
B,830,28869136,encoded,,8674,False
A,831,28900402,encoded,,24841,False
B,831,28902463,encoded,,7794,False
A,832,28933755,encoded,,3784,False
A,833,28967066,encoded,,16652,False
B,832,28935803,encoded,,7118,False
B,833,28969132,encoded,,6678,False
A,834,29000413,encoded,,12450,False
B,834,29002475,encoded,,10867,False
A,835,29033740,encoded,,11053,False
B,835,29035810,encoded,,16667,False
A,836,29067068,encoded,,10657,False
B,836,29069133,encoded,,32343,False
A,837,29100414,encoded,,9903,False
B,837,29135807,encoded,,4383,False
A,838,29133736,encoded,,15006,False
B,838,29169140,encoded,,13274,False
A,839,29167071,encoded,,16667,False
B,839,29202467,encoded,,16667,False
A,840,29200403,encoded,,16666,False
B,840,29235804,encoded,,16666,False
A,841,29233749,encoded,,125645,True
B,841,29269136,encoded,,124416,True
A,842,29267084,encoded,,9195,False
B,842,29302475,encoded,,12776,False
A,843,29300419,encoded,,16706,False
B,843,29335817,encoded,,14250,False
A,844,29333763,encoded,,22059,False
B,844,29369192,encoded,,13164,False
A,845,29367076,encoded,,23580,False
B,845,29402473,encoded,,15427,False
A,846,29400409,encoded,,10878,False
B,846,29435829,encoded,,16852,False
A,847,29433765,encoded,,19868,False
B,847,29469154,encoded,,16724,False
A,848,29500418,encoded,,18626,False
B,848,29502487,encoded,,10683,False
A,849,29533743,encoded,,11312,False
B,849,29535810,encoded,,11112,False
A,850,29567084,encoded,,10201,False
B,850,29569154,encoded,,11608,False
A,851,29600411,encoded,,8630,False
B,851,29602477,encoded,,14269,False
A,852,29633746,encoded,,8615,False
B,852,29635817,encoded,,19884,False
A,853,29667084,encoded,,7567,False
B,853,29669145,encoded,,16828,False
A,854,29700412,encoded,,7027,False
B,854,29702484,encoded,,8176,False
A,855,29733748,encoded,,6800,False
B,855,29735814,encoded,,7198,False
A,856,29767095,encoded,,6301,False
B,856,29769149,encoded,,6493,False
A,857,29800430,encoded,,25096,False
B,857,29802493,encoded,,13868,False
A,858,29833801,encoded,,14261,False
B,858,29835820,encoded,,9372,False
A,859,29867110,encoded,,12128,False
B,859,29869157,encoded,,8129,False
A,860,29900421,encoded,,11283,False
B,860,29902485,encoded,,7787,False
A,861,29933755,encoded,,10415,False
B,861,29935820,encoded,,7049,False
A,862,29967093,encoded,,10260,False
B,862,29969165,encoded,,6625,False
A,863,30000438,encoded,,9731,False
B,863,30002509,encoded,,10644,False
A,864,30033756,encoded,,9335,False
B,864,30035833,encoded,,16666,False
A,865,30067100,encoded,,9122,False
B,865,30069158,encoded,,32474,False
A,866,30100431,encoded,,9836,False
B,866,30135825,encoded,,4451,False
A,867,30133756,encoded,,15523,False
B,867,30169158,encoded,,13075,False
A,868,30167092,encoded,,16667,False
B,868,30202493,encoded,,16667,False
A,869,30200428,encoded,,16667,False
B,869,30235829,encoded,,16667,False
A,870,30233767,encoded,,16666,False
B,870,30269162,encoded,,16666,False
A,871,30267100,encoded,,125513,True
B,871,30302495,encoded,,124455,True
B,872,30335831,encoded,,14835,False
A,872,30300428,encoded,,27552,False
B,873,30369164,encoded,,19251,False
A,873,30333767,encoded,,8063,False
A,874,30367103,encoded,,19403,False
B,874,30402498,encoded,,13518,False
B,875,30435836,encoded,,16248,False
A,875,30400431,encoded,,17330,False
B,876,30469174,encoded,,16563,False
A,876,30433775,encoded,,21042,False
A,877,30467102,encoded,,20115,False
B,877,30502498,encoded,,17042,False
A,878,30500433,encoded,,11541,False
B,878,30535844,encoded,,16542,False
A,879,30533770,encoded,,9662,False
B,879,30569167,encoded,,16714,False
A,880,30567102,encoded,,8371,False
B,880,30602504,encoded,,13879,False
A,881,30600442,encoded,,7609,False
B,881,30635833,encoded,,13748,False
A,882,30633767,encoded,,8013,False
B,882,30669173,encoded,,14851,False
A,883,30667108,encoded,,7070,False
B,883,30702516,encoded,,8260,False
A,884,30700448,encoded,,7116,False
B,884,30735860,encoded,,6962,False
A,885,30733792,encoded,,26591,False
B,885,30769178,encoded,,6395,False
A,886,30800446,encoded,,3568,False
B,886,30802508,encoded,,13944,False
A,887,30833776,encoded,,16933,False
B,887,30835845,encoded,,9292,False
A,888,30867118,encoded,,11896,False
B,888,30869179,encoded,,8345,False
A,889,30900444,encoded,,11384,False
B,889,30902507,encoded,,7493,False
A,890,30933788,encoded,,10572,False
B,890,30935848,encoded,,6767,False
A,891,30967109,encoded,,9572,False
B,891,30969176,encoded,,6460,False
A,892,31000447,encoded,,9512,False
B,892,31002522,encoded,,5715,False
A,893,31033779,encoded,,9299,False
B,893,31035849,encoded,,6055,False
A,894,31067122,encoded,,8891,False
B,894,31069199,encoded,,16666,False
A,895,31100453,encoded,,8681,False
B,895,31102533,encoded,,32159,False
A,896,31133783,encoded,,9493,False
B,896,31169182,encoded,,4812,False
A,897,31167122,encoded,,15208,False
B,897,31202519,encoded,,13029,False
A,898,31200454,encoded,,16667,False
B,898,31235863,encoded,,16667,False
A,899,31233782,encoded,,16667,False
B,899,31269186,encoded,,16667,False
A,900,31267118,encoded,,16666,False
B,900,31302517,encoded,,16666,False
A,901,31300457,encoded,,125426,True
B,901,31335852,encoded,,124581,True
A,902,31333796,encoded,,21556,False
B,902,31369187,encoded,,12801,False
A,903,31367122,encoded,,9338,False
B,903,31402522,encoded,,13830,False
A,904,31400456,encoded,,15401,False
B,904,31435861,encoded,,18555,False
A,905,31433792,encoded,,21234,False
B,905,31469191,encoded,,16669,False
A,906,31467124,encoded,,24544,False
B,906,31502528,encoded,,16282,False
A,907,31500461,encoded,,21539,False
B,907,31535859,encoded,,23323,False
A,908,31533802,encoded,,11829,False
B,908,31569192,encoded,,14059,False
A,909,31567129,encoded,,10214,False
B,909,31602532,encoded,,15099,False
A,910,31600467,encoded,,8747,False
B,910,31635860,encoded,,15092,False
A,911,31633800,encoded,,8130,False
B,911,31669197,encoded,,12217,False
A,912,31700465,encoded,,8022,False
B,912,31702532,encoded,,14986,False
A,913,31733799,encoded,,7102,False
B,913,31735866,encoded,,8423,False
A,914,31767130,encoded,,20528,False
B,914,31769197,encoded,,7221,False
A,915,31800467,encoded,,18429,False
B,915,31802534,encoded,,6605,False
A,916,31833797,encoded,,13915,False
B,916,31835865,encoded,,13889,False
A,917,31867130,encoded,,11619,False
B,917,31869199,encoded,,9222,False
A,918,31900470,encoded,,10726,False
B,918,31902533,encoded,,7970,False
A,919,31933804,encoded,,9539,False
B,919,31935867,encoded,,7119,False
A,920,31967158,encoded,,8886,False
B,920,31969199,encoded,,6455,False
A,921,32000476,encoded,,8679,False
B,921,32002542,encoded,,5830,False
A,922,32033804,encoded,,8700,False
B,922,32035868,encoded,,5792,False
A,923,32067154,encoded,,8656,False
B,923,32069204,encoded,,7314,False
A,924,32100487,encoded,,8194,False
B,924,32102538,encoded,,16666,False
A,925,32133817,encoded,,7898,False
B,925,32135883,encoded,,39547,False
A,926,32167140,encoded,,8110,False
B,926,32169220,encoded,,2321,False
A,927,32200477,encoded,,13039,False
B,927,32202551,encoded,,8132,False
A,928,32233807,encoded,,16667,False
B,928,32235878,encoded,,16667,False
A,929,32267146,encoded,,16667,False
B,929,32302540,encoded,,16667,False
A,930,32300484,encoded,,16666,False
B,930,32335887,encoded,,16666,False
A,931,32333821,encoded,,125522,True
B,931,32369219,encoded,,124499,True
A,932,32367155,encoded,,24337,False
B,932,32402546,encoded,,12449,False
A,933,32400484,encoded,,10012,False
B,933,32435882,encoded,,16178,False
A,934,32433814,encoded,,19685,False
B,934,32469217,encoded,,12820,False
A,935,32467143,encoded,,17486,False
B,935,32502556,encoded,,14737,False
A,936,32500484,encoded,,20829,False
B,936,32535883,encoded,,23749,False
A,937,32533820,encoded,,20085,False
B,937,32569216,encoded,,11589,False
A,938,32567155,encoded,,12226,False
B,938,32602551,encoded,,11179,False
A,939,32600485,encoded,,9913,False
B,939,32635885,encoded,,11058,False
A,940,32633818,encoded,,8641,False
B,940,32669219,encoded,,14735,False
A,941,32667153,encoded,,7999,False
B,941,32702552,encoded,,14978,False
A,942,32700503,encoded,,19604,False
B,942,32735913,encoded,,22539,False
A,943,32733839,encoded,,21225,False
B,943,32769220,encoded,,7822,False
A,944,32767155,encoded,,4238,False
B,944,32802556,encoded,,6772,False
A,945,32800487,encoded,,3987,False
B,945,32835899,encoded,,14849,False
A,946,32833835,encoded,,18768,False
B,946,32869234,encoded,,9414,False
A,947,32867165,encoded,,11950,False
B,947,32902567,encoded,,7877,False
A,948,32900493,encoded,,11004,False
B,948,32935890,encoded,,7469,False
A,949,32933822,encoded,,9730,False
B,949,32969232,encoded,,7452,False
A,950,33000491,encoded,,9542,False
B,950,33002597,encoded,,6150,False
A,951,33033823,encoded,,9320,False
B,951,33035892,encoded,,5651,False
A,952,33067156,encoded,,8501,False
B,952,33069227,encoded,,5377,False
A,953,33100495,encoded,,8393,False
B,953,33102561,encoded,,13991,False
A,954,33133826,encoded,,8582,False
B,954,33135897,encoded,,34300,False
A,955,33167160,encoded,,7906,False
B,955,33169232,encoded,,12416,False
A,956,33200494,encoded,,7794,False
B,956,33202562,encoded,,3284,False
A,957,33233831,encoded,,12721,False
B,957,33235900,encoded,,16666,False
A,958,33267175,encoded,,16667,False
B,958,33269234,encoded,,16667,False
A,959,33300504,encoded,,16667,False
B,959,33302568,encoded,,16667,False
A,960,33333828,encoded,,16666,False
B,960,33335901,encoded,,16666,False
A,961,33367172,encoded,,125544,True
B,961,33369247,encoded,,124453,True
A,962,33400499,encoded,,20615,False
B,962,33402572,encoded,,13629,False
A,963,33433837,encoded,,10588,False
B,963,33435906,encoded,,19106,False
A,964,33467169,encoded,,17952,False
B,964,33502586,encoded,,14312,False
A,965,33500515,encoded,,17603,False
B,965,33535907,encoded,,16106,False
A,966,33533836,encoded,,21317,False
B,966,33569244,encoded,,23316,False
A,967,33567186,encoded,,21857,False
B,967,33602583,encoded,,19565,False
A,968,33600513,encoded,,11251,False
B,968,33635912,encoded,,12859,False
A,969,33633842,encoded,,9431,False
B,969,33669241,encoded,,12253,False
A,970,33667191,encoded,,8410,False
B,970,33702587,encoded,,15731,False
A,971,33700505,encoded,,20771,False
B,971,33735915,encoded,,17701,False
A,972,33733839,encoded,,5015,False
B,972,33769245,encoded,,8340,False
A,973,33767180,encoded,,22638,False
B,973,33802578,encoded,,7442,False
A,974,33800514,encoded,,13391,False
B,974,33835912,encoded,,6487,False
A,975,33833841,encoded,,11574,False
B,975,33869248,encoded,,6037,False
A,976,33867183,encoded,,10754,False
B,976,33902582,encoded,,13390,False
A,977,33900514,encoded,,10342,False
B,977,33935921,encoded,,8218,False
A,978,33933844,encoded,,9216,False
B,978,33969251,encoded,,7830,False
A,979,33967194,encoded,,9007,False
B,979,34002588,encoded,,6653,False
A,980,34000540,encoded,,8455,False
B,980,34035919,encoded,,6294,False
A,981,34033853,encoded,,9552,False
B,981,34069253,encoded,,5698,False
A,982,34067192,encoded,,9214,False
B,982,34102587,encoded,,5270,False
A,983,34100523,encoded,,8045,False
B,983,34135935,encoded,,12644,False
A,984,34133856,encoded,,7681,False
B,984,34169253,encoded,,23869,False
A,985,34200530,encoded,,7533,False
B,985,34202594,encoded,,11376,False
B,986,34235920,encoded,,14755,False
A,986,34233851,encoded,,7173,False
A,987,34267186,encoded,,15071,False
B,987,34269256,encoded,,16666,False
A,988,34300521,encoded,,19740,False
B,988,34302592,encoded,,16667,False
A,989,34333859,encoded,,13594,False
B,989,34335923,encoded,,16667,False
A,990,34367196,encoded,,16666,False
B,990,34369266,encoded,,16666,False
A,991,34400530,encoded,,125436,True
B,991,34402592,encoded,,124542,True
A,992,34433857,encoded,,12439,False
B,992,34435926,encoded,,11317,False
A,993,34467208,encoded,,12496,False
B,993,34469262,encoded,,12950,False
A,994,34500523,encoded,,23464,False
B,994,34502594,encoded,,21250,False
A,995,34533856,encoded,,17837,False
B,995,34535927,encoded,,16302,False
A,996,34567204,encoded,,23707,False
B,996,34569265,encoded,,24324,False
A,997,34600527,encoded,,20084,False
B,997,34602597,encoded,,20918,False
A,998,34633872,encoded,,11702,False
B,998,34635939,encoded,,15189,False
A,999,34667203,encoded,,9301,False
B,999,34669265,encoded,,14074,False
A,1000,34700530,encoded,,8622,False
B,1000,34702617,encoded,,11881,False
A,1001,34733872,encoded,,21153,False
B,1001,34735932,encoded,,17527,False
A,1002,34767200,encoded,,20380,False
B,1002,34769276,encoded,,8450,False
A,1003,34800535,encoded,,13270,False
B,1003,34802601,encoded,,7146,False
A,1004,34833869,encoded,,11487,False
B,1004,34835935,encoded,,6366,False
A,1005,34867205,encoded,,10636,False
B,1005,34869274,encoded,,14210,False
A,1006,34900532,encoded,,9698,False
B,1006,34902602,encoded,,9342,False
A,1007,34933874,encoded,,9728,False
B,1007,34969275,encoded,,7746,False
A,1008,34967208,encoded,,9145,False
B,1008,35002606,encoded,,6868,False
A,1009,35000539,encoded,,8506,False
B,1009,35035939,encoded,,6349,False
A,1010,35033868,encoded,,8780,False
B,1010,35069294,encoded,,6329,False
A,1011,35067221,encoded,,7930,False
B,1011,35102614,encoded,,5388,False
A,1012,35100542,encoded,,7968,False
B,1012,35135945,encoded,,5587,False
A,1013,35133904,encoded,,7398,False
B,1013,35169278,encoded,,9279,False
A,1014,35167220,encoded,,7228,False
B,1014,35202632,encoded,,16666,False
A,1015,35200558,encoded,,7067,False
B,1015,35235971,encoded,,36673,False
A,1016,35233911,encoded,,7872,False
B,1016,35269283,encoded,,1843,False
A,1017,35300558,encoded,,16666,False
B,1017,35302662,encoded,,11484,False
A,1018,35333901,encoded,,24221,False
B,1018,35335960,encoded,,16667,False
A,1019,35367220,encoded,,9113,False
B,1019,35369293,encoded,,16667,False
A,1020,35400545,encoded,,16666,False
B,1020,35402629,encoded,,16666,False
A,1021,35433879,encoded,,125826,True
B,1021,35435949,encoded,,124450,True
A,1022,35467218,encoded,,8220,False
B,1022,35469286,encoded,,17232,False
A,1023,35500552,encoded,,22520,False
B,1023,35502621,encoded,,12892,False
A,1024,35533884,encoded,,15949,False
B,1024,35535950,encoded,,10487,False
A,1025,35567214,encoded,,18639,False
B,1025,35569293,encoded,,14293,False
B,1026,35602622,encoded,,23281,False
A,1026,35600551,encoded,,24283,False
B,1027,35635953,encoded,,11211,False
A,1027,35633897,encoded,,19774,False
B,1028,35669291,encoded,,13811,False
A,1028,35667224,encoded,,11046,False
B,1029,35702626,encoded,,16015,False
A,1029,35700565,encoded,,9236,False
B,1030,35735955,encoded,,15058,False
A,1030,35733888,encoded,,22368,False
A,1031,35767224,encoded,,5222,False
B,1031,35769294,encoded,,15097,False
A,1032,35800552,encoded,,16131,False
B,1032,35802628,encoded,,16027,False
A,1033,35833906,encoded,,17457,False
B,1033,35835972,encoded,,17555,False
A,1034,35867242,encoded,,12047,False
B,1034,35869314,encoded,,10402,False
A,1035,35900576,encoded,,10614,False
B,1035,35902636,encoded,,8888,False
A,1036,35933896,encoded,,9980,False
B,1036,35935975,encoded,,7678,False
A,1037,35967247,encoded,,9316,False
B,1037,35969304,encoded,,6642,False
B,1038,36002643,encoded,,6272,False
A,1038,36000575,encoded,,8914,False
B,1039,36035978,encoded,,5758,False
A,1039,36033909,encoded,,8715,False
B,1040,36069305,encoded,,5401,False
A,1040,36067251,encoded,,8281,False
B,1041,36102649,encoded,,4985,False
A,1041,36100565,encoded,,8162,False
B,1042,36135963,encoded,,4539,False
A,1042,36133893,encoded,,7678,False
B,1043,36169309,encoded,,15360,False
A,1043,36167234,encoded,,7361,False
A,1044,36200588,encoded,,7179,False
B,1044,36202635,encoded,,39213,False
A,1045,36233919,encoded,,7280,False
A,1046,36267231,encoded,,11136,False
B,1045,36235973,encoded,,7740,False
A,1047,36300572,encoded,,16666,False
B,1046,36269315,encoded,,3047,False
A,1048,36333899,encoded,,37103,False
B,1047,36302635,encoded,,16666,False
A,1049,36367249,encoded,,4510,False
B,1048,36369311,encoded,,16667,False
B,1049,36402638,encoded,,16667,False
A,1050,36400584,encoded,,8387,False
A,1051,36433904,encoded,,125580,True
B,1050,36435977,encoded,,16666,False
A,1052,36467238,encoded,,17791,False
B,1051,36469306,encoded,,124179,True
A,1053,36500572,encoded,,6730,False
B,1052,36502641,encoded,,17742,False
B,1053,36536007,encoded,,12326,False
A,1054,36533909,encoded,,22905,False
B,1054,36569318,encoded,,10859,False
A,1055,36567255,encoded,,22461,False
B,1055,36602651,encoded,,14311,False
A,1056,36600593,encoded,,21970,False
B,1056,36635977,encoded,,17299,False
A,1057,36633908,encoded,,19614,False
B,1057,36669313,encoded,,15396,False
A,1058,36667240,encoded,,11140,False
B,1058,36702643,encoded,,10791,False
A,1059,36700572,encoded,,9487,False
B,1059,36735981,encoded,,12165,False
B,1060,36769316,encoded,,15796,False
A,1060,36733918,encoded,,8313,False
B,1061,36802674,encoded,,22496,False
A,1061,36767252,encoded,,19868,False
B,1062,36836043,encoded,,15615,False
A,1062,36800582,encoded,,21185,False
B,1063,36869313,encoded,,21690,False
A,1063,36833928,encoded,,13374,False
B,1064,36902662,encoded,,8984,False
A,1064,36867258,encoded,,12003,False
A,1065,36900587,encoded,,10305,False
B,1065,36935999,encoded,,7824,False
A,1066,36933922,encoded,,10003,False
B,1066,36969331,encoded,,6811,False
A,1067,36967250,encoded,,9590,False
B,1067,37002663,encoded,,6155,False
A,1068,37000582,encoded,,8826,False
B,1068,37035988,encoded,,5761,False
A,1069,37033919,encoded,,8938,False
B,1069,37069324,encoded,,5708,False
A,1070,37067250,encoded,,8157,False
B,1070,37102677,encoded,,5225,False
A,1071,37100591,encoded,,7822,False
B,1071,37135987,encoded,,5059,False
A,1072,37133918,encoded,,8078,False
B,1072,37169327,encoded,,5037,False
A,1073,37167273,encoded,,7299,False
B,1073,37202660,encoded,,16105,False
A,1074,37200595,encoded,,7655,False
A,1075,37267263,encoded,,7069,False
B,1074,37235994,encoded,,38239,False
A,1076,37300595,encoded,,7171,False
B,1075,37269328,encoded,,1644,False
A,1077,37333923,encoded,,16666,False
B,1076,37302660,encoded,,10117,False
B,1077,37335991,encoded,,16666,False
A,1078,37367253,encoded,,36115,False
B,1078,37402664,encoded,,16667,False
A,1079,37400611,encoded,,3443,False
B,1079,37436001,encoded,,16667,False
B,1080,37469333,encoded,,16666,False
A,1080,37433989,encoded,,10528,False
B,1081,37502665,encoded,,124328,True
A,1081,37467282,encoded,,125620,True
B,1082,37536015,encoded,,10427,False
A,1082,37500603,encoded,,25190,False
B,1083,37569335,encoded,,16184,False
A,1083,37533933,encoded,,7699,False
B,1084,37602665,encoded,,13678,False
A,1084,37567277,encoded,,14765,False
B,1085,37635999,encoded,,15348,False
B,1086,37669338,encoded,,23663,False
A,1085,37600594,encoded,,19791,False
B,1087,37702672,encoded,,10339,False
A,1086,37633930,encoded,,18480,False
B,1088,37736009,encoded,,9907,False
A,1087,37667277,encoded,,16206,False
B,1089,37769339,encoded,,12048,False
A,1088,37700606,encoded,,17513,False
B,1090,37802670,encoded,,21983,False
A,1089,37733936,encoded,,9930,False
B,1091,37836005,encoded,,17079,False
A,1090,37767268,encoded,,21128,False
B,1092,37869341,encoded,,21455,False
A,1091,37800605,encoded,,5355,False
B,1093,37902677,encoded,,9964,False
A,1092,37833935,encoded,,16654,False
B,1094,37936006,encoded,,12794,False
A,1093,37867270,encoded,,17689,False
B,1095,37969346,encoded,,9089,False
A,1094,37900622,encoded,,12541,False
B,1096,38002677,encoded,,7425,False
A,1095,37933934,encoded,,10900,False
B,1097,38036008,encoded,,6831,False
A,1096,37967280,encoded,,9662,False
A,1097,38000613,encoded,,9160,False
B,1098,38069344,encoded,,6084,False
A,1098,38033935,encoded,,8999,False
B,1099,38102678,encoded,,5837,False
A,1099,38067270,encoded,,8248,False
B,1100,38136018,encoded,,5307,False
A,1100,38100612,encoded,,8287,False
B,1101,38169348,encoded,,5193,False
A,1101,38167274,encoded,,7793,False
B,1102,38202683,encoded,,4941,False
A,1102,38200614,encoded,,7778,False
B,1103,38236023,encoded,,13430,False
A,1103,38233951,encoded,,8010,False
A,1104,38267285,encoded,,7575,False
B,1104,38269349,encoded,,22350,False
A,1105,38300636,encoded,,7267,False
B,1105,38302683,encoded,,13310,False
A,1106,38333964,encoded,,11008,False
B,1106,38336069,encoded,,14340,False
A,1107,38367295,encoded,,16666,False
B,1107,38369364,encoded,,16666,False
A,1108,38400624,encoded,,36003,False
B,1108,38436020,encoded,,16667,False
A,1109,38433952,encoded,,3616,False
B,1109,38469364,encoded,,16667,False
A,1110,38467286,encoded,,10970,False
B,1110,38502689,encoded,,16666,False
A,1111,38500636,encoded,,125578,True
B,1111,38536059,encoded,,124355,True
A,1112,38533963,encoded,,24979,False
B,1112,38569363,encoded,,16946,False
A,1113,38567309,encoded,,7604,False
B,1113,38602692,encoded,,12294,False
A,1114,38633971,encoded,,14760,False
B,1114,38636037,encoded,,16423,False
A,1115,38667286,encoded,,17969,False
B,1115,38669359,encoded,,14814,False
A,1116,38700626,encoded,,23135,False
B,1116,38702693,encoded,,16120,False
A,1117,38733976,encoded,,21197,False
B,1117,38736042,encoded,,16893,False
A,1118,38767299,encoded,,11581,False
B,1118,38769379,encoded,,10579,False
A,1119,38800633,encoded,,9038,False
B,1119,38802696,encoded,,21144,False
A,1120,38833954,encoded,,7860,False
B,1120,38836028,encoded,,17060,False
A,1121,38867298,encoded,,20013,False
B,1121,38869366,encoded,,16274,False
A,1122,38900623,encoded,,21322,False
B,1122,38902705,encoded,,16681,False
A,1123,38933959,encoded,,13567,False
B,1123,38936031,encoded,,15868,False
A,1124,38967298,encoded,,11551,False
B,1124,38969365,encoded,,9263,False
A,1125,39000626,encoded,,10363,False
B,1125,39002701,encoded,,7615,False
A,1126,39033960,encoded,,9647,False
B,1126,39036033,encoded,,6998,False
A,1127,39067293,encoded,,9228,False
B,1127,39069367,encoded,,6594,False
A,1128,39100630,encoded,,8867,False
B,1128,39102700,encoded,,6107,False
A,1129,39133972,encoded,,8968,False
B,1129,39136037,encoded,,5385,False
A,1130,39167303,encoded,,8220,False
B,1130,39169371,encoded,,5067,False
A,1131,39200644,encoded,,8374,False
B,1131,39202709,encoded,,4667,False
A,1132,39233966,encoded,,7990,False
B,1132,39236040,encoded,,4496,False
A,1133,39267306,encoded,,8290,False
B,1133,39302708,encoded,,11691,False
A,1134,39300641,encoded,,7778,False
B,1134,39336042,encoded,,21692,False
A,1135,39333974,encoded,,7813,False
B,1135,39369373,encoded,,29976,False
A,1136,39367306,encoded,,7877,False
B,1136,39402711,encoded,,1450,False
A,1137,39400642,encoded,,15842,False
B,1137,39436044,encoded,,13548,False
A,1138,39433970,encoded,,29945,False
B,1138,39469391,encoded,,16667,False
A,1139,39467303,encoded,,5020,False
B,1139,39502709,encoded,,16667,False
A,1140,39500642,encoded,,15035,False
B,1140,39536044,encoded,,16666,False
A,1141,39533972,encoded,,125649,True
B,1141,39569380,encoded,,124333,True
A,1142,39567306,encoded,,22760,False
B,1142,39602715,encoded,,17996,False
A,1143,39600641,encoded,,9435,False
B,1143,39636047,encoded,,11766,False
A,1144,39633979,encoded,,15237,False
B,1144,39669382,encoded,,18199,False
A,1145,39667317,encoded,,18144,False
B,1145,39702717,encoded,,7995,False
A,1146,39700641,encoded,,23358,False
B,1146,39736050,encoded,,15390,False
A,1147,39733979,encoded,,20994,False
B,1147,39769385,encoded,,15268,False
A,1148,39767353,encoded,,11315,False
B,1148,39802740,encoded,,13960,False
B,1149,39836049,encoded,,16328,False
A,1149,39800660,encoded,,9671,False
A,1150,39833987,encoded,,8304,False
B,1150,39869386,encoded,,17176,False
A,1151,39867314,encoded,,20362,False
B,1151,39902727,encoded,,16749,False
A,1152,39900667,encoded,,21189,False
B,1152,39936053,encoded,,15148,False
A,1153,39933983,encoded,,13791,False
B,1153,39969389,encoded,,18871,False
A,1154,40000659,encoded,,12004,False
B,1154,40002729,encoded,,12588,False
A,1155,40033984,encoded,,10763,False
B,1155,40036056,encoded,,8315,False
A,1156,40067317,encoded,,10433,False
B,1156,40069392,encoded,,6955,False
A,1157,40100653,encoded,,10385,False
B,1157,40102726,encoded,,7425,False
A,1158,40133987,encoded,,9317,False
B,1158,40136061,encoded,,6170,False
A,1159,40167322,encoded,,8901,False
B,1159,40169401,encoded,,5865,False
A,1160,40200657,encoded,,8885,False
B,1160,40202732,encoded,,5250,False
A,1161,40234005,encoded,,8539,False
B,1161,40236066,encoded,,5111,False
A,1162,40267331,encoded,,8228,False
B,1162,40269412,encoded,,5205,False
A,1163,40300670,encoded,,8082,False
B,1163,40302731,encoded,,11271,False
A,1164,40334005,encoded,,7865,False
B,1164,40336073,encoded,,16666,False
A,1165,40367334,encoded,,7886,False
B,1165,40369398,encoded,,35878,False
A,1166,40400676,encoded,,7962,False
B,1166,40402745,encoded,,1685,False
A,1167,40433992,encoded,,10541,False
B,1167,40436065,encoded,,12437,False
A,1168,40467325,encoded,,16667,False
B,1168,40502735,encoded,,16667,False
A,1169,40500677,encoded,,19138,False
B,1169,40536089,encoded,,16667,False
A,1170,40533996,encoded,,14195,False
B,1170,40569416,encoded,,16666,False
A,1171,40567334,encoded,,125916,True
B,1171,40602754,encoded,,124222,True
A,1172,40600662,encoded,,17979,False
B,1172,40636084,encoded,,19927,False
A,1173,40634008,encoded,,7119,False
B,1173,40669417,encoded,,18300,False
A,1174,40667329,encoded,,24160,False
B,1174,40702738,encoded,,12186,False
A,1175,40700665,encoded,,18057,False
B,1175,40736083,encoded,,13534,False
A,1176,40734008,encoded,,24745,False
B,1176,40769409,encoded,,21550,False
A,1177,40767338,encoded,,20872,False
A,1178,40800665,encoded,,11399,False
B,1177,40802740,encoded,,12358,False
A,1179,40834025,encoded,,9573,False
B,1178,40836082,encoded,,11218,False
A,1180,40867343,encoded,,8436,False
B,1179,40869409,encoded,,12702,False
B,1180,40902746,encoded,,15561,False
A,1181,40900676,encoded,,21811,False
B,1181,40936079,encoded,,12578,False
A,1182,40934018,encoded,,21137,False
B,1182,40969413,encoded,,17508,False
A,1183,40967339,encoded,,13727,False
B,1183,41002748,encoded,,21649,False
A,1184,41000671,encoded,,11906,False
B,1184,41036081,encoded,,9417,False
A,1185,41034011,encoded,,10856,False
B,1185,41069417,encoded,,8196,False
A,1186,41067361,encoded,,10451,False
B,1186,41102752,encoded,,7106,False
A,1187,41100682,encoded,,10183,False
B,1187,41136097,encoded,,6807,False
A,1188,41167347,encoded,,9524,False
B,1188,41169421,encoded,,6223,False
A,1189,41200680,encoded,,8750,False
B,1189,41202760,encoded,,5612,False
A,1190,41234016,encoded,,8679,False
B,1190,41236085,encoded,,5280,False
A,1191,41267343,encoded,,8136,False
B,1191,41269419,encoded,,5427,False
A,1192,41300683,encoded,,8255,False
B,1192,41302753,encoded,,5180,False
A,1193,41334017,encoded,,8087,False
B,1193,41336098,encoded,,10793,False
A,1194,41367360,encoded,,7745,False
B,1194,41369428,encoded,,16666,False
A,1195,41400681,encoded,,7375,False
B,1195,41402753,encoded,,36432,False
A,1196,41434013,encoded,,7410,False
B,1196,41436088,encoded,,8101,False
A,1197,41467358,encoded,,7712,False
B,1197,41469423,encoded,,5467,False
A,1198,41500698,encoded,,17554,False
B,1198,41502763,encoded,,16667,False
A,1199,41534034,encoded,,43008,False
B,1199,41536097,encoded,,16667,False
A,1200,41567352,encoded,,4912,False
B,1200,41569436,encoded,,16666,False
A,1201,41600699,encoded,,116526,True
B,1201,41602770,encoded,,124467,True
A,1202,41634033,encoded,,19418,False
B,1202,41636101,encoded,,15439,False
A,1203,41667352,encoded,,11937,False
B,1203,41669428,encoded,,13105,False
A,1204,41700693,encoded,,28424,False
B,1204,41702762,encoded,,17269,False
A,1205,41734023,encoded,,15030,False
B,1205,41736097,encoded,,15097,False
A,1206,41767362,encoded,,18949,False
B,1206,41769437,encoded,,24045,False
A,1207,41800711,encoded,,11785,False
B,1207,41802772,encoded,,11522,False
A,1208,41834031,encoded,,15047,False
B,1208,41836108,encoded,,14161,False
A,1209,41867364,encoded,,13571,False
B,1209,41869445,encoded,,14214,False
A,1210,41900691,encoded,,15328,False
B,1210,41902767,encoded,,14026,False
A,1211,41934027,encoded,,9619,False
B,1211,41936103,encoded,,15202,False
A,1212,41967367,encoded,,8567,False
B,1212,42002770,encoded,,11758,False
A,1213,42000695,encoded,,7579,False
B,1213,42036107,encoded,,20332,False
A,1214,42034036,encoded,,18768,False
B,1214,42069441,encoded,,11485,False
A,1215,42067372,encoded,,4926,False
B,1215,42102779,encoded,,8549,False
A,1216,42100704,encoded,,21295,False
B,1216,42136112,encoded,,8057,False
A,1217,42134036,encoded,,13576,False
B,1217,42169443,encoded,,7019,False
A,1218,42167372,encoded,,11396,False
B,1218,42202779,encoded,,6563,False
A,1219,42200703,encoded,,10612,False
B,1219,42236116,encoded,,5896,False
A,1220,42234038,encoded,,10321,False
B,1220,42269450,encoded,,5712,False
A,1221,42267381,encoded,,9734,False
B,1221,42302824,encoded,,5279,False
A,1222,42300701,encoded,,8956,False
B,1222,42336123,encoded,,4960,False
A,1223,42334036,encoded,,8849,False
B,1223,42369446,encoded,,9177,False
A,1224,42367384,encoded,,8427,False
B,1224,42402780,encoded,,16666,False
A,1225,42400714,encoded,,8076,False
B,1225,42436111,encoded,,28307,False
A,1226,42434037,encoded,,8020,False
B,1226,42469449,encoded,,5027,False
A,1227,42467376,encoded,,8355,False
B,1227,42502793,encoded,,16666,False
A,1228,42500705,encoded,,8102,False
B,1228,42536127,encoded,,16667,False
A,1229,42567373,encoded,,16667,False
B,1229,42569451,encoded,,16667,False
A,1230,42600721,encoded,,29780,False
B,1230,42602786,encoded,,16666,False
A,1231,42634049,encoded,,116684,True
B,1231,42636120,encoded,,124244,True
A,1232,42667377,encoded,,13132,False
B,1232,42669460,encoded,,12717,False
A,1233,42700709,encoded,,14902,False
B,1233,42702793,encoded,,19477,False
A,1234,42734053,encoded,,17828,False
B,1234,42736126,encoded,,22182,False
A,1235,42767379,encoded,,17340,False
B,1235,42769455,encoded,,12756,False
A,1236,42800717,encoded,,21788,False
B,1236,42802791,encoded,,21186,False
A,1237,42834047,encoded,,12311,False
B,1237,42836122,encoded,,11297,False
A,1238,42867387,encoded,,13513,False
B,1238,42869460,encoded,,12292,False
A,1239,42900720,encoded,,19346,False
B,1239,42902790,encoded,,21184,False
A,1240,42934057,encoded,,15071,False
B,1240,42936129,encoded,,14809,False
A,1241,42967404,encoded,,9308,False
B,1241,42969462,encoded,,13638,False
A,1242,43000719,encoded,,7865,False
B,1242,43002797,encoded,,18101,False
A,1243,43034052,encoded,,7220,False
B,1243,43036128,encoded,,11016,False
A,1244,43067388,encoded,,6781,False
B,1244,43102793,encoded,,9483,False
A,1245,43100723,encoded,,26757,False
B,1245,43136135,encoded,,8883,False
A,1246,43134065,encoded,,3165,False
B,1246,43169467,encoded,,7382,False
A,1247,43167409,encoded,,17112,False
B,1247,43202810,encoded,,7019,False
A,1248,43200736,encoded,,11803,False
B,1248,43236145,encoded,,7023,False
A,1249,43234076,encoded,,11013,False
B,1249,43269498,encoded,,6170,False
A,1250,43300740,encoded,,10341,False
B,1250,43302807,encoded,,5725,False
A,1251,43334064,encoded,,10472,False
B,1251,43336134,encoded,,5431,False
A,1252,43367394,encoded,,8891,False
B,1252,43369469,encoded,,5244,False
A,1253,43400734,encoded,,8858,False
B,1253,43402801,encoded,,6075,False
A,1254,43434060,encoded,,8773,False
B,1254,43436136,encoded,,16666,False
A,1255,43467398,encoded,,8236,False
B,1255,43469474,encoded,,37142,False
A,1256,43500729,encoded,,8873,False
B,1256,43502809,encoded,,7530,False
A,1257,43534064,encoded,,9503,False
B,1257,43536144,encoded,,5328,False
A,1258,43567430,encoded,,16667,False
B,1258,43569478,encoded,,16667,False
A,1259,43600732,encoded,,19924,False
B,1259,43602825,encoded,,16667,False
A,1260,43634070,encoded,,13409,False
B,1260,43669476,encoded,,16666,False
A,1261,43667406,encoded,,125741,True
B,1261,43702809,encoded,,124420,True
A,1262,43700739,encoded,,17964,False
B,1262,43736142,encoded,,7766,False
A,1263,43734068,encoded,,6842,False
B,1263,43769480,encoded,,22451,False
A,1264,43767406,encoded,,17271,False
B,1264,43802810,encoded,,18090,False
A,1265,43800751,encoded,,22105,False
B,1265,43836145,encoded,,12854,False
A,1266,43834087,encoded,,25827,False
B,1266,43869503,encoded,,23012,False
A,1267,43867413,encoded,,22053,False
B,1267,43902816,encoded,,12514,False
A,1268,43934076,encoded,,12539,False
B,1268,43936149,encoded,,13030,False
A,1269,43967411,encoded,,10175,False
B,1269,43969498,encoded,,12553,False
A,1270,44000739,encoded,,9011,False
B,1270,44002816,encoded,,15062,False
A,1271,44034085,encoded,,8400,False
B,1271,44036149,encoded,,11839,False
A,1272,44067418,encoded,,7714,False
B,1272,44069493,encoded,,12368,False
A,1273,44100759,encoded,,6846,False
B,1273,44102831,encoded,,10223,False
A,1274,44134101,encoded,,7403,False
B,1274,44136170,encoded,,20721,False
A,1275,44167420,encoded,,6462,False
A,1276,44200753,encoded,,25732,False
B,1275,44169496,encoded,,11679,False
B,1276,44202829,encoded,,8134,False
A,1277,44234080,encoded,,14101,False
B,1277,44269489,encoded,,7376,False
A,1278,44267413,encoded,,12056,False
B,1278,44302829,encoded,,6837,False
A,1279,44300755,encoded,,11243,False
B,1279,44336156,encoded,,6102,False
A,1280,44334082,encoded,,10032,False
B,1280,44369507,encoded,,5667,False
A,1281,44367423,encoded,,9542,False
B,1281,44402838,encoded,,5788,False
A,1282,44400778,encoded,,9205,False
B,1282,44436171,encoded,,5128,False
A,1283,44434099,encoded,,8980,False
B,1283,44469517,encoded,,9720,False
B,1284,44502853,encoded,,16777,False
A,1284,44467439,encoded,,8537,False
B,1285,44536163,encoded,,36689,False
A,1285,44500753,encoded,,8238,False
B,1286,44569494,encoded,,2098,False
A,1286,44534092,encoded,,9315,False
B,1287,44602840,encoded,,11102,False
A,1287,44567427,encoded,,16666,False
B,1288,44636164,encoded,,16667,False
A,1288,44634092,encoded,,21134,False
B,1289,44669500,encoded,,16667,False
A,1289,44667421,encoded,,12200,False
B,1290,44702838,encoded,,16666,False
A,1290,44700759,encoded,,16666,False
B,1291,44736179,encoded,,124391,True
A,1291,44734098,encoded,,125675,True
B,1292,44769504,encoded,,16747,False
A,1292,44767428,encoded,,20212,False
B,1293,44802845,encoded,,12270,False
A,1293,44800770,encoded,,8947,False
A,1294,44834109,encoded,,19020,False
B,1294,44836180,encoded,,18388,False
A,1295,44867453,encoded,,18680,False
B,1295,44869514,encoded,,8087,False
A,1296,44900769,encoded,,20878,False
B,1296,44902848,encoded,,16843,False
A,1297,44934106,encoded,,15689,False
B,1297,44936180,encoded,,14896,False
A,1298,44967429,encoded,,17649,False
B,1298,45002851,encoded,,14434,False
A,1299,45000774,encoded,,11005,False
B,1299,45036185,encoded,,16725,False
A,1300,45034103,encoded,,9315,False
B,1300,45069520,encoded,,17602,False
A,1301,45067449,encoded,,8333,False
B,1301,45102849,encoded,,16395,False
A,1302,45100769,encoded,,7702,False
B,1302,45136187,encoded,,15819,False
A,1303,45167437,encoded,,7345,False
B,1303,45169513,encoded,,15949,False
A,1304,45200774,encoded,,20629,False
B,1304,45202842,encoded,,15477,False
A,1305,45234101,encoded,,18635,False
B,1305,45236177,encoded,,9231,False
A,1306,45267435,encoded,,12971,False
B,1306,45269516,encoded,,7731,False
A,1307,45300780,encoded,,11969,False
B,1307,45302848,encoded,,6810,False
A,1308,45334115,encoded,,12646,False
B,1308,45336184,encoded,,7109,False
A,1309,45367446,encoded,,10711,False
B,1309,45402849,encoded,,6304,False
A,1310,45400771,encoded,,9574,False
B,1310,45436194,encoded,,5591,False
A,1311,45434106,encoded,,9075,False
B,1311,45469520,encoded,,5317,False
A,1312,45467455,encoded,,8703,False
B,1312,45502853,encoded,,5106,False
A,1313,45500792,encoded,,8920,False
B,1313,45536189,encoded,,6112,False
A,1314,45534123,encoded,,8609,False
B,1314,45569538,encoded,,16666,False
A,1315,45567467,encoded,,8407,False
B,1315,45602876,encoded,,37758,False
A,1316,45634110,encoded,,8690,False
B,1316,45636192,encoded,,2067,False
A,1317,45667457,encoded,,10011,False
B,1317,45669523,encoded,,10175,False
A,1318,45700799,encoded,,16667,False
B,1318,45702876,encoded,,16667,False
A,1319,45734132,encoded,,19965,False
B,1319,45736192,encoded,,16667,False
A,1320,45767473,encoded,,13368,False
B,1320,45769539,encoded,,16666,False
A,1321,45800789,encoded,,125616,True
B,1321,45802908,encoded,,124295,True
A,1322,45834142,encoded,,18371,False
B,1322,45836203,encoded,,17262,False
A,1323,45867475,encoded,,7343,False
B,1323,45869545,encoded,,18570,False
A,1324,45900786,encoded,,23689,False
B,1324,45902869,encoded,,20944,False
A,1325,45934120,encoded,,10133,False
B,1325,45969535,encoded,,23528,False
A,1326,45967452,encoded,,27642,False
B,1326,46002869,encoded,,25552,False
A,1327,46000798,encoded,,17590,False
B,1327,46036199,encoded,,18066,False
A,1328,46034121,encoded,,19184,False
B,1328,46069533,encoded,,11040,False
A,1329,46067460,encoded,,11242,False
B,1329,46102867,encoded,,15619,False
A,1330,46100790,encoded,,9488,False
B,1330,46136208,encoded,,14002,False
A,1331,46134129,encoded,,8618,False
B,1331,46169543,encoded,,8977,False
A,1332,46167474,encoded,,8229,False
B,1332,46202867,encoded,,7560,False
A,1333,46234144,encoded,,7656,False
B,1333,46236217,encoded,,16217,False
A,1334,46267465,encoded,,19355,False
B,1334,46269540,encoded,,10465,False
A,1335,46300797,encoded,,20113,False
B,1335,46302870,encoded,,9113,False
A,1336,46334134,encoded,,4047,False
B,1336,46336202,encoded,,8088,False
A,1337,46367474,encoded,,17068,False
B,1337,46369542,encoded,,7637,False
A,1338,46400819,encoded,,12504,False
B,1338,46402875,encoded,,6915,False
A,1339,46434139,encoded,,11291,False
B,1339,46436208,encoded,,6620,False
A,1340,46467477,encoded,,10865,False
B,1340,46469556,encoded,,6512,False
A,1341,46500796,encoded,,9974,False
B,1341,46502885,encoded,,6108,False
A,1342,46534139,encoded,,10646,False
B,1342,46536221,encoded,,5471,False
A,1343,46567468,encoded,,9547,False
B,1343,46602880,encoded,,5734,False
A,1344,46600804,encoded,,9177,False
B,1344,46636212,encoded,,5705,False
A,1345,46634146,encoded,,9641,False
B,1345,46669565,encoded,,16667,False
A,1346,46667484,encoded,,9520,False
A,1347,46700826,encoded,,8995,False
B,1346,46702898,encoded,,29283,False
B,1347,46736231,encoded,,4050,False
A,1348,46734158,encoded,,9123,False
B,1348,46769553,encoded,,16667,False
A,1349,46767485,encoded,,16667,False
B,1349,46802886,encoded,,16667,False
A,1350,46800804,encoded,,20163,False
B,1350,46836228,encoded,,16666,False
A,1351,46834136,encoded,,116582,True
B,1351,46869570,encoded,,124262,True
A,1352,46867497,encoded,,23236,False
B,1352,46902889,encoded,,16366,False
A,1353,46934153,encoded,,14554,False
B,1353,46936223,encoded,,12403,False
A,1354,46967493,encoded,,19173,False
B,1354,46969559,encoded,,19232,False
A,1355,47000835,encoded,,15160,False
B,1355,47002900,encoded,,12857,False
A,1356,47034156,encoded,,21124,False
B,1356,47036227,encoded,,21008,False
A,1357,47067505,encoded,,22665,False
B,1357,47069578,encoded,,11349,False
A,1358,47100813,encoded,,18385,False
B,1358,47102913,encoded,,10777,False
A,1359,47134153,encoded,,12078,False
B,1359,47136222,encoded,,10951,False
A,1360,47167478,encoded,,10174,False
B,1360,47169572,encoded,,14069,False
A,1361,47200811,encoded,,9068,False
B,1361,47202892,encoded,,15503,False
A,1362,47234156,encoded,,8752,False
B,1362,47269573,encoded,,12226,False
A,1363,47267500,encoded,,8105,False
B,1363,47302901,encoded,,17717,False
A,1364,47300833,encoded,,7617,False
B,1364,47336245,encoded,,24326,False
A,1365,47334165,encoded,,7721,False
B,1365,47369571,encoded,,4820,False
A,1366,47367501,encoded,,7549,False
B,1366,47402918,encoded,,11542,False
A,1367,47434159,encoded,,7736,False
B,1367,47436234,encoded,,9070,False
A,1368,47467493,encoded,,25970,False
B,1368,47469564,encoded,,8150,False
A,1369,47500835,encoded,,15127,False
B,1369,47502898,encoded,,7779,False
A,1370,47534157,encoded,,13299,False
B,1370,47536231,encoded,,7180,False
A,1371,47567523,encoded,,11800,False
B,1371,47569569,encoded,,7330,False
A,1372,47600829,encoded,,11477,False
B,1372,47602921,encoded,,6736,False
A,1373,47634172,encoded,,10905,False
B,1373,47636242,encoded,,6333,False
A,1374,47667495,encoded,,11475,False
B,1374,47669572,encoded,,8014,False
A,1375,47700826,encoded,,10793,False
B,1375,47702909,encoded,,16730,False
A,1376,47734164,encoded,,10797,False
B,1376,47769581,encoded,,39289,False
A,1377,47767501,encoded,,10804,False
B,1377,47802920,encoded,,3191,False
A,1378,47800829,encoded,,9967,False
B,1378,47836247,encoded,,7457,False
A,1379,47834184,encoded,,9712,False
B,1379,47869574,encoded,,16667,False
A,1380,47867509,encoded,,14698,False
A,1381,47900852,encoded,,125853,True
B,1380,47902928,encoded,,16666,False
A,1382,47934210,encoded,,21473,False
B,1381,47936256,encoded,,124907,True
B,1382,47969577,encoded,,19045,False
A,1383,48000834,encoded,,12336,False
B,1383,48002935,encoded,,16331,False
A,1384,48034190,encoded,,15500,False
B,1384,48036273,encoded,,15163,False
A,1385,48067538,encoded,,15081,False
B,1385,48069598,encoded,,16735,False
A,1386,48100849,encoded,,20813,False
B,1386,48102933,encoded,,24190,False
A,1387,48134170,encoded,,21493,False
B,1387,48136248,encoded,,19656,False
A,1388,48167502,encoded,,21178,False
B,1388,48169580,encoded,,18591,False
A,1389,48200860,encoded,,13592,False
B,1389,48202917,encoded,,18783,False
A,1390,48234188,encoded,,12401,False
B,1390,48236260,encoded,,13852,False
A,1391,48267520,encoded,,11732,False
B,1391,48269590,encoded,,13201,False
A,1392,48300839,encoded,,11024,False
B,1392,48336253,encoded,,16741,False
A,1393,48334177,encoded,,10444,False
B,1393,48369585,encoded,,10748,False
A,1394,48367529,encoded,,10180,False
B,1394,48402918,encoded,,9619,False
A,1395,48400849,encoded,,9720,False
B,1395,48436254,encoded,,9059,False
A,1396,48434182,encoded,,9610,False
B,1396,48469598,encoded,,8071,False
A,1397,48467515,encoded,,9350,False
B,1397,48502929,encoded,,7528,False
A,1398,48500842,encoded,,9195,False
B,1398,48536257,encoded,,7188,False
A,1399,48534180,encoded,,9224,False
B,1399,48569589,encoded,,6917,False
A,1400,48600843,encoded,,10528,False
B,1400,48602923,encoded,,13158,False
A,1401,48634184,encoded,,9199,False
B,1401,48636260,encoded,,10078,False
A,1402,48667528,encoded,,9084,False
B,1402,48669595,encoded,,9370,False
A,1403,48700893,encoded,,8740,False
B,1403,48702929,encoded,,8781,False
A,1404,48734200,encoded,,26484,False
B,1404,48736280,encoded,,8125,False
A,1405,48767517,encoded,,6492,False
B,1405,48769611,encoded,,7905,False
A,1406,48800852,encoded,,20162,False
B,1406,48802933,encoded,,7444,False
A,1407,48834194,encoded,,7173,False
B,1407,48836261,encoded,,8814,False
A,1408,48867517,encoded,,19503,False
B,1408,48869601,encoded,,16667,False
A,1409,48900883,encoded,,7189,False
B,1409,48936268,encoded,,35542,False
A,1410,48934186,encoded,,18068,False
B,1410,48969618,encoded,,4978,False
A,1411,48967560,encoded,,117512,True
B,1411,49002935,encoded,,124982,True
A,1412,49000860,encoded,,18321,False
B,1412,49036279,encoded,,16563,False
A,1413,49034199,encoded,,16091,False
B,1413,49069605,encoded,,9264,False
A,1414,49067533,encoded,,19741,False
B,1414,49102944,encoded,,14172,False
A,1415,49100854,encoded,,16654,False
B,1415,49136267,encoded,,15648,False
A,1416,49134189,encoded,,16050,False
B,1416,49169605,encoded,,22846,False
A,1417,49167525,encoded,,13108,False
B,1417,49202942,encoded,,18066,False
A,1418,49234194,encoded,,13099,False
B,1418,49236279,encoded,,18004,False
A,1419,49267543,encoded,,17065,False
B,1419,49269625,encoded,,20330,False
A,1420,49300944,encoded,,14386,False
B,1420,49302966,encoded,,11923,False
A,1421,49334203,encoded,,20132,False
B,1421,49336279,encoded,,12755,False
A,1422,49367531,encoded,,15387,False
B,1422,49369617,encoded,,14548,False
A,1423,49400877,encoded,,19161,False
B,1423,49436281,encoded,,14575,False
A,1424,49434198,encoded,,14391,False
B,1424,49469609,encoded,,8863,False
A,1425,49467551,encoded,,6306,False
B,1425,49502959,encoded,,7648,False
A,1426,49500877,encoded,,15200,False
B,1426,49536281,encoded,,6918,False
A,1427,49534204,encoded,,12114,False
B,1427,49569620,encoded,,6430,False
A,1428,49567552,encoded,,12404,False
B,1428,49602962,encoded,,6160,False
A,1429,49634201,encoded,,13563,False
B,1429,49636283,encoded,,12625,False
A,1430,49667536,encoded,,11336,False
B,1430,49669629,encoded,,8613,False
A,1431,49700879,encoded,,11516,False
B,1431,49702976,encoded,,7215,False
A,1432,49734218,encoded,,11774,False
B,1432,49736289,encoded,,6365,False
A,1433,49767542,encoded,,10907,False
B,1433,49769623,encoded,,6053,False
A,1434,49800899,encoded,,10721,False
B,1434,49802971,encoded,,5709,False
A,1435,49834232,encoded,,10271,False
B,1435,49836299,encoded,,13205,False
A,1436,49867540,encoded,,10319,False
B,1436,49869636,encoded,,24398,False
A,1437,49900879,encoded,,10308,False
B,1437,49902954,encoded,,12002,False
A,1438,49934214,encoded,,9968,False
B,1438,49969627,encoded,,13600,False
A,1439,49967549,encoded,,9498,False
B,1439,50002960,encoded,,16667,False
A,1440,50000879,encoded,,9606,False
B,1440,50036293,encoded,,16666,False
A,1441,50034227,encoded,,115015,True
B,1441,50069639,encoded,,124133,True
A,1442,50067564,encoded,,15249,False
B,1442,50102971,encoded,,10394,False
A,1443,50100894,encoded,,19424,False
B,1443,50136320,encoded,,12986,False
A,1444,50134224,encoded,,16441,False
B,1444,50169637,encoded,,15840,False
A,1445,50200881,encoded,,21807,False
B,1445,50202961,encoded,,15885,False
A,1446,50234221,encoded,,19706,False
B,1446,50236298,encoded,,16712,False
A,1447,50267556,encoded,,13970,False
B,1447,50269630,encoded,,17020,False
A,1448,50300888,encoded,,18852,False
B,1448,50302962,encoded,,14385,False
A,1449,50334228,encoded,,15573,False
B,1449,50336311,encoded,,16341,False
A,1450,50367555,encoded,,12065,False
B,1450,50369631,encoded,,15677,False
A,1451,50400912,encoded,,10671,False
B,1451,50402973,encoded,,14687,False
A,1452,50434222,encoded,,10337,False
B,1452,50436320,encoded,,17586,False
A,1453,50467559,encoded,,10120,False
B,1453,50469659,encoded,,8042,False
A,1454,50500887,encoded,,9283,False
B,1454,50502990,encoded,,6623,False
A,1455,50534227,encoded,,8880,False
B,1455,50569636,encoded,,14884,False
A,1456,50567554,encoded,,23139,False
B,1456,50602972,encoded,,9485,False
A,1457,50600892,encoded,,13435,False
B,1457,50636306,encoded,,8099,False
A,1458,50634223,encoded,,11710,False
B,1458,50669643,encoded,,7304,False
A,1459,50667565,encoded,,10557,False
B,1459,50702978,encoded,,6616,False
A,1460,50700900,encoded,,10804,False
B,1460,50736323,encoded,,6030,False
A,1461,50734242,encoded,,10006,False
B,1461,50769648,encoded,,5350,False
A,1462,50800895,encoded,,10646,False
B,1462,50802978,encoded,,5072,False
A,1463,50834229,encoded,,9286,False
B,1463,50836312,encoded,,14183,False
A,1464,50867581,encoded,,8952,False
B,1464,50869643,encoded,,33419,False
A,1465,50900898,encoded,,8871,False
B,1465,50902980,encoded,,12863,False
A,1466,50934235,encoded,,8478,False
B,1466,50936326,encoded,,3718,False
A,1467,50967573,encoded,,8204,False
B,1467,50969650,encoded,,16666,False
A,1468,51000908,encoded,,7784,False
B,1468,51002983,encoded,,16667,False
A,1469,51034239,encoded,,8163,False
B,1469,51036317,encoded,,16667,False
A,1470,51067568,encoded,,12842,False
B,1470,51102984,encoded,,16666,False
A,1471,51100904,encoded,,126294,True
B,1471,51136316,encoded,,124134,True
A,1472,51134241,encoded,,17788,False
B,1472,51169652,encoded,,12722,False
A,1473,51167576,encoded,,15203,False
B,1473,51202988,encoded,,13261,False
A,1474,51200917,encoded,,17659,False
B,1474,51236340,encoded,,18555,False
A,1475,51234254,encoded,,23146,False
B,1475,51269660,encoded,,16124,False
A,1476,51267593,encoded,,16005,False
B,1476,51302993,encoded,,24137,False
A,1477,51300929,encoded,,11175,False
B,1477,51336339,encoded,,11600,False
A,1478,51367574,encoded,,10656,False
B,1478,51369656,encoded,,12486,False
A,1479,51400908,encoded,,20331,False
B,1479,51402992,encoded,,13037,False
A,1480,51434242,encoded,,18742,False
B,1480,51436325,encoded,,15277,False
A,1481,51467578,encoded,,13392,False
B,1481,51469660,encoded,,11849,False
A,1482,51500915,encoded,,11994,False
B,1482,51502993,encoded,,10801,False
A,1483,51534251,encoded,,10852,False
B,1483,51536328,encoded,,14131,False
A,1484,51567585,encoded,,10222,False
B,1484,51569663,encoded,,7741,False
A,1485,51600924,encoded,,9772,False
B,1485,51602997,encoded,,15183,False
A,1486,51634270,encoded,,9153,False
B,1486,51636340,encoded,,9499,False
A,1487,51667583,encoded,,8793,False
B,1487,51669687,encoded,,7900,False
A,1488,51700920,encoded,,8543,False
B,1488,51736336,encoded,,6984,False
A,1489,51734255,encoded,,8515,False
B,1489,51769665,encoded,,6252,False
A,1490,51767594,encoded,,7812,False
B,1490,51803001,encoded,,5705,False
A,1491,51800927,encoded,,7232,False
B,1491,51836340,encoded,,5825,False
A,1492,51834255,encoded,,7068,False
B,1492,51869680,encoded,,4992,False
A,1493,51867598,encoded,,7561,False
B,1493,51903016,encoded,,15139,False
A,1494,51934254,encoded,,8280,False
B,1494,51936336,encoded,,31699,False
A,1495,51967592,encoded,,10479,False
B,1495,51969670,encoded,,12419,False
A,1496,52000924,encoded,,16667,False
B,1496,52003006,encoded,,5882,False
A,1497,52034255,encoded,,33555,False
B,1497,52036338,encoded,,16666,False
A,1498,52067597,encoded,,11541,False
B,1498,52069680,encoded,,16667,False
A,1499,52100946,encoded,,11328,False
B,1499,52103008,encoded,,16667,False
A,1500,52134258,encoded,,11093,False
B,1500,52136344,encoded,,16666,False
A,1501,52167595,encoded,,124762,True
B,1501,52169675,encoded,,124175,True
B,1502,52203016,encoded,,16497,False
A,1502,52200930,encoded,,18742,False
A,1503,52234262,encoded,,7764,False
B,1503,52236350,encoded,,18406,False
A,1504,52267609,encoded,,18886,False
B,1504,52269677,encoded,,20316,False
A,1505,52300946,encoded,,23975,False
B,1505,52336347,encoded,,22994,False
A,1506,52334277,encoded,,14452,False
B,1506,52369689,encoded,,20613,False
A,1507,52367608,encoded,,22687,False
B,1507,52403012,encoded,,21512,False
A,1508,52400952,encoded,,19584,False
B,1508,52436408,encoded,,11209,False
A,1509,52434276,encoded,,12796,False
B,1509,52469700,encoded,,10287,False
A,1510,52467620,encoded,,10797,False
B,1510,52503035,encoded,,16761,False
A,1511,52534268,encoded,,10726,False
B,1511,52536350,encoded,,8492,False
A,1512,52567602,encoded,,9072,False
B,1512,52569684,encoded,,7634,False
A,1513,52600941,encoded,,9157,False
B,1513,52603020,encoded,,16179,False
A,1514,52634280,encoded,,8346,False
B,1514,52636357,encoded,,9984,False
A,1515,52667614,encoded,,7783,False
B,1515,52669707,encoded,,8142,False
A,1516,52700954,encoded,,7439,False
B,1516,52703030,encoded,,6840,False
A,1517,52734278,encoded,,8202,False
B,1517,52736357,encoded,,6885,False
A,1518,52767618,encoded,,7054,False
B,1518,52769696,encoded,,6469,False
A,1519,52800963,encoded,,6830,False
B,1519,52803024,encoded,,5696,False
A,1520,52834276,encoded,,24453,False
B,1520,52869692,encoded,,5616,False
A,1521,52867613,encoded,,3927,False
B,1521,52903026,encoded,,4882,False
A,1522,52900942,encoded,,17543,False
B,1522,52936360,encoded,,4857,False
A,1523,52934283,encoded,,12236,False
B,1523,52969710,encoded,,8888,False
A,1524,52967628,encoded,,11282,False
B,1524,53003030,encoded,,16666,False
A,1525,53000963,encoded,,10303,False
B,1525,53036360,encoded,,30936,False
A,1526,53034283,encoded,,10583,False
B,1526,53069700,encoded,,2729,False
A,1527,53067614,encoded,,9775,False
B,1527,53103031,encoded,,16335,False
A,1528,53134286,encoded,,16660,False
B,1528,53136367,encoded,,16667,False
A,1529,53167625,encoded,,16667,False
B,1529,53169704,encoded,,16667,False
A,1530,53200954,encoded,,16666,False
B,1530,53203036,encoded,,16666,False
A,1531,53234290,encoded,,125003,True
B,1531,53236368,encoded,,124335,True
A,1532,53267626,encoded,,16249,False
B,1532,53269702,encoded,,17671,False
A,1533,53300963,encoded,,13302,False
B,1533,53303040,encoded,,12429,False
A,1534,53334286,encoded,,23044,False
B,1534,53369710,encoded,,15227,False
A,1535,53367621,encoded,,18088,False
B,1535,53403039,encoded,,14547,False
A,1536,53400957,encoded,,22182,False
B,1536,53436373,encoded,,16497,False
A,1537,53434293,encoded,,19761,False
B,1537,53469705,encoded,,15905,False
A,1538,53467621,encoded,,11733,False
B,1538,53503040,encoded,,11089,False
A,1539,53500957,encoded,,10226,False
B,1539,53536390,encoded,,15920,False
A,1540,53534306,encoded,,8925,False
B,1540,53569726,encoded,,15239,False
A,1541,53567627,encoded,,8071,False
B,1541,53603043,encoded,,16051,False
A,1542,53600959,encoded,,7347,False
A,1543,53634307,encoded,,6879,False
B,1542,53636392,encoded,,21089,False
B,1543,53669713,encoded,,13685,False
A,1544,53700961,encoded,,7372,False
B,1544,53703044,encoded,,10811,False
A,1545,53734305,encoded,,6476,False
B,1545,53736379,encoded,,7806,False
A,1546,53767657,encoded,,25604,False
B,1546,53769716,encoded,,7039,False
A,1547,53800979,encoded,,3420,False
B,1547,53803061,encoded,,6259,False
A,1548,53834356,encoded,,16785,False
B,1548,53836397,encoded,,5850,False
A,1549,53867651,encoded,,12191,False
B,1549,53869727,encoded,,5427,False
A,1550,53900978,encoded,,10887,False
B,1550,53903055,encoded,,5067,False
A,1551,53934300,encoded,,10261,False
B,1551,53936408,encoded,,4919,False
A,1552,53967635,encoded,,9800,False
B,1552,54003054,encoded,,4806,False
A,1553,54000974,encoded,,9237,False
B,1553,54036391,encoded,,15666,False
A,1554,54034302,encoded,,9137,False
B,1554,54069738,encoded,,29611,False
A,1555,54067652,encoded,,8821,False
B,1555,54103078,encoded,,11342,False
A,1556,54101038,encoded,,12533,False
B,1556,54136396,encoded,,9047,False
A,1557,54167641,encoded,,16666,False
B,1557,54169725,encoded,,16666,False
A,1558,54200979,encoded,,16667,False
B,1558,54203057,encoded,,16667,False
A,1559,54234307,encoded,,16667,False
B,1559,54236391,encoded,,16667,False
A,1560,54267646,encoded,,16666,False
B,1560,54269726,encoded,,16666,False
A,1561,54300983,encoded,,125684,True
B,1561,54303064,encoded,,124185,True
A,1562,54334328,encoded,,24245,False
B,1562,54336398,encoded,,15984,False
A,1563,54367677,encoded,,8579,False
B,1563,54369755,encoded,,18585,False
A,1564,54401041,encoded,,13983,False
B,1564,54403077,encoded,,14896,False
A,1565,54434312,encoded,,20177,False
B,1565,54436416,encoded,,15160,False
A,1566,54467650,encoded,,23010,False
B,1566,54469738,encoded,,16123,False
A,1567,54501012,encoded,,20468,False
B,1567,54536402,encoded,,15808,False
A,1568,54534323,encoded,,11205,False
B,1568,54569747,encoded,,10526,False
A,1569,54567657,encoded,,9676,False
B,1569,54603074,encoded,,20944,False
A,1570,54600995,encoded,,7933,False
B,1570,54636401,encoded,,17049,False
A,1571,54634321,encoded,,7355,False
B,1571,54669736,encoded,,13034,False
A,1572,54667658,encoded,,7299,False
B,1572,54703094,encoded,,21131,False
A,1573,54701028,encoded,,21670,False
B,1573,54736413,encoded,,13234,False
A,1574,54734325,encoded,,3902,False
B,1574,54769754,encoded,,9130,False
A,1575,54767678,encoded,,19802,False
B,1575,54803072,encoded,,7541,False
A,1576,54834351,encoded,,12789,False
B,1576,54836428,encoded,,6914,False
A,1577,54867655,encoded,,11879,False
B,1577,54869740,encoded,,6146,False
A,1578,54901006,encoded,,10890,False
B,1578,54903072,encoded,,5974,False
A,1579,54934331,encoded,,9723,False
B,1579,54936412,encoded,,5490,False
A,1580,54967679,encoded,,9414,False
B,1580,54969743,encoded,,5499,False
A,1581,55001033,encoded,,8401,False
B,1581,55003081,encoded,,4719,False
A,1582,55034333,encoded,,8122,False
B,1582,55036425,encoded,,4455,False
A,1583,55067664,encoded,,7842,False
B,1583,55069749,encoded,,10807,False
A,1584,55101010,encoded,,7734,False
B,1584,55103091,encoded,,16666,False
A,1585,55134335,encoded,,7761,False
B,1585,55169747,encoded,,20002,False
A,1586,55167660,encoded,,13791,False
B,1586,55203085,encoded,,13332,False
A,1587,55200996,encoded,,16666,False
B,1587,55236414,encoded,,16666,False
A,1588,55234335,encoded,,16667,False
B,1588,55269750,encoded,,16667,False
A,1589,55267670,encoded,,16667,False
B,1589,55303090,encoded,,16667,False
A,1590,55301024,encoded,,16666,False
A,1591,55334343,encoded,,125625,True
B,1590,55336421,encoded,,16666,False
B,1591,55369752,encoded,,124128,True
A,1592,55401014,encoded,,22144,False
B,1592,55403084,encoded,,18865,False
A,1593,55434335,encoded,,8815,False
A,1594,55467666,encoded,,18247,False
B,1593,55436419,encoded,,9770,False
A,1595,55501012,encoded,,18079,False
B,1594,55469751,encoded,,16186,False
B,1595,55503100,encoded,,26753,False
A,1596,55534335,encoded,,24321,False
B,1596,55536429,encoded,,10430,False
A,1597,55567684,encoded,,19304,False
B,1597,55569754,encoded,,10470,False
A,1598,55601010,encoded,,11466,False
B,1598,55603091,encoded,,16567,False
A,1599,55634339,encoded,,8901,False
B,1599,55636446,encoded,,12102,False
A,1600,55667678,encoded,,8042,False
B,1600,55669760,encoded,,15560,False
A,1601,55701032,encoded,,22202,False
B,1601,55703094,encoded,,15074,False
A,1602,55734359,encoded,,4382,False
B,1602,55769761,encoded,,11606,False
A,1603,55767685,encoded,,21859,False
B,1603,55803094,encoded,,13453,False
A,1604,55801016,encoded,,12817,False
B,1604,55836428,encoded,,19598,False
A,1605,55834347,encoded,,11215,False
B,1605,55869771,encoded,,8653,False
A,1606,55867695,encoded,,10205,False
B,1606,55903100,encoded,,6811,False
A,1607,55901013,encoded,,9626,False
B,1607,55936438,encoded,,6148,False
A,1608,55967685,encoded,,9117,False
B,1608,55969771,encoded,,5700,False
A,1609,56001026,encoded,,8423,False
B,1609,56003101,encoded,,5422,False
A,1610,56034356,encoded,,8394,False
B,1610,56036435,encoded,,5632,False
A,1611,56067694,encoded,,7896,False
B,1611,56069786,encoded,,4739,False
A,1612,56101025,encoded,,7279,False
B,1612,56103109,encoded,,4806,False
A,1613,56134368,encoded,,7285,False
B,1613,56136445,encoded,,14861,False
A,1614,56167685,encoded,,7285,False
B,1614,56169784,encoded,,37002,False
A,1615,56201023,encoded,,7098,False
B,1615,56203104,encoded,,7822,False
A,1616,56234360,encoded,,13307,False
B,1616,56269778,encoded,,5176,False
A,1617,56267689,encoded,,19106,False
B,1617,56303110,encoded,,16666,False
A,1618,56301023,encoded,,14227,False
B,1618,56336442,encoded,,16667,False
A,1619,56334357,encoded,,16667,False
B,1619,56369775,encoded,,16667,False
A,1620,56367692,encoded,,16666,False
B,1620,56403107,encoded,,16666,False
A,1621,56434361,encoded,,125798,True
B,1621,56436447,encoded,,124290,True
A,1622,56467695,encoded,,16107,False
B,1622,56469776,encoded,,12459,False
A,1623,56501026,encoded,,12839,False
B,1623,56503111,encoded,,19446,False
A,1624,56534370,encoded,,22517,False
B,1624,56536446,encoded,,23537,False
A,1625,56567710,encoded,,19491,False
B,1625,56569779,encoded,,12463,False
A,1626,56601028,encoded,,23592,False
B,1626,56603114,encoded,,25737,False
A,1627,56634381,encoded,,15669,False
B,1627,56636448,encoded,,15161,False
A,1628,56667699,encoded,,10820,False
B,1628,56669781,encoded,,15877,False
A,1629,56701039,encoded,,8766,False
B,1629,56703127,encoded,,14989,False
A,1630,56734369,encoded,,7917,False
B,1630,56736461,encoded,,16240,False
A,1631,56767718,encoded,,19780,False
B,1631,56769784,encoded,,19053,False
A,1632,56801041,encoded,,20613,False
B,1632,56836453,encoded,,13656,False
A,1633,56834368,encoded,,13740,False
B,1633,56869786,encoded,,9279,False
A,1634,56867704,encoded,,11255,False
B,1634,56903122,encoded,,7929,False
A,1635,56901047,encoded,,10052,False
B,1635,56936456,encoded,,7044,False
A,1636,56934373,encoded,,9279,False
B,1636,56969801,encoded,,6956,False
A,1637,56967724,encoded,,10171,False
B,1637,57003123,encoded,,5882,False
A,1638,57001036,encoded,,9050,False
B,1638,57036459,encoded,,5699,False
A,1639,57034376,encoded,,8790,False
B,1639,57069794,encoded,,5391,False
A,1640,57067723,encoded,,8189,False
B,1640,57103130,encoded,,4846,False
A,1641,57134380,encoded,,8017,False
B,1641,57136460,encoded,,4730,False
A,1642,57167713,encoded,,8046,False
B,1642,57169797,encoded,,4488,False
A,1643,57201057,encoded,,7375,False
B,1643,57203130,encoded,,8182,False
A,1644,57234383,encoded,,7252,False
B,1644,57236460,encoded,,16666,False
A,1645,57267744,encoded,,7006,False
B,1645,57269800,encoded,,28727,False
A,1646,57301057,encoded,,11203,False
B,1646,57303132,encoded,,7731,False
A,1647,57334377,encoded,,16666,False
B,1647,57369805,encoded,,13542,False
A,1648,57367724,encoded,,18549,False
B,1648,57403136,encoded,,16667,False
A,1649,57401048,encoded,,14785,False
B,1649,57436470,encoded,,16667,False
A,1650,57434379,encoded,,16666,False
B,1650,57469802,encoded,,16666,False
A,1651,57467735,encoded,,125982,True
B,1651,57503145,encoded,,124168,True
A,1652,57501060,encoded,,18336,False
B,1652,57536485,encoded,,15590,False
A,1653,57534407,encoded,,12484,False
B,1653,57569818,encoded,,18712,False
A,1654,57567737,encoded,,17342,False
B,1654,57603136,encoded,,15806,False
A,1655,57634391,encoded,,17448,False
B,1655,57636480,encoded,,15899,False
A,1656,57667719,encoded,,22651,False
B,1656,57669805,encoded,,18135,False
A,1657,57701063,encoded,,20665,False
B,1657,57703144,encoded,,16768,False
A,1658,57734393,encoded,,11174,False
B,1658,57736477,encoded,,11057,False
A,1659,57767721,encoded,,9163,False
B,1659,57769809,encoded,,18491,False
A,1660,57801059,encoded,,21236,False
B,1660,57803194,encoded,,15700,False
A,1661,57834441,encoded,,5170,False
B,1661,57836479,encoded,,11715,False
A,1662,57867752,encoded,,16302,False
B,1662,57869824,encoded,,10956,False
A,1663,57901061,encoded,,17967,False
B,1663,57903151,encoded,,19623,False
A,1664,57934392,encoded,,12065,False
B,1664,57936478,encoded,,11469,False
A,1665,57967731,encoded,,10666,False
B,1665,58003148,encoded,,7926,False
A,1666,58001060,encoded,,9842,False
B,1666,58036480,encoded,,6955,False
A,1667,58034393,encoded,,8953,False
B,1667,58069821,encoded,,6396,False
A,1668,58067741,encoded,,8725,False
B,1668,58103162,encoded,,5675,False
A,1669,58101073,encoded,,9041,False
B,1669,58136493,encoded,,5993,False
A,1670,58134410,encoded,,8345,False
B,1670,58169826,encoded,,5328,False
A,1671,58201065,encoded,,7715,False
B,1671,58203150,encoded,,4774,False
A,1672,58234399,encoded,,7911,False
B,1672,58236484,encoded,,4262,False
A,1673,58267737,encoded,,7724,False
B,1673,58269824,encoded,,11936,False
A,1674,58301065,encoded,,7426,False
B,1674,58303155,encoded,,22197,False
A,1675,58334404,encoded,,7576,False
B,1675,58336486,encoded,,28337,False
A,1676,58367744,encoded,,11425,False
B,1676,58369827,encoded,,1464,False
A,1677,58401071,encoded,,16666,False
B,1677,58403155,encoded,,14668,False
A,1678,58434424,encoded,,16667,False
B,1678,58436490,encoded,,16667,False
A,1679,58467743,encoded,,16667,False
B,1679,58469834,encoded,,16667,False
A,1680,58501070,encoded,,16666,False
B,1680,58503160,encoded,,16666,False
A,1681,58534409,encoded,,125854,True
B,1681,58569827,encoded,,124099,True
A,1682,58567737,encoded,,14057,False
B,1682,58603160,encoded,,12239,False
A,1683,58601083,encoded,,13099,False
B,1683,58636497,encoded,,13071,False
A,1684,58634410,encoded,,19360,False
B,1684,58669834,encoded,,22893,False
A,1685,58667763,encoded,,20229,False
B,1685,58703164,encoded,,20263,False
A,1686,58701079,encoded,,18390,False
B,1686,58736499,encoded,,25381,False
A,1687,58734416,encoded,,13071,False
B,1687,58769840,encoded,,15030,False
A,1688,58767776,encoded,,19543,False
B,1688,58803169,encoded,,13962,False
A,1689,58801087,encoded,,9677,False
B,1689,58836534,encoded,,14562,False
A,1690,58867746,encoded,,22150,False
B,1690,58869833,encoded,,14672,False
A,1691,58901083,encoded,,5393,False
B,1691,58903168,encoded,,20307,False
A,1692,58934420,encoded,,15857,False
B,1692,58936503,encoded,,14869,False
A,1693,58967746,encoded,,18411,False
B,1693,58969834,encoded,,9575,False
A,1694,59001081,encoded,,12502,False
B,1694,59003168,encoded,,8209,False
A,1695,59034435,encoded,,11198,False
B,1695,59036503,encoded,,7089,False
A,1696,59067771,encoded,,9716,False
B,1696,59069852,encoded,,6458,False
A,1697,59101084,encoded,,9385,False
B,1697,59103187,encoded,,6304,False
A,1698,59134423,encoded,,8551,False
B,1698,59169842,encoded,,5898,False
A,1699,59167755,encoded,,8457,False
B,1699,59203174,encoded,,5805,False
A,1700,59201093,encoded,,8588,False
B,1700,59236510,encoded,,5080,False
A,1701,59234428,encoded,,8309,False
B,1701,59269841,encoded,,5225,False
A,1702,59267762,encoded,,7652,False
B,1702,59303180,encoded,,4536,False
A,1703,59301095,encoded,,7366,False
B,1703,59336534,encoded,,7807,False
A,1704,59334457,encoded,,7560,False
B,1704,59369854,encoded,,16666,False
B,1705,59403181,encoded,,28916,False
A,1705,59367762,encoded,,7367,False
B,1706,59436514,encoded,,4418,False
A,1706,59434426,encoded,,11592,False
B,1707,59469849,encoded,,16666,False
A,1707,59467758,encoded,,16666,False
B,1708,59503181,encoded,,16667,False
A,1708,59501098,encoded,,23884,False
B,1709,59536516,encoded,,16667,False
A,1709,59534435,encoded,,9450,False
B,1710,59569864,encoded,,16666,False
A,1710,59567781,encoded,,16666,False
B,1711,59603187,encoded,,124213,True
A,1711,59601111,encoded,,125670,True
B,1712,59636531,encoded,,16917,False
A,1712,59634442,encoded,,17982,False
B,1713,59669861,encoded,,12912,False
A,1713,59667780,encoded,,10790,False
B,1714,59703194,encoded,,18619,False
A,1714,59701122,encoded,,19402,False
B,1715,59736532,encoded,,24087,False
A,1715,59734462,encoded,,18049,False
B,1716,59769874,encoded,,14623,False
A,1716,59767787,encoded,,24190,False
A,1717,59801108,encoded,,20476,False
B,1717,59803192,encoded,,14938,False
A,1718,59834441,encoded,,11565,False
B,1718,59836525,encoded,,15137,False
A,1719,59867773,encoded,,9073,False
B,1719,59869858,encoded,,18994,False
A,1720,59901108,encoded,,21309,False
B,1720,59936524,encoded,,16162,False
A,1721,59934439,encoded,,4774,False
B,1721,59969865,encoded,,12508,False
A,1722,59967775,encoded,,15922,False
B,1722,60003216,encoded,,16476,False
A,1723,60001144,encoded,,17941,False
B,1723,60036541,encoded,,12165,False
A,1724,60034447,encoded,,12506,False
B,1724,60069862,encoded,,8735,False
A,1725,60067773,encoded,,12159,False
B,1725,60103236,encoded,,7374,False
A,1726,60101109,encoded,,10479,False
B,1726,60136538,encoded,,6708,False
A,1727,60134462,encoded,,9613,False
B,1727,60169880,encoded,,6152,False
A,1728,60167810,encoded,,8970,False
B,1728,60203249,encoded,,5572,False
A,1729,60201121,encoded,,8519,False
B,1729,60236535,encoded,,5200,False
A,1730,60234443,encoded,,8541,False
B,1730,60269869,encoded,,5132,False
A,1731,60301119,encoded,,7968,False
B,1731,60303199,encoded,,4592,False
A,1732,60334455,encoded,,7677,False
B,1732,60336538,encoded,,4723,False
A,1733,60367794,encoded,,7805,False
B,1733,60369880,encoded,,11395,False
A,1734,60401122,encoded,,7000,False
B,1734,60403204,encoded,,16666,False
A,1735,60434449,encoded,,6988,False
B,1735,60469871,encoded,,33487,False
A,1736,60467796,encoded,,7966,False
B,1736,60503209,encoded,,1520,False
A,1737,60534464,encoded,,16666,False
B,1737,60536540,encoded,,14993,False
A,1738,60567786,encoded,,28448,False
B,1738,60569875,encoded,,16667,False
A,1739,60601123,encoded,,4886,False
B,1739,60603206,encoded,,16667,False
A,1740,60634451,encoded,,16666,False
B,1740,60636545,encoded,,16666,False
A,1741,60667785,encoded,,125868,True
B,1741,60669874,encoded,,124170,True
A,1742,60701140,encoded,,23146,False
B,1742,60703210,encoded,,12563,False
A,1743,60734470,encoded,,8666,False
B,1743,60736550,encoded,,13311,False
A,1744,60767797,encoded,,16411,False
B,1744,60769894,encoded,,17770,False
A,1745,60801135,encoded,,17189,False
B,1745,60803212,encoded,,19618,False
B,1746,60836561,encoded,,16969,False
A,1746,60834468,encoded,,22673,False
B,1747,60903214,encoded,,10678,False
A,1747,60867791,encoded,,20326,False
B,1748,60936550,encoded,,25578,False
A,1748,60901132,encoded,,11010,False
B,1749,60969888,encoded,,18546,False
A,1749,60934469,encoded,,10138,False
B,1750,61003220,encoded,,16051,False
A,1750,61001133,encoded,,21487,False
B,1751,61036560,encoded,,17377,False
A,1751,61034476,encoded,,5185,False
B,1752,61069884,encoded,,13270,False
A,1752,61067808,encoded,,15901,False
B,1753,61103220,encoded,,12001,False
A,1753,61101137,encoded,,17960,False
B,1754,61136564,encoded,,8261,False
A,1754,61134481,encoded,,12634,False
B,1755,61169893,encoded,,7464,False
A,1755,61167804,encoded,,10859,False
B,1756,61203225,encoded,,6463,False
A,1756,61201142,encoded,,10004,False
B,1757,61236554,encoded,,5952,False
A,1757,61234468,encoded,,10126,False
B,1758,61269889,encoded,,5429,False
A,1758,61267810,encoded,,8915,False
B,1759,61303229,encoded,,6341,False
A,1759,61301145,encoded,,8799,False
B,1760,61336562,encoded,,4997,False
A,1760,61334477,encoded,,8579,False
B,1761,61369895,encoded,,4735,False
A,1761,61367810,encoded,,7989,False
B,1762,61403230,encoded,,4644,False
A,1762,61401144,encoded,,7676,False
B,1763,61436562,encoded,,11146,False
A,1763,61434479,encoded,,7365,False
B,1764,61469902,encoded,,16666,False
A,1764,61501150,encoded,,7389,False
B,1765,61503229,encoded,,31793,False
A,1765,61534473,encoded,,7082,False
B,1766,61536563,encoded,,1543,False
A,1766,61567812,encoded,,9957,False
B,1767,61569896,encoded,,16664,False
A,1767,61601150,encoded,,16666,False
B,1768,61603233,encoded,,16667,False
A,1768,61634493,encoded,,28825,False
B,1769,61636571,encoded,,16667,False
B,1770,61669919,encoded,,16666,False
A,1769,61667832,encoded,,4509,False
A,1770,61701153,encoded,,16666,False
B,1771,61703248,encoded,,124134,True
A,1771,61734477,encoded,,126117,True
B,1772,61769904,encoded,,16932,False
A,1772,61767816,encoded,,9006,False
B,1773,61803238,encoded,,12241,False
A,1773,61801154,encoded,,18046,False
B,1774,61836579,encoded,,23408,False
A,1774,61834490,encoded,,14994,False
B,1775,61869919,encoded,,12597,False
A,1775,61867817,encoded,,13067,False
B,1776,61903254,encoded,,20640,False
A,1776,61901161,encoded,,20063,False
B,1777,61936580,encoded,,12126,False
A,1777,61934504,encoded,,18480,False
B,1778,61969918,encoded,,14775,False
A,1778,61967835,encoded,,21528,False
B,1779,62003244,encoded,,14451,False
A,1779,62034488,encoded,,10183,False
B,1780,62036576,encoded,,10643,False
A,1780,62067820,encoded,,22048,False
B,1781,62069918,encoded,,13797,False
A,1781,62101155,encoded,,5559,False
B,1782,62103241,encoded,,14431,False
A,1782,62134491,encoded,,16616,False
A,1783,62167820,encoded,,18479,False
B,1783,62136578,encoded,,18757,False
B,1784,62169923,encoded,,12350,False
A,1784,62201175,encoded,,12384,False
B,1785,62203262,encoded,,8523,False
A,1785,62234509,encoded,,10674,False
B,1786,62236592,encoded,,7183,False
A,1786,62267822,encoded,,10232,False
B,1787,62269926,encoded,,6432,False
A,1787,62301161,encoded,,9385,False
B,1788,62336591,encoded,,6024,False
A,1788,62334497,encoded,,9160,False
B,1789,62369921,encoded,,5761,False
A,1789,62367828,encoded,,8592,False
B,1790,62403251,encoded,,5203,False
A,1790,62401160,encoded,,8226,False
B,1791,62436645,encoded,,4933,False
A,1791,62434520,encoded,,8035,False
B,1792,62469918,encoded,,4857,False
A,1792,62501165,encoded,,7967,False
B,1793,62503251,encoded,,13136,False
A,1793,62534499,encoded,,7376,False
A,1794,62567836,encoded,,7223,False
B,1794,62536585,encoded,,38581,False
A,1795,62601168,encoded,,7204,False
B,1795,62569920,encoded,,31735,False
A,1796,62634507,encoded,,12690,False
B,1796,62603256,encoded,,2136,False
B,1797,62636588,encoded,,1387,False
A,1797,62667848,encoded,,16666,False
B,1798,62669926,encoded,,9494,False
A,1798,62701164,encoded,,16667,False
B,1799,62703254,encoded,,16667,False
A,1799,62734503,encoded,,16667,False
B,1800,62736590,encoded,,16666,False
A,1800,62767837,encoded,,16666,False
B,1801,62769925,encoded,,124175,True
A,1801,62801177,encoded,,126076,True
B,1802,62803267,encoded,,16435,False
A,1802,62834506,encoded,,22877,False
B,1803,62836594,encoded,,11008,False
A,1803,62867837,encoded,,8836,False
B,1804,62869938,encoded,,23147,False
A,1804,62901172,encoded,,16875,False
B,1805,62936594,encoded,,9789,False
B,1806,62969929,encoded,,21650,False
A,1805,62934513,encoded,,17367,False
B,1807,63003268,encoded,,10998,False
A,1806,62967841,encoded,,22857,False
B,1808,63036623,encoded,,17888,False
A,1807,63001183,encoded,,21492,False
A,1808,63034534,encoded,,10933,False
B,1809,63069938,encoded,,18464,False
A,1809,63067867,encoded,,9399,False
B,1810,63103266,encoded,,16055,False
A,1810,63101177,encoded,,8007,False
B,1811,63136605,encoded,,14367,False
A,1811,63134523,encoded,,20313,False
B,1812,63169943,encoded,,10391,False
A,1812,63201189,encoded,,14337,False
B,1813,63203268,encoded,,17774,False
A,1813,63234520,encoded,,17082,False
B,1814,63236608,encoded,,10818,False
A,1814,63267865,encoded,,12044,False
B,1815,63269958,encoded,,7546,False
A,1815,63301189,encoded,,10792,False
B,1816,63303273,encoded,,6739,False
A,1816,63334520,encoded,,9915,False
B,1817,63336607,encoded,,6045,False
A,1817,63367850,encoded,,9286,False
B,1818,63369947,encoded,,5673,False
A,1818,63401199,encoded,,8813,False
B,1819,63403291,encoded,,5339,False
A,1819,63434516,encoded,,8323,False
B,1820,63436615,encoded,,4792,False
A,1820,63467851,encoded,,8030,False
B,1821,63503277,encoded,,4732,False
A,1821,63501191,encoded,,7924,False
B,1822,63536610,encoded,,4309,False
A,1822,63534527,encoded,,8013,False
B,1823,63569950,encoded,,15200,False
A,1823,63567868,encoded,,7629,False
B,1824,63603278,encoded,,37261,False
A,1824,63601195,encoded,,7396,False
B,1825,63636627,encoded,,7213,False
A,1825,63634537,encoded,,7259,False
B,1826,63669952,encoded,,5526,False
A,1826,63667875,encoded,,11459,False
B,1827,63703288,encoded,,16666,False
A,1827,63734529,encoded,,16666,False
B,1828,63736618,encoded,,16667,False
A,1828,63767863,encoded,,36684,False
B,1829,63769949,encoded,,16667,False
A,1829,63801198,encoded,,3502,False
B,1830,63803283,encoded,,16666,False
A,1830,63834530,encoded,,11020,False
B,1831,63836617,encoded,,123996,True
A,1831,63867881,encoded,,116702,True
B,1832,63869957,encoded,,8453,False
A,1832,63901218,encoded,,20178,False
B,1833,63903289,encoded,,18461,False
A,1833,63934542,encoded,,14275,False
B,1834,63936639,encoded,,23493,False
A,1834,63967870,encoded,,24029,False
B,1835,64003287,encoded,,17225,False
A,1835,64001205,encoded,,20096,False
B,1836,64036626,encoded,,21548,False
A,1836,64034535,encoded,,24133,False
B,1837,64069956,encoded,,16658,False
A,1837,64067865,encoded,,20773,False
B,1838,64103295,encoded,,14588,False
A,1838,64101203,encoded,,11909,False
B,1839,64136644,encoded,,11931,False
A,1839,64134554,encoded,,9340,False
B,1840,64169964,encoded,,18591,False
A,1840,64167900,encoded,,8222,False
B,1841,64203309,encoded,,12641,False
A,1841,64201218,encoded,,7165,False
B,1842,64236626,encoded,,17244,False
A,1842,64267874,encoded,,20245,False
B,1843,64269963,encoded,,12993,False
A,1843,64301206,encoded,,20257,False
B,1844,64303294,encoded,,9075,False
A,1844,64334544,encoded,,12834,False
B,1845,64336628,encoded,,7728,False
A,1845,64367872,encoded,,11452,False
A,1846,64401209,encoded,,10005,False
B,1846,64369970,encoded,,6747,False
B,1847,64403307,encoded,,6368,False
A,1847,64434541,encoded,,9472,False
B,1848,64436635,encoded,,5798,False
A,1848,64467878,encoded,,8855,False
B,1849,64469965,encoded,,5204,False
A,1849,64501213,encoded,,8661,False
B,1850,64503301,encoded,,5264,False
A,1850,64534548,encoded,,8365,False
B,1851,64536652,encoded,,4785,False
A,1851,64567881,encoded,,7984,False
B,1852,64603302,encoded,,4657,False
A,1852,64601216,encoded,,8365,False
B,1853,64636635,encoded,,9886,False
A,1853,64634543,encoded,,7607,False
B,1854,64669978,encoded,,16666,False
A,1854,64667895,encoded,,7316,False
B,1855,64703307,encoded,,36018,False
A,1855,64701225,encoded,,7405,False
B,1856,64736636,encoded,,7545,False
A,1856,64734548,encoded,,7289,False
B,1857,64769984,encoded,,6437,False
A,1857,64767902,encoded,,15860,False
B,1858,64803318,encoded,,16667,False
A,1858,64801221,encoded,,24479,False
B,1859,64836656,encoded,,16667,False
A,1859,64867887,encoded,,8855,False
B,1860,64869971,encoded,,16666,False
A,1860,64901217,encoded,,16666,False
B,1861,64903308,encoded,,124091,True
A,1861,64934553,encoded,,126088,True
B,1862,64936643,encoded,,17808,False
A,1862,64967885,encoded,,17828,False
B,1863,64969976,encoded,,11653,False
A,1863,65001235,encoded,,12428,False
B,1864,65003312,encoded,,19552,False
A,1864,65034560,encoded,,17875,False
B,1865,65036646,encoded,,18457,False
A,1865,65067907,encoded,,17408,False
B,1866,65069982,encoded,,26594,False
A,1866,65101236,encoded,,23150,False
B,1867,65103328,encoded,,19239,False
A,1867,65134554,encoded,,20125,False
B,1868,65136648,encoded,,14286,False
B,1869,65169995,encoded,,13036,False
A,1868,65167890,encoded,,10740,False
B,1870,65203317,encoded,,14242,False
A,1869,65201228,encoded,,9349,False
B,1871,65236650,encoded,,10943,False
A,1870,65234559,encoded,,8396,False
B,1872,65269995,encoded,,14255,False
A,1871,65267898,encoded,,20391,False
B,1873,65303319,encoded,,11502,False
A,1872,65301230,encoded,,22099,False
A,1873,65334582,encoded,,2826,False
B,1874,65336656,encoded,,8490,False
A,1874,65367895,encoded,,16183,False
B,1875,65403321,encoded,,7470,False
A,1875,65401233,encoded,,11477,False
B,1876,65436655,encoded,,7013,False
A,1876,65434561,encoded,,10307,False
B,1877,65469990,encoded,,6273,False
A,1877,65501238,encoded,,9522,False
B,1878,65503324,encoded,,5940,False
A,1878,65534576,encoded,,9187,False
B,1879,65536667,encoded,,5308,False
A,1879,65567901,encoded,,8562,False
B,1880,65569994,encoded,,4874,False
A,1880,65601249,encoded,,8214,False
B,1881,65603340,encoded,,4457,False
A,1881,65634588,encoded,,7967,False
B,1882,65636685,encoded,,4415,False
A,1882,65667901,encoded,,8046,False
B,1883,65670020,encoded,,13436,False
A,1883,65701239,encoded,,7892,False
B,1884,65703345,encoded,,38602,False
A,1884,65734576,encoded,,7394,False
B,1885,65770003,encoded,,31701,False
A,1885,65767908,encoded,,7635,False
B,1886,65803334,encoded,,1192,False
A,1886,65801244,encoded,,12245,False
B,1887,65836664,encoded,,1595,False
A,1887,65834585,encoded,,16666,False
B,1888,65870024,encoded,,10243,False
A,1888,65867911,encoded,,19205,False
B,1889,65903333,encoded,,16667,False
A,1889,65901247,encoded,,14129,False
B,1890,65936682,encoded,,16666,False
A,1890,65934632,encoded,,16666,False
B,1891,65970022,encoded,,124178,True
A,1891,65967915,encoded,,126097,True
B,1892,66003353,encoded,,13431,False
A,1892,66034581,encoded,,12980,False
B,1893,66036668,encoded,,12925,False
B,1894,66070011,encoded,,17957,False
A,1893,66067921,encoded,,23281,False
A,1894,66101248,encoded,,14969,False
B,1895,66103337,encoded,,20167,False
A,1895,66134586,encoded,,17015,False
B,1896,66136677,encoded,,16487,False
A,1896,66167913,encoded,,23014,False
B,1897,66170007,encoded,,10424,False
A,1897,66201247,encoded,,19810,False
B,1898,66203340,encoded,,12852,False
A,1898,66234586,encoded,,11168,False
B,1899,66236675,encoded,,15530,False
A,1899,66267924,encoded,,8809,False
B,1900,66270010,encoded,,16775,False
A,1900,66301248,encoded,,21190,False
B,1901,66303346,encoded,,15616,False
A,1901,66334585,encoded,,5232,False
B,1902,66336676,encoded,,12607,False
A,1902,66367926,encoded,,16519,False
B,1903,66370012,encoded,,12904,False
A,1903,66401279,encoded,,17662,False
B,1904,66436677,encoded,,19036,False
A,1904,66434585,encoded,,12010,False
B,1905,66470017,encoded,,8088,False
A,1905,66467926,encoded,,10646,False
B,1906,66503358,encoded,,7037,False
A,1906,66501266,encoded,,9958,False
B,1907,66536699,encoded,,6341,False
A,1907,66534607,encoded,,9295,False
B,1908,66570030,encoded,,5766,False
A,1908,66601264,encoded,,8716,False
B,1909,66603351,encoded,,5376,False
A,1909,66634597,encoded,,8656,False
B,1910,66636697,encoded,,4975,False
A,1910,66667931,encoded,,8097,False
B,1911,66670022,encoded,,4717,False
A,1911,66701260,encoded,,7809,False
B,1912,66703356,encoded,,4765,False
A,1912,66734596,encoded,,7916,False
B,1913,66736684,encoded,,15380,False
A,1913,66767934,encoded,,7615,False
A,1914,66801276,encoded,,7566,False
B,1914,66770029,encoded,,29483,False
B,1915,66803369,encoded,,3850,False
A,1915,66834611,encoded,,8104,False
B,1916,66836689,encoded,,16667,False
A,1916,66867935,encoded,,9200,False
B,1917,66870026,encoded,,16666,False
A,1917,66901269,encoded,,16666,False
B,1918,66903357,encoded,,16667,False
A,1918,66934605,encoded,,25402,False
B,1919,66970024,encoded,,16667,False
A,1919,66967930,encoded,,7932,False
B,1920,67003360,encoded,,16666,False
A,1920,67001274,encoded,,16666,False
B,1921,67036694,encoded,,138678,True
A,1921,67034608,encoded,,126048,True
B,1922,67070027,encoded,,12177,False
A,1922,67067946,encoded,,23069,False
B,1923,67103363,encoded,,12545,False
A,1923,67101273,encoded,,8856,False
B,1924,67136711,encoded,,21536,False
A,1924,67134636,encoded,,17373,False
B,1925,67170039,encoded,,14803,False
A,1925,67167956,encoded,,18438,False
B,1926,67203371,encoded,,22502,False
A,1926,67201297,encoded,,18587,False
B,1927,67236708,encoded,,14002,False
A,1927,67267946,encoded,,15098,False
B,1928,67270033,encoded,,13096,False
A,1928,67301273,encoded,,17665,False
B,1929,67303366,encoded,,15468,False
A,1929,67334607,encoded,,9762,False
B,1930,67336697,encoded,,12267,False
A,1930,67367949,encoded,,21821,False
B,1931,67370033,encoded,,17087,False
A,1931,67401280,encoded,,15070,False
B,1932,67403369,encoded,,12920,False
A,1932,67434608,encoded,,18794,False
B,1933,67436707,encoded,,9189,False
A,1933,67467942,encoded,,12811,False
B,1934,67470039,encoded,,7771,False
A,1934,67501279,encoded,,11121,False
B,1935,67503369,encoded,,6910,False
A,1935,67534624,encoded,,9719,False
B,1936,67570055,encoded,,6032,False
A,1936,67567950,encoded,,9402,False
B,1937,67603375,encoded,,5974,False
A,1937,67601278,encoded,,9532,False
B,1938,67636706,encoded,,5356,False
A,1938,67634629,encoded,,8567,False
B,1939,67670044,encoded,,4883,False
A,1939,67667962,encoded,,8265,False
B,1940,67703372,encoded,,4898,False
A,1940,67701290,encoded,,8276,False
B,1941,67736708,encoded,,4578,False
A,1941,67734617,encoded,,8118,False
B,1942,67770046,encoded,,20978,False
A,1942,67767958,encoded,,8155,False
B,1943,67803376,encoded,,2339,False
A,1943,67801284,encoded,,7423,False
B,1944,67836721,encoded,,15082,False
A,1944,67834617,encoded,,7184,False
B,1945,67870054,encoded,,15596,False
A,1945,67901289,encoded,,7471,False
B,1946,67903383,encoded,,16667,False
A,1946,67934629,encoded,,7132,False
B,1947,67936727,encoded,,16666,False
A,1947,67967969,encoded,,16243,False
B,1948,67970049,encoded,,16667,False
A,1948,68001304,encoded,,24095,False
B,1949,68003403,encoded,,16667,False
A,1949,68034647,encoded,,9239,False
B,1950,68036722,encoded,,16666,False
A,1950,68067976,encoded,,16666,False
B,1951,68070057,encoded,,124202,True
A,1951,68101311,encoded,,125975,True
B,1952,68103396,encoded,,17769,False
A,1952,68134627,encoded,,17115,False
B,1953,68170058,encoded,,18260,False
A,1953,68167964,encoded,,12839,False
B,1954,68203391,encoded,,25740,False
A,1954,68201296,encoded,,19299,False
B,1955,68236722,encoded,,20741,False
A,1955,68234627,encoded,,17382,False
B,1956,68270062,encoded,,24244,False
A,1956,68267961,encoded,,21354,False
B,1957,68303390,encoded,,12979,False
A,1957,68301299,encoded,,21714,False
A,1958,68334639,encoded,,10679,False
B,1958,68336732,encoded,,14212,False
B,1959,68370074,encoded,,11262,False
A,1959,68367997,encoded,,8941,False
B,1960,68403413,encoded,,13826,False
A,1960,68401302,encoded,,22587,False
B,1961,68436724,encoded,,10746,False
A,1961,68467970,encoded,,21330,False
B,1962,68470070,encoded,,16236,False
A,1962,68501300,encoded,,13538,False
B,1963,68503400,encoded,,13460,False
A,1963,68534631,encoded,,11757,False
B,1964,68536726,encoded,,8836,False
A,1964,68567974,encoded,,10559,False
B,1965,68570065,encoded,,8026,False
A,1965,68601306,encoded,,9422,False
B,1966,68603397,encoded,,7138,False
A,1966,68634644,encoded,,8875,False
B,1967,68636735,encoded,,6316,False
A,1967,68667991,encoded,,8469,False
B,1968,68670065,encoded,,5847,False
A,1968,68701311,encoded,,8236,False
B,1969,68703402,encoded,,5169,False
A,1969,68734641,encoded,,8176,False
B,1970,68770069,encoded,,5171,False
A,1970,68767976,encoded,,8131,False
B,1971,68803411,encoded,,4964,False
A,1971,68801310,encoded,,7745,False
B,1972,68836739,encoded,,4546,False
A,1972,68834648,encoded,,7233,False
B,1973,68870068,encoded,,21016,False
A,1973,68867995,encoded,,7379,False
B,1974,68903403,encoded,,2215,False
A,1974,68901310,encoded,,7005,False
B,1975,68936740,encoded,,13746,False
A,1975,68934647,encoded,,7129,False
B,1976,68970084,encoded,,16667,False
A,1976,69001327,encoded,,10465,False
B,1977,69003427,encoded,,16666,False
A,1977,69034653,encoded,,16666,False
B,1978,69036748,encoded,,16667,False
A,1978,69067979,encoded,,24785,False
B,1979,69070090,encoded,,16667,False
A,1979,69101314,encoded,,11133,False
B,1980,69103413,encoded,,16666,False
A,1980,69134648,encoded,,14082,False
B,1981,69136743,encoded,,124139,True
A,1981,69168000,encoded,,126179,True
B,1982,69170079,encoded,,17061,False
A,1982,69201319,encoded,,21837,False
B,1983,69203413,encoded,,12291,False
A,1983,69234669,encoded,,9990,False
B,1984,69236765,encoded,,18350,False
A,1984,69267997,encoded,,14824,False
B,1985,69270081,encoded,,20497,False
A,1985,69301317,encoded,,19217,False
B,1986,69303419,encoded,,19801,False
A,1986,69334663,encoded,,10584,False
B,1987,69336747,encoded,,13591,False
A,1987,69367988,encoded,,9780,False
B,1988,69403414,encoded,,12861,False
A,1988,69401328,encoded,,8935,False
B,1989,69436765,encoded,,16112,False
A,1989,69434661,encoded,,21263,False
B,1990,69470083,encoded,,10671,False
A,1990,69468005,encoded,,14109,False
B,1991,69503443,encoded,,12365,False
A,1991,69501334,encoded,,20746,False
B,1992,69536751,encoded,,13355,False
A,1992,69567990,encoded,,19124,False
B,1993,69570099,encoded,,16934,False
A,1993,69601340,encoded,,19650,False
B,1994,69603431,encoded,,12031,False
A,1994,69634662,encoded,,11898,False
B,1995,69636777,encoded,,7952,False
A,1995,69667999,encoded,,10743,False
B,1996,69670087,encoded,,7018,False
A,1996,69701332,encoded,,10366,False
B,1997,69703425,encoded,,6348,False
A,1997,69734663,encoded,,9198,False
B,1998,69736759,encoded,,5700,False
A,1998,69767996,encoded,,8336,False
B,1999,69770107,encoded,,5369,False
A,1999,69801332,encoded,,8357,False
B,2000,69803426,encoded,,5086,False
A,2000,69834667,encoded,,8055,False
B,2001,69836770,encoded,,4809,False
A,2001,69868002,encoded,,7830,False
B,2002,69870093,encoded,,4624,False
A,2002,69901333,encoded,,7745,False
B,2003,69903426,encoded,,16369,False
A,2003,69934677,encoded,,7261,False
B,2004,69970094,encoded,,37961,False
A,2004,69968002,encoded,,7118,False
B,2005,70003429,encoded,,1974,False
A,2005,70001342,encoded,,7355,False
B,2006,70036766,encoded,,10065,False
A,2006,70034676,encoded,,12834,False
B,2007,70070107,encoded,,16666,False
A,2007,70068001,encoded,,16666,False
B,2008,70103430,encoded,,16667,False
A,2008,70101336,encoded,,16667,False
B,2009,70136764,encoded,,16667,False
A,2009,70134675,encoded,,16667,False
B,2010,70170126,encoded,,16666,False
A,2010,70168013,encoded,,16666,False
B,2011,70203448,encoded,,124061,True
A,2011,70201341,encoded,,125977,True
B,2012,70236782,encoded,,19745,False
A,2012,70234672,encoded,,23831,False
B,2013,70270104,encoded,,10140,False
A,2013,70301349,encoded,,8759,False
B,2014,70303437,encoded,,16778,False
A,2014,70334696,encoded,,16960,False
B,2015,70336787,encoded,,22547,False
A,2015,70368007,encoded,,19650,False
A,2016,70401350,encoded,,19066,False
B,2016,70370110,encoded,,10834,False
B,2017,70403440,encoded,,9586,False
A,2017,70434689,encoded,,15644,False
B,2018,70436782,encoded,,17325,False
A,2018,70468015,encoded,,16032,False
B,2019,70470115,encoded,,17994,False
A,2019,70501352,encoded,,9576,False
A,2020,70534680,encoded,,20654,False
B,2020,70503441,encoded,,16288,False
B,2021,70536778,encoded,,11704,False
A,2021,70568021,encoded,,15084,False
B,2022,70570115,encoded,,12319,False
A,2022,70601356,encoded,,19172,False
B,2023,70603446,encoded,,11378,False
A,2023,70634691,encoded,,12778,False
B,2024,70670119,encoded,,19242,False
A,2024,70668020,encoded,,10950,False
B,2025,70703451,encoded,,8375,False
A,2025,70701356,encoded,,10268,False
B,2026,70736785,encoded,,6889,False
A,2026,70734684,encoded,,9401,False
B,2027,70770128,encoded,,6490,False
A,2027,70768045,encoded,,9549,False
B,2028,70803461,encoded,,6051,False
A,2028,70801365,encoded,,8804,False
B,2029,70836799,encoded,,5379,False
A,2029,70868020,encoded,,8277,False
B,2030,70870125,encoded,,4854,False
A,2030,70901355,encoded,,8054,False
B,2031,70903449,encoded,,5136,False
A,2031,70934688,encoded,,7688,False
B,2032,70936782,encoded,,4598,False
A,2032,70968028,encoded,,7663,False
B,2033,70970123,encoded,,15621,False
A,2033,71001368,encoded,,7520,False
B,2034,71003473,encoded,,37741,False
A,2034,71034702,encoded,,7273,False
B,2035,71036800,encoded,,7452,False
A,2035,71068031,encoded,,6930,False
B,2036,71070149,encoded,,4807,False
A,2036,71101370,encoded,,7774,False
B,2037,71103467,encoded,,16666,False
A,2037,71134692,encoded,,16666,False
B,2038,71170127,encoded,,16667,False
A,2038,71168025,encoded,,28564,False
B,2039,71203470,encoded,,16667,False
A,2039,71201366,encoded,,4770,False
B,2040,71236796,encoded,,16666,False
A,2040,71234693,encoded,,16666,False
B,2041,71270128,encoded,,124036,True
A,2041,71268049,encoded,,126075,True
B,2042,71303460,encoded,,17358,False
A,2042,71301371,encoded,,8018,False
B,2043,71336802,encoded,,11695,False
A,2043,71334704,encoded,,19479,False
B,2044,71370145,encoded,,19331,False
A,2044,71401380,encoded,,19259,False
B,2045,71403474,encoded,,14712,False
A,2045,71434701,encoded,,18744,False
B,2046,71436818,encoded,,22368,False
A,2046,71468037,encoded,,23594,False
B,2047,71470131,encoded,,11764,False
A,2047,71501373,encoded,,19835,False
B,2048,71503469,encoded,,10582,False
A,2048,71534720,encoded,,11219,False
B,2049,71536811,encoded,,19334,False
A,2049,71568053,encoded,,9236,False
B,2050,71570147,encoded,,17015,False
A,2050,71601376,encoded,,8507,False
B,2051,71603486,encoded,,15367,False
A,2051,71634704,encoded,,20822,False
B,2052,71636800,encoded,,13009,False
A,2052,71668043,encoded,,21043,False
B,2053,71670135,encoded,,18437,False
A,2053,71701372,encoded,,13657,False
B,2054,71736801,encoded,,9010,False
A,2054,71734706,encoded,,11815,False
B,2055,71770149,encoded,,7806,False
A,2055,71768041,encoded,,10958,False
B,2056,71803478,encoded,,6621,False
A,2056,71801380,encoded,,10537,False
B,2057,71836805,encoded,,6155,False
A,2057,71834722,encoded,,9483,False
B,2058,71870143,encoded,,5822,False
A,2058,71868044,encoded,,8488,False
B,2059,71903478,encoded,,5252,False
A,2059,71901389,encoded,,8803,False
B,2060,71936807,encoded,,5079,False
A,2060,71934713,encoded,,8270,False
B,2061,71970142,encoded,,4774,False
A,2061,72001383,encoded,,8013,False
B,2062,72003477,encoded,,4586,False
A,2062,72034727,encoded,,7879,False
B,2063,72036816,encoded,,13221,False
A,2063,72068051,encoded,,7467,False
B,2064,72070150,encoded,,38012,False
A,2064,72101381,encoded,,7486,False
B,2065,72103480,encoded,,7370,False
A,2065,72134715,encoded,,7024,False
B,2066,72136828,encoded,,4618,False
A,2066,72168076,encoded,,7623,False
B,2067,72170161,encoded,,16666,False
A,2067,72201392,encoded,,16666,False
B,2068,72236817,encoded,,16667,False
A,2068,72234735,encoded,,24154,False
B,2069,72270148,encoded,,16667,False
A,2069,72268055,encoded,,9180,False
B,2070,72303487,encoded,,16666,False
A,2070,72301393,encoded,,16666,False
B,2071,72336849,encoded,,124087,True
A,2071,72334732,encoded,,125904,True
B,2072,72370168,encoded,,17958,False
A,2072,72401391,encoded,,17245,False
B,2073,72403487,encoded,,12579,False
A,2073,72434728,encoded,,11299,False
B,2074,72436823,encoded,,17422,False
A,2074,72468067,encoded,,19848,False
B,2075,72470158,encoded,,9334,False
A,2075,72501391,encoded,,17845,False
B,2076,72503491,encoded,,21692,False
A,2076,72534730,encoded,,23421,False
B,2077,72536838,encoded,,13743,False
A,2077,72568063,encoded,,20700,False
B,2078,72570161,encoded,,16461,False
A,2078,72601408,encoded,,11390,False
B,2079,72603491,encoded,,17708,False
A,2079,72634742,encoded,,9496,False
B,2080,72636829,encoded,,17022,False
A,2080,72668083,encoded,,8322,False
B,2081,72670172,encoded,,15336,False
A,2081,72701411,encoded,,20545,False
B,2082,72703508,encoded,,13022,False
A,2082,72734739,encoded,,14413,False
B,2083,72736827,encoded,,14709,False
A,2083,72768068,encoded,,17606,False
B,2084,72803496,encoded,,11208,False
A,2084,72801402,encoded,,12391,False
B,2085,72836830,encoded,,7880,False
A,2085,72834738,encoded,,10988,False
B,2086,72870169,encoded,,7049,False
A,2086,72868069,encoded,,10196,False
B,2087,72903502,encoded,,6575,False
A,2087,72901404,encoded,,9292,False
B,2088,72936834,encoded,,5810,False
A,2088,72934738,encoded,,9025,False
B,2089,72970172,encoded,,5446,False
A,2089,72968077,encoded,,8393,False
B,2090,73003501,encoded,,5143,False
A,2090,73001408,encoded,,8079,False
B,2091,73036841,encoded,,5033,False
A,2091,73068073,encoded,,8214,False
B,2092,73070169,encoded,,4507,False
A,2092,73101407,encoded,,7481,False
B,2093,73103505,encoded,,13610,False
A,2093,73134747,encoded,,7431,False
B,2094,73136836,encoded,,30609,False
A,2094,73168078,encoded,,7239,False
B,2095,73170172,encoded,,21667,False
A,2095,73201414,encoded,,7079,False
B,2096,73203520,encoded,,1622,False
A,2096,73234764,encoded,,9492,False
B,2097,73236838,encoded,,12768,False
A,2097,73268090,encoded,,16666,False
B,2098,73270197,encoded,,16667,False
A,2098,73301420,encoded,,36885,False
B,2099,73303507,encoded,,16667,False
A,2099,73334748,encoded,,3707,False
B,2100,73336861,encoded,,16666,False
A,2100,73368078,encoded,,9408,False
B,2101,73403509,encoded,,124041,True
A,2101,73401420,encoded,,116771,True
B,2102,73436848,encoded,,12482,False
A,2102,73434747,encoded,,24936,False
B,2103,73470181,encoded,,19476,False
A,2103,73468082,encoded,,11943,False
B,2104,73503511,encoded,,23339,False
A,2104,73501420,encoded,,25449,False
B,2105,73536845,encoded,,14230,False
A,2105,73534753,encoded,,18868,False
B,2106,73570185,encoded,,20857,False
A,2106,73568087,encoded,,23647,False
B,2107,73603527,encoded,,12414,False
A,2107,73601428,encoded,,21340,False
B,2108,73636854,encoded,,12346,False
A,2108,73634764,encoded,,11985,False
B,2109,73670190,encoded,,14580,False
A,2109,73668085,encoded,,9822,False
B,2110,73703519,encoded,,10913,False
A,2110,73701426,encoded,,8501,False
B,2111,73736854,encoded,,13370,False
A,2111,73734759,encoded,,7574,False
B,2112,73770197,encoded,,15558,False
A,2112,73768088,encoded,,20929,False
B,2113,73803521,encoded,,16183,False
A,2113,73801452,encoded,,18969,False
B,2114,73836869,encoded,,11693,False
A,2114,73834754,encoded,,13063,False
B,2115,73870187,encoded,,8039,False
A,2115,73868110,encoded,,11358,False
B,2116,73903526,encoded,,7477,False
A,2116,73901441,encoded,,10819,False
B,2117,73936871,encoded,,6508,False
A,2117,73934756,encoded,,10182,False
B,2118,73970213,encoded,,5943,False
A,2118,73968106,encoded,,9184,False
B,2119,74003540,encoded,,5937,False
A,2119,74034761,encoded,,8913,False
B,2120,74036859,encoded,,5233,False
A,2120,74068097,encoded,,8430,False
B,2121,74070193,encoded,,4997,False
A,2121,74101444,encoded,,8225,False
B,2122,74136862,encoded,,4719,False
A,2122,74134774,encoded,,7934,False
B,2123,74170208,encoded,,12999,False
A,2123,74168111,encoded,,8329,False
B,2124,74203543,encoded,,31018,False
A,2124,74201450,encoded,,7852,False
B,2125,74236873,encoded,,20533,False
A,2125,74268104,encoded,,7190,False
B,2126,74270208,encoded,,1702,False
A,2126,74301433,encoded,,7141,False
B,2127,74303537,encoded,,13413,False
A,2127,74334769,encoded,,10646,False
B,2128,74336866,encoded,,16667,False
A,2128,74368101,encoded,,16667,False
B,2129,74370201,encoded,,16667,False
A,2129,74401459,encoded,,23851,False
B,2130,74403533,encoded,,16666,False
A,2130,74434784,encoded,,9482,False
B,2131,74436869,encoded,,124098,True
A,2131,74468137,encoded,,125951,True
B,2132,74470224,encoded,,19571,False
A,2132,74501447,encoded,,18063,False
B,2133,74503548,encoded,,12192,False
A,2133,74534771,encoded,,6609,False
B,2134,74536871,encoded,,11631,False
A,2134,74568111,encoded,,23119,False
B,2135,74570229,encoded,,17748,False
A,2135,74601439,encoded,,18129,False
B,2136,74636872,encoded,,16553,False
A,2136,74634777,encoded,,24701,False
B,2137,74670209,encoded,,13660,False
A,2137,74668110,encoded,,20876,False
B,2138,74703540,encoded,,11927,False
A,2138,74701446,encoded,,11028,False
B,2139,74736874,encoded,,14047,False
A,2139,74734779,encoded,,9669,False
B,2140,74770220,encoded,,15652,False
A,2140,74768114,encoded,,21204,False
B,2141,74803554,encoded,,15667,False
A,2141,74801458,encoded,,5110,False
B,2142,74836894,encoded,,11585,False
A,2142,74834801,encoded,,15034,False
B,2143,74870222,encoded,,13565,False
A,2143,74868114,encoded,,18958,False
B,2144,74903544,encoded,,19810,False
A,2144,74934781,encoded,,12859,False
B,2145,74936879,encoded,,8562,False
A,2145,74968115,encoded,,10627,False
B,2146,74970213,encoded,,6950,False
A,2146,75001451,encoded,,10086,False
A,2147,75034786,encoded,,9539,False
B,2147,75003546,encoded,,6446,False
B,2148,75036881,encoded,,6312,False
A,2148,75068117,encoded,,9106,False
B,2149,75070220,encoded,,6297,False
A,2149,75101456,encoded,,8279,False
B,2150,75103549,encoded,,5423,False
A,2150,75134789,encoded,,8657,False
B,2151,75136885,encoded,,4699,False
A,2151,75168123,encoded,,7899,False
B,2152,75170220,encoded,,4549,False
A,2152,75201459,encoded,,8032,False
B,2153,75203555,encoded,,16390,False
A,2153,75234787,encoded,,7594,False
B,2154,75270221,encoded,,37916,False
A,2154,75268126,encoded,,7368,False
B,2155,75303559,encoded,,7471,False
A,2155,75301455,encoded,,7488,False
B,2156,75336892,encoded,,4613,False
A,2156,75334799,encoded,,7349,False
B,2157,75370225,encoded,,16666,False
A,2157,75368142,encoded,,16666,False
B,2158,75403573,encoded,,16667,False
A,2158,75401477,encoded,,24103,False
B,2159,75436900,encoded,,16667,False
A,2159,75434798,encoded,,9231,False
B,2160,75470233,encoded,,16666,False
A,2160,75501465,encoded,,16666,False
B,2161,75503574,encoded,,124208,True
A,2161,75534802,encoded,,126278,True
B,2162,75536895,encoded,,14785,False
A,2162,75568129,encoded,,16804,False
B,2163,75570231,encoded,,18544,False
A,2163,75601475,encoded,,12557,False
B,2164,75603564,encoded,,23561,False
A,2164,75634797,encoded,,18639,False
B,2165,75636895,encoded,,12051,False
A,2165,75668133,encoded,,17690,False
B,2166,75670236,encoded,,21383,False
A,2166,75701472,encoded,,23285,False
B,2167,75703568,encoded,,12091,False
A,2167,75734817,encoded,,20259,False
B,2168,75736912,encoded,,14190,False
A,2168,75768133,encoded,,11186,False
B,2169,75770244,encoded,,19373,False
A,2169,75801474,encoded,,9322,False
B,2170,75803584,encoded,,19681,False
A,2170,75834806,encoded,,21241,False
B,2171,75836911,encoded,,12240,False
A,2171,75868134,encoded,,13792,False
B,2172,75870243,encoded,,16131,False
A,2172,75901470,encoded,,4479,False
B,2173,75936909,encoded,,10161,False
A,2173,75934814,encoded,,20563,False
B,2174,75970238,encoded,,8335,False
A,2174,75968136,encoded,,12747,False
B,2175,76003570,encoded,,7065,False
A,2175,76001488,encoded,,10770,False
B,2176,76036921,encoded,,6567,False
A,2176,76034811,encoded,,9823,False
B,2177,76070261,encoded,,5967,False
A,2177,76068149,encoded,,9306,False
B,2178,76103594,encoded,,5684,False
A,2178,76101481,encoded,,9133,False
B,2179,76136922,encoded,,6171,False
A,2179,76134827,encoded,,8580,False
B,2180,76170245,encoded,,5501,False
A,2180,76201476,encoded,,8280,False
B,2181,76203581,encoded,,4851,False
A,2181,76234811,encoded,,7828,False
B,2182,76236910,encoded,,4520,False
A,2182,76268168,encoded,,7812,False
B,2183,76270244,encoded,,10274,False
A,2183,76301485,encoded,,7936,False
B,2184,76303587,encoded,,17412,False
A,2184,76334833,encoded,,7814,False
B,2185,76336927,encoded,,32036,False
A,2185,76368164,encoded,,7380,False
B,2186,76370310,encoded,,2436,False
A,2186,76401498,encoded,,9830,False
B,2187,76403598,encoded,,14782,False
A,2187,76434816,encoded,,16666,False
B,2188,76470254,encoded,,16667,False
A,2188,76468149,encoded,,37450,False
B,2189,76503588,encoded,,16667,False
A,2189,76501489,encoded,,3772,False
B,2190,76536918,encoded,,16666,False
A,2190,76534821,encoded,,11189,False
B,2191,76570255,encoded,,123990,True
A,2191,76568153,encoded,,126101,True
B,2192,76603588,encoded,,19139,False
A,2192,76601497,encoded,,22126,False
B,2193,76636923,encoded,,15761,False
A,2193,76634831,encoded,,10040,False
B,2194,76670264,encoded,,16423,False
A,2194,76668169,encoded,,14528,False
B,2195,76703593,encoded,,13485,False
A,2195,76701498,encoded,,17614,False
B,2196,76736925,encoded,,23088,False
A,2196,76768164,encoded,,19771,False
B,2197,76770263,encoded,,13079,False
A,2197,76801490,encoded,,15148,False
B,2198,76803596,encoded,,13091,False
A,2198,76834825,encoded,,17775,False
B,2199,76836923,encoded,,22529,False
A,2199,76868174,encoded,,10120,False
B,2200,76870272,encoded,,24945,False
A,2200,76901515,encoded,,21452,False
B,2201,76903623,encoded,,12864,False
A,2201,76934838,encoded,,5251,False
B,2202,76936932,encoded,,13051,False
A,2202,76968165,encoded,,16640,False
B,2203,76970268,encoded,,8835,False
A,2203,77001495,encoded,,18825,False
B,2204,77036931,encoded,,7690,False
A,2204,77034831,encoded,,12824,False
B,2205,77070269,encoded,,6953,False
A,2205,77068162,encoded,,11409,False
B,2206,77103596,encoded,,6363,False
A,2206,77101501,encoded,,9917,False
B,2207,77136931,encoded,,5815,False
A,2207,77134829,encoded,,9194,False
B,2208,77170269,encoded,,5623,False
A,2208,77168167,encoded,,9186,False
B,2209,77203602,encoded,,5352,False
A,2209,77201504,encoded,,8419,False
B,2210,77236953,encoded,,4854,False
A,2210,77234850,encoded,,8387,False
B,2211,77270270,encoded,,5235,False
A,2211,77268186,encoded,,7956,False
B,2212,77303609,encoded,,4697,False
A,2212,77334841,encoded,,8152,False
B,2213,77336960,encoded,,10472,False
A,2213,77368170,encoded,,7722,False
B,2214,77370270,encoded,,16666,False
A,2214,77401503,encoded,,7526,False
B,2215,77403603,encoded,,18776,False
A,2215,77434841,encoded,,7078,False
B,2216,77436940,encoded,,14558,False
A,2216,77468177,encoded,,7762,False
B,2217,77470273,encoded,,16666,False
A,2217,77501519,encoded,,16666,False
B,2218,77503646,encoded,,16667,False
A,2218,77534861,encoded,,37070,False
B,2219,77536969,encoded,,16667,False
A,2219,77568187,encoded,,3950,False
B,2220,77570276,encoded,,16666,False
A,2220,77601510,encoded,,8980,False
B,2221,77636946,encoded,,124025,True
A,2221,77634842,encoded,,126037,True
B,2222,77670277,encoded,,14478,False
A,2222,77668181,encoded,,17727,False
B,2223,77703612,encoded,,13110,False
A,2223,77701510,encoded,,7058,False
B,2224,77736947,encoded,,22705,False
A,2224,77734850,encoded,,23095,False
B,2225,77770284,encoded,,20683,False
A,2225,77768187,encoded,,17898,False
B,2226,77803618,encoded,,22290,False
A,2226,77801515,encoded,,23755,False
B,2227,77836968,encoded,,19317,False
A,2227,77834873,encoded,,20966,False
B,2228,77870299,encoded,,15265,False
A,2228,77868201,encoded,,11513,False
B,2229,77903616,encoded,,13224,False
A,2229,77934858,encoded,,9558,False
B,2230,77936962,encoded,,14067,False
A,2230,77968186,encoded,,21284,False
B,2231,77970287,encoded,,18599,False
A,2231,78001532,encoded,,5272,False
B,2232,78003619,encoded,,13546,False
A,2232,78034853,encoded,,15626,False
B,2233,78036953,encoded,,9728,False
A,2233,78068192,encoded,,18853,False
B,2234,78070299,encoded,,8183,False
A,2234,78101525,encoded,,12315,False
B,2235,78103634,encoded,,7312,False
A,2235,78134855,encoded,,10734,False
B,2236,78136968,encoded,,6453,False
A,2236,78168194,encoded,,9768,False
B,2237,78170293,encoded,,5900,False
A,2237,78201526,encoded,,9305,False
B,2238,78203640,encoded,,5689,False
A,2238,78234864,encoded,,8874,False
B,2239,78270295,encoded,,5471,False
A,2239,78268196,encoded,,8405,False
B,2240,78303624,encoded,,5060,False
A,2240,78301546,encoded,,8489,False
B,2241,78336961,encoded,,5003,False
A,2241,78334859,encoded,,8403,False
B,2242,78370305,encoded,,4835,False
A,2242,78368207,encoded,,7542,False
B,2243,78403645,encoded,,8391,False
A,2243,78401549,encoded,,7477,False
B,2244,78436974,encoded,,16666,False
A,2244,78434860,encoded,,7278,False
B,2245,78470297,encoded,,28800,False
A,2245,78501535,encoded,,7312,False
B,2246,78503633,encoded,,11269,False
A,2246,78534869,encoded,,8790,False
B,2247,78536967,encoded,,9931,False
A,2247,78568199,encoded,,16666,False
B,2248,78570303,encoded,,16667,False
A,2248,78601537,encoded,,28527,False
B,2249,78603638,encoded,,16667,False
A,2249,78634874,encoded,,4807,False
B,2250,78636971,encoded,,16666,False
A,2250,78668203,encoded,,16666,False
B,2251,78670301,encoded,,124032,True
A,2251,78701536,encoded,,126228,True
B,2252,78703643,encoded,,13059,False
A,2252,78734872,encoded,,24035,False
B,2253,78736969,encoded,,19195,False
A,2253,78768206,encoded,,8616,False
B,2254,78770306,encoded,,22495,False
A,2254,78801542,encoded,,17016,False
B,2255,78803641,encoded,,10428,False
A,2255,78834881,encoded,,17782,False
B,2256,78836970,encoded,,21022,False
A,2256,78868212,encoded,,22198,False
B,2257,78903643,encoded,,11341,False
A,2257,78901552,encoded,,20460,False
B,2258,78936975,encoded,,9897,False
A,2258,78934878,encoded,,11080,False
B,2259,78970307,encoded,,14962,False
A,2259,78968205,encoded,,9688,False
B,2260,79003695,encoded,,14028,False
A,2260,79001547,encoded,,8162,False
B,2261,79036980,encoded,,14913,False
A,2261,79034874,encoded,,19918,False
B,2262,79070321,encoded,,10569,False
A,2262,79101542,encoded,,21098,False
B,2263,79103646,encoded,,14327,False
A,2263,79134877,encoded,,13444,False
B,2264,79136981,encoded,,19209,False
A,2264,79168214,encoded,,11193,False
B,2265,79170313,encoded,,8155,False
A,2265,79201545,encoded,,10629,False
B,2266,79203646,encoded,,7169,False
A,2266,79234883,encoded,,9606,False
B,2267,79237004,encoded,,6464,False
A,2267,79268214,encoded,,9137,False
B,2268,79270315,encoded,,5778,False
A,2268,79301559,encoded,,8555,False
B,2269,79303657,encoded,,5705,False
A,2269,79334889,encoded,,8374,False
B,2270,79337019,encoded,,5118,False
A,2270,79368216,encoded,,8427,False
B,2271,79370322,encoded,,4859,False
A,2271,79401549,encoded,,7684,False
B,2272,79437029,encoded,,4722,False
A,2272,79434891,encoded,,7519,False
B,2273,79470325,encoded,,16428,False
A,2273,79468240,encoded,,7678,False
B,2274,79503671,encoded,,36408,False
B,2275,79537019,encoded,,1651,False
A,2274,79501557,encoded,,7734,False
B,2276,79570337,encoded,,11400,False
A,2275,79534905,encoded,,7357,False
A,2276,79568232,encoded,,9716,False
B,2277,79603658,encoded,,16666,False
A,2277,79601554,encoded,,16666,False
B,2278,79637003,encoded,,16667,False
A,2278,79668224,encoded,,37283,False
B,2279,79670326,encoded,,16667,False
A,2279,79701560,encoded,,3638,False
B,2280,79703661,encoded,,16666,False
A,2280,79734892,encoded,,11225,False
B,2281,79737008,encoded,,124019,True
A,2281,79768230,encoded,,116953,True
B,2282,79770330,encoded,,20135,False
A,2282,79801567,encoded,,22918,False
B,2283,79803666,encoded,,9502,False
A,2283,79834893,encoded,,11441,False
B,2284,79837020,encoded,,18762,False
A,2284,79868232,encoded,,23993,False
B,2285,79870351,encoded,,23816,False
A,2285,79901564,encoded,,19836,False
B,2286,79903664,encoded,,11158,False
A,2286,79934902,encoded,,24382,False
B,2287,79936998,encoded,,12251,False
A,2287,79968235,encoded,,22215,False
B,2288,79970341,encoded,,15759,False
A,2288,80001564,encoded,,11507,False
B,2289,80037006,encoded,,16407,False
A,2289,80034899,encoded,,9381,False
B,2290,80070335,encoded,,16737,False
A,2290,80068238,encoded,,8207,False
B,2291,80103668,encoded,,15859,False
A,2291,80101567,encoded,,7212,False
B,2292,80137032,encoded,,17168,False
A,2292,80134912,encoded,,19474,False
B,2293,80170339,encoded,,12056,False
A,2293,80168242,encoded,,20229,False
B,2294,80203681,encoded,,10820,False
A,2294,80234907,encoded,,13380,False
B,2295,80237008,encoded,,7718,False
B,2296,80270341,encoded,,7490,False
A,2295,80268236,encoded,,11333,False
A,2296,80301569,encoded,,10287,False
B,2297,80303672,encoded,,6012,False
A,2297,80334906,encoded,,9595,False
B,2298,80337013,encoded,,5907,False
A,2298,80368259,encoded,,9253,False
B,2299,80370352,encoded,,5351,False
A,2299,80401590,encoded,,8838,False
B,2300,80403698,encoded,,4991,False
A,2300,80434908,encoded,,8537,False
B,2301,80470354,encoded,,4788,False
A,2301,80468244,encoded,,8047,False
B,2302,80503680,encoded,,4595,False
A,2302,80501576,encoded,,7717,False
B,2303,80537016,encoded,,12033,False
A,2303,80534913,encoded,,7374,False
B,2304,80570345,encoded,,20989,False
A,2304,80568243,encoded,,7335,False
B,2305,80603682,encoded,,28520,False
A,2305,80601593,encoded,,7024,False
B,2306,80637021,encoded,,1533,False
A,2306,80634924,encoded,,6811,False
B,2307,80670369,encoded,,15624,False
A,2307,80668267,encoded,,14575,False
B,2308,80703697,encoded,,16667,False
A,2308,80701583,encoded,,19419,False
B,2309,80737027,encoded,,16667,False
A,2309,80734912,encoded,,13915,False
B,2310,80770370,encoded,,16666,False
A,2310,80768248,encoded,,16666,False
B,2311,80803684,encoded,,124173,True
A,2311,80834914,encoded,,126041,True
B,2312,80837019,encoded,,17084,False
A,2312,80868252,encoded,,9518,False
B,2313,80870355,encoded,,12093,False
A,2313,80901592,encoded,,14481,False
B,2314,80903689,encoded,,17873,False
A,2314,80934924,encoded,,23995,False
B,2315,80937025,encoded,,16870,False
A,2315,80968258,encoded,,18538,False
B,2316,80970359,encoded,,15221,False
A,2316,81001597,encoded,,24504,False
B,2317,81003695,encoded,,10500,False
A,2317,81034930,encoded,,20122,False
B,2318,81037029,encoded,,18221,False
A,2318,81068259,encoded,,10755,False
B,2319,81070362,encoded,,23836,False
A,2319,81101592,encoded,,8874,False
B,2320,81137035,encoded,,16988,False
A,2320,81134924,encoded,,21619,False
B,2321,81170360,encoded,,16621,False
A,2321,81168267,encoded,,4852,False
B,2322,81203719,encoded,,13617,False
A,2322,81201611,encoded,,15440,False
B,2323,81237034,encoded,,12731,False
A,2323,81234950,encoded,,18075,False
B,2324,81270377,encoded,,8561,False
A,2324,81268274,encoded,,12029,False
B,2325,81303706,encoded,,7099,False
A,2325,81301617,encoded,,10938,False
B,2326,81337047,encoded,,6579,False
A,2326,81334929,encoded,,9896,False
B,2327,81370387,encoded,,5970,False
A,2327,81401600,encoded,,9453,False
B,2328,81403700,encoded,,5616,False
A,2328,81434936,encoded,,8928,False
B,2329,81437039,encoded,,5312,False
A,2329,81468281,encoded,,8565,False
B,2330,81470371,encoded,,4880,False
A,2330,81501629,encoded,,8061,False
B,2331,81503710,encoded,,4659,False
A,2331,81534952,encoded,,7725,False
B,2332,81537041,encoded,,4707,False
A,2332,81568286,encoded,,7653,False
B,2333,81570383,encoded,,14123,False
A,2333,81601629,encoded,,7873,False
B,2334,81603726,encoded,,30983,False
A,2334,81634934,encoded,,7409,False
B,2335,81670372,encoded,,20896,False
A,2335,81668268,encoded,,7208,False
B,2336,81703707,encoded,,1541,False
A,2336,81701610,encoded,,10782,False
B,2337,81737041,encoded,,13246,False
A,2337,81734944,encoded,,16666,False
B,2338,81770379,encoded,,16667,False
A,2338,81768281,encoded,,23663,False
B,2339,81803711,encoded,,16667,False
A,2339,81801606,encoded,,9671,False
B,2340,81837044,encoded,,16666,False
A,2340,81834944,encoded,,16666,False
B,2341,81870376,encoded,,124118,True
A,2341,81901607,encoded,,125992,True
B,2342,81903710,encoded,,13693,False
A,2342,81934942,encoded,,18490,False
B,2343,81937045,encoded,,19360,False
A,2343,81968278,encoded,,10602,False
B,2344,81970390,encoded,,18235,False
A,2344,82001626,encoded,,19229,False
B,2345,82003717,encoded,,12965,False
A,2345,82034945,encoded,,19756,False
B,2346,82037062,encoded,,23689,False
A,2346,82068297,encoded,,18624,False
B,2347,82070382,encoded,,17921,False
A,2347,82101613,encoded,,15184,False
B,2348,82103718,encoded,,16147,False
A,2348,82134964,encoded,,17539,False
B,2349,82137053,encoded,,16521,False
A,2349,82168279,encoded,,10139,False
B,2350,82170417,encoded,,16415,False
A,2350,82201616,encoded,,8513,False
B,2351,82237053,encoded,,11893,False
A,2351,82234954,encoded,,19997,False
B,2352,82270387,encoded,,17490,False
A,2352,82268289,encoded,,21714,False
B,2353,82303721,encoded,,12493,False
A,2353,82301635,encoded,,13769,False
B,2354,82337066,encoded,,8362,False
A,2354,82334955,encoded,,11724,False
B,2355,82370397,encoded,,7590,False
A,2355,82368305,encoded,,10467,False
B,2356,82403727,encoded,,6683,False
A,2356,82434953,encoded,,10662,False
B,2357,82437065,encoded,,6113,False
A,2357,82468289,encoded,,9366,False
B,2358,82470394,encoded,,5593,False
A,2358,82501629,encoded,,9116,False
B,2359,82503729,encoded,,5403,False
A,2359,82534960,encoded,,8219,False
B,2360,82537060,encoded,,4986,False
A,2360,82568315,encoded,,8249,False
B,2361,82570397,encoded,,4502,False
A,2361,82601641,encoded,,7885,False
B,2362,82603736,encoded,,4585,False
A,2362,82634958,encoded,,7495,False
B,2363,82637063,encoded,,22357,False
A,2363,82668308,encoded,,7501,False
B,2364,82670420,encoded,,2886,False
A,2364,82701627,encoded,,8059,False
B,2365,82737069,encoded,,16667,False
A,2365,82734971,encoded,,7872,False
B,2366,82770399,encoded,,16667,False
A,2366,82768298,encoded,,7171,False
B,2367,82803733,encoded,,16666,False
A,2367,82801625,encoded,,16666,False
B,2368,82837067,encoded,,16667,False
A,2368,82834971,encoded,,24329,False
B,2369,82870403,encoded,,16667,False
A,2369,82868321,encoded,,9005,False
B,2370,82903752,encoded,,16666,False
A,2370,82901648,encoded,,16666,False
B,2371,82937076,encoded,,123970,True
A,2371,82968321,encoded,,126286,True
B,2372,82970424,encoded,,17243,False
A,2372,83001635,encoded,,23243,False
B,2373,83003751,encoded,,12178,False
A,2373,83034966,encoded,,8598,False
B,2374,83037073,encoded,,18371,False
B,2375,83070406,encoded,,15461,False
A,2374,83068312,encoded,,18551,False
B,2376,83103748,encoded,,15569,False
A,2375,83101637,encoded,,17935,False
B,2377,83137075,encoded,,13649,False
A,2376,83134970,encoded,,22595,False
B,2378,83170410,encoded,,23020,False
A,2377,83168308,encoded,,20248,False
B,2379,83203766,encoded,,15394,False
A,2378,83201667,encoded,,11367,False
B,2380,83237092,encoded,,14824,False
A,2379,83234974,encoded,,9529,False
B,2381,83270425,encoded,,14314,False
A,2380,83268312,encoded,,8471,False
B,2382,83303745,encoded,,10415,False
A,2381,83301658,encoded,,19886,False
B,2383,83337082,encoded,,16746,False
A,2382,83334997,encoded,,21197,False
B,2384,83370419,encoded,,12213,False
A,2383,83368318,encoded,,13717,False
B,2385,83403753,encoded,,8264,False
A,2384,83401650,encoded,,13528,False
B,2386,83437090,encoded,,7010,False
A,2385,83434991,encoded,,11264,False
B,2387,83470418,encoded,,6229,False
A,2386,83468329,encoded,,9855,False
B,2388,83537084,encoded,,5870,False
A,2387,83501646,encoded,,9686,False
A,2388,83534976,encoded,,9303,False
B,2389,83570418,encoded,,5682,False
A,2389,83568322,encoded,,8583,False
B,2390,83603761,encoded,,5010,False
A,2390,83601666,encoded,,8704,False
B,2391,83637095,encoded,,4557,False
A,2391,83668322,encoded,,7977,False
B,2392,83670423,encoded,,4583,False
A,2392,83701650,encoded,,7585,False
B,2393,83703761,encoded,,12762,False
A,2393,83734986,encoded,,7463,False
B,2394,83737090,encoded,,21309,False
A,2394,83768325,encoded,,7478,False
B,2395,83770426,encoded,,28937,False
A,2395,83801665,encoded,,6959,False
B,2396,83837096,encoded,,1502,False
A,2396,83834987,encoded,,7513,False
B,2397,83870428,encoded,,14918,False
A,2397,83868329,encoded,,12479,False
B,2398,83903758,encoded,,16667,False
A,2398,83901657,encoded,,16667,False
B,2399,83937100,encoded,,16667,False
A,2399,83935004,encoded,,16667,False
B,2400,83970437,encoded,,16666,False
A,2400,83968341,encoded,,16666,False
B,2401,84003768,encoded,,138795,True
A,2401,84001666,encoded,,126213,True
B,2402,84037101,encoded,,19394,False
A,2402,84034989,encoded,,24281,False
B,2403,84070441,encoded,,11470,False
A,2403,84068337,encoded,,8864,False
B,2404,84103786,encoded,,15396,False
A,2404,84101662,encoded,,16723,False
B,2405,84137100,encoded,,21233,False
A,2405,84134995,encoded,,17822,False
B,2406,84170433,encoded,,16411,False
A,2406,84168325,encoded,,23287,False
B,2407,84203780,encoded,,17551,False
A,2407,84201665,encoded,,19831,False
B,2408,84237106,encoded,,18073,False
A,2408,84235000,encoded,,10966,False
B,2409,84270437,encoded,,19420,False
A,2409,84268336,encoded,,9507,False
B,2410,84303775,encoded,,6661,False
A,2410,84335007,encoded,,8767,False
B,2411,84337103,encoded,,14645,False
A,2411,84368337,encoded,,20126,False
B,2412,84370441,encoded,,9441,False
A,2412,84401684,encoded,,14348,False
B,2413,84403777,encoded,,7793,False
A,2413,84434998,encoded,,17575,False
B,2414,84437115,encoded,,7058,False
A,2414,84468335,encoded,,12540,False
B,2415,84503776,encoded,,6639,False
A,2415,84501670,encoded,,10802,False
B,2416,84537109,encoded,,6155,False
A,2416,84535015,encoded,,9776,False
B,2417,84570463,encoded,,5620,False
A,2417,84568341,encoded,,9292,False
B,2418,84603790,encoded,,5291,False
A,2418,84601679,encoded,,8662,False
B,2419,84637114,encoded,,4889,False
A,2419,84635018,encoded,,8197,False
B,2420,84670462,encoded,,4731,False
A,2420,84668349,encoded,,8345,False
B,2421,84703778,encoded,,21651,False
A,2421,84701679,encoded,,8088,False
B,2422,84737122,encoded,,2381,False
A,2422,84768342,encoded,,7820,False
B,2423,84770447,encoded,,13229,False
A,2423,84801684,encoded,,7364,False
B,2424,84803780,encoded,,9263,False
A,2424,84835017,encoded,,7629,False
B,2425,84837119,encoded,,13477,False
A,2425,84868372,encoded,,7261,False
B,2426,84870447,encoded,,16667,False
A,2426,84901687,encoded,,9248,False
B,2427,84903787,encoded,,16666,False
A,2427,84935015,encoded,,16666,False
B,2428,84937118,encoded,,16667,False
A,2428,84968355,encoded,,36875,False
B,2429,84970461,encoded,,16667,False
A,2429,85001680,encoded,,8621,False
B,2430,85003789,encoded,,16666,False
A,2430,85035025,encoded,,9585,False
B,2431,85037126,encoded,,123993,True
A,2431,85068353,encoded,,117058,True
B,2432,85103789,encoded,,16261,False
A,2432,85101682,encoded,,22763,False
B,2433,85137124,encoded,,12463,False
A,2433,85135028,encoded,,6440,False
B,2434,85170469,encoded,,17820,False
A,2434,85168372,encoded,,22850,False
B,2435,85203808,encoded,,23704,False
A,2435,85201709,encoded,,15961,False
B,2436,85237134,encoded,,9938,False
A,2436,85235045,encoded,,20565,False
B,2437,85270464,encoded,,9709,False
A,2437,85301685,encoded,,20334,False
A,2438,85335020,encoded,,21456,False
B,2438,85303831,encoded,,16913,False
B,2439,85337130,encoded,,18230,False
A,2439,85368353,encoded,,10207,False
B,2440,85370460,encoded,,16879,False
A,2440,85401703,encoded,,8663,False
B,2441,85403797,encoded,,12984,False
A,2441,85435024,encoded,,7745,False
B,2442,85437130,encoded,,13203,False
A,2442,85468354,encoded,,21104,False
B,2443,85470468,encoded,,17803,False
A,2443,85501692,encoded,,7204,False
B,2444,85503795,encoded,,12375,False
A,2444,85535026,encoded,,5406,False
B,2445,85537132,encoded,,8545,False
A,2445,85568380,encoded,,21778,False
B,2446,85570466,encoded,,7017,False
A,2446,85601702,encoded,,13240,False
B,2447,85603807,encoded,,6272,False
A,2447,85635030,encoded,,10760,False
B,2448,85670474,encoded,,5901,False
A,2448,85668377,encoded,,10122,False
B,2449,85703803,encoded,,5269,False
A,2449,85701711,encoded,,9516,False
B,2450,85737145,encoded,,5003,False
A,2450,85735041,encoded,,9014,False
B,2451,85770479,encoded,,4849,False
A,2451,85768366,encoded,,8730,False
B,2452,85803824,encoded,,4453,False
A,2452,85801720,encoded,,8187,False
B,2453,85837155,encoded,,16250,False
A,2453,85835040,encoded,,7695,False
B,2454,85870502,encoded,,19545,False
A,2454,85868369,encoded,,8480,False
B,2455,85903817,encoded,,12980,False
A,2455,85901727,encoded,,7769,False
B,2456,85937147,encoded,,14975,False
A,2456,85968379,encoded,,7580,False
B,2457,85970477,encoded,,16666,False
A,2457,86001702,encoded,,14292,False
B,2458,86003812,encoded,,16667,False
A,2458,86035043,encoded,,19881,False
B,2459,86037148,encoded,,16667,False
A,2459,86068386,encoded,,13453,False
B,2460,86070495,encoded,,16666,False
A,2460,86101718,encoded,,16666,False
B,2461,86103827,encoded,,123984,True
A,2461,86135041,encoded,,126204,True
B,2462,86137154,encoded,,16951,False
A,2462,86168397,encoded,,25630,False
B,2463,86170485,encoded,,12539,False
A,2463,86201719,encoded,,9296,False
B,2464,86203820,encoded,,19475,False
A,2464,86235043,encoded,,16377,False
B,2465,86270481,encoded,,21680,False
A,2465,86268379,encoded,,18955,False
B,2466,86303821,encoded,,16216,False
A,2466,86301709,encoded,,19536,False
B,2467,86337155,encoded,,11576,False
A,2467,86335070,encoded,,18834,False
B,2468,86370505,encoded,,19628,False
A,2468,86368393,encoded,,10868,False
B,2469,86403842,encoded,,13680,False
A,2469,86401712,encoded,,9166,False
B,2470,86437152,encoded,,12940,False
A,2470,86435045,encoded,,21464,False
B,2471,86470489,encoded,,10981,False
A,2471,86468384,encoded,,5221,False
B,2472,86503834,encoded,,13525,False
A,2472,86501720,encoded,,15809,False
B,2473,86537162,encoded,,9994,False
A,2473,86568390,encoded,,18243,False
B,2474,86570489,encoded,,19346,False
A,2474,86601724,encoded,,12806,False
B,2475,86603824,encoded,,8470,False
A,2475,86635057,encoded,,10950,False
B,2476,86637158,encoded,,6947,False
A,2476,86668388,encoded,,9977,False
B,2477,86670505,encoded,,6228,False
A,2477,86701729,encoded,,9236,False
B,2478,86703827,encoded,,5561,False
A,2478,86735062,encoded,,8767,False
B,2479,86770502,encoded,,5547,False
A,2479,86768409,encoded,,8434,False
B,2480,86803831,encoded,,4854,False
A,2480,86801726,encoded,,8042,False
B,2481,86837164,encoded,,4809,False
A,2481,86835056,encoded,,7880,False
B,2482,86870498,encoded,,4743,False
A,2482,86868401,encoded,,7512,False
B,2483,86903836,encoded,,13660,False
A,2483,86901730,encoded,,7953,False
B,2484,86937173,encoded,,37405,False
A,2484,86935067,encoded,,7266,False
B,2485,86970547,encoded,,31290,False
A,2485,86968420,encoded,,7259,False
B,2486,87003848,encoded,,992,False
A,2486,87035068,encoded,,11649,False
B,2487,87037173,encoded,,4855,False
A,2487,87068397,encoded,,16666,False
B,2488,87070502,encoded,,8791,False
A,2488,87101729,encoded,,17439,False
B,2489,87103854,encoded,,16667,False
A,2489,87135063,encoded,,15895,False
B,2490,87137173,encoded,,16666,False
A,2490,87168398,encoded,,16666,False
B,2491,87170507,encoded,,123915,True
A,2491,87201742,encoded,,126389,True
B,2492,87203857,encoded,,19676,False
A,2492,87235070,encoded,,14516,False
B,2493,87237180,encoded,,12239,False
A,2493,87268406,encoded,,13307,False
B,2494,87270508,encoded,,15598,False
A,2494,87301736,encoded,,18643,False
B,2495,87303844,encoded,,8716,False
A,2495,87335071,encoded,,18048,False
B,2496,87370512,encoded,,20201,False
A,2496,87368406,encoded,,24785,False
B,2497,87403849,encoded,,11049,False
A,2497,87401744,encoded,,20055,False
B,2498,87437197,encoded,,10004,False
A,2498,87435083,encoded,,11121,False
B,2499,87470512,encoded,,18070,False
A,2499,87468403,encoded,,9427,False
B,2500,87503848,encoded,,17667,False
A,2500,87501751,encoded,,21147,False
B,2501,87537182,encoded,,16619,False
A,2501,87535086,encoded,,5439,False
B,2502,87570521,encoded,,16181,False
A,2502,87568406,encoded,,14995,False
B,2503,87603854,encoded,,18868,False
A,2503,87601747,encoded,,18751,False
B,2504,87637189,encoded,,12892,False
A,2504,87668412,encoded,,12663,False
B,2505,87670516,encoded,,8385,False
A,2505,87701741,encoded,,11576,False
B,2506,87703852,encoded,,7224,False
A,2506,87735134,encoded,,10103,False
B,2507,87737184,encoded,,6692,False
A,2507,87768410,encoded,,9309,False
B,2508,87770520,encoded,,6212,False
A,2508,87801762,encoded,,9000,False
B,2509,87803874,encoded,,5468,False
A,2509,87835082,encoded,,8413,False
B,2510,87837203,encoded,,5275,False
A,2510,87868424,encoded,,8222,False
B,2511,87870526,encoded,,4836,False
A,2511,87901764,encoded,,8240,False
B,2512,87903858,encoded,,4469,False
A,2512,87935085,encoded,,7683,False
B,2513,87937194,encoded,,13078,False
A,2513,87968413,encoded,,7522,False
B,2514,88003861,encoded,,31657,False
A,2514,88001751,encoded,,7423,False
B,2515,88037193,encoded,,20692,False
A,2515,88035083,encoded,,7315,False
B,2516,88070529,encoded,,1569,False
A,2516,88068437,encoded,,9242,False
B,2517,88103870,encoded,,12748,False
A,2517,88101771,encoded,,16666,False
B,2518,88137195,encoded,,16667,False
A,2518,88135087,encoded,,29843,False
B,2519,88170530,encoded,,16667,False
A,2519,88168420,encoded,,4083,False
B,2520,88203865,encoded,,16666,False
A,2520,88201762,encoded,,16074,False
B,2521,88237198,encoded,,123870,True
A,2521,88235100,encoded,,126215,True
B,2522,88270537,encoded,,18157,False
A,2522,88268422,encoded,,16758,False
B,2523,88303871,encoded,,13126,False
A,2523,88301783,encoded,,12557,False
B,2524,88337216,encoded,,17601,False
A,2524,88368436,encoded,,18036,False
B,2525,88370540,encoded,,10150,False
A,2525,88401771,encoded,,27885,False
B,2526,88403871,encoded,,23765,False
A,2526,88435103,encoded,,14386,False
B,2527,88437223,encoded,,12211,False
A,2527,88468434,encoded,,13418,False
B,2528,88470534,encoded,,16701,False
A,2528,88501766,encoded,,16207,False
B,2529,88503869,encoded,,18300,False
A,2529,88535094,encoded,,9701,False
B,2530,88537205,encoded,,13389,False
A,2530,88568429,encoded,,21383,False
B,2531,88603874,encoded,,16220,False
A,2531,88601768,encoded,,22687,False
B,2532,88637207,encoded,,17762,False
A,2532,88635105,encoded,,2938,False
B,2533,88670539,encoded,,12900,False
A,2533,88668432,encoded,,16682,False
B,2534,88703892,encoded,,8430,False
A,2534,88701781,encoded,,11950,False
B,2535,88737225,encoded,,7322,False
A,2535,88768453,encoded,,10728,False
B,2536,88770558,encoded,,6508,False
A,2536,88801767,encoded,,10267,False
B,2537,88803877,encoded,,5842,False
A,2537,88835106,encoded,,9528,False
B,2538,88837214,encoded,,5741,False
A,2538,88868437,encoded,,9402,False
B,2539,88870547,encoded,,5364,False
A,2539,88901775,encoded,,8433,False
B,2540,88903885,encoded,,5115,False
A,2540,88935116,encoded,,8030,False
B,2541,88937212,encoded,,4827,False
A,2541,88968437,encoded,,7403,False
B,2542,88970550,encoded,,4723,False
A,2542,89001769,encoded,,7810,False
B,2543,89003880,encoded,,15310,False
A,2543,89035106,encoded,,7268,False
B,2544,89037214,encoded,,19931,False
A,2544,89068449,encoded,,7616,False
B,2545,89070560,encoded,,13402,False
A,2545,89101773,encoded,,8087,False
B,2546,89137218,encoded,,16667,False
A,2546,89135113,encoded,,7959,False
B,2547,89170553,encoded,,16666,False
A,2547,89168447,encoded,,16666,False
B,2548,89203887,encoded,,16667,False
A,2548,89201787,encoded,,36846,False
B,2549,89237220,encoded,,16667,False
A,2549,89235112,encoded,,3935,False
B,2550,89270555,encoded,,16666,False
A,2550,89268445,encoded,,9219,False
B,2551,89303941,encoded,,124075,True
A,2551,89301786,encoded,,126498,True
B,2552,89337222,encoded,,16526,False
A,2552,89335112,encoded,,17960,False
B,2553,89370568,encoded,,18642,False
A,2553,89368454,encoded,,6433,False
B,2554,89403893,encoded,,16064,False
A,2554,89435119,encoded,,22862,False
B,2555,89437228,encoded,,19030,False
A,2555,89468455,encoded,,20046,False
B,2556,89470583,encoded,,23963,False
A,2556,89501785,encoded,,18933,False
B,2557,89503898,encoded,,18137,False
A,2557,89535137,encoded,,15570,False
B,2558,89537230,encoded,,14880,False
A,2558,89568463,encoded,,18362,False
B,2559,89570565,encoded,,13919,False
A,2559,89601788,encoded,,10464,False
B,2560,89603914,encoded,,17387,False
A,2560,89635142,encoded,,21379,False
B,2561,89637236,encoded,,8859,False
A,2561,89668460,encoded,,23229,False
B,2562,89670573,encoded,,16841,False
A,2562,89701791,encoded,,2871,False
B,2563,89703903,encoded,,10573,False
A,2563,89735127,encoded,,17612,False
B,2564,89770569,encoded,,8265,False
A,2564,89768466,encoded,,12111,False
B,2565,89803910,encoded,,7527,False
A,2565,89801804,encoded,,11812,False
B,2566,89837248,encoded,,6594,False
A,2566,89835135,encoded,,9951,False
B,2567,89870594,encoded,,6019,False
A,2567,89868473,encoded,,9283,False
B,2568,89903917,encoded,,5942,False
A,2568,89901817,encoded,,9126,False
B,2569,89937251,encoded,,5688,False
A,2569,89968483,encoded,,9128,False
B,2570,89970574,encoded,,5115,False
A,2570,90001801,encoded,,8291,False
B,2571,90003908,encoded,,5102,False
A,2571,90035135,encoded,,8012,False
B,2572,90037244,encoded,,4484,False
A,2572,90068466,encoded,,7827,False
B,2573,90070577,encoded,,9702,False
A,2573,90101803,encoded,,8061,False
B,2574,90103912,encoded,,16666,False
A,2574,90135145,encoded,,7655,False
B,2575,90137243,encoded,,36059,False
A,2575,90168473,encoded,,7631,False
B,2576,90170580,encoded,,1692,False
A,2576,90201809,encoded,,6915,False
B,2577,90203914,encoded,,12249,False
A,2577,90235139,encoded,,11978,False
B,2578,90237246,encoded,,16667,False
A,2578,90268470,encoded,,16667,False
B,2579,90270584,encoded,,16667,False
A,2579,90301806,encoded,,27236,False
B,2580,90337251,encoded,,16666,False
A,2580,90335141,encoded,,9992,False
B,2581,90370581,encoded,,124079,True
A,2581,90368483,encoded,,116929,True
A,2582,90401807,encoded,,14723,False
B,2582,90403929,encoded,,12275,False
B,2583,90437267,encoded,,19333,False
A,2583,90435159,encoded,,15041,False
B,2584,90470602,encoded,,22192,False
A,2584,90468476,encoded,,25520,False
B,2585,90503918,encoded,,10298,False
A,2585,90501815,encoded,,11189,False
B,2586,90537271,encoded,,21489,False
A,2586,90535155,encoded,,21814,False
A,2587,90568476,encoded,,13439,False
B,2587,90570595,encoded,,12052,False
B,2588,90603933,encoded,,10263,False
A,2588,90635144,encoded,,10601,False
B,2589,90637255,encoded,,19406,False
A,2589,90668476,encoded,,18692,False
B,2590,90670586,encoded,,13102,False
A,2590,90701809,encoded,,14753,False
B,2591,90703936,encoded,,11983,False
A,2591,90735143,encoded,,8765,False
B,2592,90737271,encoded,,14316,False
A,2592,90768479,encoded,,20149,False
B,2593,90770599,encoded,,14917,False
A,2593,90801811,encoded,,21896,False
B,2594,90803931,encoded,,15719,False
A,2594,90835163,encoded,,2557,False
B,2595,90837273,encoded,,8316,False
A,2595,90868485,encoded,,16525,False
B,2596,90903931,encoded,,6937,False
A,2596,90901816,encoded,,11694,False
B,2597,90937267,encoded,,6752,False
A,2597,90935160,encoded,,10221,False
B,2598,90970595,encoded,,6168,False
A,2598,90968482,encoded,,9348,False
B,2599,91003929,encoded,,5628,False
A,2599,91001817,encoded,,9064,False
B,2600,91037266,encoded,,5305,False
A,2600,91035152,encoded,,9083,False
B,2601,91070615,encoded,,4624,False
A,2601,91068514,encoded,,8758,False
B,2602,91103949,encoded,,4649,False
A,2602,91101842,encoded,,8039,False
B,2603,91137282,encoded,,13531,False
A,2603,91168507,encoded,,7953,False
B,2604,91170625,encoded,,38837,False
A,2604,91201823,encoded,,7241,False
B,2605,91203934,encoded,,31695,False
A,2605,91235157,encoded,,7725,False
B,2606,91237271,encoded,,1135,False
A,2606,91268505,encoded,,7720,False
B,2607,91270610,encoded,,1441,False
A,2607,91301832,encoded,,16666,False
B,2608,91303943,encoded,,10225,False
A,2608,91335182,encoded,,24980,False
B,2609,91337274,encoded,,16667,False
A,2609,91368521,encoded,,8354,False
B,2610,91370631,encoded,,24924,False
A,2610,91401830,encoded,,16666,False
B,2611,91403948,encoded,,124099,True
A,2611,91435179,encoded,,126342,True
B,2612,91437283,encoded,,16860,False
A,2612,91468499,encoded,,7905,False
B,2613,91503943,encoded,,10257,False
A,2613,91501834,encoded,,15269,False
B,2614,91537275,encoded,,11409,False
A,2614,91535168,encoded,,23990,False
B,2615,91570616,encoded,,14239,False
A,2615,91568511,encoded,,18379,False
B,2616,91603945,encoded,,15815,False
A,2616,91601835,encoded,,23750,False
B,2617,91637280,encoded,,16574,False
A,2617,91635170,encoded,,20579,False
B,2618,91670615,encoded,,10057,False
A,2618,91668516,encoded,,11407,False
B,2619,91703951,encoded,,17993,False
A,2619,91701845,encoded,,9088,False
B,2620,91737298,encoded,,18490,False
A,2620,91735170,encoded,,8686,False
B,2621,91770622,encoded,,16885,False
A,2621,91801840,encoded,,7561,False
B,2622,91803959,encoded,,13780,False
A,2622,91835171,encoded,,21639,False
B,2623,91837284,encoded,,13239,False
A,2623,91868515,encoded,,19532,False
B,2624,91870618,encoded,,19663,False
A,2624,91901846,encoded,,12618,False
B,2625,91903948,encoded,,8156,False
A,2625,91935186,encoded,,11700,False
B,2626,91937293,encoded,,7108,False
A,2626,91968509,encoded,,10523,False
B,2627,91970618,encoded,,6298,False
A,2627,92001842,encoded,,9798,False
B,2628,92003954,encoded,,5637,False
A,2628,92035205,encoded,,9192,False
B,2629,92037310,encoded,,5647,False
A,2629,92068534,encoded,,8755,False
B,2630,92070626,encoded,,5059,False
A,2630,92101891,encoded,,8420,False
B,2631,92103961,encoded,,4946,False
A,2631,92135233,encoded,,7782,False
B,2632,92170625,encoded,,4947,False
A,2632,92168515,encoded,,8040,False
B,2633,92203972,encoded,,7918,False
A,2633,92201862,encoded,,7793,False
B,2634,92237311,encoded,,16787,False
A,2634,92268524,encoded,,7854,False
B,2635,92270645,encoded,,28103,False
A,2635,92301849,encoded,,7518,False
B,2636,92303962,encoded,,5110,False
A,2636,92335189,encoded,,9214,False
B,2637,92337299,encoded,,16666,False
A,2637,92368545,encoded,,16666,False
B,2638,92370633,encoded,,16667,False
A,2638,92401876,encoded,,28447,False
B,2639,92403986,encoded,,16667,False
A,2639,92435217,encoded,,4887,False
B,2640,92437310,encoded,,16666,False
A,2640,92468537,encoded,,16666,False
B,2641,92470661,encoded,,123877,True
A,2641,92501890,encoded,,126331,True
B,2642,92503981,encoded,,7654,False
A,2642,92535189,encoded,,14974,False
B,2643,92570633,encoded,,18297,False
A,2643,92568525,encoded,,12971,False
B,2644,92603969,encoded,,21680,False
A,2644,92601865,encoded,,19634,False
B,2645,92637315,encoded,,8168,False
A,2645,92635186,encoded,,17934,False
B,2646,92670638,encoded,,15203,False
A,2646,92668537,encoded,,23440,False
B,2647,92703985,encoded,,15525,False
A,2647,92701878,encoded,,20325,False
B,2648,92737310,encoded,,12914,False
A,2648,92735206,encoded,,11181,False
B,2649,92770655,encoded,,16233,False
A,2649,92768550,encoded,,9419,False
B,2650,92803987,encoded,,16632,False
A,2650,92801875,encoded,,8030,False
B,2651,92837312,encoded,,16284,False
A,2651,92835208,encoded,,21550,False
B,2652,92870641,encoded,,12497,False
B,2653,92903978,encoded,,14281,False
A,2652,92901863,encoded,,20624,False
A,2653,92935198,encoded,,13218,False
B,2654,92937310,encoded,,19401,False
B,2655,92970653,encoded,,8503,False
A,2654,92968547,encoded,,11230,False
A,2655,93001876,encoded,,10492,False
B,2656,93003977,encoded,,7284,False
B,2657,93037325,encoded,,6653,False
A,2656,93035219,encoded,,10267,False
A,2657,93068563,encoded,,8886,False
B,2658,93070661,encoded,,5871,False
A,2658,93101878,encoded,,8508,False
B,2659,93103982,encoded,,5604,False
A,2659,93135204,encoded,,8190,False
B,2660,93137319,encoded,,5219,False
A,2660,93168540,encoded,,8423,False
B,2661,93203983,encoded,,4773,False
A,2661,93201869,encoded,,7834,False
B,2662,93237316,encoded,,4538,False
A,2662,93235208,encoded,,7970,False
B,2663,93270651,encoded,,16243,False
A,2663,93268545,encoded,,7718,False
B,2664,93303995,encoded,,28387,False
A,2664,93301871,encoded,,7468,False
B,2665,93337321,encoded,,4946,False
A,2665,93335211,encoded,,7279,False
B,2666,93370672,encoded,,16667,False
A,2666,93368559,encoded,,9438,False
B,2667,93404008,encoded,,16666,False
A,2667,93401897,encoded,,16666,False
B,2668,93437325,encoded,,16667,False
A,2668,93435218,encoded,,28796,False
B,2669,93470655,encoded,,16667,False
A,2669,93501877,encoded,,4555,False
B,2670,93503989,encoded,,16666,False
A,2670,93535219,encoded,,16649,False
B,2671,93537334,encoded,,123849,True
A,2671,93568553,encoded,,126562,True
B,2672,93570658,encoded,,17398,False
A,2672,93601880,encoded,,21068,False
B,2673,93603993,encoded,,11652,False
A,2673,93635221,encoded,,10632,False
B,2674,93637327,encoded,,19493,False
A,2674,93668554,encoded,,16686,False
B,2675,93670669,encoded,,15721,False
A,2675,93701880,encoded,,16961,False
B,2676,93703997,encoded,,22538,False
A,2676,93735215,encoded,,22612,False
B,2677,93770669,encoded,,12911,False
A,2677,93768550,encoded,,20081,False
B,2678,93803998,encoded,,12971,False
A,2678,93801889,encoded,,11173,False
B,2679,93837330,encoded,,16529,False
A,2679,93835218,encoded,,9159,False
B,2680,93870671,encoded,,15333,False
A,2680,93868576,encoded,,21753,False
B,2681,93904047,encoded,,14851,False
A,2681,93901910,encoded,,14598,False
B,2682,93937339,encoded,,16487,False
A,2682,93935257,encoded,,18732,False
B,2683,93970679,encoded,,16218,False
A,2683,93968577,encoded,,2646,False
B,2684,94004002,encoded,,8877,False
A,2684,94001894,encoded,,15044,False
B,2685,94037339,encoded,,7751,False
A,2685,94035225,encoded,,10990,False
B,2686,94070677,encoded,,6622,False
A,2686,94101890,encoded,,10951,False
B,2687,94104003,encoded,,6172,False
A,2687,94135229,encoded,,9109,False
B,2688,94137340,encoded,,5518,False
A,2688,94168559,encoded,,9185,False
B,2689,94170673,encoded,,5342,False
A,2689,94201893,encoded,,8072,False
B,2690,94204009,encoded,,4906,False
A,2690,94235228,encoded,,7903,False
B,2691,94237340,encoded,,4686,False
A,2691,94268563,encoded,,7707,False
B,2692,94270679,encoded,,4418,False
A,2692,94301899,encoded,,7242,False
B,2693,94304011,encoded,,13091,False
A,2693,94335235,encoded,,7636,False
B,2694,94370684,encoded,,39432,False
A,2694,94368570,encoded,,7159,False
B,2695,94404015,encoded,,31224,False
A,2695,94401899,encoded,,7154,False
B,2696,94437348,encoded,,1085,False
A,2696,94435237,encoded,,12519,False
B,2697,94470684,encoded,,1540,False
A,2697,94468570,encoded,,16666,False
B,2698,94504018,encoded,,10052,False
A,2698,94501906,encoded,,16667,False
B,2699,94537364,encoded,,16667,False
A,2699,94535262,encoded,,16667,False
B,2700,94570685,encoded,,23931,False
A,2700,94568575,encoded,,16666,False
B,2701,94604027,encoded,,123957,True
A,2701,94601919,encoded,,126316,True
B,2702,94637365,encoded,,18680,False
A,2702,94668575,encoded,,16803,False
B,2703,94670686,encoded,,19857,False
A,2703,94701910,encoded,,11523,False
B,2704,94704020,encoded,,18999,False
A,2704,94735241,encoded,,20500,False
B,2705,94737352,encoded,,22024,False
A,2705,94768580,encoded,,17977,False
B,2706,94770685,encoded,,24272,False
A,2706,94801920,encoded,,23490,False
B,2707,94804031,encoded,,6476,False
A,2707,94835270,encoded,,21051,False
B,2708,94837374,encoded,,17759,False
A,2708,94868579,encoded,,11112,False
B,2709,94870702,encoded,,10049,False
A,2709,94901932,encoded,,9134,False
A,2710,94935251,encoded,,8649,False
B,2710,94904067,encoded,,18327,False
B,2711,94937362,encoded,,9062,False
A,2711,94968582,encoded,,19849,False
B,2712,94970697,encoded,,7432,False
A,2712,95001911,encoded,,21661,False
B,2713,95037361,encoded,,15886,False
A,2713,95035261,encoded,,13661,False
B,2714,95070697,encoded,,9663,False
A,2714,95068587,encoded,,11839,False
B,2715,95104029,encoded,,8293,False
A,2715,95101921,encoded,,10565,False
B,2716,95137371,encoded,,7478,False
A,2716,95135251,encoded,,9787,False
B,2717,95170711,encoded,,6434,False
A,2717,95201925,encoded,,9096,False
B,2718,95204044,encoded,,6389,False
A,2718,95235254,encoded,,8814,False
B,2719,95237366,encoded,,5587,False
A,2719,95268583,encoded,,8813,False
B,2720,95270698,encoded,,5179,False
A,2720,95301925,encoded,,7886,False
B,2721,95304034,encoded,,5380,False
A,2721,95335268,encoded,,8115,False
B,2722,95337365,encoded,,5013,False
A,2722,95368601,encoded,,8199,False
B,2723,95370702,encoded,,4639,False
A,2723,95401931,encoded,,7324,False
B,2724,95404042,encoded,,15900,False
A,2724,95435279,encoded,,7813,False
A,2725,95468600,encoded,,7245,False
B,2725,95437377,encoded,,37231,False
B,2726,95470722,encoded,,1656,False
A,2726,95501925,encoded,,7233,False
B,2727,95537377,encoded,,11113,False
A,2727,95535255,encoded,,15545,False
B,2728,95570705,encoded,,16667,False
A,2728,95568591,encoded,,23877,False
B,2729,95604040,encoded,,16667,False
A,2729,95601925,encoded,,9457,False
B,2730,95637373,encoded,,16666,False
A,2730,95635271,encoded,,16666,False
B,2731,95670725,encoded,,124063,True
A,2731,95668597,encoded,,126456,True
B,2732,95704042,encoded,,19579,False
A,2732,95701936,encoded,,18817,False
B,2733,95737375,encoded,,15517,False
A,2733,95735261,encoded,,12550,False
B,2734,95770723,encoded,,20068,False
A,2734,95768613,encoded,,21834,False
B,2735,95804049,encoded,,12480,False
A,2735,95835264,encoded,,18535,False
B,2736,95837389,encoded,,26106,False
B,2737,95870715,encoded,,14845,False
A,2736,95868596,encoded,,19124,False
A,2737,95901933,encoded,,18745,False
B,2738,95904060,encoded,,14888,False
A,2738,95935272,encoded,,10948,False
B,2739,95937388,encoded,,20128,False
A,2739,95968614,encoded,,9049,False
B,2740,95970716,encoded,,11007,False
A,2740,96001936,encoded,,20772,False
B,2741,96004049,encoded,,10709,False
A,2741,96035269,encoded,,14771,False
B,2742,96037389,encoded,,17249,False
A,2742,96068607,encoded,,18717,False
B,2743,96070729,encoded,,10145,False
A,2743,96101957,encoded,,12821,False
B,2744,96104086,encoded,,8737,False
A,2744,96135269,encoded,,11509,False
B,2745,96137399,encoded,,7201,False
A,2745,96168604,encoded,,10063,False
B,2746,96170720,encoded,,6566,False
A,2746,96201938,encoded,,9550,False
B,2747,96237387,encoded,,6493,False
A,2747,96235272,encoded,,9522,False
B,2748,96270723,encoded,,6096,False
A,2748,96268616,encoded,,8499,False
B,2749,96304062,encoded,,5130,False
A,2749,96301955,encoded,,8102,False
B,2750,96337395,encoded,,5151,False
A,2750,96335288,encoded,,8020,False
B,2751,96370744,encoded,,4762,False
A,2751,96368633,encoded,,7580,False
B,2752,96404076,encoded,,5534,False
A,2752,96435278,encoded,,7477,False
B,2753,96437399,encoded,,10880,False
A,2753,96468617,encoded,,7394,False
B,2754,96470727,encoded,,16666,False
A,2754,96501946,encoded,,7008,False
B,2755,96504060,encoded,,36349,False
B,2756,96537396,encoded,,6946,False
A,2755,96535283,encoded,,6827,False
A,2756,96568628,encoded,,8644,False
B,2757,96570737,encoded,,6809,False
A,2757,96601953,encoded,,20389,False
B,2758,96604064,encoded,,16563,False
A,2758,96635307,encoded,,37589,False
B,2759,96637411,encoded,,16667,False
A,2759,96668634,encoded,,4290,False
B,2760,96670756,encoded,,16666,False
A,2760,96701974,encoded,,4988,False
B,2761,96704101,encoded,,123910,True
A,2761,96735283,encoded,,126366,True
B,2762,96737398,encoded,,13604,False
A,2762,96768617,encoded,,17955,False
B,2763,96804070,encoded,,19072,False
A,2763,96801957,encoded,,6894,False
B,2764,96837406,encoded,,23099,False
A,2764,96835296,encoded,,23412,False
B,2765,96870740,encoded,,13005,False
A,2765,96868639,encoded,,18021,False
B,2766,96904077,encoded,,21821,False
A,2766,96901969,encoded,,24505,False
B,2767,96937408,encoded,,11121,False
A,2767,96935305,encoded,,21078,False
B,2768,96970749,encoded,,9478,False
A,2768,96968638,encoded,,11403,False
B,2769,97004087,encoded,,17250,False
A,2769,97001971,encoded,,10053,False
B,2770,97037422,encoded,,11221,False
A,2770,97068630,encoded,,8588,False
B,2771,97070747,encoded,,13680,False
A,2771,97101959,encoded,,7412,False
B,2772,97104076,encoded,,14829,False
A,2772,97135302,encoded,,19612,False
B,2773,97137422,encoded,,18633,False
A,2773,97168646,encoded,,20946,False
B,2774,97170769,encoded,,12111,False
A,2774,97201966,encoded,,13075,False
B,2775,97204080,encoded,,8589,False
A,2775,97235297,encoded,,11893,False
B,2776,97237429,encoded,,7269,False
A,2776,97268657,encoded,,10124,False
B,2777,97270764,encoded,,6497,False
A,2777,97301965,encoded,,9393,False
B,2778,97304081,encoded,,6281,False
A,2778,97335300,encoded,,9657,False
B,2779,97370749,encoded,,5556,False
A,2779,97368638,encoded,,8425,False
B,2780,97404085,encoded,,5255,False
A,2780,97401967,encoded,,8544,False
B,2781,97437426,encoded,,4857,False
A,2781,97435300,encoded,,8090,False
B,2782,97470755,encoded,,4308,False
A,2782,97468646,encoded,,7802,False
B,2783,97504090,encoded,,11888,False
A,2783,97501972,encoded,,7711,False
B,2784,97537425,encoded,,22367,False
A,2784,97535325,encoded,,7497,False
B,2785,97570758,encoded,,27329,False
B,2786,97604088,encoded,,1445,False
A,2785,97601977,encoded,,7401,False
A,2786,97635305,encoded,,7037,False
B,2787,97637423,encoded,,15525,False
A,2787,97668644,encoded,,16516,False
B,2788,97670769,encoded,,16667,False
A,2788,97701974,encoded,,37499,False
B,2789,97704089,encoded,,16667,False
A,2789,97735312,encoded,,3527,False
B,2790,97737425,encoded,,16666,False
A,2790,97768646,encoded,,8974,False
B,2791,97770761,encoded,,123899,True
A,2791,97801990,encoded,,126323,True
B,2792,97804105,encoded,,12668,False
A,2792,97835334,encoded,,18216,False
B,2793,97837441,encoded,,13467,False
A,2793,97868644,encoded,,6849,False
B,2794,97870775,encoded,,22830,False
A,2794,97901981,encoded,,23839,False
B,2795,97937432,encoded,,12434,False
A,2795,97935333,encoded,,18716,False
B,2796,97970775,encoded,,22295,False
A,2796,97968652,encoded,,23336,False
B,2797,98004099,encoded,,10544,False
A,2797,98001983,encoded,,20889,False
B,2798,98037433,encoded,,11384,False
A,2798,98035325,encoded,,11390,False
B,2799,98070767,encoded,,20879,False
A,2799,98068650,encoded,,9411,False
B,2800,98104104,encoded,,16865,False
A,2800,98102004,encoded,,8490,False
B,2801,98137444,encoded,,15637,False
A,2801,98135323,encoded,,20296,False
B,2802,98170770,encoded,,13124,False
A,2802,98168659,encoded,,21809,False
B,2803,98204117,encoded,,18847,False
A,2803,98201985,encoded,,2676,False
B,2804,98237450,encoded,,8824,False
A,2804,98235342,encoded,,16184,False
B,2805,98270775,encoded,,7506,False
A,2805,98301987,encoded,,12272,False
B,2806,98304105,encoded,,6826,False
A,2806,98335320,encoded,,12221,False
B,2807,98337439,encoded,,5989,False
A,2807,98368658,encoded,,10092,False
B,2808,98370772,encoded,,5814,False
A,2808,98402009,encoded,,9084,False
B,2809,98404106,encoded,,5444,False
A,2809,98435340,encoded,,8645,False
B,2810,98437449,encoded,,5007,False
A,2810,98468668,encoded,,8508,False
B,2811,98470776,encoded,,4793,False
A,2811,98502004,encoded,,8312,False
B,2812,98504126,encoded,,4568,False
A,2812,98535327,encoded,,7944,False
B,2813,98537442,encoded,,13690,False
A,2813,98568663,encoded,,8424,False
B,2814,98570799,encoded,,31431,False
A,2814,98602002,encoded,,7560,False
B,2815,98637447,encoded,,21656,False
A,2815,98635338,encoded,,7448,False
B,2816,98670777,encoded,,1624,False
A,2816,98668669,encoded,,7108,False
B,2817,98704116,encoded,,11955,False
A,2817,98702006,encoded,,13958,False
B,2818,98737450,encoded,,16667,False
A,2818,98735356,encoded,,18733,False
B,2819,98770812,encoded,,16667,False
A,2819,98768671,encoded,,14601,False
B,2820,98804117,encoded,,16666,False
A,2820,98802003,encoded,,16666,False
B,2821,98837459,encoded,,123868,True
A,2821,98835366,encoded,,117341,True
B,2822,98870790,encoded,,10693,False
A,2822,98902007,encoded,,9977,False
B,2823,98904126,encoded,,16021,False
A,2823,98935334,encoded,,26966,False
B,2824,98937455,encoded,,26411,False
A,2824,98968680,encoded,,12509,False
B,2825,98970791,encoded,,19401,False
A,2825,99002020,encoded,,12460,False
B,2826,99004122,encoded,,23829,False
A,2826,99035371,encoded,,19744,False
B,2827,99037455,encoded,,14646,False
A,2827,99068675,encoded,,15426,False
B,2828,99070795,encoded,,13678,False
A,2828,99102022,encoded,,18330,False
B,2829,99104125,encoded,,12847,False
A,2829,99135341,encoded,,20232,False
B,2830,99137476,encoded,,14542,False
A,2830,99168685,encoded,,9217,False
B,2831,99170799,encoded,,10994,False
A,2831,99202022,encoded,,21421,False
B,2832,99204141,encoded,,9879,False
A,2832,99235341,encoded,,5261,False
B,2833,99270794,encoded,,18061,False
A,2833,99268688,encoded,,23304,False
B,2834,99304130,encoded,,9354,False
A,2834,99302018,encoded,,13613,False
B,2835,99337469,encoded,,7780,False
A,2835,99335370,encoded,,11614,False
B,2836,99370804,encoded,,6727,False
A,2836,99368715,encoded,,10705,False
B,2837,99404147,encoded,,6268,False
A,2837,99402034,encoded,,9489,False
B,2838,99437467,encoded,,5882,False
A,2838,99435362,encoded,,9159,False
B,2839,99470800,encoded,,5283,False
A,2839,99502015,encoded,,8823,False
B,2840,99504136,encoded,,5085,False
A,2840,99535347,encoded,,8182,False
B,2841,99537467,encoded,,5051,False
A,2841,99568693,encoded,,8004,False
B,2842,99570803,encoded,,4568,False
A,2842,99602018,encoded,,7825,False
B,2843,99604137,encoded,,12466,False
A,2843,99635375,encoded,,7763,False
B,2844,99637473,encoded,,20791,False
A,2844,99668709,encoded,,7226,False
B,2845,99670803,encoded,,28026,False
A,2845,99702029,encoded,,7217,False
B,2846,99704152,encoded,,1412,False
A,2846,99735371,encoded,,11526,False
B,2847,99737474,encoded,,16437,False
A,2847,99768709,encoded,,16666,False
B,2848,99770826,encoded,,16667,False
A,2848,99802022,encoded,,19142,False
B,2849,99804140,encoded,,16667,False
A,2849,99835363,encoded,,14192,False
B,2850,99870816,encoded,,16666,False
A,2850,99868697,encoded,,16666,False
B,2851,99904144,encoded,,123939,True
A,2851,99902051,encoded,,126553,True
B,2852,99937495,encoded,,16545,False
A,2852,99935382,encoded,,7807,False
B,2853,99970830,encoded,,18334,False
A,2853,100002032,encoded,,15598,False
B,2854,100004147,encoded,,19161,False
A,2854,100035364,encoded,,24480,False
B,2855,100037479,encoded,,16604,False
A,2855,100068696,encoded,,17459,False
B,2856,100070821,encoded,,23159,False
A,2856,100102034,encoded,,23645,False
B,2857,100104157,encoded,,15344,False
A,2857,100135367,encoded,,20026,False
B,2858,100137482,encoded,,14344,False
A,2858,100168701,encoded,,11180,False
B,2859,100170818,encoded,,15135,False
A,2859,100202032,encoded,,9121,False
B,2860,100204150,encoded,,18300,False
A,2860,100235367,encoded,,8054,False
B,2861,100237495,encoded,,19321,False
A,2861,100268739,encoded,,20327,False
A,2862,100302035,encoded,,5074,False
B,2862,100270829,encoded,,4363,False
B,2863,100304155,encoded,,11925,False
A,2863,100335376,encoded,,23013,False
B,2864,100337504,encoded,,8730,False
A,2864,100368713,encoded,,13104,False
B,2865,100370823,encoded,,7464,False
A,2865,100402040,encoded,,12041,False
B,2866,100437498,encoded,,6882,False
A,2866,100435380,encoded,,10362,False
B,2867,100470829,encoded,,6503,False
A,2867,100468705,encoded,,9750,False
B,2868,100504159,encoded,,5691,False
A,2868,100502040,encoded,,9193,False
B,2869,100537499,encoded,,5484,False
A,2869,100535378,encoded,,8418,False
B,2870,100570829,encoded,,5128,False
A,2870,100568729,encoded,,8365,False
B,2871,100604162,encoded,,4897,False
A,2871,100602048,encoded,,8074,False
B,2872,100637492,encoded,,4802,False
A,2872,100668713,encoded,,7651,False
B,2873,100670830,encoded,,11279,False
A,2873,100702048,encoded,,7634,False
B,2874,100704164,encoded,,16666,False
A,2874,100735378,encoded,,7137,False
B,2875,100737499,encoded,,33664,False
A,2875,100768715,encoded,,7441,False
B,2876,100770829,encoded,,6677,False
A,2876,100802051,encoded,,11827,False
B,2877,100804167,encoded,,9659,False
A,2877,100835386,encoded,,16666,False
B,2878,100837499,encoded,,16667,False
A,2878,100868720,encoded,,16667,False
B,2879,100870834,encoded,,16667,False
A,2879,100902060,encoded,,16667,False
B,2880,100904173,encoded,,16666,False
A,2880,100935380,encoded,,16666,False
B,2881,100937512,encoded,,123878,True
A,2881,100968716,encoded,,126514,True
B,2882,101004170,encoded,,14130,False
A,2882,101002052,encoded,,17437,False
B,2883,101037504,encoded,,11840,False
A,2883,101035385,encoded,,11271,False
B,2884,101070845,encoded,,23929,False
A,2884,101068740,encoded,,19176,False
B,2885,101104174,encoded,,16509,False
A,2885,101102052,encoded,,17981,False
B,2886,101137516,encoded,,22472,False
A,2886,101135393,encoded,,24240,False
B,2887,101170859,encoded,,15584,False
A,2887,101168733,encoded,,20276,False
B,2888,101204197,encoded,,15478,False
A,2888,101202072,encoded,,11297,False
B,2889,101237512,encoded,,16473,False
A,2889,101268729,encoded,,9403,False
B,2890,101270843,encoded,,15710,False
A,2890,101302061,encoded,,8000,False
B,2891,101304177,encoded,,11781,False
A,2891,101335402,encoded,,19653,False
B,2892,101337513,encoded,,16749,False
A,2892,101368739,encoded,,5467,False
B,2893,101370845,encoded,,11781,False
A,2893,101402072,encoded,,22847,False
B,2894,101404181,encoded,,8253,False
A,2894,101435419,encoded,,13523,False
B,2895,101437536,encoded,,7431,False
A,2895,101468738,encoded,,11027,False
B,2896,101470845,encoded,,6347,False
A,2896,101502083,encoded,,10040,False
B,2897,101504200,encoded,,5907,False
A,2897,101535398,encoded,,9848,False
B,2898,101537516,encoded,,5868,False
A,2898,101568737,encoded,,9017,False
B,2899,101604186,encoded,,5429,False
A,2899,101602064,encoded,,9089,False
B,2900,101637520,encoded,,5016,False
A,2900,101635402,encoded,,8682,False
B,2901,101670853,encoded,,4621,False
A,2901,101668756,encoded,,8824,False
B,2902,101704204,encoded,,4280,False
A,2902,101702089,encoded,,8207,False
B,2903,101737538,encoded,,16219,False
A,2903,101735418,encoded,,7738,False
B,2904,101770876,encoded,,35432,False
A,2904,101768757,encoded,,7564,False
B,2905,101804196,encoded,,2761,False
A,2905,101835402,encoded,,7247,False
B,2906,101837522,encoded,,9456,False
B,2907,101870868,encoded,,16666,False
A,2906,101868746,encoded,,8966,False
A,2907,101902072,encoded,,16666,False
B,2908,101904191,encoded,,16667,False
A,2908,101935408,encoded,,29658,False
B,2909,101937532,encoded,,16667,False
A,2909,101968740,encoded,,4232,False
B,2910,101970862,encoded,,16666,False
A,2910,102002078,encoded,,16110,False
B,2911,102004195,encoded,,123818,True
A,2911,102035433,encoded,,126419,True
B,2912,102037544,encoded,,12178,False
A,2912,102068744,encoded,,25810,False
B,2913,102070872,encoded,,13946,False
A,2913,102102083,encoded,,9473,False
B,2914,102104200,encoded,,22483,False
A,2914,102135410,encoded,,12936,False
B,2915,102137531,encoded,,21115,False
A,2915,102168743,encoded,,17562,False
B,2916,102170867,encoded,,18052,False
A,2916,102202080,encoded,,23064,False
B,2917,102204213,encoded,,12061,False
A,2917,102235411,encoded,,20586,False
B,2918,102237545,encoded,,14978,False
A,2918,102268763,encoded,,11506,False
B,2919,102304200,encoded,,19841,False
A,2919,102302079,encoded,,8805,False
B,2920,102337545,encoded,,14130,False
A,2920,102335418,encoded,,21446,False
B,2921,102370885,encoded,,14813,False
A,2921,102368760,encoded,,5027,False
B,2922,102404203,encoded,,13722,False
A,2922,102402090,encoded,,16827,False
B,2923,102437541,encoded,,17150,False
A,2923,102435438,encoded,,16858,False
B,2924,102470876,encoded,,8645,False
A,2924,102468755,encoded,,12152,False
B,2925,102504209,encoded,,7303,False
A,2925,102535425,encoded,,10962,False
B,2926,102537543,encoded,,6522,False
A,2926,102568755,encoded,,10030,False
B,2927,102570877,encoded,,5914,False
A,2927,102602095,encoded,,9396,False
B,2928,102604212,encoded,,5734,False
A,2928,102635431,encoded,,9184,False
B,2929,102637545,encoded,,5423,False
A,2929,102668756,encoded,,8383,False
B,2930,102670887,encoded,,4917,False
A,2930,102702096,encoded,,8079,False
B,2931,102737557,encoded,,4805,False
A,2931,102735425,encoded,,7872,False
B,2932,102770881,encoded,,4540,False
A,2932,102768760,encoded,,7686,False
B,2933,102804214,encoded,,11244,False
A,2933,102802092,encoded,,7274,False
B,2934,102837547,encoded,,16666,False
A,2934,102835432,encoded,,7179,False
B,2935,102870883,encoded,,32202,False
A,2935,102868767,encoded,,7224,False
B,2936,102904217,encoded,,1680,False
A,2936,102902094,encoded,,11594,False
B,2937,102937568,encoded,,16118,False
A,2937,102935459,encoded,,16666,False
B,2938,102970886,encoded,,16667,False
A,2938,103002106,encoded,,28453,False
B,2939,103004221,encoded,,16667,False
A,2939,103035433,encoded,,4881,False
B,2940,103037553,encoded,,16666,False
A,2940,103068771,encoded,,16666,False
B,2941,103070888,encoded,,123733,True
A,2941,103102105,encoded,,126442,True
B,2942,103104224,encoded,,16527,False
A,2942,103135443,encoded,,20457,False
B,2943,103137574,encoded,,18504,False
A,2943,103168772,encoded,,10796,False
B,2944,103170907,encoded,,24276,False
A,2944,103202108,encoded,,17178,False
B,2945,103204243,encoded,,20365,False
A,2945,103235459,encoded,,18000,False
B,2946,103237559,encoded,,25709,False
A,2946,103268769,encoded,,22994,False
B,2947,103270903,encoded,,17744,False
A,2947,103302104,encoded,,20358,False
B,2948,103337561,encoded,,11107,False
A,2948,103335437,encoded,,10997,False
B,2949,103370899,encoded,,19174,False
A,2949,103368786,encoded,,8897,False
B,2950,103404230,encoded,,9531,False
A,2950,103402114,encoded,,8574,False
B,2951,103437564,encoded,,18085,False
A,2951,103435449,encoded,,20314,False
B,2952,103470897,encoded,,10977,False
A,2952,103468775,encoded,,21495,False
B,2953,103504233,encoded,,8853,False
A,2953,103502126,encoded,,13749,False
B,2954,103537566,encoded,,7711,False
A,2954,103535449,encoded,,12587,False
B,2955,103570928,encoded,,6950,False
A,2955,103568780,encoded,,10761,False
B,2956,103604232,encoded,,6481,False
A,2956,103602127,encoded,,10149,False
B,2957,103637579,encoded,,5778,False
B,2958,103670909,encoded,,5593,False
A,2957,103635447,encoded,,9299,False
B,2959,103704256,encoded,,5664,False
A,2958,103668799,encoded,,8923,False
A,2959,103735448,encoded,,8339,False
B,2960,103737569,encoded,,5074,False
A,2960,103768786,encoded,,9008,False
B,2961,103770904,encoded,,5266,False
A,2961,103802124,encoded,,7996,False
B,2962,103804244,encoded,,4642,False
A,2962,103835458,encoded,,8116,False
B,2963,103837577,encoded,,5590,False
A,2963,103868790,encoded,,7503,False
B,2964,103870912,encoded,,16666,False
A,2964,103902120,encoded,,7846,False
B,2965,103904238,encoded,,34779,False
A,2965,103935455,encoded,,7256,False
B,2966,103937574,encoded,,7499,False
A,2966,103968789,encoded,,7149,False
B,2967,104004245,encoded,,7722,False
A,2967,104002128,encoded,,14817,False
B,2968,104037577,encoded,,16667,False
A,2968,104035456,encoded,,19503,False
B,2969,104070912,encoded,,16667,False
A,2969,104068789,encoded,,13831,False
B,2970,104104247,encoded,,16666,False
A,2970,104102124,encoded,,16666,False
B,2971,104137580,encoded,,123724,True
A,2971,104135477,encoded,,126447,True
B,2972,104170922,encoded,,12292,False
A,2972,104168821,encoded,,20230,False
B,2973,104204258,encoded,,13204,False
A,2973,104202144,encoded,,10534,False
B,2974,104237604,encoded,,23163,False
A,2974,104235488,encoded,,17114,False
B,2975,104270934,encoded,,26438,False
A,2975,104268814,encoded,,19086,False
B,2976,104304266,encoded,,21365,False
A,2976,104302145,encoded,,12171,False
B,2977,104337587,encoded,,18323,False
A,2977,104368804,encoded,,15949,False
B,2978,104370917,encoded,,15470,False
A,2978,104402147,encoded,,14622,False
B,2979,104404257,encoded,,17179,False
A,2979,104435477,encoded,,15415,False
B,2980,104437589,encoded,,19199,False
A,2980,104468820,encoded,,23209,False
B,2981,104470923,encoded,,6546,False
A,2981,104502141,encoded,,23359,False
B,2982,104504260,encoded,,14685,False
A,2982,104535470,encoded,,2699,False
B,2983,104537586,encoded,,9387,False
A,2983,104568799,encoded,,16948,False
B,2984,104570924,encoded,,8060,False
A,2984,104602136,encoded,,11681,False
B,2985,104604256,encoded,,7153,False
A,2985,104635484,encoded,,10039,False
B,2986,104637590,encoded,,6959,False
A,2986,104668807,encoded,,10361,False
B,2987,104704260,encoded,,6158,False
A,2987,104702134,encoded,,9015,False
B,2988,104737595,encoded,,5949,False
A,2988,104735475,encoded,,8449,False
B,2989,104770936,encoded,,5268,False
A,2989,104768809,encoded,,8292,False
B,2990,104804260,encoded,,4774,False
A,2990,104835472,encoded,,8383,False
B,2991,104837610,encoded,,4901,False
A,2991,104868812,encoded,,7727,False
B,2992,104870931,encoded,,4523,False
A,2992,104902143,encoded,,7919,False
B,2993,104904263,encoded,,8614,False
A,2993,104935476,encoded,,7801,False
B,2994,104937598,encoded,,16666,False
A,2994,104968810,encoded,,7525,False
B,2995,104970937,encoded,,35712,False
A,2995,105002161,encoded,,7370,False
B,2996,105004266,encoded,,1660,False
A,2996,105035485,encoded,,10989,False
B,2997,105037611,encoded,,12628,False
A,2997,105068816,encoded,,16666,False
B,2998,105070936,encoded,,16667,False
A,2998,105102160,encoded,,18228,False
B,2999,105104273,encoded,,16667,False
A,2999,105135492,encoded,,15106,False
B,3000,105137610,encoded,,16666,False
A,3000,105168825,encoded,,16666,False
B,3001,105204273,encoded,,123878,True
A,3001,105202151,encoded,,117354,True
B,3002,105237607,encoded,,16708,False
A,3002,105235486,encoded,,8154,False
B,3003,105270940,encoded,,12640,False
A,3003,105268820,encoded,,23729,False
B,3004,105304277,encoded,,23700,False
A,3004,105302155,encoded,,27955,False
B,3005,105337617,encoded,,25373,False
A,3005,105335486,encoded,,20054,False
B,3006,105370942,encoded,,18679,False
A,3006,105368821,encoded,,24611,False
B,3007,105404275,encoded,,16028,False
A,3007,105402175,encoded,,20017,False
B,3008,105437648,encoded,,14655,False
A,3008,105435501,encoded,,11428,False
B,3009,105470960,encoded,,16958,False
A,3009,105468821,encoded,,9399,False
B,3010,105504285,encoded,,16588,False
A,3010,105502167,encoded,,8447,False
A,3011,105568828,encoded,,7391,False
B,3011,105537611,encoded,,11324,False
A,3012,105602160,encoded,,19945,False
B,3012,105570946,encoded,,11501,False
A,3013,105635503,encoded,,19951,False
B,3013,105604279,encoded,,11487,False
A,3014,105668824,encoded,,13161,False
B,3014,105637621,encoded,,8170,False
A,3015,105702164,encoded,,11550,False
B,3015,105670948,encoded,,6962,False
A,3016,105735493,encoded,,10097,False
B,3016,105704284,encoded,,6547,False
B,3017,105737619,encoded,,6373,False
A,3017,105768826,encoded,,9510,False
B,3018,105770949,encoded,,5616,False
A,3018,105802165,encoded,,8996,False
B,3019,105804285,encoded,,5211,False
A,3019,105835502,encoded,,8610,False
B,3020,105837619,encoded,,4737,False
A,3020,105868832,encoded,,8419,False
B,3021,105904288,encoded,,5027,False
A,3021,105902172,encoded,,7938,False
B,3022,105937623,encoded,,4408,False
A,3022,105935503,encoded,,7740,False
B,3023,105970961,encoded,,10764,False
A,3023,105968836,encoded,,8679,False
B,3024,106004304,encoded,,16666,False
A,3024,106002167,encoded,,7847,False
B,3025,106037628,encoded,,34521,False
A,3025,106035502,encoded,,7140,False
B,3026,106070961,encoded,,6964,False
A,3026,106068860,encoded,,7100,False
B,3027,106104292,encoded,,8515,False
A,3027,106135506,encoded,,14778,False
B,3028,106137629,encoded,,16667,False
A,3028,106168841,encoded,,16667,False
B,3029,106170960,encoded,,16667,False
A,3029,106202189,encoded,,16667,False
B,3030,106204307,encoded,,16666,False
A,3030,106235506,encoded,,16666,False
B,3031,106237646,encoded,,123731,True
A,3031,106268839,encoded,,126594,True
B,3032,106270985,encoded,,17585,False
A,3032,106302173,encoded,,21436,False
B,3033,106304304,encoded,,12550,False
A,3033,106335520,encoded,,10719,False
B,3034,106370971,encoded,,20185,False
A,3034,106368843,encoded,,17176,False
B,3035,106404302,encoded,,21060,False
A,3035,106402176,encoded,,17337,False
B,3036,106437633,encoded,,23264,False
A,3036,106435515,encoded,,23312,False
B,3037,106470967,encoded,,15645,False
A,3037,106468856,encoded,,20203,False
B,3038,106504301,encoded,,13629,False
A,3038,106502181,encoded,,11090,False
B,3039,106537650,encoded,,15068,False
A,3039,106535538,encoded,,9250,False
B,3040,106570985,encoded,,10788,False
A,3040,106602181,encoded,,8336,False
B,3041,106604305,encoded,,10598,False
A,3041,106635538,encoded,,20428,False
B,3042,106637642,encoded,,11023,False
A,3042,106668854,encoded,,5056,False
B,3043,106670976,encoded,,16151,False
A,3043,106702183,encoded,,22508,False
B,3044,106704309,encoded,,11282,False
A,3044,106735530,encoded,,13134,False
B,3045,106737645,encoded,,7985,False
A,3045,106768864,encoded,,11211,False
B,3046,106770982,encoded,,7217,False
A,3046,106802187,encoded,,10211,False
B,3047,106804317,encoded,,6402,False
A,3047,106835527,encoded,,9442,False
B,3048,106837653,encoded,,5721,False
A,3048,106868860,encoded,,8860,False
B,3049,106870991,encoded,,5683,False
A,3049,106902192,encoded,,8743,False
B,3050,106937648,encoded,,4752,False
A,3050,106935525,encoded,,8426,False
B,3051,106970979,encoded,,4702,False
A,3051,106968883,encoded,,8028,False
B,3052,107004312,encoded,,4906,False
A,3052,107002190,encoded,,7891,False
B,3053,107037652,encoded,,13407,False
A,3053,107035523,encoded,,7538,False
B,3054,107070991,encoded,,38946,False
A,3054,107068879,encoded,,7355,False
B,3055,107104331,encoded,,7549,False
A,3055,107135547,encoded,,7434,False
B,3056,107137663,encoded,,7111,False
A,3056,107168876,encoded,,11616,False
B,3057,107170994,encoded,,13060,False
A,3057,107202196,encoded,,16666,False
B,3058,107204325,encoded,,16667,False
A,3058,107235530,encoded,,18926,False
B,3059,107237654,encoded,,16667,False
A,3059,107268867,encoded,,14408,False
B,3060,107270987,encoded,,16666,False
A,3060,107302209,encoded,,16666,False
B,3061,107304318,encoded,,138567,True
A,3061,107335531,encoded,,126583,True
B,3062,107337655,encoded,,8635,False
A,3062,107368868,encoded,,20861,False
B,3063,107370991,encoded,,15218,False
A,3063,107402206,encoded,,10552,False
B,3064,107404324,encoded,,18309,False
A,3064,107435538,encoded,,17993,False
B,3065,107437657,encoded,,12314,False
A,3065,107468872,encoded,,17392,False
B,3066,107471004,encoded,,16056,False
A,3066,107502200,encoded,,22929,False
B,3067,107504324,encoded,,19999,False
A,3067,107535534,encoded,,20536,False
B,3068,107537679,encoded,,16560,False
A,3068,107568872,encoded,,11113,False
B,3069,107570995,encoded,,16191,False
A,3069,107602223,encoded,,9381,False
B,3070,107637672,encoded,,11774,False
A,3070,107635571,encoded,,22191,False
B,3071,107670995,encoded,,19123,False
A,3071,107668871,encoded,,5203,False
B,3072,107704329,encoded,,14212,False
A,3072,107702209,encoded,,22973,False
B,3073,107737671,encoded,,9053,False
A,3073,107735550,encoded,,13501,False
B,3074,107770999,encoded,,7652,False
A,3074,107802220,encoded,,11664,False
B,3075,107804337,encoded,,6997,False
A,3075,107835547,encoded,,10358,False
B,3076,107837673,encoded,,6233,False
A,3076,107868889,encoded,,9571,False
B,3077,107871005,encoded,,6096,False
A,3077,107902214,encoded,,9137,False
B,3078,107904337,encoded,,5577,False
A,3078,107935544,encoded,,8993,False
B,3079,107937679,encoded,,5075,False
A,3079,107968887,encoded,,8349,False
B,3080,107971012,encoded,,4739,False
A,3080,108002214,encoded,,8010,False
B,3081,108004338,encoded,,4445,False
A,3081,108035547,encoded,,7550,False
B,3082,108037678,encoded,,20608,False
A,3082,108068892,encoded,,7651,False
B,3083,108071014,encoded,,11852,False
A,3083,108102216,encoded,,7500,False
B,3084,108137674,encoded,,9509,False
A,3084,108135549,encoded,,8074,False
B,3085,108171011,encoded,,11873,False
A,3085,108168884,encoded,,7361,False
B,3086,108204349,encoded,,16667,False
A,3086,108202231,encoded,,7908,False
B,3087,108237691,encoded,,16666,False
A,3087,108235585,encoded,,16666,False
B,3088,108271023,encoded,,16667,False
A,3088,108268910,encoded,,24318,False
B,3089,108304352,encoded,,16667,False
A,3089,108335554,encoded,,9016,False
B,3090,108337680,encoded,,16666,False
A,3090,108368894,encoded,,16666,False
B,3091,108371013,encoded,,123814,True
A,3091,108402223,encoded,,126591,True
B,3092,108404348,encoded,,17166,False
A,3092,108435559,encoded,,6331,False
B,3093,108437680,encoded,,12758,False
B,3094,108471017,encoded,,15058,False
A,3093,108468896,encoded,,23240,False
A,3094,108502242,encoded,,13127,False
B,3095,108504350,encoded,,24904,False
A,3095,108535562,encoded,,23622,False
B,3096,108537685,encoded,,24044,False
A,3096,108568907,encoded,,12465,False
B,3097,108571019,encoded,,17816,False
A,3097,108602234,encoded,,10480,False
B,3098,108604359,encoded,,17920,False
A,3098,108635569,encoded,,18881,False
B,3099,108637689,encoded,,13699,False
A,3099,108668916,encoded,,23812,False
B,3100,108671024,encoded,,13883,False
A,3100,108702246,encoded,,12061,False
B,3101,108704383,encoded,,11965,False
A,3101,108735621,encoded,,7011,False
B,3102,108737689,encoded,,12905,False
A,3102,108768897,encoded,,17458,False
B,3103,108771020,encoded,,11742,False
A,3103,108802233,encoded,,19351,False
B,3104,108837693,encoded,,8409,False
A,3104,108835578,encoded,,13220,False
B,3105,108871032,encoded,,7015,False
A,3105,108868915,encoded,,11228,False
B,3106,108904362,encoded,,6540,False
A,3106,108902253,encoded,,10219,False
B,3107,108937715,encoded,,5798,False
A,3107,108935582,encoded,,9274,False
B,3108,108971040,encoded,,5502,False
B,3109,109004383,encoded,,5224,False
A,3108,108968920,encoded,,9119,False
A,3109,109035575,encoded,,9014,False
B,3110,109037707,encoded,,4555,False
A,3110,109068911,encoded,,8574,False
B,3111,109071028,encoded,,4605,False
A,3111,109102244,encoded,,8239,False
B,3112,109104373,encoded,,21322,False
A,3112,109135576,encoded,,8317,False
B,3113,109137701,encoded,,2249,False
A,3113,109168912,encoded,,7639,False
B,3114,109171033,encoded,,13301,False
A,3114,109202247,encoded,,7326,False
B,3115,109204369,encoded,,14473,False
A,3115,109235583,encoded,,7384,False
B,3116,109237703,encoded,,16667,False
A,3116,109268924,encoded,,9351,False
B,3117,109271036,encoded,,16666,False
A,3117,109302245,encoded,,16666,False
B,3118,109304372,encoded,,16667,False
A,3118,109335584,encoded,,28905,False
B,3119,109371040,encoded,,16667,False
A,3119,109368912,encoded,,4540,False
B,3120,109404376,encoded,,16666,False
A,3120,109402248,encoded,,16555,False
B,3121,109437709,encoded,,123720,True
A,3121,109435588,encoded,,126536,True
B,3122,109471041,encoded,,16252,False
A,3122,109468936,encoded,,20321,False
B,3123,109504377,encoded,,18695,False
A,3123,109502255,encoded,,10331,False
B,3124,109537723,encoded,,19312,False
A,3124,109535604,encoded,,18412,False
B,3125,109571060,encoded,,24173,False
A,3125,109568934,encoded,,17088,False
B,3126,109604395,encoded,,11468,False
A,3126,109602273,encoded,,22169,False
B,3127,109637710,encoded,,12021,False
A,3127,109668928,encoded,,20622,False
B,3128,109671064,encoded,,17866,False
A,3128,109702252,encoded,,11373,False
B,3129,109704377,encoded,,12848,False
A,3129,109735607,encoded,,9450,False
B,3130,109737714,encoded,,11341,False
A,3130,109768926,encoded,,21767,False
B,3131,109771046,encoded,,11753,False
A,3131,109802266,encoded,,5543,False
B,3132,109804410,encoded,,12956,False
A,3132,109835608,encoded,,16387,False
B,3133,109837718,encoded,,10706,False
A,3133,109868925,encoded,,17625,False
B,3134,109871062,encoded,,18200,False
A,3134,109902259,encoded,,11842,False
B,3135,109904385,encoded,,8201,False
A,3135,109935591,encoded,,10558,False
B,3136,109971061,encoded,,6779,False
A,3136,109968925,encoded,,10125,False
B,3137,110004388,encoded,,5982,False
A,3137,110002265,encoded,,9516,False
B,3138,110037725,encoded,,5959,False
A,3138,110035607,encoded,,8662,False
B,3139,110071063,encoded,,5332,False
A,3139,110068943,encoded,,8595,False
B,3140,110104391,encoded,,4938,False
A,3140,110102270,encoded,,8755,False
B,3141,110137733,encoded,,4741,False
A,3141,110135619,encoded,,7771,False
B,3142,110171086,encoded,,20768,False
A,3142,110202269,encoded,,7621,False
B,3143,110204393,encoded,,2420,False
A,3143,110235605,encoded,,7792,False
B,3144,110237728,encoded,,13569,False
A,3144,110268935,encoded,,7039,False
B,3145,110271061,encoded,,16667,False
A,3145,110302285,encoded,,7275,False
B,3146,110304397,encoded,,16667,False
A,3146,110335624,encoded,,10159,False
B,3147,110337731,encoded,,16666,False
A,3147,110368961,encoded,,16666,False
B,3148,110371067,encoded,,16667,False
A,3148,110402285,encoded,,23988,False
B,3149,110404406,encoded,,16667,False
A,3149,110435634,encoded,,9346,False
B,3150,110437736,encoded,,16666,False
A,3150,110468946,encoded,,16666,False
B,3151,110504411,encoded,,123604,True
A,3151,110502269,encoded,,126643,True
B,3152,110537733,encoded,,16452,False
A,3152,110535606,encoded,,15401,False
B,3153,110571065,encoded,,12410,False
A,3153,110568942,encoded,,12509,False
B,3154,110604399,encoded,,14234,False
A,3154,110602289,encoded,,19512,False
B,3155,110637741,encoded,,23340,False
A,3155,110635621,encoded,,17778,False
B,3156,110671116,encoded,,18561,False
A,3156,110668968,encoded,,24076,False
B,3157,110704412,encoded,,13472,False
A,3157,110702299,encoded,,20488,False
B,3158,110737738,encoded,,15354,False
A,3158,110735611,encoded,,11702,False
B,3159,110771086,encoded,,16044,False
A,3159,110768961,encoded,,9924,False
B,3160,110804408,encoded,,22038,False
A,3160,110835612,encoded,,8060,False
B,3161,110837754,encoded,,14630,False
A,3161,110868951,encoded,,20147,False
B,3162,110871072,encoded,,13569,False
A,3162,110902293,encoded,,14731,False
B,3163,110904408,encoded,,11220,False
B,3164,110937755,encoded,,8019,False
A,3163,110935657,encoded,,18256,False
B,3165,110971077,encoded,,6976,False
A,3164,110968961,encoded,,3130,False
B,3166,111004410,encoded,,6266,False
A,3165,111002300,encoded,,15834,False
B,3167,111037743,encoded,,5739,False
A,3166,111035620,encoded,,11263,False
B,3168,111071082,encoded,,5536,False
A,3167,111068969,encoded,,9938,False
B,3169,111104419,encoded,,4815,False
A,3168,111102295,encoded,,11142,False
B,3170,111137756,encoded,,4803,False
A,3169,111135634,encoded,,9181,False
B,3171,111171095,encoded,,4340,False
A,3170,111168960,encoded,,8542,False
B,3172,111204419,encoded,,5245,False
A,3171,111202297,encoded,,8699,False
B,3173,111237752,encoded,,16667,False
A,3172,111235640,encoded,,7801,False
B,3174,111271082,encoded,,35498,False
A,3173,111268962,encoded,,7240,False
B,3175,111304421,encoded,,1914,False
A,3174,111302296,encoded,,7548,False
A,3175,111335625,encoded,,7834,False
B,3176,111337762,encoded,,12588,False
A,3176,111368960,encoded,,8171,False
B,3177,111404422,encoded,,16666,False
A,3177,111402298,encoded,,14450,False
B,3178,111437763,encoded,,16667,False
A,3178,111435636,encoded,,19061,False
B,3179,111471105,encoded,,16667,False
A,3179,111502297,encoded,,14273,False
B,3180,111504423,encoded,,16666,False
A,3180,111535643,encoded,,16666,False
B,3181,111537762,encoded,,123700,True
A,3181,111568966,encoded,,117470,True
B,3182,111571101,encoded,,16185,False
A,3182,111602299,encoded,,25835,False
B,3183,111604425,encoded,,12860,False
A,3183,111635643,encoded,,15372,False
B,3184,111637773,encoded,,14748,False
A,3184,111668985,encoded,,19096,False
B,3185,111671122,encoded,,17384,False
A,3185,111702299,encoded,,18745,False
B,3186,111704427,encoded,,16811,False
A,3186,111735636,encoded,,24278,False
B,3187,111771096,encoded,,15056,False
A,3187,111768974,encoded,,21363,False
B,3188,111804434,encoded,,16771,False
A,3188,111802302,encoded,,11345,False
B,3189,111837763,encoded,,18034,False
A,3189,111835651,encoded,,8867,False
B,3190,111871099,encoded,,15907,False
A,3190,111868976,encoded,,8272,False
B,3191,111904438,encoded,,16242,False
A,3191,111902316,encoded,,20321,False
B,3192,111937778,encoded,,19864,False
A,3192,111935646,encoded,,5353,False
B,3193,111971100,encoded,,12883,False
A,3193,111968987,encoded,,16278,False
B,3194,112004445,encoded,,8837,False
B,3195,112037773,encoded,,7447,False
A,3194,112035645,encoded,,17291,False
B,3196,112071106,encoded,,6921,False
A,3195,112068986,encoded,,12116,False
B,3197,112104441,encoded,,5845,False
A,3196,112102308,encoded,,10737,False
A,3197,112135664,encoded,,9686,False
B,3198,112137800,encoded,,5723,False
A,3198,112169031,encoded,,9932,False
B,3199,112171111,encoded,,5408,False
A,3199,112202315,encoded,,8470,False
B,3200,112204441,encoded,,5095,False
A,3200,112235658,encoded,,8505,False
B,3201,112237776,encoded,,4518,False
A,3201,112269000,encoded,,7896,False
B,3202,112271115,encoded,,4447,False
A,3202,112302321,encoded,,8065,False
B,3203,112304446,encoded,,12648,False
A,3203,112335655,encoded,,7575,False
B,3204,112337775,encoded,,31079,False
A,3204,112368993,encoded,,7379,False
B,3205,112404445,encoded,,14897,False
A,3205,112402322,encoded,,7227,False
B,3206,112437806,encoded,,4024,False
A,3206,112435673,encoded,,7000,False
B,3207,112471142,encoded,,16666,False
A,3207,112469037,encoded,,15526,False
B,3208,112504447,encoded,,16667,False
A,3208,112535652,encoded,,29197,False
B,3209,112537782,encoded,,16667,False
A,3209,112569012,encoded,,4344,False
B,3210,112571120,encoded,,16666,False
A,3210,112602321,encoded,,16459,False
B,3211,112604451,encoded,,123783,True
B,3212,112637785,encoded,,12848,False
A,3211,112635671,encoded,,126696,True
A,3212,112669004,encoded,,8896,False
B,3213,112671115,encoded,,12859,False
A,3213,112702330,encoded,,14468,False
B,3214,112704458,encoded,,21946,False
A,3214,112735665,encoded,,23230,False
B,3215,112737795,encoded,,8169,False
A,3215,112769021,encoded,,18466,False
B,3216,112771134,encoded,,16551,False
A,3216,112802326,encoded,,21111,False
B,3217,112804455,encoded,,18814,False
A,3217,112835660,encoded,,15587,False
B,3218,112871121,encoded,,13287,False
A,3218,112869003,encoded,,17468,False
B,3219,112904458,encoded,,21281,False
A,3219,112902333,encoded,,9768,False
A,3220,112935666,encoded,,9715,False
B,3220,112937789,encoded,,15543,False
A,3221,112969009,encoded,,8049,False
B,3221,112971124,encoded,,14862,False
B,3222,113004468,encoded,,13926,False
A,3222,113002347,encoded,,20844,False
A,3223,113035675,encoded,,20738,False
B,3223,113037795,encoded,,20597,False
B,3224,113071129,encoded,,8967,False
A,3224,113069029,encoded,,13426,False
B,3225,113104464,encoded,,7734,False
A,3225,113102355,encoded,,11451,False
B,3226,113137812,encoded,,6794,False
A,3226,113135686,encoded,,10625,False
B,3227,113171138,encoded,,6403,False
A,3227,113169011,encoded,,9703,False
B,3228,113204472,encoded,,5575,False
A,3228,113235677,encoded,,9570,False
B,3229,113237801,encoded,,5246,False
A,3229,113269006,encoded,,9427,False
B,3230,113271131,encoded,,4971,False
A,3230,113302345,encoded,,8455,False
B,3231,113304468,encoded,,4965,False
A,3231,113335677,encoded,,8041,False
B,3232,113337817,encoded,,4780,False
A,3232,113369004,encoded,,7646,False
B,3233,113404469,encoded,,13433,False
A,3233,113402346,encoded,,7601,False
B,3234,113437800,encoded,,31712,False
A,3234,113435673,encoded,,7424,False
B,3235,113471136,encoded,,21011,False
A,3235,113469029,encoded,,7262,False
B,3236,113504487,encoded,,1548,False
A,3236,113502344,encoded,,7667,False
B,3237,113537836,encoded,,12395,False
A,3237,113535707,encoded,,16666,False
B,3238,113571145,encoded,,16667,False
A,3238,113569030,encoded,,28690,False
B,3239,113604488,encoded,,16667,False
A,3239,113635695,encoded,,4644,False
B,3240,113637825,encoded,,16666,False
A,3240,113669022,encoded,,16666,False
B,3241,113671142,encoded,,123736,True
A,3241,113702347,encoded,,126595,True
B,3242,113704478,encoded,,13763,False
A,3242,113735686,encoded,,20757,False
B,3243,113737812,encoded,,13091,False
A,3243,113769035,encoded,,10533,False
B,3244,113771143,encoded,,21540,False
A,3244,113802357,encoded,,17515,False
B,3245,113804490,encoded,,11862,False
A,3245,113835707,encoded,,17038,False
B,3246,113837836,encoded,,20761,False
A,3246,113869044,encoded,,22951,False
B,3247,113871173,encoded,,12860,False
A,3247,113902356,encoded,,20895,False
B,3248,113937816,encoded,,12492,False
A,3248,113935693,encoded,,12114,False
B,3249,113971149,encoded,,15786,False
A,3249,113969021,encoded,,9439,False
B,3250,114004482,encoded,,15716,False
A,3250,114002367,encoded,,7741,False
B,3251,114037830,encoded,,14909,False
A,3251,114035698,encoded,,20100,False
B,3252,114071163,encoded,,18165,False
A,3252,114069045,encoded,,21380,False
B,3253,114104484,encoded,,14095,False
A,3253,114102356,encoded,,13305,False
B,3254,114137835,encoded,,10327,False
A,3254,114135702,encoded,,11635,False
B,3255,114171161,encoded,,7742,False
A,3255,114202367,encoded,,10875,False
B,3256,114204487,encoded,,7100,False
A,3256,114235697,encoded,,9849,False
B,3257,114237826,encoded,,6230,False
A,3257,114269035,encoded,,9712,False
B,3258,114271159,encoded,,5952,False
A,3258,114302380,encoded,,9218,False
B,3259,114304496,encoded,,5362,False
A,3259,114335706,encoded,,8549,False
B,3260,114337842,encoded,,5092,False
A,3260,114369027,encoded,,7910,False
B,3261,114371174,encoded,,4716,False
A,3261,114402368,encoded,,7687,False
B,3262,114404502,encoded,,5370,False
A,3262,114435723,encoded,,7708,False
B,3263,114437825,encoded,,16667,False
A,3263,114469038,encoded,,7654,False
B,3264,114504515,encoded,,36536,False
A,3264,114502364,encoded,,7436,False
B,3265,114537828,encoded,,1694,False
A,3265,114535698,encoded,,7392,False
B,3266,114571164,encoded,,11770,False
A,3266,114569034,encoded,,7346,False
B,3267,114604502,encoded,,16666,False
A,3267,114602383,encoded,,16666,False
B,3268,114637838,encoded,,16667,False
A,3268,114635710,encoded,,29439,False
B,3269,114671172,encoded,,16667,False
A,3269,114669046,encoded,,4203,False
B,3270,114704502,encoded,,16666,False
A,3270,114702375,encoded,,16358,False
B,3271,114737837,encoded,,123696,True
A,3271,114735707,encoded,,126583,True
B,3272,114771182,encoded,,17331,False
A,3272,114769058,encoded,,12002,False
B,3273,114804501,encoded,,11608,False
A,3273,114835705,encoded,,12041,False
B,3274,114837836,encoded,,14446,False
A,3274,114869039,encoded,,23349,False
B,3275,114871173,encoded,,20446,False
A,3275,114902375,encoded,,17957,False
B,3276,114904504,encoded,,16312,False
A,3276,114935712,encoded,,24504,False
B,3277,114937837,encoded,,14756,False
A,3277,114969049,encoded,,21646,False
B,3278,114971173,encoded,,18609,False
A,3278,115002387,encoded,,11365,False
B,3279,115004508,encoded,,20322,False
A,3279,115035718,encoded,,9646,False
B,3280,115037843,encoded,,15974,False
A,3280,115069053,encoded,,8376,False
B,3281,115071183,encoded,,12474,False
A,3281,115102379,encoded,,7662,False
B,3282,115104509,encoded,,16717,False
A,3282,115135712,encoded,,19850,False
B,3283,115137842,encoded,,12039,False
A,3283,115169089,encoded,,20140,False
B,3284,115171189,encoded,,8390,False
A,3284,115202398,encoded,,13239,False
B,3285,115237845,encoded,,7267,False
A,3285,115235732,encoded,,11328,False
B,3286,115271238,encoded,,6437,False
A,3286,115269059,encoded,,10173,False
B,3287,115304534,encoded,,5944,False
A,3287,115302410,encoded,,9605,False
B,3288,115337860,encoded,,5525,False
A,3288,115369061,encoded,,9177,False
B,3289,115371183,encoded,,5350,False
A,3289,115402394,encoded,,8784,False
B,3290,115404521,encoded,,4844,False
A,3290,115435725,encoded,,8808,False
B,3291,115437852,encoded,,4645,False
A,3291,115469054,encoded,,8487,False
B,3292,115471186,encoded,,4495,False
A,3292,115502389,encoded,,7699,False
B,3293,115504519,encoded,,15707,False
A,3293,115535739,encoded,,7874,False
B,3294,115537852,encoded,,29423,False
A,3294,115569072,encoded,,7563,False
B,3295,115571207,encoded,,3910,False
A,3295,115602399,encoded,,7707,False
B,3296,115604533,encoded,,16667,False
A,3296,115635736,encoded,,7769,False
B,3297,115637857,encoded,,16666,False
A,3297,115669058,encoded,,16666,False
B,3298,115671204,encoded,,16667,False
A,3298,115702404,encoded,,37503,False
A,3299,115735729,encoded,,3836,False
B,3299,115737860,encoded,,16667,False
B,3300,115771192,encoded,,16666,False
B,3301,115804524,encoded,,123615,True
A,3300,115769071,encoded,,8661,False
A,3301,115802421,encoded,,126598,True
B,3302,115837863,encoded,,9073,False
A,3302,115835757,encoded,,17926,False
B,3303,115871204,encoded,,25326,False
A,3303,115869085,encoded,,6756,False
B,3304,115904535,encoded,,21368,False
A,3304,115902411,encoded,,23035,False
B,3305,115937868,encoded,,18823,False
A,3305,115969067,encoded,,8952,False
B,3306,115971221,encoded,,27481,False
A,3306,116002402,encoded,,18067,False
B,3307,116004531,encoded,,19199,False
A,3307,116035740,encoded,,10745,False
B,3308,116037869,encoded,,14785,False
A,3308,116069074,encoded,,8870,False
B,3309,116071201,encoded,,16604,False
A,3309,116102405,encoded,,21430,False
B,3310,116104535,encoded,,9249,False
A,3310,116135740,encoded,,23405,False
B,3311,116137869,encoded,,8357,False
A,3311,116169076,encoded,,12756,False
B,3312,116171206,encoded,,16573,False
A,3312,116202416,encoded,,7244,False
B,3313,116204545,encoded,,10179,False
A,3313,116235749,encoded,,18019,False
B,3314,116237878,encoded,,8122,False
A,3314,116269074,encoded,,18017,False
B,3315,116271220,encoded,,7133,False
A,3315,116302406,encoded,,12222,False
B,3316,116304540,encoded,,6355,False
A,3316,116335746,encoded,,11076,False
B,3317,116337873,encoded,,5856,False
A,3317,116369077,encoded,,9762,False
B,3318,116404537,encoded,,5640,False
A,3318,116402425,encoded,,9113,False
B,3319,116437875,encoded,,5800,False
A,3319,116435748,encoded,,8760,False
B,3320,116471217,encoded,,5421,False
A,3320,116469083,encoded,,8199,False
B,3321,116504558,encoded,,5226,False
A,3321,116502428,encoded,,8172,False
B,3322,116537878,encoded,,4272,False
A,3322,116535745,encoded,,8217,False
B,3323,116571213,encoded,,8877,False
A,3323,116602415,encoded,,7867,False
B,3324,116604546,encoded,,16666,False
A,3324,116635753,encoded,,7349,False
B,3325,116637877,encoded,,35050,False
A,3325,116669091,encoded,,7122,False
B,3326,116671212,encoded,,7297,False
A,3326,116702421,encoded,,13655,False
B,3327,116704556,encoded,,7653,False
A,3327,116735754,encoded,,18913,False
B,3328,116737891,encoded,,16667,False
A,3328,116769085,encoded,,14420,False
B,3329,116771228,encoded,,16667,False
A,3329,116802421,encoded,,16667,False
B,3330,116804557,encoded,,16666,False
A,3330,116835759,encoded,,16666,False
B,3331,116871216,encoded,,123620,True
A,3331,116869093,encoded,,117506,True
B,3332,116904557,encoded,,12884,False
A,3332,116902424,encoded,,20504,False
B,3333,116937896,encoded,,13407,False
A,3333,116935770,encoded,,14281,False
B,3334,116971228,encoded,,22002,False
A,3334,116969100,encoded,,24875,False
B,3335,117004554,encoded,,23353,False
A,3335,117002429,encoded,,19974,False
B,3336,117037887,encoded,,11986,False
A,3336,117035770,encoded,,24500,False
B,3337,117071223,encoded,,19582,False
A,3337,117069100,encoded,,20752,False
B,3338,117104586,encoded,,19270,False
A,3338,117102443,encoded,,11675,False
B,3339,117137904,encoded,,16244,False
B,3340,117171232,encoded,,13996,False
A,3339,117135762,encoded,,9246,False
B,3341,117204568,encoded,,12383,False
A,3340,117169103,encoded,,7856,False
A,3341,117235764,encoded,,7360,False
B,3342,117237893,encoded,,13563,False
A,3342,117269103,encoded,,20488,False
B,3343,117271230,encoded,,11872,False
A,3343,117302440,encoded,,19224,False
B,3344,117304566,encoded,,8406,False
A,3344,117335765,encoded,,2384,False
B,3345,117337900,encoded,,7192,False
A,3345,117369106,encoded,,15926,False
B,3346,117371233,encoded,,6760,False
A,3346,117402453,encoded,,11367,False
B,3347,117404567,encoded,,5927,False
A,3347,117435773,encoded,,9885,False
B,3348,117437916,encoded,,5400,False
A,3348,117469119,encoded,,9257,False
B,3349,117471248,encoded,,5158,False
A,3349,117502441,encoded,,8998,False
B,3350,117537908,encoded,,5017,False
A,3350,117535771,encoded,,8757,False
B,3351,117571239,encoded,,4551,False
A,3351,117569106,encoded,,8488,False
B,3352,117604572,encoded,,4468,False
A,3352,117602441,encoded,,7881,False
B,3353,117637914,encoded,,16293,False
A,3353,117635801,encoded,,7739,False
B,3354,117671236,encoded,,36954,False
A,3354,117669126,encoded,,7738,False
B,3355,117704575,encoded,,1667,False
A,3355,117702447,encoded,,7370,False
B,3356,117737911,encoded,,11379,False
A,3356,117735783,encoded,,9303,False
B,3357,117771246,encoded,,16666,False
A,3357,117802443,encoded,,16666,False
B,3358,117804576,encoded,,16667,False
B,3359,117837921,encoded,,16667,False
A,3358,117835782,encoded,,29908,False
A,3359,117869114,encoded,,4603,False
B,3360,117871241,encoded,,16666,False
A,3360,117902450,encoded,,15489,False
B,3361,117904575,encoded,,123681,True
A,3361,117935786,encoded,,126752,True
B,3362,117937913,encoded,,17112,False
A,3362,117969149,encoded,,20527,False
B,3363,117971268,encoded,,12595,False
A,3363,118002467,encoded,,10418,False
B,3364,118004602,encoded,,18222,False
A,3364,118035786,encoded,,16440,False
B,3365,118037937,encoded,,16191,False
A,3365,118069133,encoded,,17629,False
B,3366,118071280,encoded,,19095,False
A,3366,118102453,encoded,,23167,False
B,3367,118137921,encoded,,17857,False
A,3367,118135799,encoded,,20666,False
B,3368,118171249,encoded,,17325,False
A,3368,118169125,encoded,,11045,False
B,3369,118204585,encoded,,16434,False
A,3369,118202452,encoded,,9412,False
B,3370,118237919,encoded,,13912,False
A,3370,118235785,encoded,,7937,False
B,3371,118271257,encoded,,14321,False
A,3371,118269123,encoded,,20619,False
B,3372,118304587,encoded,,16745,False
A,3372,118302460,encoded,,5254,False
B,3373,118337930,encoded,,12150,False
A,3373,118335794,encoded,,22710,False
B,3374,118371278,encoded,,8564,False
A,3374,118402456,encoded,,13618,False
B,3375,118404606,encoded,,7522,False
A,3375,118435791,encoded,,11634,False
B,3376,118437926,encoded,,7101,False
A,3376,118469126,encoded,,10569,False
B,3377,118471261,encoded,,6123,False
A,3377,118502462,encoded,,9529,False
B,3378,118504590,encoded,,5670,False
A,3378,118535802,encoded,,9088,False
B,3379,118537927,encoded,,5571,False
A,3379,118569135,encoded,,8648,False
B,3380,118571268,encoded,,4891,False
A,3380,118602475,encoded,,8120,False
B,3381,118604611,encoded,,4949,False
A,3381,118635816,encoded,,8684,False
B,3382,118637949,encoded,,4385,False
A,3382,118669151,encoded,,8147,False
B,3383,118671286,encoded,,12918,False
A,3383,118702477,encoded,,7715,False
B,3384,118704608,encoded,,32588,False
A,3384,118735803,encoded,,7713,False
B,3385,118737931,encoded,,20875,False
A,3385,118769132,encoded,,7549,False
B,3386,118804610,encoded,,1637,False
A,3386,118802484,encoded,,9744,False
B,3387,118837951,encoded,,11566,False
A,3387,118835816,encoded,,16666,False
B,3388,118871267,encoded,,16667,False
A,3388,118869135,encoded,,31518,False
B,3389,118904603,encoded,,16667,False
A,3389,118902478,encoded,,4368,False
B,3390,118937951,encoded,,16666,False
A,3390,118935823,encoded,,14114,False
B,3391,118971269,encoded,,138159,True
A,3391,119002477,encoded,,126510,True
B,3392,119004606,encoded,,12660,False
A,3392,119035809,encoded,,20150,False
B,3393,119037940,encoded,,20476,False
A,3393,119069146,encoded,,8801,False
B,3394,119071276,encoded,,14520,False
A,3394,119102495,encoded,,18696,False
B,3395,119104616,encoded,,14251,False
A,3395,119135816,encoded,,17957,False
B,3396,119137942,encoded,,23077,False
A,3396,119169142,encoded,,20639,False
B,3397,119171282,encoded,,17043,False
A,3397,119202477,encoded,,15172,False
B,3398,119204633,encoded,,17049,False
A,3398,119235811,encoded,,17350,False
B,3399,119237945,encoded,,13550,False
A,3399,119269155,encoded,,10156,False
B,3400,119271279,encoded,,19533,False
A,3400,119302481,encoded,,22409,False
B,3401,119337944,encoded,,11039,False
A,3401,119335810,encoded,,5211,False
B,3402,119371278,encoded,,9076,False
A,3402,119369146,encoded,,15954,False
B,3403,119404612,encoded,,7919,False
A,3403,119402479,encoded,,18599,False
B,3404,119437955,encoded,,7118,False
A,3404,119435830,encoded,,13151,False
B,3405,119471295,encoded,,6386,False
A,3405,119469162,encoded,,11143,False
B,3406,119504632,encoded,,6014,False
A,3406,119535816,encoded,,10339,False
B,3407,119537961,encoded,,5520,False
A,3407,119569149,encoded,,9939,False
B,3408,119571281,encoded,,5316,False
A,3408,119602486,encoded,,9139,False
B,3409,119604615,encoded,,5068,False
A,3409,119635834,encoded,,8417,False
B,3410,119637955,encoded,,4673,False
A,3410,119669160,encoded,,8140,False
B,3411,119671287,encoded,,4254,False
A,3411,119702520,encoded,,8162,False
B,3412,119704632,encoded,,20577,False
A,3412,119735838,encoded,,7873,False
B,3413,119737959,encoded,,11578,False
A,3413,119769163,encoded,,7461,False
B,3414,119771301,encoded,,9266,False
A,3414,119802491,encoded,,7481,False
B,3415,119804629,encoded,,12545,False
A,3415,119835829,encoded,,7467,False
B,3416,119871290,encoded,,16667,False
A,3416,119869161,encoded,,7273,False
B,3417,119904623,encoded,,16666,False
A,3417,119902492,encoded,,16411,False
B,3418,119937959,encoded,,16667,False
A,3418,119935837,encoded,,24561,False
B,3419,119971296,encoded,,16667,False
A,3419,119969168,encoded,,8773,False
B,3420,120004628,encoded,,16666,False
A,3420,120002504,encoded,,16666,False
B,3421,120037965,encoded,,123428,True
A,3421,120035828,encoded,,126606,True
B,3422,120071322,encoded,,10747,False
A,3422,120069196,encoded,,18970,False
B,3423,120104645,encoded,,17740,False
A,3423,120102509,encoded,,11038,False
B,3424,120137982,encoded,,21357,False
A,3424,120169163,encoded,,19170,False
B,3425,120171298,encoded,,15833,False
A,3425,120202498,encoded,,17572,False
B,3426,120204631,encoded,,16238,False
A,3426,120235834,encoded,,22102,False
B,3427,120237967,encoded,,12567,False
A,3427,120269167,encoded,,20353,False
B,3428,120271308,encoded,,16013,False
A,3428,120302509,encoded,,11325,False
B,3429,120304642,encoded,,16823,False
A,3429,120335858,encoded,,9387,False
B,3430,120337980,encoded,,15682,False
A,3430,120369187,encoded,,20789,False
B,3431,120371321,encoded,,14039,False
A,3431,120402518,encoded,,14788,False
B,3432,120404655,encoded,,13141,False
A,3432,120435840,encoded,,19268,False
B,3433,120471313,encoded,,15360,False
B,3434,120504639,encoded,,11497,False
A,3433,120469194,encoded,,12850,False
A,3434,120502525,encoded,,11004,False
B,3435,120537973,encoded,,7966,False
B,3436,120571313,encoded,,7401,False
A,3435,120535842,encoded,,10131,False
B,3437,120604666,encoded,,6388,False
A,3436,120569180,encoded,,9569,False
B,3438,120637975,encoded,,5428,False
A,3437,120602513,encoded,,8963,False
B,3439,120671311,encoded,,5553,False
A,3438,120635849,encoded,,8851,False
B,3440,120704643,encoded,,5228,False
A,3439,120669181,encoded,,8885,False
B,3441,120738001,encoded,,4827,False
A,3440,120702510,encoded,,8313,False
A,3441,120735858,encoded,,8085,False
B,3442,120771309,encoded,,4739,False
A,3442,120769185,encoded,,7627,False
B,3443,120804649,encoded,,15339,False
A,3443,120802518,encoded,,7258,False
B,3444,120837984,encoded,,29203,False
A,3444,120835846,encoded,,7386,False
B,3445,120871321,encoded,,4130,False
A,3445,120902532,encoded,,7739,False
B,3446,120904651,encoded,,16667,False
A,3446,120935850,encoded,,7442,False
B,3447,120937987,encoded,,16666,False
A,3447,120969191,encoded,,14529,False
B,3448,121004652,encoded,,16667,False
A,3448,121002519,encoded,,19247,False
B,3449,121037985,encoded,,16667,False
A,3449,121035856,encoded,,14087,False
B,3450,121071320,encoded,,16666,False
A,3450,121069186,encoded,,16666,False
B,3451,121104655,encoded,,123355,True
A,3451,121102535,encoded,,126581,True
B,3452,121137995,encoded,,13144,False
A,3452,121135873,encoded,,22157,False
A,3453,121169195,encoded,,8796,False
B,3453,121171331,encoded,,14101,False
A,3454,121202528,encoded,,20123,False
B,3454,121204666,encoded,,22340,False
A,3455,121235866,encoded,,20985,False
B,3455,121237994,encoded,,11519,False
A,3456,121269200,encoded,,20969,False
B,3456,121271334,encoded,,21891,False
A,3457,121302548,encoded,,18934,False
B,3457,121304672,encoded,,10690,False
A,3458,121335892,encoded,,11461,False
B,3458,121338004,encoded,,10464,False
A,3459,121369197,encoded,,9029,False
B,3459,121371334,encoded,,14818,False
A,3460,121402532,encoded,,8050,False
B,3460,121404660,encoded,,12080,False
A,3461,121435873,encoded,,20670,False
B,3461,121437998,encoded,,16809,False
A,3462,121469204,encoded,,21676,False
B,3462,121471333,encoded,,18366,False
A,3463,121502531,encoded,,2876,False
B,3463,121504664,encoded,,21515,False
A,3464,121569210,encoded,,16619,False
B,3464,121537998,encoded,,8970,False
A,3465,121602536,encoded,,11831,False
B,3465,121571335,encoded,,7570,False
A,3466,121635877,encoded,,10538,False
B,3466,121604665,encoded,,7078,False
B,3467,121638007,encoded,,6592,False
A,3467,121669218,encoded,,10395,False
B,3468,121704672,encoded,,5958,False
A,3468,121702539,encoded,,9384,False
B,3469,121738005,encoded,,5714,False
A,3469,121735867,encoded,,9141,False
B,3470,121771336,encoded,,5318,False
A,3470,121769210,encoded,,8534,False
B,3471,121804688,encoded,,4919,False
A,3471,121802555,encoded,,8333,False
B,3472,121838004,encoded,,4770,False
A,3472,121869216,encoded,,7904,False
B,3473,121871340,encoded,,15353,False
A,3473,121902538,encoded,,7666,False
B,3474,121904674,encoded,,29426,False
A,3474,121935880,encoded,,7616,False
B,3475,121938006,encoded,,3907,False
A,3475,121969215,encoded,,7753,False
B,3476,121971341,encoded,,16667,False
A,3476,122002550,encoded,,7161,False
B,3477,122004682,encoded,,16666,False
A,3477,122035888,encoded,,14818,False
B,3478,122038014,encoded,,16667,False
A,3478,122069214,encoded,,19921,False
B,3479,122071358,encoded,,16667,False
A,3479,122102545,encoded,,13413,False
B,3480,122104682,encoded,,16666,False
A,3480,122135891,encoded,,16666,False
B,3481,122171345,encoded,,123312,True
A,3481,122169223,encoded,,126251,True
B,3482,122204680,encoded,,8859,False
A,3482,122202564,encoded,,8319,False
B,3483,122238025,encoded,,15494,False
A,3483,122235882,encoded,,16063,False
B,3484,122271355,encoded,,18222,False
A,3484,122269212,encoded,,24170,False
B,3485,122304685,encoded,,22026,False
A,3485,122302557,encoded,,17920,False
B,3486,122338032,encoded,,16753,False
A,3486,122335911,encoded,,23897,False
B,3487,122371375,encoded,,14194,False
A,3487,122402551,encoded,,20381,False
B,3488,122404689,encoded,,20083,False
B,3489,122438026,encoded,,19692,False
A,3488,122435890,encoded,,11370,False
A,3489,122469216,encoded,,9392,False
B,3490,122471358,encoded,,13300,False
A,3490,122502564,encoded,,9343,False
B,3491,122504688,encoded,,18631,False
A,3491,122535886,encoded,,21374,False
B,3492,122538025,encoded,,13850,False
A,3492,122569227,encoded,,5024,False
A,3493,122602570,encoded,,22374,False
B,3493,122571365,encoded,,9844,False
A,3494,122635910,encoded,,13104,False
B,3494,122604706,encoded,,9049,False
A,3495,122669245,encoded,,11530,False
B,3495,122638035,encoded,,7541,False
A,3496,122702568,encoded,,10628,False
B,3496,122671377,encoded,,6680,False
A,3497,122735910,encoded,,10162,False
B,3497,122704706,encoded,,6102,False
B,3498,122738029,encoded,,6033,False
A,3498,122769232,encoded,,9148,False
B,3499,122771360,encoded,,5473,False
A,3499,122802563,encoded,,9308,False
B,3500,122838048,encoded,,5471,False
A,3500,122835898,encoded,,8611,False
B,3501,122871372,encoded,,4896,False
A,3501,122869240,encoded,,8096,False
B,3502,122904700,encoded,,4521,False
A,3502,122902578,encoded,,8180,False
B,3503,122938037,encoded,,13308,False
A,3503,122969230,encoded,,8257,False
B,3504,122971368,encoded,,38977,False
A,3504,123002569,encoded,,8569,False
B,3505,123004699,encoded,,7362,False
A,3505,123035907,encoded,,7884,False
B,3506,123038034,encoded,,3661,False
A,3506,123069233,encoded,,7757,False
B,3507,123071369,encoded,,16666,False
A,3507,123102569,encoded,,12888,False
B,3508,123104717,encoded,,16667,False
A,3508,123135911,encoded,,16667,False
B,3509,123138037,encoded,,16667,False
A,3509,123169235,encoded,,16667,False
B,3510,123171372,encoded,,16666,False
A,3510,123202571,encoded,,16666,False
B,3511,123238037,encoded,,123533,True
A,3511,123235903,encoded,,117303,True
B,3512,123271376,encoded,,14011,False
A,3512,123269238,encoded,,17410,False
B,3513,123304708,encoded,,11120,False
A,3513,123302573,encoded,,16866,False
B,3514,123338050,encoded,,21908,False
A,3514,123335908,encoded,,24224,False
B,3515,123371380,encoded,,8651,False
A,3515,123369256,encoded,,19832,False
B,3516,123404715,encoded,,21546,False
A,3516,123402575,encoded,,23668,False
B,3517,123438053,encoded,,14969,False
A,3517,123469246,encoded,,21366,False
B,3518,123471379,encoded,,17796,False
A,3518,123502575,encoded,,11818,False
B,3519,123504711,encoded,,16087,False
A,3519,123535916,encoded,,9493,False
B,3520,123538047,encoded,,16268,False
A,3520,123569246,encoded,,8392,False
B,3521,123571382,encoded,,16269,False
A,3521,123602578,encoded,,7761,False
B,3522,123604719,encoded,,12179,False
A,3522,123635924,encoded,,19729,False
B,3523,123638051,encoded,,20528,False
A,3523,123669261,encoded,,20465,False
B,3524,123671387,encoded,,9243,False
A,3524,123702599,encoded,,2807,False
B,3525,123704724,encoded,,7281,False
A,3525,123735920,encoded,,15754,False
B,3526,123738070,encoded,,6981,False
A,3526,123769260,encoded,,11579,False
B,3527,123771395,encoded,,6348,False
A,3527,123802597,encoded,,10639,False
B,3528,123804742,encoded,,5485,False
A,3528,123835917,encoded,,9362,False
B,3529,123871389,encoded,,5529,False
A,3529,123869253,encoded,,9038,False
B,3530,123904723,encoded,,5259,False
A,3530,123902587,encoded,,8625,False
B,3531,123938067,encoded,,4833,False
A,3531,123935927,encoded,,8719,False
B,3532,123971389,encoded,,4450,False
A,3532,123969262,encoded,,8201,False
B,3533,124004737,encoded,,13060,False
A,3533,124002606,encoded,,8757,False
B,3534,124038061,encoded,,39065,False
A,3534,124035942,encoded,,7792,False
B,3535,124071403,encoded,,7329,False
A,3535,124069275,encoded,,7589,False
B,3536,124104727,encoded,,3606,False
A,3536,124135935,encoded,,7800,False
B,3537,124138063,encoded,,16666,False
A,3537,124169257,encoded,,15011,False
B,3538,124171394,encoded,,16667,False
A,3538,124202597,encoded,,16667,False
B,3539,124204727,encoded,,16667,False
A,3539,124235937,encoded,,16667,False
B,3540,124238067,encoded,,16666,False
A,3540,124269264,encoded,,16666,False
B,3541,124271409,encoded,,123712,True
A,3541,124302602,encoded,,126615,True
B,3542,124304735,encoded,,8711,False
A,3542,124335930,encoded,,15465,False
B,3543,124338085,encoded,,19244,False
A,3543,124369271,encoded,,13522,False
B,3544,124404737,encoded,,23103,False
A,3544,124402609,encoded,,20214,False
B,3545,124438066,encoded,,19519,False
A,3545,124435940,encoded,,18363,False
B,3546,124471401,encoded,,17630,False
A,3546,124469272,encoded,,24670,False
B,3547,124504736,encoded,,16404,False
A,3547,124502598,encoded,,22696,False
B,3548,124538073,encoded,,12983,False
A,3548,124535933,encoded,,14701,False
B,3549,124571405,encoded,,14771,False
A,3549,124569278,encoded,,11919,False
B,3550,124604760,encoded,,14434,False
A,3550,124602619,encoded,,10877,False
B,3551,124638089,encoded,,11340,False
A,3551,124669272,encoded,,11125,False
B,3552,124671411,encoded,,13097,False
A,3552,124702607,encoded,,10223,False
B,3553,124704741,encoded,,20102,False
A,3553,124735938,encoded,,9778,False
B,3554,124738074,encoded,,9127,False
A,3554,124769273,encoded,,9076,False
B,3555,124771410,encoded,,7530,False
A,3555,124802615,encoded,,8795,False
B,3556,124804749,encoded,,6746,False
A,3556,124835940,encoded,,8697,False
B,3557,124838090,encoded,,6487,False
A,3557,124869274,encoded,,9170,False
B,3558,124871414,encoded,,5750,False
A,3558,124902611,encoded,,9336,False
B,3559,124904746,encoded,,5189,False
A,3559,124935954,encoded,,10131,False
B,3560,124938081,encoded,,5032,False
A,3560,124969279,encoded,,9714,False
B,3561,125004748,encoded,,4669,False
A,3561,125002614,encoded,,9558,False
B,3562,125038082,encoded,,4314,False
A,3562,125035955,encoded,,9576,False
B,3563,125071419,encoded,,13440,False
A,3563,125069287,encoded,,27018,False
B,3564,125104753,encoded,,31314,False
A,3564,125102616,encoded,,7377,False
B,3565,125138093,encoded,,20277,False
A,3565,125135958,encoded,,20803,False
B,3566,125171435,encoded,,5536,False
A,3566,125169284,encoded,,7302,False
B,3567,125204770,encoded,,9539,False
A,3567,125202623,encoded,,20097,False
B,3568,125238092,encoded,,16667,False
A,3568,125269288,encoded,,10362,False
B,3569,125271423,encoded,,16667,False
A,3569,125302626,encoded,,9267,False
B,3570,125304760,encoded,,16666,False
A,3570,125335952,encoded,,10113,False
B,3571,125338090,encoded,,123506,True
A,3571,125369294,encoded,,118316,True
B,3572,125371427,encoded,,16764,False
B,3573,125404775,encoded,,12043,False
A,3572,125402636,encoded,,20575,False
B,3574,125438104,encoded,,19700,False
A,3573,125435975,encoded,,20758,False
B,3575,125471437,encoded,,11914,False
A,3574,125469304,encoded,,24053,False
B,3576,125504778,encoded,,21867,False
A,3575,125502644,encoded,,18164,False
B,3577,125538116,encoded,,12602,False
A,3576,125535974,encoded,,14015,False
B,3578,125571455,encoded,,11090,False
A,3577,125569321,encoded,,12677,False
B,3579,125604772,encoded,,20827,False
A,3578,125602640,encoded,,17037,False
B,3580,125638107,encoded,,17026,False
A,3579,125635972,encoded,,25068,False
B,3581,125671442,encoded,,16044,False
A,3580,125669301,encoded,,9573,False
B,3582,125704783,encoded,,19711,False
A,3581,125702632,encoded,,16838,False
B,3583,125771437,encoded,,13205,False
A,3582,125735961,encoded,,19738,False
B,3584,125804768,encoded,,8831,False
A,3583,125769300,encoded,,14192,False
B,3585,125838104,encoded,,7316,False
A,3584,125802638,encoded,,13512,False
B,3586,125871443,encoded,,6633,False
A,3585,125835974,encoded,,12633,False
B,3587,125904771,encoded,,6334,False
A,3586,125902657,encoded,,11968,False
B,3588,125938115,encoded,,5969,False
A,3587,125935978,encoded,,10473,False
B,3589,125971440,encoded,,5098,False
A,3588,125969303,encoded,,10221,False
B,3590,126004778,encoded,,5046,False
A,3589,126002648,encoded,,9507,False
B,3591,126038118,encoded,,4980,False
A,3590,126035988,encoded,,9350,False
B,3592,126071447,encoded,,4557,False
A,3591,126069304,encoded,,9142,False
A,3592,126102646,encoded,,8960,False
B,3593,126104779,encoded,,12271,False
A,3593,126135993,encoded,,9378,False
B,3594,126138110,encoded,,20949,False
A,3594,126169330,encoded,,9296,False
A,3595,126202666,encoded,,9176,False
B,3595,126171452,encoded,,27552,False
B,3596,126204803,encoded,,1545,False
A,3596,126235973,encoded,,9061,False
B,3597,126271453,encoded,,16620,False
A,3597,126269306,encoded,,8571,False
B,3598,126304790,encoded,,16667,False
B,3599,126338135,encoded,,16667,False
A,3598,126302646,encoded,,26259,False
B,3600,126371478,encoded,,16666,False
A,3599,126369336,encoded,,7753,False
A,3600,126402655,encoded,,7917,False
B,3601,126404791,encoded,,123628,True
A,3601,126436000,encoded,,118127,True
B,3602,126438148,encoded,,17067,False
A,3602,126469325,encoded,,14988,False
B,3603,126471453,encoded,,12414,False
A,3603,126502652,encoded,,19113,False
B,3604,126504788,encoded,,14752,False
A,3604,126536003,encoded,,17112,False
B,3605,126538127,encoded,,11022,False
A,3605,126569324,encoded,,21429,False
B,3606,126571478,encoded,,16429,False
A,3606,126602653,encoded,,14519,False
B,3607,126604793,encoded,,15769,False
A,3607,126635995,encoded,,17410,False
B,3608,126638126,encoded,,20286,False
A,3608,126669323,encoded,,15457,False
B,3609,126671459,encoded,,18614,False
A,3609,126702662,encoded,,15313,False
B,3610,126738130,encoded,,17192,False
A,3610,126735988,encoded,,14597,False
B,3611,126771460,encoded,,14310,False
A,3611,126769322,encoded,,21768,False
B,3612,126804797,encoded,,13347,False
A,3612,126802664,encoded,,14556,False
B,3613,126838144,encoded,,20950,False
A,3613,126836006,encoded,,21281,False
B,3614,126871480,encoded,,8738,False
A,3614,126869341,encoded,,13179,False
B,3615,126904804,encoded,,7463,False
A,3615,126902657,encoded,,15007,False
B,3616,126938131,encoded,,6804,False
A,3616,126969324,encoded,,20027,False
B,3617,126971463,encoded,,6404,False
A,3617,127002658,encoded,,13978,False
B,3618,127004798,encoded,,6143,False
A,3618,127035996,encoded,,13569,False
B,3619,127038133,encoded,,5671,False
A,3619,127069332,encoded,,13276,False
B,3620,127071468,encoded,,5497,False
A,3620,127102681,encoded,,13583,False
B,3621,127104814,encoded,,5931,False
A,3621,127136009,encoded,,13891,False
B,3622,127138146,encoded,,5276,False
A,3622,127169334,encoded,,13956,False
B,3623,127171482,encoded,,9627,False
A,3623,127202669,encoded,,14040,False
B,3624,127238134,encoded,,16666,False
A,3624,127236000,encoded,,15356,False
B,3625,127271470,encoded,,34380,False
A,3625,127269330,encoded,,14777,False
B,3626,127304806,encoded,,4944,False
A,3626,127302689,encoded,,14904,False
B,3627,127338151,encoded,,10676,False
A,3627,127336026,encoded,,14504,False
B,3628,127371489,encoded,,16667,False
A,3628,127369333,encoded,,19981,False
B,3629,127404817,encoded,,16667,False
A,3629,127402669,encoded,,17096,False
B,3630,127438153,encoded,,16666,False
A,3630,127436009,encoded,,17218,False
B,3631,127471475,encoded,,125015,True
A,3631,127502685,encoded,,79826,True
B,3632,127504810,encoded,,14950,False
A,3632,127536006,encoded,,10799,False
B,3633,127538148,encoded,,16411,False
A,3633,127569339,encoded,,14345,False
B,3634,127571486,encoded,,15814,False
A,3634,127602681,encoded,,12626,False
B,3635,127604818,encoded,,16793,False
A,3635,127636025,encoded,,18144,False
B,3636,127638147,encoded,,11821,False
A,3636,127669359,encoded,,10789,False
B,3637,127671506,encoded,,19123,False
A,3637,127702680,encoded,,13327,False
B,3638,127704832,encoded,,19479,False
A,3638,127736012,encoded,,15932,False
B,3639,127771483,encoded,,12158,False
B,3640,127804819,encoded,,12648,False
A,3639,127769346,encoded,,12106,False
B,3641,127838153,encoded,,18618,False
A,3640,127802679,encoded,,16761,False
A,3641,127836017,encoded,,16958,False
B,3642,127871484,encoded,,21563,False
A,3642,127902683,encoded,,18384,False
B,3643,127904821,encoded,,13902,False
A,3643,127936021,encoded,,12855,False
B,3644,127938158,encoded,,13595,False
B,3645,127971491,encoded,,13676,False
A,3644,127969353,encoded,,11870,False
B,3646,128004821,encoded,,12962,False
A,3645,128002683,encoded,,20657,False
B,3647,128038155,encoded,,13624,False
A,3646,128036023,encoded,,14114,False
B,3648,128071492,encoded,,13926,False
A,3647,128069353,encoded,,13514,False
B,3649,128104825,encoded,,14551,False
A,3648,128102686,encoded,,17915,False
B,3650,128138163,encoded,,14883,False
A,3649,128136030,encoded,,14681,False
B,3651,128171492,encoded,,16552,False
A,3650,128169360,encoded,,13354,False
B,3652,128204839,encoded,,16141,False
A,3651,128202686,encoded,,12780,False
A,3652,128269365,encoded,,17142,False
B,3653,128238167,encoded,,15019,False
A,3653,128302697,encoded,,12824,False
B,3654,128271494,encoded,,14751,False
A,3654,128336039,encoded,,12343,False
B,3655,128304833,encoded,,13778,False
A,3655,128369358,encoded,,24191,False
B,3656,128338165,encoded,,14076,False
A,3656,128402699,encoded,,8972,False
B,3657,128371503,encoded,,14448,False
A,3657,128436032,encoded,,18576,False
B,3658,128404836,encoded,,14855,False
A,3658,128469373,encoded,,16658,False
B,3659,128438175,encoded,,16741,False
A,3659,128502703,encoded,,19005,False
B,3660,128471504,encoded,,15816,False
A,3660,128536040,encoded,,16184,False
B,3661,128538179,encoded,,96286,True
A,3661,128569364,encoded,,73728,True
B,3662,128571506,encoded,,6700,False
A,3662,128602704,encoded,,8967,False
B,3663,128604838,encoded,,19564,False
A,3663,128636036,encoded,,8080,False
B,3664,128638173,encoded,,21174,False
A,3664,128669378,encoded,,11183,False
B,3665,128671505,encoded,,17046,False
A,3665,128702700,encoded,,11454,False
B,3666,128704850,encoded,,19017,False
A,3666,128736043,encoded,,12912,False
B,3667,128738172,encoded,,14487,False
A,3667,128769383,encoded,,13382,False
B,3668,128771522,encoded,,13634,False
A,3668,128802724,encoded,,18703,False
B,3669,128804857,encoded,,13783,False
A,3669,128836052,encoded,,16490,False
B,3670,128838182,encoded,,14449,False
A,3670,128869383,encoded,,12449,False
B,3671,128871516,encoded,,14939,False
B,3672,128904842,encoded,,15972,False
A,3671,128936036,encoded,,17373,False
A,3672,128969374,encoded,,16449,False
B,3673,128938176,encoded,,16422,False
B,3674,128971511,encoded,,15194,False
A,3673,129002708,encoded,,10576,False
A,3674,129036049,encoded,,20778,False
B,3675,129004848,encoded,,15016,False
A,3675,129069382,encoded,,5306,False
B,3676,129038180,encoded,,22311,False
B,3677,129104849,encoded,,17679,False
A,3676,129102715,encoded,,13893,False
B,3678,129138190,encoded,,13851,False
A,3677,129136050,encoded,,21180,False
A,3678,129169376,encoded,,5351,False
B,3679,129171516,encoded,,14042,False
A,3679,129202715,encoded,,12128,False
B,3680,129204849,encoded,,13819,False
A,3680,129236061,encoded,,8885,False
B,3681,129238210,encoded,,22193,False
A,3681,129269402,encoded,,22519,False
B,3682,129271534,encoded,,12717,False
A,3682,129302718,encoded,,5327,False
A,3683,129336052,encoded,,22116,False
B,3683,129304855,encoded,,14179,False
A,3684,129369387,encoded,,12278,False
B,3684,129338192,encoded,,23814,False
A,3685,129402716,encoded,,10881,False
B,3685,129371534,encoded,,13556,False
A,3686,129436055,encoded,,10635,False
B,3686,129404853,encoded,,14649,False
A,3687,129469384,encoded,,9800,False
B,3687,129438194,encoded,,14691,False
A,3688,129502720,encoded,,9103,False
B,3688,129471532,encoded,,20833,False
A,3689,129536053,encoded,,6911,False
B,3689,129504866,encoded,,13907,False
A,3690,129569390,encoded,,6125,False
B,3690,129538192,encoded,,16092,False
A,3691,129636055,encoded,,90586,True
B,3691,129571527,encoded,,63598,True
A,3692,129669389,encoded,,14938,False
B,3692,129604858,encoded,,10627,False
A,3693,129702727,encoded,,12156,False
B,3693,129638194,encoded,,10088,False
A,3694,129736060,encoded,,19269,False
B,3694,129671528,encoded,,13496,False
A,3695,129769391,encoded,,12980,False
B,3695,129704862,encoded,,14030,False
A,3696,129802739,encoded,,19184,False
B,3696,129738196,encoded,,17327,False
A,3697,129836069,encoded,,13656,False
B,3697,129771533,encoded,,14475,False
A,3698,129869406,encoded,,7568,False
B,3698,129804870,encoded,,11076,False
A,3699,129902726,encoded,,18757,False
B,3699,129871548,encoded,,17479,False
A,3700,129936076,encoded,,18090,False
B,3700,129904877,encoded,,16465,False
B,3701,129938209,encoded,,15007,False
A,3701,129969417,encoded,,9634,False
B,3702,129971549,encoded,,11048,False
A,3702,130002727,encoded,,7831,False
B,3703,130004869,encoded,,16693,False
A,3703,130036075,encoded,,6176,False
B,3704,130038208,encoded,,16102,False
A,3704,130069407,encoded,,5825,False
B,3705,130071544,encoded,,14813,False
A,3705,130136075,encoded,,5262,False
B,3706,130104885,encoded,,8163,False
A,3706,130169405,encoded,,4561,False
B,3707,130138210,encoded,,16646,False
A,3707,130202738,encoded,,4259,False
B,3708,130171542,encoded,,17970,False
A,3708,130236067,encoded,,9908,False
B,3709,130204875,encoded,,10040,False
A,3709,130269423,encoded,,6756,False
B,3710,130238211,encoded,,17506,False
A,3710,130302742,encoded,,5933,False
B,3711,130271560,encoded,,16729,False
A,3711,130336070,encoded,,5558,False
B,3712,130304882,encoded,,10370,False
A,3712,130369406,encoded,,10433,False
B,3713,130338211,encoded,,8992,False
A,3713,130402742,encoded,,16667,False
B,3714,130371547,encoded,,8220,False
B,3715,130438228,encoded,,8495,False
A,3714,130436079,encoded,,32703,False
A,3715,130502741,encoded,,1730,False
B,3716,130471555,encoded,,6958,False
B,3717,130504884,encoded,,6044,False
A,3716,130536076,encoded,,15567,False
B,3718,130571553,encoded,,6758,False
A,3717,130569411,encoded,,16666,False
B,3719,130604888,encoded,,16294,False
A,3718,130602751,encoded,,16667,False
B,3720,130638225,encoded,,9416,False
A,3719,130636079,encoded,,16667,False
B,3721,130671555,encoded,,101436,True
A,3720,130669420,encoded,,16666,False
B,3722,130704893,encoded,,11571,False
A,3721,130702768,encoded,,117530,True
B,3723,130738247,encoded,,10145,False
A,3722,130736093,encoded,,25768,False
B,3724,130771559,encoded,,11823,False
A,3723,130769420,encoded,,1853,False
B,3725,130804890,encoded,,16403,False
A,3724,130802753,encoded,,15431,False
B,3726,130838225,encoded,,16971,False
A,3725,130836082,encoded,,17209,False
B,3727,130871561,encoded,,18824,False
A,3726,130869420,encoded,,14532,False
B,3728,130904903,encoded,,8030,False
A,3727,130936098,encoded,,7773,False
B,3729,130938225,encoded,,15459,False
A,3728,130969440,encoded,,14305,False
B,3730,130971618,encoded,,15079,False
A,3729,131002770,encoded,,8615,False
B,3731,131004917,encoded,,8936,False
A,3730,131036088,encoded,,7264,False
B,3732,131038231,encoded,,7658,False
A,3731,131069427,encoded,,6574,False
B,3733,131104901,encoded,,7823,False
A,3732,131102761,encoded,,5706,False
B,3734,131138232,encoded,,6653,False
A,3733,131136087,encoded,,5113,False
B,3735,131171564,encoded,,6793,False
A,3734,131169427,encoded,,4782,False
B,3736,131204900,encoded,,6260,False
A,3735,131202773,encoded,,4634,False
B,3737,131238234,encoded,,6347,False
A,3736,131236101,encoded,,9578,False
B,3738,131271572,encoded,,6376,False
A,3737,131269434,encoded,,16667,False
B,3739,131304902,encoded,,16665,False
B,3740,131338242,encoded,,5260,False
A,3738,131302770,encoded,,34876,False
A,3739,131369434,encoded,,1504,False
B,3741,131371572,encoded,,12404,False
A,3740,131402770,encoded,,13620,False
B,3742,131404912,encoded,,10020,False
A,3741,131436100,encoded,,16666,False
B,3743,131438240,encoded,,9352,False
A,3742,131469436,encoded,,16667,False
B,3744,131471575,encoded,,8918,False
A,3743,131502767,encoded,,16667,False
B,3745,131504912,encoded,,10831,False
A,3744,131536101,encoded,,16666,False
B,3746,131538257,encoded,,16667,False
A,3745,131569436,encoded,,16667,False
B,3747,131571576,encoded,,34951,False
B,3748,131604914,encoded,,6150,False
A,3746,131602780,encoded,,16667,False
B,3749,131638247,encoded,,8899,False
A,3747,131636111,encoded,,16666,False
B,3750,131671576,encoded,,16666,False
A,3748,131669442,encoded,,16667,False
B,3751,131738244,encoded,,118846,True
A,3749,131702774,encoded,,16667,False
B,3752,131771582,encoded,,16463,False
A,3750,131736102,encoded,,16666,False
B,3753,131804916,encoded,,5744,False
A,3751,131769444,encoded,,117566,True
B,3754,131838264,encoded,,13693,False
A,3752,131802780,encoded,,24800,False
B,3755,131871597,encoded,,11558,False
B,3756,131904939,encoded,,21588,False
A,3753,131836107,encoded,,9545,False
B,3757,131938251,encoded,,16266,False
A,3754,131869453,encoded,,10861,False
B,3758,131971587,encoded,,9537,False
A,3755,131902773,encoded,,15938,False
A,3756,131936109,encoded,,21881,False
B,3759,132004947,encoded,,8317,False
A,3757,131969440,encoded,,12964,False
B,3760,132038259,encoded,,7449,False
A,3758,132002779,encoded,,9268,False
B,3761,132071593,encoded,,18397,False
A,3759,132036124,encoded,,7554,False
B,3762,132104920,encoded,,10888,False
A,3760,132069443,encoded,,6364,False
B,3763,132138254,encoded,,9371,False
B,3764,132171591,encoded,,8444,False
A,3761,132102784,encoded,,22516,False
A,3762,132136113,encoded,,11192,False
B,3765,132204925,encoded,,7744,False
A,3763,132169448,encoded,,9031,False
B,3766,132238264,encoded,,6810,False
A,3764,132202781,encoded,,7783,False
B,3767,132271598,encoded,,6473,False
A,3765,132236116,encoded,,7281,False
B,3768,132304926,encoded,,6145,False
A,3766,132302785,encoded,,6585,False
B,3769,132338260,encoded,,12934,False
A,3767,132336119,encoded,,6051,False
B,3770,132371608,encoded,,29589,False
A,3768,132369457,encoded,,5797,False
B,3771,132404927,encoded,,25733,False
A,3769,132402785,encoded,,5532,False
A,3770,132436123,encoded,,14825,False
B,3772,132438265,encoded,,3162,False
B,3773,132471611,encoded,,8183,False
A,3771,132469473,encoded,,36470,False
A,3772,132502800,encoded,,9552,False
B,3774,132504944,encoded,,16666,False
A,3773,132536121,encoded,,3978,False
B,3775,132538278,encoded,,16667,False
A,3774,132569456,encoded,,16666,False
B,3776,132604938,encoded,,16667,False
A,3775,132602790,encoded,,16667,False
B,3777,132638288,encoded,,16666,False
A,3776,132669466,encoded,,16667,False
B,3778,132671602,encoded,,16667,False
A,3777,132702792,encoded,,16666,False
B,3779,132704934,encoded,,16667,False
A,3778,132736137,encoded,,16667,False
B,3780,132738268,encoded,,16666,False
A,3779,132769469,encoded,,16667,False
B,3781,132771620,encoded,,117885,True
A,3780,132802827,encoded,,16666,False
B,3782,132804968,encoded,,23286,False
A,3781,132836147,encoded,,117437,True
B,3783,132838298,encoded,,10779,False
A,3782,132869486,encoded,,24416,False
B,3784,132871629,encoded,,19004,False
A,3783,132902810,encoded,,13436,False
B,3785,132938282,encoded,,15043,False
A,3784,132936137,encoded,,13698,False
B,3786,132971610,encoded,,13905,False
A,3785,132969466,encoded,,12704,False
B,3787,133004950,encoded,,16233,False
A,3786,133002802,encoded,,12969,False
B,3788,133038277,encoded,,15761,False
A,3787,133036136,encoded,,19035,False
B,3789,133071613,encoded,,10254,False
A,3788,133069468,encoded,,26370,False
B,3790,133104948,encoded,,8823,False
A,3789,133102813,encoded,,12796,False
B,3791,133138279,encoded,,7785,False
A,3790,133136159,encoded,,10273,False
B,3792,133171614,encoded,,7171,False
A,3791,133169484,encoded,,8823,False
B,3793,133204953,encoded,,6863,False
A,3792,133236146,encoded,,7736,False
B,3794,133238282,encoded,,6421,False
A,3793,133269472,encoded,,7338,False
B,3795,133271616,encoded,,6119,False
A,3794,133302806,encoded,,6484,False
B,3796,133304948,encoded,,28125,False
A,3795,133336161,encoded,,6203,False
B,3797,133338286,encoded,,3303,False
A,3796,133369482,encoded,,5881,False
B,3798,133371634,encoded,,15887,False
A,3797,133402816,encoded,,5426,False
B,3799,133404978,encoded,,11329,False
A,3798,133436144,encoded,,5172,False
B,3800,133438299,encoded,,9975,False
A,3799,133469478,encoded,,5193,False
B,3801,133504954,encoded,,9872,False
A,3800,133502816,encoded,,11944,False
B,3802,133538291,encoded,,7773,False
A,3801,133536150,encoded,,16666,False
B,3803,133571625,encoded,,11738,False
A,3802,133569484,encoded,,21845,False
B,3804,133604961,encoded,,16666,False
A,3803,133602820,encoded,,11489,False
B,3805,133638303,encoded,,16667,False
A,3804,133636153,encoded,,16666,False
B,3806,133671643,encoded,,16667,False
A,3805,133669507,encoded,,16667,False
B,3807,133704975,encoded,,16666,False
A,3806,133736170,encoded,,16667,False
B,3808,133738314,encoded,,16667,False
A,3807,133769497,encoded,,16666,False
B,3809,133771655,encoded,,16667,False
A,3808,133802818,encoded,,16667,False
B,3810,133804960,encoded,,16666,False
A,3809,133836154,encoded,,16667,False
B,3811,133838302,encoded,,118355,True
A,3810,133869499,encoded,,16666,False
B,3812,133871639,encoded,,21345,False
A,3811,133902839,encoded,,126741,True
B,3813,133904974,encoded,,9430,False
A,3812,133936172,encoded,,19879,False
B,3814,133938318,encoded,,16719,False
A,3813,133969515,encoded,,11981,False
B,3815,133971650,encoded,,11515,False
A,3814,134002829,encoded,,14491,False
B,3816,134004970,encoded,,18812,False
A,3815,134036164,encoded,,13173,False
B,3817,134038308,encoded,,12875,False
A,3816,134069492,encoded,,18737,False
B,3818,134104972,encoded,,18302,False
A,3817,134102837,encoded,,20165,False
B,3819,134138303,encoded,,8479,False
A,3818,134136163,encoded,,17717,False
B,3820,134171639,encoded,,21343,False
A,3819,134169494,encoded,,10642,False
B,3821,134204972,encoded,,13538,False
A,3820,134202832,encoded,,9417,False
B,3822,134238307,encoded,,19977,False
A,3821,134236163,encoded,,8617,False
B,3823,134271654,encoded,,3174,False
A,3822,134269496,encoded,,7722,False
B,3824,134304972,encoded,,14375,False
A,3823,134336167,encoded,,6721,False
B,3825,134338309,encoded,,10212,False
A,3824,134369501,encoded,,6199,False
B,3826,134371642,encoded,,9382,False
A,3825,134402839,encoded,,6084,False
B,3827,134404975,encoded,,8538,False
A,3826,134436171,encoded,,5557,False
B,3828,134438314,encoded,,7712,False
A,3827,134469508,encoded,,24384,False
B,3829,134471648,encoded,,7015,False
A,3828,134502851,encoded,,13720,False
B,3830,134504988,encoded,,7709,False
A,3829,134536189,encoded,,11564,False
B,3831,134538313,encoded,,6766,False
A,3830,134569508,encoded,,10694,False
B,3832,134571655,encoded,,6559,False
A,3831,134602846,encoded,,10468,False
B,3833,134605008,encoded,,11202,False
A,3832,134636179,encoded,,9025,False
B,3834,134638319,encoded,,16666,False
A,3833,134669506,encoded,,8790,False
B,3835,134704999,encoded,,23840,False
A,3834,134702839,encoded,,8915,False
B,3836,134738320,encoded,,9494,False
A,3835,134736179,encoded,,15264,False
B,3837,134771670,encoded,,16666,False
A,3836,134769514,encoded,,16667,False
B,3838,134805031,encoded,,16667,False
A,3837,134802857,encoded,,16666,False
B,3839,134838340,encoded,,16667,False
A,3838,134869516,encoded,,16667,False
B,3840,134871654,encoded,,16666,False
A,3839,134902845,encoded,,16667,False
B,3841,134905021,encoded,,132655,True
A,3840,134936182,encoded,,16666,False
B,3842,134938322,encoded,,19016,False
A,3841,134969527,encoded,,126624,True
B,3843,134971675,encoded,,3671,False
A,3842,135002872,encoded,,15464,False
B,3844,135005008,encoded,,17242,False
A,3843,135036191,encoded,,13045,False
B,3845,135038347,encoded,,14491,False
A,3844,135069544,encoded,,15887,False
B,3846,135071684,encoded,,11224,False
A,3845,135102867,encoded,,21423,False
B,3847,135105020,encoded,,14302,False
A,3846,135136183,encoded,,24711,False
B,3848,135171660,encoded,,16882,False
A,3847,135169516,encoded,,20290,False
B,3849,135205007,encoded,,10233,False
A,3848,135202850,encoded,,11323,False
B,3850,135238330,encoded,,9597,False
A,3849,135236186,encoded,,9605,False
B,3851,135271664,encoded,,21590,False
A,3850,135269520,encoded,,8599,False
B,3852,135305002,encoded,,7202,False
A,3851,135302871,encoded,,7647,False
B,3853,135338340,encoded,,15719,False
A,3852,135336193,encoded,,6965,False
B,3854,135371668,encoded,,7243,False
A,3853,135369529,encoded,,6568,False
B,3855,135405013,encoded,,7702,False
A,3854,135402859,encoded,,6027,False
B,3856,135438356,encoded,,23863,False
A,3855,135469525,encoded,,6729,False
B,3857,135471669,encoded,,5778,False
A,3856,135502868,encoded,,25554,False
B,3858,135505013,encoded,,7505,False
A,3857,135536197,encoded,,3264,False
B,3859,135538339,encoded,,8225,False
A,3858,135569527,encoded,,16960,False
B,3860,135571672,encoded,,21122,False
A,3859,135602871,encoded,,11947,False
B,3861,135605016,encoded,,14368,False
A,3860,135636198,encoded,,10752,False
B,3862,135638343,encoded,,12986,False
A,3861,135669539,encoded,,9946,False
B,3863,135671676,encoded,,11988,False
A,3862,135702870,encoded,,9558,False
B,3864,135738342,encoded,,12589,False
A,3863,135736202,encoded,,8755,False
B,3865,135771676,encoded,,9426,False
A,3864,135769532,encoded,,9211,False
B,3866,135805008,encoded,,9505,False
A,3865,135802873,encoded,,9813,False
B,3867,135838365,encoded,,8866,False
A,3866,135836210,encoded,,16667,False
B,3868,135871694,encoded,,11677,False
A,3867,135869550,encoded,,16666,False
B,3869,135905015,encoded,,16667,False
A,3868,135902869,encoded,,16667,False
B,3870,135938365,encoded,,16711,False
A,3869,135936207,encoded,,16667,False
B,3871,135971694,encoded,,120933,True
A,3870,135969554,encoded,,16666,False
B,3872,136005033,encoded,,22747,False
A,3871,136036206,encoded,,126718,True
B,3873,136038369,encoded,,12297,False
A,3872,136069542,encoded,,12397,False
B,3874,136071686,encoded,,17306,False
A,3873,136102889,encoded,,12203,False
B,3875,136105019,encoded,,16827,False
A,3874,136136230,encoded,,17645,False
B,3876,136138358,encoded,,15774,False
A,3875,136169572,encoded,,23023,False
B,3877,136171697,encoded,,17131,False
A,3876,136202893,encoded,,23164,False
B,3878,136205026,encoded,,16157,False
A,3877,136236210,encoded,,15691,False
B,3879,136238378,encoded,,10243,False
A,3878,136269555,encoded,,17398,False
B,3880,136271696,encoded,,9326,False
A,3879,136302878,encoded,,11003,False
B,3881,136305024,encoded,,21818,False
A,3880,136336214,encoded,,9117,False
B,3882,136371692,encoded,,7793,False
A,3881,136369548,encoded,,8096,False
B,3883,136405027,encoded,,14234,False
A,3882,136402887,encoded,,7724,False
B,3884,136438380,encoded,,20560,False
A,3883,136436227,encoded,,6888,False
B,3885,136471698,encoded,,12479,False
A,3884,136469570,encoded,,6596,False
B,3886,136505031,encoded,,10540,False
A,3885,136502891,encoded,,19981,False
B,3887,136538361,encoded,,9259,False
A,3886,136569553,encoded,,17975,False
B,3888,136571701,encoded,,8890,False
A,3887,136602887,encoded,,12256,False
B,3889,136605035,encoded,,8586,False
A,3888,136636218,encoded,,11265,False
B,3890,136638367,encoded,,8405,False
A,3889,136669554,encoded,,10178,False
B,3891,136671698,encoded,,8255,False
A,3890,136702887,encoded,,9497,False
B,3892,136705032,encoded,,8202,False
A,3891,136736239,encoded,,9580,False
B,3893,136738372,encoded,,8048,False
A,3892,136769556,encoded,,9128,False
B,3894,136771700,encoded,,8484,False
A,3893,136802903,encoded,,8497,False
B,3895,136805040,encoded,,8538,False
A,3894,136836223,encoded,,8693,False
B,3896,136838372,encoded,,10457,False
A,3895,136869562,encoded,,8366,False
B,3897,136871720,encoded,,16666,False
A,3896,136902892,encoded,,10255,False
B,3898,136938372,encoded,,16667,False
A,3897,136936232,encoded,,16666,False
B,3899,136971708,encoded,,16667,False
A,3898,136969563,encoded,,17005,False
B,3900,137005051,encoded,,16666,False
A,3899,137002917,encoded,,16329,False
B,3901,137038393,encoded,,120299,True
A,3900,137036260,encoded,,16666,False
B,3902,137071725,encoded,,21560,False
A,3901,137069587,encoded,,117594,True
B,3903,137105063,encoded,,12306,False
A,3902,137136243,encoded,,11806,False
B,3904,137138384,encoded,,11529,False
A,3903,137169574,encoded,,18009,False
B,3905,137171712,encoded,,9935,False
A,3904,137202904,encoded,,20033,False
B,3906,137205048,encoded,,14432,False
A,3905,137236252,encoded,,15664,False
B,3907,137238383,encoded,,11056,False
A,3906,137269579,encoded,,25039,False
B,3908,137271717,encoded,,13910,False
A,3907,137302909,encoded,,13487,False
B,3909,137305049,encoded,,11866,False
A,3908,137336248,encoded,,12592,False
B,3910,137338389,encoded,,21951,False
A,3909,137369576,encoded,,18928,False
A,3910,137402913,encoded,,14064,False
B,3911,137371731,encoded,,15518,False
A,3911,137436239,encoded,,9421,False
B,3912,137405059,encoded,,11344,False
A,3912,137469572,encoded,,8080,False
B,3913,137471719,encoded,,12628,False
A,3913,137502916,encoded,,7190,False
B,3914,137505058,encoded,,10326,False
B,3915,137538396,encoded,,21885,False
A,3914,137536256,encoded,,6772,False
B,3916,137571724,encoded,,8376,False
A,3915,137569577,encoded,,26927,False
B,3917,137605060,encoded,,17368,False
A,3916,137602916,encoded,,2749,False
B,3918,137638395,encoded,,21700,False
A,3917,137636251,encoded,,17450,False
B,3919,137671735,encoded,,15245,False
B,3920,137705078,encoded,,14125,False
A,3918,137669601,encoded,,12290,False
B,3921,137738395,encoded,,13568,False
A,3919,137702929,encoded,,10780,False
A,3920,137769585,encoded,,11498,False
B,3922,137771727,encoded,,13243,False
B,3923,137805062,encoded,,13050,False
A,3921,137802916,encoded,,10153,False
B,3924,137838394,encoded,,12501,False
A,3922,137836253,encoded,,9333,False
B,3925,137871730,encoded,,12766,False
A,3923,137869583,encoded,,8952,False
A,3924,137902938,encoded,,8613,False
B,3926,137905062,encoded,,13404,False
A,3925,137936283,encoded,,8526,False
A,3926,137969585,encoded,,7986,False
B,3927,137938412,encoded,,13005,False
A,3927,138002953,encoded,,16064,False
B,3928,137971730,encoded,,13428,False
B,3929,138005115,encoded,,13362,False
A,3928,138036266,encoded,,20094,False
B,3930,138038412,encoded,,8298,False
A,3929,138069602,encoded,,13240,False
B,3931,138105067,encoded,,120025,True
A,3930,138102918,encoded,,16666,False
B,3932,138138406,encoded,,8433,False
A,3931,138136267,encoded,,126709,True
B,3933,138171745,encoded,,12564,False
A,3932,138169596,encoded,,15725,False
B,3934,138205077,encoded,,16741,False
A,3933,138202934,encoded,,13267,False
B,3935,138238418,encoded,,16519,False
A,3934,138236273,encoded,,23685,False
B,3936,138271747,encoded,,10728,False
A,3935,138269609,encoded,,17819,False
B,3937,138305075,encoded,,19379,False
A,3936,138302925,encoded,,21559,False
B,3938,138338412,encoded,,13072,False
A,3937,138336287,encoded,,19406,False
B,3939,138371739,encoded,,16809,False
A,3938,138402942,encoded,,11678,False
B,3940,138405076,encoded,,12433,False
A,3939,138436270,encoded,,9279,False
B,3941,138438412,encoded,,16314,False
A,3940,138469601,encoded,,8284,False
B,3942,138471746,encoded,,17644,False
A,3941,138502946,encoded,,8426,False
B,3943,138505078,encoded,,12267,False
A,3942,138536265,encoded,,7093,False
B,3944,138538422,encoded,,11422,False
A,3943,138569603,encoded,,6609,False
B,3945,138605080,encoded,,12742,False
A,3944,138602932,encoded,,19916,False
B,3946,138638414,encoded,,10610,False
A,3945,138636266,encoded,,18487,False
B,3947,138671747,encoded,,10375,False
A,3946,138669617,encoded,,12948,False
B,3948,138705082,encoded,,9212,False
A,3947,138702940,encoded,,11291,False
B,3949,138738427,encoded,,8908,False
A,3948,138736271,encoded,,10602,False
B,3950,138771755,encoded,,8606,False
A,3949,138769608,encoded,,10451,False
B,3951,138805095,encoded,,20814,False
A,3950,138836280,encoded,,9881,False
B,3952,138838424,encoded,,14397,False
A,3951,138869603,encoded,,9264,False
B,3953,138871752,encoded,,20004,False
A,3952,138902939,encoded,,8702,False
B,3954,138905086,encoded,,14308,False
A,3953,138936280,encoded,,9655,False
B,3955,138938422,encoded,,12992,False
A,3954,138969629,encoded,,8253,False
B,3956,138971782,encoded,,11193,False
A,3955,139002962,encoded,,8054,False
B,3957,139005092,encoded,,10754,False
A,3956,139036284,encoded,,7753,False
B,3958,139038473,encoded,,10295,False
A,3957,139069613,encoded,,15204,False
B,3959,139105094,encoded,,10391,False
A,3958,139102953,encoded,,19776,False
B,3960,139138433,encoded,,8786,False
A,3959,139136279,encoded,,13558,False
B,3961,139171758,encoded,,111118,True
A,3960,139169613,encoded,,16666,False
B,3962,139205092,encoded,,15859,False
A,3961,139202947,encoded,,126643,True
B,3963,139238428,encoded,,13114,False
A,3962,139236289,encoded,,20587,False
B,3964,139271765,encoded,,16515,False
A,3963,139269620,encoded,,10806,False
B,3965,139305099,encoded,,22139,False
A,3964,139302947,encoded,,14923,False
B,3966,139338438,encoded,,25611,False
A,3965,139369624,encoded,,20921,False
B,3967,139371766,encoded,,19269,False
A,3966,139402949,encoded,,25694,False
B,3968,139405104,encoded,,18124,False
A,3967,139436291,encoded,,19693,False
B,3969,139438436,encoded,,10808,False
A,3968,139469620,encoded,,11337,False
B,3970,139471767,encoded,,9285,False
A,3969,139502954,encoded,,9302,False
B,3971,139505103,encoded,,7922,False
A,3970,139536311,encoded,,8168,False
B,3972,139538460,encoded,,7291,False
A,3971,139569622,encoded,,7301,False
B,3973,139571784,encoded,,6967,False
A,3972,139602962,encoded,,7069,False
B,3974,139605131,encoded,,19171,False
A,3973,139636298,encoded,,20127,False
B,3975,139638452,encoded,,12524,False
A,3974,139669641,encoded,,19151,False
B,3976,139671787,encoded,,18543,False
A,3975,139702964,encoded,,3192,False
B,3977,139738444,encoded,,12009,False
A,3976,139736294,encoded,,16438,False
B,3978,139771774,encoded,,9984,False
A,3977,139769628,encoded,,11395,False
B,3979,139805110,encoded,,8855,False
A,3978,139802965,encoded,,10283,False
B,3980,139838465,encoded,,8613,False
A,3979,139836304,encoded,,10855,False
B,3981,139871804,encoded,,8005,False
A,3980,139869632,encoded,,9653,False
B,3982,139905130,encoded,,7482,False
A,3981,139902965,encoded,,9092,False
B,3983,139938450,encoded,,7038,False
A,3982,139969641,encoded,,9002,False
B,3984,139971780,encoded,,7344,False
A,3983,140002966,encoded,,8244,False
B,3985,140005113,encoded,,7418,False
A,3984,140036356,encoded,,8184,False
B,3986,140038449,encoded,,7373,False
A,3985,140069653,encoded,,8034,False
B,3987,140071783,encoded,,8898,False
A,3986,140102994,encoded,,8349,False
B,3988,140105120,encoded,,16667,False
A,3987,140136322,encoded,,15557,False
B,3989,140138474,encoded,,22108,False
A,3988,140169642,encoded,,20499,False
B,3990,140171785,encoded,,11225,False
A,3989,140202970,encoded,,12835,False
B,3991,140238452,encoded,,121121,True
A,3990,140236303,encoded,,16666,False
B,3992,140271792,encoded,,17791,False
A,3991,140269645,encoded,,126555,True
B,3993,140305121,encoded,,5914,False
A,3992,140302974,encoded,,8152,False
B,3994,140338455,encoded,,18758,False
A,3993,140336309,encoded,,15730,False
B,3995,140371789,encoded,,19737,False
A,3994,140369644,encoded,,24223,False
B,3996,140405124,encoded,,16249,False
A,3995,140402976,encoded,,18236,False
B,3997,140438462,encoded,,16753,False
A,3996,140436309,encoded,,21622,False
B,3998,140471794,encoded,,22830,False
A,3997,140469651,encoded,,16083,False
B,3999,140505135,encoded,,18839,False
A,3998,140502987,encoded,,16249,False
B,4000,140538484,encoded,,12376,False
A,3999,140536321,encoded,,9755,False
B,4001,140571802,encoded,,10872,False
A,4000,140569646,encoded,,8850,False
B,4002,140605129,encoded,,18862,False
A,4001,140636316,encoded,,7814,False
B,4003,140638469,encoded,,11219,False
A,4002,140669655,encoded,,7141,False
B,4004,140671803,encoded,,9800,False
B,4005,140705139,encoded,,8659,False
A,4003,140702985,encoded,,20781,False
A,4004,140736337,encoded,,19035,False
B,4006,140738471,encoded,,8200,False
A,4005,140769671,encoded,,12875,False
B,4007,140771810,encoded,,7277,False
A,4006,140802987,encoded,,11257,False
B,4008,140805150,encoded,,7006,False
A,4007,140836326,encoded,,10959,False
B,4009,140838490,encoded,,6756,False
A,4008,140869657,encoded,,9923,False
B,4010,140871822,encoded,,6285,False
A,4009,140902996,encoded,,9234,False
B,4011,140938475,encoded,,6788,False
A,4010,140936324,encoded,,9054,False
B,4012,140971807,encoded,,5752,False
A,4011,140969676,encoded,,8512,False
B,4013,141005137,encoded,,5685,False
A,4012,141002990,encoded,,8848,False
B,4014,141038479,encoded,,16907,False
A,4013,141069658,encoded,,8185,False
B,4015,141071806,encoded,,19633,False
A,4014,141102989,encoded,,7801,False
B,4016,141105141,encoded,,13265,False
A,4015,141136331,encoded,,8348,False
B,4017,141138475,encoded,,16666,False
A,4016,141169663,encoded,,8112,False
B,4018,141171813,encoded,,16667,False
A,4017,141202992,encoded,,16666,False
B,4019,141205143,encoded,,16667,False
A,4018,141236333,encoded,,38516,False
B,4020,141238479,encoded,,16666,False
A,4019,141269673,encoded,,3777,False
B,4021,141271810,encoded,,120965,True
A,4020,141303020,encoded,,7707,False
B,4022,141305153,encoded,,20370,False
A,4021,141336350,encoded,,126804,True
B,4023,141338490,encoded,,10097,False
A,4022,141369668,encoded,,18335,False
B,4024,141371819,encoded,,11471,False
A,4023,141403009,encoded,,7179,False
B,4025,141405155,encoded,,14169,False
A,4024,141436338,encoded,,23482,False
B,4026,141438487,encoded,,12159,False
A,4025,141469667,encoded,,18017,False
B,4027,141505152,encoded,,22546,False
A,4026,141503001,encoded,,23325,False
B,4028,141538504,encoded,,18703,False
A,4027,141536338,encoded,,21655,False
B,4029,141571830,encoded,,16575,False
A,4028,141569722,encoded,,11597,False
B,4030,141605159,encoded,,14596,False
A,4029,141603015,encoded,,9751,False
B,4031,141638486,encoded,,11389,False
A,4030,141636354,encoded,,8126,False
B,4032,141671842,encoded,,16802,False
A,4031,141669669,encoded,,7830,False
B,4033,141705166,encoded,,8914,False
A,4032,141703027,encoded,,6682,False
B,4034,141738497,encoded,,7158,False
A,4033,141736338,encoded,,19893,False
B,4035,141771832,encoded,,6552,False
A,4034,141803010,encoded,,19250,False
B,4036,141805158,encoded,,6272,False
A,4035,141836352,encoded,,13071,False
B,4037,141838496,encoded,,5517,False
A,4036,141869687,encoded,,11416,False
B,4038,141871827,encoded,,5334,False
A,4037,141903015,encoded,,10268,False
B,4039,141905162,encoded,,12219,False
A,4038,141936346,encoded,,9848,False
B,4040,141938494,encoded,,8720,False
A,4039,141969684,encoded,,9327,False
B,4041,141971831,encoded,,7296,False
A,4040,142003016,encoded,,9107,False
B,4042,142005165,encoded,,8843,False
A,4041,142036354,encoded,,9095,False
B,4043,142071832,encoded,,16667,False
A,4042,142069680,encoded,,8731,False
B,4044,142105164,encoded,,35216,False
A,4043,142103032,encoded,,8214,False
B,4045,142138498,encoded,,3709,False
A,4044,142136366,encoded,,9373,False
B,4046,142171842,encoded,,11075,False
A,4045,142169697,encoded,,7989,False
B,4047,142205172,encoded,,16666,False
A,4046,142203017,encoded,,8789,False
B,4048,142238503,encoded,,16667,False
A,4047,142236350,encoded,,12846,False
B,4049,142271837,encoded,,16667,False
A,4048,142303023,encoded,,16667,False
B,4050,142305170,encoded,,16666,False
A,4049,142336352,encoded,,16667,False
B,4051,142338502,encoded,,135365,True
A,4050,142369689,encoded,,16666,False
B,4052,142371838,encoded,,15974,False
A,4051,142403022,encoded,,117634,True
B,4053,142405182,encoded,,14231,False
A,4052,142436362,encoded,,23727,False
A,4053,142469693,encoded,,13744,False
B,4054,142438504,encoded,,17443,False
A,4054,142503030,encoded,,23093,False
B,4055,142471840,encoded,,20699,False
A,4055,142536356,encoded,,19873,False
B,4056,142505173,encoded,,23246,False
A,4056,142569698,encoded,,24140,False
B,4057,142538509,encoded,,9966,False
A,4057,142603030,encoded,,20126,False
B,4058,142571847,encoded,,10440,False
A,4058,142636361,encoded,,11498,False
B,4059,142638511,encoded,,9559,False
A,4059,142669715,encoded,,9578,False
B,4060,142671843,encoded,,16199,False
A,4060,142703031,encoded,,8080,False
B,4061,142705195,encoded,,8852,False
A,4061,142736376,encoded,,7401,False
B,4062,142738515,encoded,,7546,False
A,4062,142769696,encoded,,6863,False
B,4063,142771846,encoded,,7092,False
B,4064,142805183,encoded,,6461,False
B,4065,142838516,encoded,,14490,False
A,4063,142803039,encoded,,7454,False
A,4064,142836366,encoded,,6121,False
B,4066,142871850,encoded,,9673,False
A,4065,142869709,encoded,,26144,False
B,4067,142905199,encoded,,8574,False
A,4066,142903057,encoded,,13875,False
B,4068,142938523,encoded,,7446,False
A,4067,142969708,encoded,,11943,False
B,4069,142971861,encoded,,7087,False
A,4068,143003045,encoded,,10535,False
B,4070,143005188,encoded,,6797,False
A,4069,143036378,encoded,,10263,False
B,4071,143038521,encoded,,6989,False
A,4070,143069703,encoded,,9666,False
B,4072,143071863,encoded,,7049,False
A,4071,143103043,encoded,,9061,False
B,4073,143138526,encoded,,12156,False
A,4072,143136377,encoded,,9195,False
B,4074,143171860,encoded,,16666,False
A,4073,143169713,encoded,,8302,False
B,4075,143205191,encoded,,31907,False
A,4074,143203056,encoded,,8777,False
B,4076,143238528,encoded,,3866,False
A,4075,143236399,encoded,,9021,False
B,4077,143271877,encoded,,14227,False
A,4076,143269726,encoded,,8159,False
B,4078,143305198,encoded,,16667,False
A,4077,143303054,encoded,,15727,False
B,4079,143338554,encoded,,16667,False
A,4078,143369714,encoded,,20374,False
B,4080,143371862,encoded,,16666,False
A,4079,143403045,encoded,,12960,False
B,4081,143405200,encoded,,120966,True
A,4080,143436379,encoded,,16666,False
B,4082,143438529,encoded,,13997,False
A,4081,143469715,encoded,,126647,True
B,4083,143471867,encoded,,18006,False
A,4082,143503059,encoded,,8193,False
B,4084,143505198,encoded,,15321,False
A,4083,143536409,encoded,,15635,False
B,4085,143538559,encoded,,22468,False
A,4084,143569729,encoded,,24265,False
B,4086,143571885,encoded,,26034,False
A,4085,143603069,encoded,,18224,False
B,4087,143605206,encoded,,21447,False
A,4086,143636384,encoded,,24166,False
B,4088,143638550,encoded,,16444,False
A,4087,143669721,encoded,,19998,False
B,4089,143705228,encoded,,13028,False
A,4088,143703063,encoded,,11572,False
B,4090,143738540,encoded,,13062,False
A,4089,143736387,encoded,,9739,False
B,4091,143771877,encoded,,11794,False
B,4092,143805209,encoded,,8471,False
A,4090,143769730,encoded,,8343,False
A,4091,143803067,encoded,,7410,False
B,4093,143838544,encoded,,7419,False
A,4092,143836405,encoded,,19530,False
B,4094,143871902,encoded,,6496,False
A,4093,143869750,encoded,,4618,False
B,4095,143905213,encoded,,14885,False
A,4094,143903081,encoded,,21496,False
B,4096,143938545,encoded,,10316,False
A,4095,143969736,encoded,,13213,False
B,4097,143971880,encoded,,8963,False
A,4096,144003063,encoded,,11200,False
A,4097,144036403,encoded,,10233,False
B,4098,144005213,encoded,,7664,False
B,4099,144038549,encoded,,7133,False
A,4098,144069750,encoded,,9885,False
B,4100,144071880,encoded,,6575,False
A,4099,144103063,encoded,,9196,False
B,4101,144105226,encoded,,6378,False
A,4100,144136406,encoded,,8913,False
B,4102,144138559,encoded,,6027,False
A,4101,144169731,encoded,,9365,False
B,4103,144171883,encoded,,5985,False
A,4102,144203084,encoded,,8769,False
B,4104,144205226,encoded,,11121,False
A,4103,144236421,encoded,,8103,False
B,4105,144238571,encoded,,16667,False
A,4104,144269733,encoded,,8026,False
B,4106,144305220,encoded,,39263,False
A,4105,144303071,encoded,,8498,False
B,4107,144338552,encoded,,2726,False
A,4106,144336401,encoded,,8097,False
B,4108,144371890,encoded,,8011,False
A,4107,144369739,encoded,,16666,False
B,4109,144405230,encoded,,16667,False
A,4108,144403083,encoded,,39113,False
B,4110,144438570,encoded,,16666,False
B,4111,144471890,encoded,,120827,True
A,4109,144436405,encoded,,3914,False
A,4110,144503075,encoded,,6973,False
B,4112,144505224,encoded,,16577,False
A,4111,144536417,encoded,,126858,True
B,4113,144538576,encoded,,18767,False
A,4112,144569740,encoded,,18116,False
A,4113,144603076,encoded,,7063,False
B,4114,144571910,encoded,,14107,False
B,4115,144605225,encoded,,15068,False
A,4114,144636409,encoded,,23474,False
B,4116,144638562,encoded,,17384,False
A,4115,144669744,encoded,,18108,False
B,4117,144671904,encoded,,17428,False
A,4116,144703093,encoded,,24372,False
B,4118,144705226,encoded,,15742,False
A,4117,144736434,encoded,,21152,False
B,4119,144738580,encoded,,12467,False
A,4118,144769759,encoded,,11599,False
B,4120,144771898,encoded,,14201,False
A,4119,144803094,encoded,,9866,False
B,4121,144805253,encoded,,13751,False
A,4120,144836430,encoded,,8345,False
B,4122,144838570,encoded,,25814,False
A,4121,144869754,encoded,,7596,False
B,4123,144871919,encoded,,5045,False
A,4122,144903081,encoded,,19169,False
B,4124,144905243,encoded,,12381,False
A,4123,144936423,encoded,,4660,False
B,4125,144938566,encoded,,8924,False
A,4124,144969750,encoded,,21838,False
B,4126,145005240,encoded,,8314,False
A,4125,145003086,encoded,,13058,False
B,4127,145038572,encoded,,7550,False
A,4126,145036417,encoded,,11201,False
B,4128,145071905,encoded,,7040,False
A,4127,145069758,encoded,,10374,False
B,4129,145105238,encoded,,6858,False
A,4128,145103085,encoded,,9773,False
B,4130,145138577,encoded,,6608,False
A,4129,145136440,encoded,,9536,False
B,4131,145171909,encoded,,6808,False
A,4130,145169764,encoded,,9400,False
B,4132,145205239,encoded,,6221,False
A,4131,145236425,encoded,,9340,False
B,4133,145238575,encoded,,5876,False
A,4132,145269758,encoded,,8633,False
B,4134,145271909,encoded,,16242,False
A,4133,145303091,encoded,,8248,False
B,4135,145305244,encoded,,22195,False
A,4134,145336434,encoded,,7907,False
B,4136,145338603,encoded,,11139,False
A,4135,145369763,encoded,,8563,False
B,4137,145371926,encoded,,16666,False
A,4136,145403118,encoded,,7937,False
B,4138,145405256,encoded,,16667,False
A,4137,145436438,encoded,,13814,False
B,4139,145438593,encoded,,16667,False
A,4138,145469766,encoded,,16667,False
B,4140,145471923,encoded,,16666,False
A,4139,145503103,encoded,,19340,False
B,4141,145505253,encoded,,135379,True
A,4140,145536446,encoded,,13993,False
B,4142,145571917,encoded,,16986,False
A,4141,145569765,encoded,,127152,True
B,4143,145605256,encoded,,11726,False
A,4142,145603099,encoded,,18171,False
B,4144,145638593,encoded,,18282,False
A,4143,145636447,encoded,,7251,False
B,4145,145671919,encoded,,16838,False
B,4146,145705275,encoded,,17358,False
A,4144,145669771,encoded,,20485,False
A,4145,145703124,encoded,,20166,False
B,4147,145738592,encoded,,20945,False
A,4146,145736440,encoded,,24585,False
B,4148,145771956,encoded,,13616,False
A,4147,145803107,encoded,,21701,False
A,4148,145836449,encoded,,11766,False
B,4149,145805257,encoded,,11076,False
B,4150,145838591,encoded,,14765,False
A,4149,145869772,encoded,,10282,False
B,4151,145871925,encoded,,9219,False
A,4150,145903108,encoded,,8548,False
B,4152,145905256,encoded,,17854,False
A,4151,145936467,encoded,,8067,False
B,4153,145938607,encoded,,11186,False
A,4152,145969772,encoded,,6969,False
B,4154,145971947,encoded,,9586,False
A,4153,146003107,encoded,,18991,False
B,4155,146005267,encoded,,8422,False
A,4154,146036438,encoded,,19965,False
B,4156,146038607,encoded,,7410,False
A,4155,146069780,encoded,,13005,False
B,4157,146071929,encoded,,7646,False
A,4156,146103113,encoded,,11491,False
B,4158,146105269,encoded,,7153,False
A,4157,146136444,encoded,,10358,False
B,4159,146171943,encoded,,7837,False
A,4158,146169782,encoded,,9969,False
B,4160,146205278,encoded,,7312,False
A,4159,146203129,encoded,,9425,False
B,4161,146238619,encoded,,7351,False
A,4160,146236469,encoded,,8751,False
B,4162,146271942,encoded,,7595,False
A,4161,146269792,encoded,,8629,False
B,4163,146305269,encoded,,7839,False
A,4162,146303113,encoded,,8134,False
B,4164,146338604,encoded,,7398,False
A,4163,146336449,encoded,,8917,False
B,4165,146371941,encoded,,15888,False
A,4164,146369795,encoded,,8337,False
B,4166,146405275,encoded,,31157,False
A,4165,146436458,encoded,,7985,False
B,4167,146438609,encoded,,6395,False
A,4166,146469790,encoded,,7802,False
B,4168,146471939,encoded,,12448,False
A,4167,146503119,encoded,,13098,False
B,4169,146505273,encoded,,16667,False
A,4168,146536458,encoded,,16667,False
B,4170,146538609,encoded,,16666,False
A,4169,146569803,encoded,,19687,False
B,4171,146571953,encoded,,120464,True
A,4170,146603135,encoded,,13646,False
B,4172,146605277,encoded,,14638,False
A,4171,146636468,encoded,,126781,True
B,4173,146638625,encoded,,13664,False
A,4172,146669806,encoded,,18266,False
B,4174,146671956,encoded,,19037,False
A,4173,146703125,encoded,,7087,False
B,4175,146705287,encoded,,17130,False
A,4174,146736459,encoded,,23308,False
B,4176,146738625,encoded,,24303,False
A,4175,146769796,encoded,,17954,False
B,4177,146805283,encoded,,14251,False
A,4176,146803128,encoded,,24273,False
B,4178,146838613,encoded,,12262,False
A,4177,146836482,encoded,,21608,False
B,4179,146871951,encoded,,12892,False
A,4178,146869813,encoded,,11578,False
B,4180,146905290,encoded,,14186,False
A,4179,146903161,encoded,,9334,False
B,4181,146938638,encoded,,12777,False
A,4180,146936463,encoded,,8168,False
B,4182,146971967,encoded,,19012,False
A,4181,147003133,encoded,,7585,False
B,4183,147005286,encoded,,8843,False
A,4182,147036466,encoded,,20877,False
B,4184,147038618,encoded,,17221,False
A,4183,147069812,encoded,,20506,False
B,4185,147071954,encoded,,11230,False
A,4184,147103134,encoded,,2746,False
B,4186,147105287,encoded,,9847,False
A,4185,147136466,encoded,,16572,False
B,4187,147138618,encoded,,8952,False
A,4186,147169802,encoded,,11674,False
B,4188,147171959,encoded,,8037,False
A,4187,147203138,encoded,,10519,False
B,4189,147205292,encoded,,8555,False
A,4188,147236473,encoded,,9940,False
B,4190,147271963,encoded,,8033,False
A,4189,147269805,encoded,,9232,False
B,4191,147305294,encoded,,6753,False
A,4190,147303139,encoded,,8740,False
B,4192,147338632,encoded,,6877,False
A,4191,147336477,encoded,,8753,False
B,4193,147371989,encoded,,6527,False
A,4192,147369834,encoded,,8420,False
B,4194,147405318,encoded,,5836,False
A,4193,147403162,encoded,,9103,False
B,4195,147438632,encoded,,15340,False
A,4194,147436501,encoded,,8244,False
B,4196,147471973,encoded,,40192,False
A,4195,147469830,encoded,,7593,False
B,4197,147505297,encoded,,8319,False
A,4196,147536499,encoded,,8097,False
B,4198,147538649,encoded,,2134,False
A,4197,147569811,encoded,,13042,False
B,4199,147571967,encoded,,16022,False
A,4198,147603152,encoded,,16667,False
B,4200,147605301,encoded,,16666,False
A,4199,147636484,encoded,,19115,False
B,4201,147638634,encoded,,120335,True
A,4200,147669819,encoded,,14218,False
B,4202,147671983,encoded,,13542,False
A,4201,147703166,encoded,,117684,True
B,4203,147705305,encoded,,19311,False
A,4202,147736518,encoded,,24862,False
B,4204,147738635,encoded,,22543,False
A,4203,147769819,encoded,,11585,False
B,4205,147771987,encoded,,17497,False
A,4204,147803150,encoded,,25531,False
B,4206,147805311,encoded,,19176,False
A,4205,147836482,encoded,,20565,False
B,4207,147838644,encoded,,17981,False
A,4206,147869823,encoded,,24806,False
B,4208,147905310,encoded,,20593,False
A,4207,147903171,encoded,,14986,False
B,4209,147938643,encoded,,21171,False
A,4208,147936487,encoded,,16725,False
B,4210,147971977,encoded,,10355,False
A,4209,147969823,encoded,,10628,False
B,4211,148005306,encoded,,8835,False
A,4210,148003164,encoded,,8837,False
B,4212,148038649,encoded,,7918,False
A,4211,148036490,encoded,,7818,False
B,4213,148071993,encoded,,7758,False
A,4212,148069835,encoded,,7390,False
B,4214,148105325,encoded,,15568,False
A,4213,148136492,encoded,,19148,False
B,4215,148138646,encoded,,10619,False
A,4214,148169833,encoded,,4894,False
B,4216,148171983,encoded,,8850,False
A,4215,148203168,encoded,,21554,False
B,4217,148205315,encoded,,8093,False
A,4216,148236494,encoded,,12884,False
B,4218,148238651,encoded,,7071,False
A,4217,148269828,encoded,,11425,False
B,4219,148271984,encoded,,6721,False
A,4218,148303166,encoded,,10659,False
B,4220,148305319,encoded,,6647,False
A,4219,148336497,encoded,,9523,False
B,4221,148338651,encoded,,5690,False
A,4220,148369844,encoded,,9447,False
B,4222,148372000,encoded,,5692,False
A,4221,148403170,encoded,,9124,False
B,4223,148405332,encoded,,5274,False
A,4222,148436504,encoded,,8449,False
B,4224,148438663,encoded,,12760,False
A,4223,148469831,encoded,,8306,False
B,4225,148505327,encoded,,23576,False
A,4224,148503176,encoded,,8013,False
B,4226,148538657,encoded,,29423,False
A,4225,148536518,encoded,,7656,False
B,4227,148571989,encoded,,1844,False
A,4226,148569856,encoded,,7466,False
B,4228,148605327,encoded,,11824,False
A,4227,148603173,encoded,,10035,False
B,4229,148638658,encoded,,16667,False
A,4228,148636514,encoded,,16667,False
B,4230,148671993,encoded,,16666,False
A,4229,148703194,encoded,,38000,False
B,4231,148705330,encoded,,134666,True
A,4230,148736509,encoded,,4384,False
B,4232,148738661,encoded,,17490,False
A,4231,148769849,encoded,,117753,True
B,4233,148771994,encoded,,13127,False
A,4232,148803173,encoded,,19064,False
A,4233,148836528,encoded,,12214,False
B,4234,148805328,encoded,,18230,False
B,4235,148838664,encoded,,14557,False
A,4234,148869845,encoded,,29133,False
B,4236,148871998,encoded,,23750,False
A,4235,148903175,encoded,,21240,False
B,4237,148905331,encoded,,15538,False
A,4236,148936522,encoded,,25163,False
B,4238,148938665,encoded,,15276,False
B,4239,148972003,encoded,,15326,False
A,4237,148969847,encoded,,6867,False
B,4240,149005358,encoded,,9682,False
A,4238,149003182,encoded,,20927,False
B,4241,149038666,encoded,,17930,False
A,4239,149036513,encoded,,11633,False
A,4240,149069844,encoded,,9351,False
B,4242,149072015,encoded,,11464,False
A,4241,149103178,encoded,,8057,False
B,4243,149105333,encoded,,9986,False
A,4242,149136512,encoded,,7188,False
B,4244,149138669,encoded,,8582,False
A,4243,149169848,encoded,,6853,False
B,4245,149172000,encoded,,8027,False
A,4244,149203195,encoded,,18110,False
A,4245,149236516,encoded,,19977,False
B,4246,149205342,encoded,,7144,False
A,4246,149269850,encoded,,12983,False
B,4247,149238671,encoded,,6859,False
A,4247,149303181,encoded,,11573,False
B,4248,149305336,encoded,,7168,False
A,4248,149336520,encoded,,10594,False
B,4249,149338680,encoded,,5853,False
B,4250,149372021,encoded,,5557,False
A,4249,149369873,encoded,,9811,False
B,4251,149405386,encoded,,5192,False
A,4250,149403204,encoded,,9215,False
B,4252,149438675,encoded,,5040,False
A,4251,149436517,encoded,,9126,False
B,4253,149472016,encoded,,6890,False
A,4252,149503187,encoded,,8652,False
B,4254,149505346,encoded,,17376,False
A,4253,149536529,encoded,,8121,False
B,4255,149538677,encoded,,35461,False
A,4254,149569870,encoded,,8129,False
B,4256,149572029,encoded,,2116,False
A,4255,149603192,encoded,,8678,False
B,4257,149605349,encoded,,11713,False
A,4256,149636531,encoded,,8159,False
B,4258,149638682,encoded,,16667,False
A,4257,149669859,encoded,,7602,False
B,4259,149672015,encoded,,16667,False
A,4258,149703189,encoded,,11443,False
B,4260,149738678,encoded,,16666,False
A,4259,149736524,encoded,,16667,False
B,4261,149772038,encoded,,120167,True
A,4260,149769863,encoded,,18859,False
B,4262,149805347,encoded,,20336,False
A,4261,149803194,encoded,,127095,True
B,4263,149838679,encoded,,15524,False
A,4262,149836524,encoded,,14537,False
B,4264,149872020,encoded,,20115,False
A,4263,149869863,encoded,,13845,False
B,4265,149905357,encoded,,15606,False
A,4264,149903219,encoded,,19377,False
B,4266,149938687,encoded,,23671,False
A,4265,149936543,encoded,,17254,False
B,4267,149972016,encoded,,14204,False
A,4266,149969857,encoded,,24054,False
B,4268,150005359,encoded,,13961,False
A,4267,150003206,encoded,,20818,False
B,4269,150038692,encoded,,16112,False
A,4268,150036525,encoded,,11356,False
B,4270,150072035,encoded,,13877,False
A,4269,150069876,encoded,,9221,False
B,4271,150105359,encoded,,12412,False
A,4270,150136544,encoded,,9355,False
B,4272,150138700,encoded,,11430,False
A,4271,150169863,encoded,,7775,False
B,4273,150172019,encoded,,20744,False
A,4272,150203197,encoded,,7168,False
B,4274,150205353,encoded,,10105,False
A,4273,150236531,encoded,,6557,False
B,4275,150272021,encoded,,9474,False
A,4274,150269867,encoded,,20138,False
B,4276,150305353,encoded,,7811,False
A,4275,150303196,encoded,,17622,False
B,4277,150338693,encoded,,7220,False
A,4276,150336533,encoded,,13159,False
B,4278,150372022,encoded,,6839,False
A,4277,150369875,encoded,,10987,False
B,4279,150405353,encoded,,6458,False
A,4278,150403228,encoded,,10090,False
B,4280,150438699,encoded,,6497,False
A,4279,150436557,encoded,,10292,False
B,4281,150472045,encoded,,5804,False
B,4282,150505368,encoded,,5298,False
A,4280,150469901,encoded,,9767,False
B,4283,150538698,encoded,,5083,False
A,4281,150503206,encoded,,9106,False
B,4284,150572027,encoded,,11252,False
A,4282,150569876,encoded,,8462,False
B,4285,150605359,encoded,,16667,False
A,4283,150603202,encoded,,8382,False
B,4286,150638693,encoded,,35622,False
A,4284,150636539,encoded,,7872,False
B,4287,150672031,encoded,,2202,False
A,4285,150669873,encoded,,7920,False
A,4286,150703211,encoded,,8932,False
B,4288,150705389,encoded,,12176,False
A,4287,150736538,encoded,,16666,False
B,4289,150738712,encoded,,16667,False
A,4288,150769878,encoded,,25675,False
B,4290,150772027,encoded,,16666,False
A,4289,150803209,encoded,,7659,False
B,4291,150805380,encoded,,120316,True
A,4290,150836546,encoded,,16666,False
B,4292,150838703,encoded,,13991,False
A,4291,150869878,encoded,,126891,True
B,4293,150905365,encoded,,18563,False
A,4292,150903208,encoded,,7215,False
B,4294,150938714,encoded,,17855,False
A,4293,150936554,encoded,,15900,False
B,4295,150972029,encoded,,27356,False
A,4294,150969875,encoded,,25189,False
B,4296,151005371,encoded,,25258,False
A,4295,151003235,encoded,,18324,False
B,4297,151038718,encoded,,18907,False
A,4296,151036542,encoded,,24018,False
B,4298,151072033,encoded,,14819,False
A,4297,151103217,encoded,,20533,False
B,4299,151105378,encoded,,16185,False
A,4298,151136547,encoded,,11645,False
B,4300,151138711,encoded,,9098,False
A,4299,151169887,encoded,,10704,False
B,4301,151172035,encoded,,17700,False
A,4300,151203217,encoded,,8346,False
B,4302,151205371,encoded,,10726,False
A,4301,151236572,encoded,,7549,False
B,4303,151238710,encoded,,9440,False
A,4302,151269884,encoded,,7293,False
B,4304,151272045,encoded,,7461,False
A,4303,151303261,encoded,,20478,False
B,4305,151305378,encoded,,7178,False
A,4304,151336555,encoded,,18591,False
B,4306,151338730,encoded,,6742,False
A,4305,151369895,encoded,,12725,False
B,4307,151372056,encoded,,6441,False
A,4306,151403214,encoded,,11164,False
B,4308,151405390,encoded,,5728,False
A,4307,151436552,encoded,,10267,False
B,4309,151472043,encoded,,6128,False
A,4308,151469883,encoded,,9946,False
B,4310,151505382,encoded,,5273,False
A,4309,151503225,encoded,,10107,False
B,4311,151538710,encoded,,5327,False
A,4310,151536580,encoded,,9106,False
B,4312,151572044,encoded,,5261,False
A,4311,151569885,encoded,,8633,False
B,4313,151605375,encoded,,7581,False
A,4312,151603218,encoded,,8733,False
B,4314,151638709,encoded,,16666,False
A,4313,151636582,encoded,,8481,False
B,4315,151672052,encoded,,36394,False
A,4314,151669899,encoded,,8074,False
B,4316,151705376,encoded,,2904,False
A,4315,151736562,encoded,,8064,False
B,4317,151738710,encoded,,12154,False
A,4316,151769894,encoded,,7462,False
B,4318,151772046,encoded,,15215,False
A,4317,151803218,encoded,,14562,False
B,4319,151805379,encoded,,16667,False
A,4318,151836567,encoded,,20055,False
B,4320,151838714,encoded,,16666,False
A,4319,151869890,encoded,,13532,False
B,4321,151872051,encoded,,134851,True
A,4320,151903232,encoded,,16413,False
B,4322,151905383,encoded,,16796,False
A,4321,151936558,encoded,,126926,True
A,4322,151969898,encoded,,20695,False
B,4323,151938719,encoded,,13918,False
B,4324,151972048,encoded,,16281,False
A,4323,152003226,encoded,,11018,False
B,4325,152005387,encoded,,11330,False
A,4324,152036565,encoded,,19178,False
B,4326,152038718,encoded,,23121,False
B,4327,152072053,encoded,,18170,False
A,4325,152069897,encoded,,17807,False
A,4326,152103233,encoded,,21918,False
B,4328,152138721,encoded,,12895,False
B,4329,152172058,encoded,,15149,False
A,4327,152136560,encoded,,20553,False
A,4328,152169900,encoded,,11373,False
B,4330,152205392,encoded,,19022,False
A,4329,152203228,encoded,,9264,False
B,4331,152238717,encoded,,14359,False
A,4330,152236562,encoded,,8360,False
B,4332,152272051,encoded,,10162,False
A,4331,152269893,encoded,,7625,False
B,4333,152305386,encoded,,9226,False
A,4332,152303227,encoded,,7343,False
B,4334,152338727,encoded,,8433,False
A,4333,152369902,encoded,,19904,False
B,4335,152372055,encoded,,7856,False
A,4334,152403238,encoded,,19078,False
B,4336,152405387,encoded,,6825,False
A,4335,152436575,encoded,,12926,False
B,4337,152438721,encoded,,6462,False
A,4336,152469916,encoded,,11721,False
B,4338,152472067,encoded,,6242,False
A,4337,152503229,encoded,,10703,False
B,4339,152505403,encoded,,5889,False
A,4338,152536566,encoded,,9707,False
B,4340,152538726,encoded,,5327,False
A,4339,152569900,encoded,,9265,False
B,4341,152572059,encoded,,5058,False
A,4340,152603236,encoded,,8912,False
B,4342,152638735,encoded,,6017,False
A,4341,152636567,encoded,,8679,False
B,4343,152672058,encoded,,9945,False
A,4342,152669905,encoded,,8463,False
B,4344,152705393,encoded,,16666,False
A,4343,152703243,encoded,,8323,False
B,4345,152738739,encoded,,28047,False
A,4344,152736590,encoded,,8008,False
B,4346,152772072,encoded,,11644,False
A,4345,152769906,encoded,,7696,False
B,4347,152805400,encoded,,10309,False
A,4346,152803258,encoded,,7889,False
B,4348,152838741,encoded,,16667,False
A,4347,152836587,encoded,,16666,False
B,4349,152872077,encoded,,16667,False
A,4348,152869926,encoded,,38185,False
B,4350,152905397,encoded,,16666,False
A,4349,152936580,encoded,,4676,False
B,4351,152938730,encoded,,120380,True
A,4350,152969916,encoded,,7139,False
B,4352,152972064,encoded,,19060,False
A,4351,153003246,encoded,,127062,True
B,4353,153005401,encoded,,16058,False
A,4352,153036578,encoded,,18108,False
B,4354,153038738,encoded,,19035,False
A,4353,153069923,encoded,,6669,False
B,4355,153072070,encoded,,10146,False
A,4354,153103253,encoded,,23820,False
B,4356,153105412,encoded,,20889,False
A,4355,153136576,encoded,,17892,False
B,4357,153138738,encoded,,11176,False
A,4356,153169921,encoded,,23927,False
B,4358,153172089,encoded,,10509,False
A,4357,153203244,encoded,,22757,False
B,4359,153205402,encoded,,15368,False
A,4358,153236594,encoded,,12045,False
B,4360,153272073,encoded,,15639,False
A,4359,153269911,encoded,,10523,False
B,4361,153305403,encoded,,12657,False
A,4360,153303279,encoded,,8557,False
B,4362,153338741,encoded,,11656,False
A,4361,153336606,encoded,,8103,False
B,4363,153372092,encoded,,13944,False
A,4362,153369930,encoded,,7087,False
B,4364,153405430,encoded,,21494,False
A,4363,153403272,encoded,,7065,False
B,4365,153438737,encoded,,8839,False
A,4364,153469914,encoded,,20058,False
B,4366,153472080,encoded,,7786,False
A,4365,153503258,encoded,,18395,False
B,4367,153505415,encoded,,6960,False
A,4366,153536589,encoded,,12819,False
B,4368,153538758,encoded,,6612,False
A,4367,153569918,encoded,,11610,False
B,4369,153572077,encoded,,6585,False
A,4368,153603252,encoded,,10540,False
B,4370,153605408,encoded,,6651,False
A,4369,153636591,encoded,,9799,False
B,4371,153638749,encoded,,6390,False
A,4370,153669924,encoded,,9245,False
B,4372,153705412,encoded,,6276,False
A,4371,153703248,encoded,,8795,False
B,4373,153738749,encoded,,9224,False
A,4372,153736589,encoded,,8713,False
B,4374,153772082,encoded,,16666,False
A,4373,153769935,encoded,,8350,False
B,4375,153805421,encoded,,36936,False
A,4374,153803277,encoded,,7767,False
B,4376,153838779,encoded,,2098,False
A,4375,153836608,encoded,,7794,False
B,4377,153872089,encoded,,10966,False
A,4376,153903274,encoded,,8446,False
B,4378,153905415,encoded,,16667,False
A,4377,153936594,encoded,,14054,False
B,4379,153938769,encoded,,16667,False
A,4378,153969925,encoded,,16667,False
B,4380,153972084,encoded,,16666,False
A,4379,154003256,encoded,,16667,False
B,4381,154005412,encoded,,120452,True
A,4380,154036597,encoded,,16666,False
B,4382,154038759,encoded,,14422,False
A,4381,154069947,encoded,,117987,True
B,4383,154072087,encoded,,18717,False
A,4382,154103260,encoded,,24931,False
B,4384,154105430,encoded,,21973,False
A,4383,154136596,encoded,,11230,False
B,4385,154138761,encoded,,20523,False
A,4384,154169929,encoded,,24878,False
B,4386,154172083,encoded,,24895,False
A,4385,154203274,encoded,,19594,False
B,4387,154205421,encoded,,14526,False
A,4386,154236616,encoded,,23537,False
B,4388,154238752,encoded,,13730,False
B,4389,154272085,encoded,,12707,False
A,4387,154269932,encoded,,20472,False
A,4388,154303260,encoded,,11660,False
B,4390,154305427,encoded,,21570,False
A,4389,154336607,encoded,,9470,False
B,4391,154372089,encoded,,14718,False
A,4390,154369935,encoded,,8338,False
B,4392,154405421,encoded,,10012,False
A,4391,154403267,encoded,,7312,False
B,4393,154438752,encoded,,8604,False
A,4392,154436597,encoded,,7103,False
B,4394,154472087,encoded,,7660,False
A,4393,154469936,encoded,,19536,False
B,4395,154505422,encoded,,7079,False
A,4394,154503264,encoded,,4515,False
B,4396,154538758,encoded,,7079,False
A,4395,154569931,encoded,,21126,False
B,4397,154572090,encoded,,6917,False
A,4396,154603266,encoded,,13196,False
B,4398,154605425,encoded,,5997,False
A,4397,154636610,encoded,,11697,False
B,4399,154638760,encoded,,6402,False
A,4398,154669948,encoded,,10416,False
B,4400,154672095,encoded,,5920,False
A,4399,154703283,encoded,,9566,False
B,4401,154705426,encoded,,5469,False
A,4400,154736616,encoded,,9638,False
B,4402,154738771,encoded,,5317,False
A,4401,154769933,encoded,,8866,False
B,4403,154772110,encoded,,8645,False
A,4402,154803268,encoded,,8466,False
B,4404,154838762,encoded,,16741,False
A,4403,154836602,encoded,,8948,False
B,4405,154872095,encoded,,28077,False
A,4404,154869936,encoded,,8440,False
B,4406,154905432,encoded,,5182,False
A,4405,154903279,encoded,,8067,False
B,4407,154938768,encoded,,16666,False
A,4406,154936626,encoded,,7716,False
B,4408,154972107,encoded,,16667,False
A,4407,154969942,encoded,,13295,False
B,4409,155005431,encoded,,16667,False
A,4408,155003276,encoded,,16667,False
B,4410,155038798,encoded,,16666,False
A,4409,155069941,encoded,,16667,False
B,4411,155072119,encoded,,120491,True
A,4410,155103275,encoded,,16666,False
B,4412,155105435,encoded,,17631,False
A,4411,155136607,encoded,,126935,True
B,4413,155138766,encoded,,17843,False
A,4412,155169938,encoded,,19883,False
B,4414,155172100,encoded,,19394,False
A,4413,155203274,encoded,,11345,False
B,4415,155205432,encoded,,16443,False
A,4414,155236610,encoded,,18535,False
B,4416,155238769,encoded,,22765,False
A,4415,155269960,encoded,,17577,False
B,4417,155272117,encoded,,17204,False
A,4416,155303314,encoded,,22538,False
B,4418,155305438,encoded,,17615,False
A,4417,155336621,encoded,,20451,False
B,4419,155338771,encoded,,17676,False
A,4418,155369948,encoded,,11145,False
B,4420,155372105,encoded,,19431,False
A,4419,155403292,encoded,,9503,False
A,4420,155436619,encoded,,8061,False
B,4421,155405446,encoded,,15274,False
A,4421,155469953,encoded,,7613,False
B,4422,155438770,encoded,,10597,False
A,4422,155503304,encoded,,19491,False
B,4423,155472107,encoded,,9413,False
A,4423,155536627,encoded,,4760,False
B,4424,155505460,encoded,,8874,False
A,4424,155569963,encoded,,21792,False
B,4425,155538791,encoded,,8100,False
A,4425,155603301,encoded,,13066,False
B,4426,155572122,encoded,,7350,False
A,4426,155636621,encoded,,12256,False
B,4427,155605444,encoded,,7154,False
A,4427,155669960,encoded,,10395,False
B,4428,155638777,encoded,,6581,False
A,4428,155703290,encoded,,10543,False
B,4429,155672115,encoded,,5796,False
B,4430,155705461,encoded,,5701,False
A,4429,155736624,encoded,,9296,False
B,4431,155772137,encoded,,6161,False
A,4430,155769976,encoded,,8972,False
B,4432,155805449,encoded,,5488,False
A,4431,155803329,encoded,,8409,False
B,4433,155838790,encoded,,5427,False
A,4432,155836621,encoded,,8237,False
B,4434,155872121,encoded,,11591,False
A,4433,155903288,encoded,,8247,False
B,4435,155905449,encoded,,22209,False
A,4434,155936620,encoded,,7984,False
B,4436,155938781,encoded,,29113,False
A,4435,155969960,encoded,,7533,False
B,4437,155972112,encoded,,2199,False
A,4436,156003293,encoded,,8767,False
B,4438,156038800,encoded,,13146,False
A,4437,156036625,encoded,,16666,False
B,4439,156072124,encoded,,16667,False
A,4438,156069955,encoded,,25620,False
B,4440,156105452,encoded,,16666,False
A,4439,156103327,encoded,,7714,False
B,4441,156138788,encoded,,134839,True
A,4440,156136623,encoded,,16666,False
B,4442,156172124,encoded,,15869,False
A,4441,156169961,encoded,,126803,True
B,4443,156205455,encoded,,14577,False
A,4442,156203301,encoded,,23368,False
B,4444,156238794,encoded,,13347,False
A,4443,156236634,encoded,,8740,False
B,4445,156272150,encoded,,12241,False
A,4444,156303297,encoded,,17354,False
B,4446,156305455,encoded,,15731,False
A,4445,156336632,encoded,,10240,False
B,4447,156338786,encoded,,17099,False
A,4446,156369970,encoded,,25143,False
B,4448,156372120,encoded,,20755,False
A,4447,156403299,encoded,,16459,False
B,4449,156405461,encoded,,13704,False
A,4448,156436648,encoded,,17364,False
B,4450,156438802,encoded,,16029,False
A,4449,156469966,encoded,,10325,False
B,4451,156472123,encoded,,20388,False
A,4450,156503302,encoded,,8196,False
B,4452,156505456,encoded,,12068,False
A,4451,156536650,encoded,,20977,False
B,4453,156538803,encoded,,9995,False
A,4452,156569988,encoded,,4927,False
B,4454,156572135,encoded,,9611,False
A,4453,156603305,encoded,,23551,False
B,4455,156605475,encoded,,8310,False
A,4454,156636651,encoded,,3772,False
B,4456,156672126,encoded,,8888,False
A,4455,156669961,encoded,,17249,False
B,4457,156705471,encoded,,7610,False
A,4456,156703297,encoded,,12049,False
B,4458,156738790,encoded,,7181,False
A,4457,156736653,encoded,,10891,False
B,4459,156772136,encoded,,6654,False
A,4458,156769968,encoded,,9672,False
B,4460,156805464,encoded,,6577,False
A,4459,156803321,encoded,,9289,False
B,4461,156838801,encoded,,6997,False
A,4460,156869974,encoded,,9872,False
B,4462,156872133,encoded,,6833,False
A,4461,156903303,encoded,,8676,False
B,4463,156905465,encoded,,6607,False
A,4462,156936639,encoded,,8761,False
B,4464,156938796,encoded,,8090,False
A,4463,156969976,encoded,,8607,False
B,4465,156972131,encoded,,16667,False
A,4464,157003310,encoded,,7884,False
B,4466,157005463,encoded,,30414,False
A,4465,157036659,encoded,,7934,False
B,4467,157038821,encoded,,3960,False
A,4466,157069998,encoded,,7596,False
B,4468,157072133,encoded,,15626,False
A,4467,157103320,encoded,,14301,False
B,4469,157105465,encoded,,16667,False
A,4468,157136643,encoded,,19563,False
B,4470,157138815,encoded,,16666,False
A,4469,157169979,encoded,,13771,False
B,4471,157205468,encoded,,120493,True
A,4470,157203307,encoded,,16666,False
B,4472,157238801,encoded,,13951,False
A,4471,157236641,encoded,,127016,True
B,4473,157272133,encoded,,13997,False
B,4474,157305474,encoded,,22541,False
A,4472,157269972,encoded,,26015,False
B,4475,157338805,encoded,,13024,False
A,4473,157303321,encoded,,9512,False
B,4476,157372151,encoded,,22878,False
A,4474,157336651,encoded,,12787,False
B,4477,157405479,encoded,,18098,False
A,4475,157369993,encoded,,17432,False
B,4478,157438812,encoded,,18359,False
A,4476,157436653,encoded,,23113,False
B,4479,157472155,encoded,,14708,False
A,4477,157469995,encoded,,20891,False
B,4480,157505474,encoded,,13652,False
A,4478,157503318,encoded,,11197,False
B,4481,157538806,encoded,,15393,False
A,4479,157536643,encoded,,9739,False
B,4482,157572141,encoded,,8692,False
A,4480,157569980,encoded,,8204,False
B,4483,157605473,encoded,,16664,False
A,4481,157603312,encoded,,8402,False
B,4484,157638813,encoded,,10907,False
A,4482,157636652,encoded,,6770,False
B,4485,157672143,encoded,,9396,False
A,4483,157669988,encoded,,19590,False
B,4486,157705479,encoded,,8036,False
A,4484,157736658,encoded,,19717,False
B,4487,157738817,encoded,,7176,False
A,4485,157769982,encoded,,13414,False
B,4488,157772147,encoded,,7121,False
A,4486,157803316,encoded,,11452,False
B,4489,157805475,encoded,,6464,False
A,4487,157836648,encoded,,10932,False
B,4490,157838812,encoded,,6048,False
A,4488,157869984,encoded,,9881,False
B,4491,157872149,encoded,,6151,False
A,4489,157903321,encoded,,9317,False
B,4492,157905482,encoded,,5795,False
A,4490,157936655,encoded,,10208,False
B,4493,157938814,encoded,,5489,False
A,4491,157969986,encoded,,8977,False
A,4492,158003337,encoded,,8790,False
B,4494,157972150,encoded,,14967,False
A,4493,158036657,encoded,,8083,False
B,4495,158005485,encoded,,40504,False
A,4494,158069988,encoded,,8132,False
B,4496,158038814,encoded,,8101,False
B,4497,158105486,encoded,,2958,False
A,4495,158103324,encoded,,7842,False
B,4498,158138818,encoded,,15104,False
A,4496,158136656,encoded,,8218,False
B,4499,158172151,encoded,,16667,False
A,4497,158169994,encoded,,14369,False
B,4500,158205486,encoded,,16666,False
A,4498,158203333,encoded,,19783,False
B,4501,158238819,encoded,,120122,True
A,4499,158236675,encoded,,13551,False
B,4502,158272167,encoded,,12733,False
A,4500,158270009,encoded,,16666,False
B,4503,158305498,encoded,,13722,False
A,4501,158336666,encoded,,126894,True
B,4504,158338839,encoded,,21877,False
A,4502,158369995,encoded,,7217,False
B,4505,158372153,encoded,,23646,False
A,4503,158403325,encoded,,16731,False
B,4506,158405496,encoded,,11121,False
A,4504,158436664,encoded,,24477,False
B,4507,158438820,encoded,,13936,False
A,4505,158469997,encoded,,17770,False
B,4508,158472153,encoded,,16153,False
A,4506,158503341,encoded,,21079,False
B,4509,158505490,encoded,,16894,False
A,4507,158536679,encoded,,14886,False
B,4510,158538837,encoded,,16100,False
A,4508,158569999,encoded,,17150,False
B,4511,158572159,encoded,,14968,False
A,4509,158603355,encoded,,10095,False
B,4512,158605494,encoded,,19183,False
A,4510,158636682,encoded,,8904,False
B,4513,158638838,encoded,,12935,False
A,4511,158670003,encoded,,7829,False
B,4514,158672173,encoded,,8884,False
A,4512,158703330,encoded,,7354,False
B,4515,158738828,encoded,,8020,False
A,4513,158736662,encoded,,19837,False
B,4516,158772160,encoded,,7200,False
A,4514,158770001,encoded,,19987,False
B,4517,158805495,encoded,,6419,False
A,4515,158803350,encoded,,13190,False
B,4518,158838834,encoded,,5980,False
A,4516,158836674,encoded,,11557,False
B,4519,158872177,encoded,,5789,False
A,4517,158870012,encoded,,10624,False
B,4520,158905504,encoded,,6057,False
A,4518,158936672,encoded,,10282,False
B,4521,158938843,encoded,,5332,False
A,4519,158970008,encoded,,9182,False
B,4522,158972164,encoded,,5419,False
A,4520,159003337,encoded,,8740,False
B,4523,159005499,encoded,,10844,False
A,4521,159036705,encoded,,9104,False
B,4524,159038830,encoded,,16666,False
A,4522,159070038,encoded,,8430,False
B,4525,159072164,encoded,,27712,False
A,4523,159103362,encoded,,8082,False
B,4526,159105502,encoded,,5622,False
A,4524,159136685,encoded,,7823,False
B,4527,159138843,encoded,,16666,False
A,4525,159170002,encoded,,7767,False
B,4528,159172175,encoded,,16667,False
B,4529,159205504,encoded,,16667,False
A,4526,159203339,encoded,,8343,False
B,4530,159272171,encoded,,16666,False
A,4527,159236681,encoded,,16666,False
A,4528,159270007,encoded,,30840,False
B,4531,159305501,encoded,,134692,True
A,4529,159303340,encoded,,4824,False
B,4532,159338836,encoded,,9094,False
A,4530,159336689,encoded,,14336,False
B,4533,159372171,encoded,,14969,False
A,4531,159370011,encoded,,117616,True
A,4532,159403343,encoded,,10368,False
B,4534,159405504,encoded,,21833,False
A,4533,159436690,encoded,,20451,False
B,4535,159438840,encoded,,11480,False
B,4536,159472175,encoded,,24281,False
A,4534,159470014,encoded,,29259,False
B,4537,159505506,encoded,,13122,False
A,4535,159536692,encoded,,20853,False
B,4538,159538851,encoded,,16201,False
A,4536,159570015,encoded,,25999,False
B,4539,159572179,encoded,,12248,False
A,4537,159603347,encoded,,20232,False
B,4540,159605507,encoded,,10483,False
A,4538,159636683,encoded,,11464,False
B,4541,159638842,encoded,,11873,False
A,4539,159670011,encoded,,9130,False
B,4542,159672173,encoded,,15857,False
A,4540,159703346,encoded,,8554,False
B,4543,159705508,encoded,,12690,False
A,4541,159736690,encoded,,7388,False
B,4544,159738844,encoded,,8892,False
A,4542,159770020,encoded,,7512,False
B,4545,159772177,encoded,,7758,False
A,4543,159803355,encoded,,6570,False
B,4546,159805517,encoded,,7157,False
A,4544,159836691,encoded,,19979,False
B,4547,159838850,encoded,,6563,False
A,4545,159870016,encoded,,18026,False
B,4548,159905512,encoded,,6132,False
A,4546,159903348,encoded,,13065,False
B,4549,159938847,encoded,,5803,False
A,4547,159936701,encoded,,3378,False
B,4550,159972190,encoded,,5499,False
A,4548,159970023,encoded,,14582,False
B,4551,160005517,encoded,,5014,False
A,4549,160003380,encoded,,10759,False
B,4552,160038873,encoded,,21180,False
A,4550,160036710,encoded,,9626,False
B,4553,160072185,encoded,,3045,False
A,4551,160103357,encoded,,9278,False
B,4554,160105528,encoded,,14134,False
A,4552,160136685,encoded,,8850,False
B,4555,160138852,encoded,,16667,False
A,4553,160170027,encoded,,8418,False
B,4556,160172185,encoded,,16667,False
A,4554,160203368,encoded,,8028,False
B,4557,160205524,encoded,,16666,False
A,4555,160236688,encoded,,8180,False
B,4558,160238850,encoded,,16667,False
A,4556,160270035,encoded,,8322,False
B,4559,160272191,encoded,,16667,False
A,4557,160303368,encoded,,14113,False
B,4560,160305531,encoded,,16666,False
A,4558,160336727,encoded,,16667,False
B,4561,160338860,encoded,,120296,True
A,4559,160370022,encoded,,16667,False
B,4562,160372201,encoded,,19746,False
A,4560,160403383,encoded,,16666,False
B,4563,160405532,encoded,,10660,False
A,4561,160436689,encoded,,126955,True
B,4564,160438870,encoded,,18821,False
A,4562,160470023,encoded,,20379,False
B,4565,160472216,encoded,,16490,False
A,4563,160503359,encoded,,11090,False
B,4566,160538859,encoded,,16857,False
A,4564,160536693,encoded,,17335,False
B,4567,160572194,encoded,,11470,False
A,4565,160570043,encoded,,17456,False
B,4568,160605523,encoded,,18696,False
A,4566,160603360,encoded,,20072,False
B,4569,160638858,encoded,,17912,False
A,4567,160636714,encoded,,15338,False
B,4570,160672203,encoded,,14825,False
A,4568,160670034,encoded,,17410,False
B,4571,160705536,encoded,,13420,False
A,4569,160703379,encoded,,10831,False
B,4572,160738870,encoded,,16472,False
A,4570,160736694,encoded,,8483,False
B,4573,160772203,encoded,,14810,False
A,4571,160770042,encoded,,7764,False
B,4574,160805547,encoded,,11093,False
A,4572,160836695,encoded,,20782,False
B,4575,160838860,encoded,,8845,False
A,4573,160870033,encoded,,4851,False
B,4576,160872194,encoded,,7436,False
A,4574,160903366,encoded,,21485,False
B,4577,160905527,encoded,,6449,False
A,4575,160936721,encoded,,13301,False
B,4578,160938877,encoded,,6056,False
A,4576,160970049,encoded,,11679,False
B,4579,160972210,encoded,,5638,False
A,4577,161003366,encoded,,10237,False
B,4580,161005543,encoded,,5465,False
A,4578,161036703,encoded,,9854,False
B,4581,161072210,encoded,,5488,False
A,4579,161070042,encoded,,9541,False
B,4582,161105535,encoded,,5589,False
A,4580,161103369,encoded,,9006,False
B,4583,161138867,encoded,,10800,False
A,4581,161136707,encoded,,8472,False
B,4584,161172211,encoded,,16666,False
A,4582,161170051,encoded,,7974,False
B,4585,161205537,encoded,,28742,False
A,4583,161203384,encoded,,7829,False
B,4586,161238886,encoded,,4592,False
A,4584,161236725,encoded,,7811,False
A,4585,161270064,encoded,,7610,False
B,4587,161272216,encoded,,16666,False
A,4586,161336710,encoded,,9789,False
B,4588,161305545,encoded,,16667,False
B,4589,161338880,encoded,,16667,False
A,4587,161370036,encoded,,16666,False
B,4590,161372218,encoded,,16666,False
A,4588,161403373,encoded,,30977,False
B,4591,161405549,encoded,,120344,True
A,4589,161436724,encoded,,4607,False
B,4592,161438892,encoded,,11794,False
A,4590,161470043,encoded,,14416,False
A,4591,161503386,encoded,,126944,True
B,4593,161472215,encoded,,16756,False
B,4594,161505555,encoded,,26817,False
A,4592,161536726,encoded,,22318,False
B,4595,161538890,encoded,,17479,False
A,4593,161570056,encoded,,9892,False
B,4596,161572210,encoded,,22830,False
A,4594,161603377,encoded,,14936,False
B,4597,161605541,encoded,,17841,False
A,4595,161636739,encoded,,18209,False
B,4598,161638874,encoded,,18298,False
A,4596,161670047,encoded,,23553,False
B,4599,161705547,encoded,,13339,False
A,4597,161703389,encoded,,21224,False
B,4600,161738877,encoded,,14373,False
A,4598,161736710,encoded,,11806,False
B,4601,161772211,encoded,,16063,False
A,4599,161770064,encoded,,9281,False
B,4602,161805544,encoded,,13308,False
A,4600,161803389,encoded,,8201,False
B,4603,161838888,encoded,,9509,False
A,4601,161836723,encoded,,7749,False
B,4604,161872233,encoded,,8355,False
A,4602,161870064,encoded,,19642,False
B,4605,161905566,encoded,,7397,False
A,4603,161903395,encoded,,20685,False
B,4606,161938892,encoded,,6915,False
A,4604,161936732,encoded,,13717,False
A,4605,162003380,encoded,,11533,False
B,4607,161972211,encoded,,6908,False
A,4606,162036718,encoded,,11147,False
B,4608,162005549,encoded,,6348,False
A,4607,162070059,encoded,,9657,False
B,4609,162038888,encoded,,6348,False
B,4610,162072215,encoded,,5858,False
A,4608,162103394,encoded,,9492,False
B,4611,162105560,encoded,,5728,False
A,4609,162136717,encoded,,8912,False
B,4612,162138885,encoded,,5241,False
A,4610,162170060,encoded,,8706,False
B,4613,162172219,encoded,,5485,False
A,4611,162203396,encoded,,8410,False
B,4614,162205551,encoded,,16666,False
A,4612,162236722,encoded,,8058,False
B,4615,162238890,encoded,,30042,False
A,4613,162270060,encoded,,8275,False
B,4616,162272221,encoded,,3803,False
A,4614,162303387,encoded,,8345,False
B,4617,162338887,encoded,,16155,False
A,4615,162336731,encoded,,7723,False
B,4618,162372222,encoded,,16667,False
A,4616,162370055,encoded,,8241,False
B,4619,162405557,encoded,,16667,False
A,4617,162403391,encoded,,13344,False
B,4620,162438890,encoded,,16666,False
A,4618,162436724,encoded,,16667,False
B,4621,162472241,encoded,,134588,True
B,4622,162505569,encoded,,19866,False
A,4619,162503390,encoded,,19009,False
B,4623,162538892,encoded,,11810,False
A,4620,162536729,encoded,,14324,False
A,4621,162570058,encoded,,126936,True
B,4624,162572225,encoded,,17618,False
A,4622,162603393,encoded,,18142,False
B,4625,162605558,encoded,,20522,False
A,4623,162636726,encoded,,7118,False
B,4626,162638893,encoded,,17738,False
A,4624,162670062,encoded,,24284,False
B,4627,162672227,encoded,,15527,False
A,4625,162703396,encoded,,18161,False
B,4628,162705564,encoded,,15514,False
A,4626,162736731,encoded,,24365,False
B,4629,162738894,encoded,,20215,False
A,4627,162770064,encoded,,21778,False
B,4630,162772229,encoded,,15651,False
A,4628,162803407,encoded,,11853,False
B,4631,162805564,encoded,,11179,False
A,4629,162836734,encoded,,9723,False
B,4632,162838902,encoded,,9150,False
A,4630,162870077,encoded,,8732,False
B,4633,162872240,encoded,,8136,False
A,4631,162903405,encoded,,7697,False
B,4634,162905566,encoded,,7487,False
A,4632,162936739,encoded,,21540,False
B,4635,162972234,encoded,,7181,False
B,4636,163005567,encoded,,6561,False
A,4633,162970065,encoded,,19887,False
B,4637,163038914,encoded,,6093,False
A,4634,163003415,encoded,,2696,False
B,4638,163072240,encoded,,5893,False
A,4635,163036733,encoded,,16886,False
A,4636,163070079,encoded,,11901,False
B,4639,163105566,encoded,,5412,False
B,4640,163138902,encoded,,4725,False
A,4637,163103399,encoded,,10539,False
A,4638,163136740,encoded,,10088,False
B,4641,163172237,encoded,,4761,False
A,4639,163170084,encoded,,9326,False
B,4642,163205574,encoded,,20009,False
A,4640,163236739,encoded,,9069,False
B,4643,163238907,encoded,,11316,False
A,4641,163270076,encoded,,8704,False
B,4644,163272241,encoded,,9763,False
A,4642,163303414,encoded,,8151,False
B,4645,163305572,encoded,,9952,False
A,4643,163336736,encoded,,8127,False
B,4646,163338902,encoded,,16667,False
A,4644,163370076,encoded,,7873,False
B,4647,163372240,encoded,,16666,False
A,4645,163403414,encoded,,7654,False
B,4648,163405574,encoded,,16667,False
A,4646,163436749,encoded,,7458,False
B,4649,163438911,encoded,,16667,False
A,4647,163470074,encoded,,11312,False
B,4650,163505576,encoded,,16666,False
A,4648,163503406,encoded,,16667,False
B,4651,163538908,encoded,,120464,True
A,4649,163536741,encoded,,18773,False
B,4652,163572253,encoded,,18135,False
B,4653,163605575,encoded,,13027,False
A,4650,163570084,encoded,,14560,False
B,4654,163638913,encoded,,15639,False
A,4651,163603416,encoded,,127179,True
B,4655,163672243,encoded,,25167,False
A,4652,163636747,encoded,,23792,False
B,4656,163705576,encoded,,10845,False
A,4653,163670087,encoded,,10005,False
B,4657,163738910,encoded,,13647,False
A,4654,163703411,encoded,,15340,False
B,4658,163772244,encoded,,16099,False
B,4659,163805583,encoded,,16875,False
A,4655,163736748,encoded,,17352,False
B,4660,163838929,encoded,,16180,False
A,4656,163770076,encoded,,23611,False
B,4661,163872251,encoded,,15232,False
A,4657,163803421,encoded,,21745,False
A,4658,163836754,encoded,,11696,False
B,4662,163905584,encoded,,18937,False
A,4659,163870085,encoded,,9388,False
B,4663,163938915,encoded,,12504,False
A,4660,163903417,encoded,,8327,False
B,4664,163972252,encoded,,8903,False
A,4661,163936755,encoded,,7435,False
B,4665,164005584,encoded,,7910,False
A,4662,163970090,encoded,,22505,False
B,4666,164038931,encoded,,6947,False
A,4663,164003416,encoded,,4144,False
B,4667,164072251,encoded,,6520,False
A,4664,164036749,encoded,,21056,False
B,4668,164105586,encoded,,6356,False
A,4665,164070101,encoded,,12974,False
B,4669,164138921,encoded,,5864,False
A,4666,164103420,encoded,,11423,False
B,4670,164172268,encoded,,5776,False
A,4667,164170085,encoded,,10146,False
B,4671,164205593,encoded,,5390,False
A,4668,164203441,encoded,,9816,False
A,4669,164236755,encoded,,9119,False
B,4672,164272254,encoded,,5855,False
A,4670,164270088,encoded,,8928,False
B,4673,164305588,encoded,,11062,False
A,4671,164303421,encoded,,8342,False
B,4674,164338921,encoded,,16666,False
A,4672,164370090,encoded,,8020,False
B,4675,164372254,encoded,,28605,False
A,4673,164403424,encoded,,7953,False
B,4676,164405590,encoded,,4729,False
A,4674,164436757,encoded,,8076,False
B,4677,164438924,encoded,,16666,False
A,4675,164470093,encoded,,7772,False
B,4678,164472255,encoded,,16667,False
A,4676,164503442,encoded,,7516,False
B,4679,164505595,encoded,,16667,False
A,4677,164536762,encoded,,16340,False
B,4680,164538924,encoded,,16666,False
A,4678,164570096,encoded,,30170,False
B,4681,164605602,encoded,,120261,True
A,4679,164603425,encoded,,4552,False
B,4682,164638924,encoded,,17664,False
B,4683,164672264,encoded,,13413,False
A,4680,164636758,encoded,,15278,False
B,4684,164705595,encoded,,24046,False
A,4681,164670098,encoded,,117691,True
A,4682,164703424,encoded,,25395,False
B,4685,164738926,encoded,,15314,False
A,4683,164736765,encoded,,11773,False
B,4686,164772273,encoded,,22268,False
A,4684,164770095,encoded,,15829,False
B,4687,164805593,encoded,,15528,False
A,4685,164803434,encoded,,18373,False
B,4688,164838932,encoded,,23846,False
A,4686,164836767,encoded,,28575,False
B,4689,164872264,encoded,,15013,False
A,4687,164870097,encoded,,25195,False
B,4690,164905597,encoded,,14183,False
A,4688,164903437,encoded,,11937,False
B,4691,164938930,encoded,,8778,False
A,4689,164936763,encoded,,9390,False
B,4692,164972267,encoded,,16902,False
A,4690,165003438,encoded,,8787,False
B,4693,165005605,encoded,,10749,False
A,4691,165036785,encoded,,7688,False
B,4694,165038938,encoded,,9594,False
A,4692,165070098,encoded,,6981,False
B,4695,165072280,encoded,,8289,False
B,4696,165105600,encoded,,7667,False
A,4693,165103431,encoded,,20265,False
B,4697,165138932,encoded,,7190,False
A,4694,165136765,encoded,,19591,False
B,4698,165205603,encoded,,7723,False
A,4695,165170107,encoded,,2776,False
B,4699,165238944,encoded,,7424,False
A,4696,165203440,encoded,,15999,False
B,4700,165272282,encoded,,6925,False
A,4697,165236769,encoded,,11485,False
A,4698,165270123,encoded,,10398,False
B,4701,165305621,encoded,,6717,False
A,4699,165303437,encoded,,9656,False
B,4702,165338947,encoded,,6553,False
A,4700,165336768,encoded,,9061,False
B,4703,165372268,encoded,,6174,False
A,4701,165370101,encoded,,8731,False
B,4704,165405604,encoded,,7779,False
A,4702,165403438,encoded,,8636,False
B,4705,165438939,encoded,,18351,False
A,4703,165436770,encoded,,8092,False
B,4706,165472273,encoded,,38500,False
A,4704,165503444,encoded,,7747,False
B,4707,165505607,encoded,,4544,False
A,4705,165536772,encoded,,7618,False
B,4708,165538947,encoded,,5272,False
A,4706,165570116,encoded,,7580,False
B,4709,165572276,encoded,,16667,False
A,4707,165603457,encoded,,14751,False
B,4710,165605610,encoded,,16666,False
A,4708,165636796,encoded,,20134,False
B,4711,165638945,encoded,,134476,True
A,4709,165670109,encoded,,13449,False
B,4712,165672286,encoded,,11821,False
A,4710,165703475,encoded,,16417,False
B,4713,165705620,encoded,,13086,False
A,4711,165736785,encoded,,127145,True
B,4714,165772279,encoded,,22325,False
A,4712,165770133,encoded,,18076,False
B,4715,165805611,encoded,,15353,False
A,4713,165803442,encoded,,12305,False
B,4716,165838951,encoded,,20765,False
A,4714,165836786,encoded,,20552,False
B,4717,165872281,encoded,,14052,False
B,4718,165905623,encoded,,16407,False
A,4715,165870136,encoded,,20482,False
B,4719,165938950,encoded,,12572,False
A,4716,165903462,encoded,,19561,False
B,4720,165972282,encoded,,17200,False
A,4717,165936793,encoded,,19268,False
B,4721,166005614,encoded,,9826,False
A,4718,165970112,encoded,,11004,False
B,4722,166038951,encoded,,18314,False
A,4719,166003446,encoded,,9697,False
B,4723,166072283,encoded,,12241,False
A,4720,166036785,encoded,,8532,False
B,4724,166105618,encoded,,10397,False
A,4721,166103458,encoded,,7559,False
B,4725,166138951,encoded,,8882,False
A,4722,166136783,encoded,,20455,False
B,4726,166172283,encoded,,7734,False
A,4723,166170116,encoded,,4551,False
B,4727,166205620,encoded,,7382,False
A,4724,166203455,encoded,,21605,False
A,4725,166236782,encoded,,13786,False
B,4728,166238955,encoded,,7153,False
A,4726,166270121,encoded,,11733,False
B,4729,166272284,encoded,,5809,False
A,4727,166303452,encoded,,10606,False
A,4728,166336790,encoded,,9752,False
A,4729,166370131,encoded,,9323,False
B,4730,166305620,encoded,,5616,False
A,4730,166403451,encoded,,9018,False
B,4731,166338963,encoded,,5441,False
A,4731,166436795,encoded,,9123,False
B,4732,166372295,encoded,,5333,False
A,4732,166470119,encoded,,8689,False
B,4733,166438965,encoded,,5506,False
A,4733,166503453,encoded,,8058,False
B,4734,166505623,encoded,,12309,False
A,4734,166536790,encoded,,8151,False
B,4735,166538970,encoded,,23509,False
A,4735,166570127,encoded,,7825,False
B,4736,166572290,encoded,,29425,False
A,4736,166603457,encoded,,7462,False
B,4737,166605626,encoded,,2664,False
A,4737,166636798,encoded,,15682,False
B,4738,166638959,encoded,,11069,False
A,4738,166670124,encoded,,30079,False
B,4739,166672293,encoded,,16667,False
A,4739,166703464,encoded,,4438,False
B,4740,166705629,encoded,,16666,False
A,4740,166736797,encoded,,15483,False
B,4741,166738968,encoded,,120289,True
A,4741,166770133,encoded,,127013,True
B,4742,166772296,encoded,,9073,False
A,4742,166803458,encoded,,21004,False
B,4743,166805631,encoded,,17217,False
A,4743,166836793,encoded,,8597,False
B,4744,166872301,encoded,,23893,False
A,4744,166870128,encoded,,18478,False
B,4745,166905634,encoded,,13044,False
A,4745,166903473,encoded,,18330,False
B,4746,166938964,encoded,,22950,False
A,4746,166936807,encoded,,23884,False
B,4747,166972299,encoded,,13720,False
A,4747,166970131,encoded,,20908,False
B,4748,167005635,encoded,,13332,False
A,4748,167003477,encoded,,11366,False
B,4749,167038989,encoded,,18010,False
A,4749,167036829,encoded,,9404,False
B,4750,167072308,encoded,,18642,False
A,4750,167070151,encoded,,8522,False
B,4751,167105633,encoded,,17063,False
A,4751,167103481,encoded,,7897,False
B,4752,167138981,encoded,,16903,False
A,4752,167136820,encoded,,20158,False
B,4753,167172314,encoded,,6490,False
A,4753,167170151,encoded,,20708,False
B,4754,167205652,encoded,,12999,False
A,4754,167236799,encoded,,13860,False
B,4755,167238971,encoded,,10313,False
A,4755,167270148,encoded,,11556,False
B,4756,167272312,encoded,,9115,False
A,4756,167303479,encoded,,10798,False
B,4757,167305637,encoded,,8135,False
B,4758,167338970,encoded,,7509,False
A,4757,167336813,encoded,,11169,False
A,4758,167370143,encoded,,10183,False
B,4759,167372305,encoded,,6803,False
A,4759,167403469,encoded,,9266,False
B,4760,167405651,encoded,,6389,False
A,4760,167436806,encoded,,9712,False
B,4761,167438972,encoded,,5733,False
A,4761,167470147,encoded,,9153,False
B,4762,167472326,encoded,,5889,False
A,4762,167503493,encoded,,8511,False
B,4763,167505652,encoded,,5593,False
A,4763,167536813,encoded,,8524,False
B,4764,167572308,encoded,,10896,False
A,4764,167570139,encoded,,8303,False
B,4765,167605645,encoded,,16667,False
A,4765,167603475,encoded,,7725,False
B,4766,167638981,encoded,,30855,False
A,4766,167636819,encoded,,7235,False
B,4767,167672318,encoded,,4155,False
A,4767,167703479,encoded,,7736,False
B,4768,167705649,encoded,,14990,False
A,4768,167736818,encoded,,16667,False
B,4769,167738984,encoded,,16667,False
A,4769,167770146,encoded,,29344,False
B,4770,167772309,encoded,,16666,False
A,4770,167803499,encoded,,4995,False
B,4771,167805643,encoded,,120129,True
A,4771,167836817,encoded,,126960,True
B,4772,167838987,encoded,,13077,False
A,4772,167870148,encoded,,18149,False
B,4773,167872317,encoded,,20061,False
A,4773,167903483,encoded,,6998,False
B,4774,167905651,encoded,,19794,False
A,4774,167936814,encoded,,23822,False
B,4775,167938985,encoded,,20005,False
A,4775,167970149,encoded,,17740,False
B,4776,167972318,encoded,,23862,False
A,4776,168003481,encoded,,24271,False
B,4777,168038985,encoded,,19026,False
B,4778,168072325,encoded,,15448,False
A,4777,168036821,encoded,,20892,False
B,4779,168105649,encoded,,15016,False
A,4778,168070150,encoded,,11824,False
A,4779,168103484,encoded,,9425,False
B,4780,168138983,encoded,,11714,False
A,4780,168136821,encoded,,8469,False
B,4781,168172333,encoded,,17146,False
A,4781,168170159,encoded,,7946,False
B,4782,168205649,encoded,,11606,False
A,4782,168203480,encoded,,7008,False
B,4783,168238988,encoded,,8923,False
A,4783,168236816,encoded,,19145,False
B,4784,168272326,encoded,,7505,False
A,4784,168270166,encoded,,20175,False
B,4785,168305667,encoded,,15179,False
A,4785,168336819,encoded,,13286,False
B,4786,168338989,encoded,,10254,False
A,4786,168370154,encoded,,12046,False
B,4787,168372323,encoded,,9090,False
A,4787,168403486,encoded,,10504,False
B,4788,168405658,encoded,,7742,False
A,4788,168436826,encoded,,10471,False
B,4789,168438993,encoded,,7136,False
A,4789,168470181,encoded,,9892,False
B,4790,168472339,encoded,,6665,False
A,4790,168503518,encoded,,9035,False
B,4791,168505662,encoded,,6508,False
A,4791,168536822,encoded,,8997,False
B,4792,168538994,encoded,,6514,False
A,4792,168570157,encoded,,9371,False
A,4793,168603491,encoded,,8279,False
B,4793,168572328,encoded,,6628,False
B,4794,168605663,encoded,,5908,False
A,4794,168636827,encoded,,8117,False
B,4795,168638994,encoded,,11731,False
A,4795,168670170,encoded,,7933,False
B,4796,168705661,encoded,,16667,False
A,4796,168703505,encoded,,7728,False
B,4797,168738995,encoded,,16666,False
A,4797,168736824,encoded,,10511,False
B,4798,168772330,encoded,,16667,False
A,4798,168770160,encoded,,16667,False
B,4799,168805666,encoded,,16667,False
A,4799,168803505,encoded,,24977,False
B,4800,168838999,encoded,,16666,False
A,4800,168836825,encoded,,8356,False
B,4801,168872338,encoded,,134100,True
A,4801,168870175,encoded,,117556,True
B,4802,168905669,encoded,,17568,False
A,4802,168903496,encoded,,25117,False
B,4803,168938996,encoded,,13006,False
A,4803,168970169,encoded,,11684,False
B,4804,168972335,encoded,,16453,False
A,4804,169003503,encoded,,24537,False
B,4805,169005666,encoded,,10947,False
A,4805,169036827,encoded,,19600,False
B,4806,169038998,encoded,,23967,False
A,4806,169070167,encoded,,24960,False
B,4807,169072332,encoded,,18170,False
A,4807,169103502,encoded,,14849,False
B,4808,169105674,encoded,,13645,False
A,4808,169136838,encoded,,16860,False
B,4809,169139008,encoded,,18125,False
A,4809,169170167,encoded,,11159,False
B,4810,169172341,encoded,,9934,False
A,4810,169203499,encoded,,8767,False
B,4811,169205671,encoded,,18302,False
A,4811,169236855,encoded,,8069,False
B,4812,169239001,encoded,,11394,False
A,4812,169270181,encoded,,6991,False
B,4813,169272336,encoded,,10238,False
A,4813,169303517,encoded,,6852,False
B,4814,169339019,encoded,,9164,False
A,4814,169336847,encoded,,19417,False
B,4815,169372350,encoded,,8122,False
A,4815,169370181,encoded,,18890,False
B,4816,169405686,encoded,,7602,False
A,4816,169403500,encoded,,13088,False
B,4817,169439020,encoded,,7751,False
A,4817,169470179,encoded,,11437,False
B,4818,169472344,encoded,,7768,False
A,4818,169503504,encoded,,10373,False
B,4819,169505675,encoded,,6400,False
A,4819,169536841,encoded,,11131,False
B,4820,169539008,encoded,,6328,False
A,4820,169570175,encoded,,9007,False
B,4821,169572341,encoded,,6289,False
A,4821,169603505,encoded,,9161,False
B,4822,169605677,encoded,,6133,False
A,4822,169636864,encoded,,8838,False
B,4823,169639022,encoded,,6534,False
A,4823,169670180,encoded,,9176,False
B,4824,169672346,encoded,,12060,False
A,4824,169703529,encoded,,9609,False
B,4825,169705696,encoded,,16667,False
A,4825,169736841,encoded,,9473,False
B,4826,169739032,encoded,,29447,False
A,4826,169770182,encoded,,8082,False
B,4827,169805690,encoded,,5262,False
A,4827,169803511,encoded,,7986,False
B,4828,169839016,encoded,,15291,False
A,4828,169836843,encoded,,13998,False
B,4829,169872347,encoded,,16667,False
A,4829,169870187,encoded,,16667,False
B,4830,169905682,encoded,,16666,False
A,4830,169903511,encoded,,17520,False
B,4831,169939016,encoded,,120225,True
A,4831,169936851,encoded,,127124,True
B,4832,169972348,encoded,,19787,False
A,4832,169970186,encoded,,21491,False
B,4833,170005688,encoded,,10899,False
A,4833,170003512,encoded,,10934,False
B,4834,170039035,encoded,,15217,False
A,4834,170070184,encoded,,16978,False
B,4835,170072349,encoded,,11728,False
A,4835,170103514,encoded,,17479,False
B,4836,170105694,encoded,,23036,False
A,4836,170136847,encoded,,23319,False
B,4837,170139020,encoded,,11667,False
A,4837,170170179,encoded,,20254,False
B,4838,170172352,encoded,,10261,False
A,4838,170203521,encoded,,11725,False
B,4839,170205689,encoded,,14779,False
A,4839,170236895,encoded,,9513,False
B,4840,170239017,encoded,,14071,False
A,4840,170270196,encoded,,7969,False
B,4841,170272365,encoded,,17123,False
A,4841,170303535,encoded,,7254,False
B,4842,170305690,encoded,,21774,False
A,4842,170336870,encoded,,6696,False
B,4843,170339023,encoded,,23274,False
A,4843,170370186,encoded,,19865,False
B,4844,170405694,encoded,,6507,False
A,4844,170403525,encoded,,4416,False
B,4845,170439024,encoded,,12143,False
A,4845,170436850,encoded,,20780,False
B,4846,170472356,encoded,,9449,False
A,4846,170470189,encoded,,12724,False
B,4847,170505698,encoded,,8537,False
A,4847,170503564,encoded,,11744,False
B,4848,170539028,encoded,,8190,False
A,4848,170536860,encoded,,10489,False
B,4849,170572361,encoded,,7728,False
A,4849,170570189,encoded,,9486,False
B,4850,170605698,encoded,,7232,False
A,4850,170636859,encoded,,9348,False
B,4851,170639028,encoded,,6928,False
A,4851,170670203,encoded,,8922,False
B,4852,170672366,encoded,,7126,False
A,4852,170703522,encoded,,9071,False
B,4853,170705695,encoded,,6627,False
A,4853,170736861,encoded,,8548,False
B,4854,170739031,encoded,,6668,False
A,4854,170770199,encoded,,8320,False
B,4855,170772365,encoded,,15691,False
A,4855,170803528,encoded,,7484,False
B,4856,170805697,encoded,,24618,False
A,4856,170836874,encoded,,10547,False
B,4857,170839032,encoded,,8715,False
A,4857,170870216,encoded,,16666,False
B,4858,170872379,encoded,,16667,False
A,4858,170903533,encoded,,25595,False
B,4859,170905716,encoded,,16667,False
A,4859,170936867,encoded,,7739,False
B,4860,170939036,encoded,,16666,False
A,4860,170970199,encoded,,16666,False
B,4861,171005702,encoded,,133939,True
A,4861,171003527,encoded,,127112,True
B,4862,171039036,encoded,,15850,False
A,4862,171036874,encoded,,20977,False
B,4863,171072375,encoded,,15090,False
A,4863,171070198,encoded,,9002,False
B,4864,171105717,encoded,,18414,False
A,4864,171103529,encoded,,19639,False
B,4865,171139055,encoded,,16223,False
A,4865,171136864,encoded,,17956,False
B,4866,171172384,encoded,,21856,False
A,4866,171170220,encoded,,24283,False
B,4867,171205714,encoded,,15370,False
A,4867,171203547,encoded,,21128,False
B,4868,171239054,encoded,,12727,False
A,4868,171270221,encoded,,11662,False
B,4869,171272400,encoded,,10778,False
A,4869,171303533,encoded,,9690,False
B,4870,171305706,encoded,,17984,False
A,4870,171336869,encoded,,8409,False
B,4871,171339039,encoded,,9706,False
A,4871,171370201,encoded,,7704,False
B,4872,171372374,encoded,,18075,False
A,4872,171403545,encoded,,6723,False
B,4873,171405709,encoded,,11952,False
A,4873,171436871,encoded,,20525,False
B,4874,171439041,encoded,,9890,False
A,4874,171470203,encoded,,19206,False
B,4875,171472376,encoded,,9000,False
A,4875,171503540,encoded,,12929,False
B,4876,171505709,encoded,,8072,False
A,4876,171536869,encoded,,11103,False
B,4877,171539051,encoded,,7839,False
A,4877,171570203,encoded,,10273,False
B,4878,171572379,encoded,,7818,False
A,4878,171603556,encoded,,9725,False
B,4879,171605717,encoded,,7265,False
A,4879,171636879,encoded,,9832,False
B,4880,171672395,encoded,,7657,False
A,4880,171670224,encoded,,9404,False
B,4881,171705721,encoded,,6842,False
A,4881,171703545,encoded,,8854,False
B,4882,171739058,encoded,,6364,False
A,4882,171770211,encoded,,8774,False
B,4883,171772382,encoded,,6280,False
A,4883,171803546,encoded,,8737,False
B,4884,171805714,encoded,,6293,False
A,4884,171836877,encoded,,8394,False
B,4885,171839052,encoded,,15383,False
A,4885,171870210,encoded,,8153,False
B,4886,171872381,encoded,,31843,False
A,4886,171903555,encoded,,7837,False
B,4887,171905715,encoded,,12365,False
A,4887,171936880,encoded,,11969,False
B,4888,171939050,encoded,,8646,False
A,4888,171970224,encoded,,16667,False
B,4889,171972390,encoded,,13813,False
A,4889,172003592,encoded,,18787,False
B,4890,172005723,encoded,,16666,False
A,4890,172036877,encoded,,14546,False
B,4891,172039066,encoded,,120196,True
A,4891,172070215,encoded,,126953,True
B,4892,172072384,encoded,,10557,False
A,4892,172103555,encoded,,18142,False
B,4893,172105719,encoded,,23532,False
A,4893,172136885,encoded,,7229,False
B,4894,172139056,encoded,,19167,False
A,4894,172170218,encoded,,23951,False
B,4895,172205724,encoded,,12573,False
A,4895,172203548,encoded,,18090,False
B,4896,172239052,encoded,,22655,False
A,4896,172236895,encoded,,24076,False
B,4897,172272392,encoded,,11345,False
A,4897,172270229,encoded,,21276,False
B,4898,172305733,encoded,,13876,False
A,4898,172303563,encoded,,12199,False
B,4899,172339059,encoded,,10931,False
A,4899,172370240,encoded,,9648,False
B,4900,172372410,encoded,,14466,False
A,4900,172403558,encoded,,8180,False
B,4901,172405727,encoded,,10788,False
A,4901,172436888,encoded,,8002,False
B,4902,172439061,encoded,,17333,False
A,4902,172470218,encoded,,6974,False
B,4903,172472395,encoded,,18057,False
A,4903,172503552,encoded,,19413,False
B,4904,172505730,encoded,,12151,False
A,4904,172536897,encoded,,19481,False
B,4905,172539061,encoded,,9287,False
A,4905,172570235,encoded,,13155,False
B,4906,172572411,encoded,,8103,False
A,4906,172603570,encoded,,11425,False
B,4907,172605740,encoded,,7208,False
A,4907,172636908,encoded,,10404,False
A,4908,172670240,encoded,,9680,False
B,4908,172639073,encoded,,6460,False
B,4909,172672405,encoded,,5953,False
A,4909,172703555,encoded,,9238,False
B,4910,172705730,encoded,,5755,False
A,4910,172736887,encoded,,8916,False
B,4911,172739070,encoded,,5095,False
A,4911,172770222,encoded,,8860,False
B,4912,172805734,encoded,,5259,False
A,4912,172803559,encoded,,8293,False
B,4913,172839066,encoded,,12587,False
A,4913,172836893,encoded,,8095,False
B,4914,172872411,encoded,,20848,False
A,4914,172870235,encoded,,8218,False
B,4915,172905741,encoded,,12485,False
A,4915,172903570,encoded,,7644,False
B,4916,172939087,encoded,,16667,False
A,4916,172970232,encoded,,7810,False
B,4917,172972418,encoded,,16666,False
A,4917,173003561,encoded,,14648,False
B,4918,173005735,encoded,,16667,False
A,4918,173036895,encoded,,19728,False
B,4919,173039070,encoded,,16667,False
A,4919,173070228,encoded,,13606,False
B,4920,173072404,encoded,,16666,False
A,4920,173103565,encoded,,16666,False
B,4921,173105739,encoded,,120307,True
A,4921,173136899,encoded,,127200,True
B,4922,173139081,encoded,,19803,False
A,4922,173170239,encoded,,26044,False
B,4923,173172427,encoded,,11044,False
A,4923,173203584,encoded,,9493,False
B,4924,173205741,encoded,,12105,False
A,4924,173236919,encoded,,12999,False
B,4925,173239104,encoded,,15527,False
A,4925,173270237,encoded,,17454,False
B,4926,173272420,encoded,,25084,False
A,4926,173303568,encoded,,22956,False
B,4927,173339080,encoded,,12676,False
A,4927,173336906,encoded,,20994,False
B,4928,173372404,encoded,,11430,False
A,4928,173370240,encoded,,12046,False
B,4929,173405740,encoded,,14125,False
A,4929,173403568,encoded,,9727,False
B,4930,173439075,encoded,,13959,False
A,4930,173436904,encoded,,8257,False
B,4931,173472422,encoded,,12617,False
A,4931,173470247,encoded,,7122,False
B,4932,173505743,encoded,,12087,False
A,4932,173503567,encoded,,19966,False
B,4933,173539091,encoded,,19478,False
A,4933,173570239,encoded,,20742,False
B,4934,173572412,encoded,,17784,False
A,4934,173603570,encoded,,2587,False
B,4935,173605747,encoded,,9899,False
A,4935,173636910,encoded,,15911,False
A,4936,173670241,encoded,,11400,False
B,4936,173639079,encoded,,8858,False
B,4937,173672418,encoded,,16788,False
A,4937,173703578,encoded,,10628,False
B,4938,173705753,encoded,,12259,False
A,4938,173736920,encoded,,9483,False
B,4939,173739082,encoded,,10672,False
A,4939,173770240,encoded,,9980,False
B,4940,173772417,encoded,,9600,False
A,4940,173803580,encoded,,8797,False
B,4941,173805749,encoded,,9267,False
A,4941,173836917,encoded,,8887,False
B,4942,173872414,encoded,,10385,False
A,4942,173870241,encoded,,8440,False
B,4943,173905768,encoded,,8845,False
A,4943,173903582,encoded,,8355,False
B,4944,173939098,encoded,,8395,False
A,4944,173936928,encoded,,7860,False
B,4945,173972437,encoded,,7856,False
A,4945,173970246,encoded,,7955,False
B,4946,174005757,encoded,,7794,False
A,4946,174003578,encoded,,8051,False
B,4947,174039105,encoded,,11356,False
A,4947,174036938,encoded,,16666,False
B,4948,174072420,encoded,,16667,False
A,4948,174103584,encoded,,31124,False
B,4949,174105754,encoded,,24800,False
A,4949,174136913,encoded,,5334,False
B,4950,174139087,encoded,,8533,False
A,4950,174170246,encoded,,13542,False
B,4951,174172423,encoded,,120846,True
A,4951,174203582,encoded,,117826,True
B,4952,174205762,encoded,,16734,False
A,4952,174236930,encoded,,19622,False
B,4953,174239094,encoded,,15625,False
A,4953,174270257,encoded,,17013,False
B,4954,174272427,encoded,,15862,False
A,4954,174303588,encoded,,25113,False
B,4955,174305768,encoded,,17372,False
A,4955,174336919,encoded,,19121,False
B,4956,174339095,encoded,,24136,False
A,4956,174370257,encoded,,25288,False
B,4957,174372429,encoded,,10705,False
A,4957,174403586,encoded,,21153,False
B,4958,174405765,encoded,,9776,False
A,4958,174436921,encoded,,12667,False
B,4959,174472433,encoded,,11890,False
A,4959,174470253,encoded,,9597,False
B,4960,174505765,encoded,,13687,False
A,4960,174503584,encoded,,8263,False
B,4961,174539094,encoded,,14464,False
A,4961,174536920,encoded,,7955,False
B,4962,174572433,encoded,,12868,False
A,4962,174570253,encoded,,7154,False
B,4963,174605761,encoded,,20032,False
A,4963,174603606,encoded,,19821,False
B,4964,174639107,encoded,,9116,False
A,4964,174636935,encoded,,4341,False
B,4965,174672437,encoded,,7526,False
A,4965,174670266,encoded,,20949,False
B,4966,174705774,encoded,,15894,False
A,4966,174703596,encoded,,12681,False
B,4967,174739123,encoded,,10501,False
A,4967,174770257,encoded,,11298,False
B,4968,174772432,encoded,,10565,False
A,4968,174803591,encoded,,11436,False
B,4969,174805764,encoded,,7589,False
A,4969,174836944,encoded,,15389,False
B,4970,174839102,encoded,,12658,False
A,4970,174870280,encoded,,10257,False
B,4971,174872436,encoded,,10958,False
A,4971,174903597,encoded,,11182,False
B,4972,174905779,encoded,,12695,False
A,4972,174936930,encoded,,11317,False
B,4973,174939115,encoded,,11517,False
A,4973,174970260,encoded,,8959,False
B,4974,174972451,encoded,,10403,False
A,4974,175003597,encoded,,9602,False
B,4975,175039103,encoded,,12542,False
A,4975,175036935,encoded,,8978,False
B,4976,175072442,encoded,,8187,False
A,4976,175070272,encoded,,8203,False
B,4977,175105774,encoded,,9246,False
A,4977,175103600,encoded,,8566,False
B,4978,175139110,encoded,,13273,False
A,4978,175136932,encoded,,8122,False
B,4979,175172444,encoded,,16667,False
A,4979,175170281,encoded,,11461,False
B,4980,175205772,encoded,,16666,False
A,4980,175203599,encoded,,16666,False
B,4981,175239113,encoded,,135414,True
A,4981,175270266,encoded,,127044,True
A,4982,175303605,encoded,,19932,False
B,4982,175272454,encoded,,17184,False
B,4983,175305780,encoded,,16259,False
A,4983,175336936,encoded,,14527,False
A,4984,175370273,encoded,,11992,False
B,4984,175339115,encoded,,14007,False
A,4985,175403603,encoded,,20955,False
B,4985,175372459,encoded,,16115,False
A,4986,175436934,encoded,,24018,False
B,4986,175405777,encoded,,15729,False
A,4987,175470269,encoded,,20585,False
A,4988,175503602,encoded,,11888,False
B,4987,175439111,encoded,,23224,False
A,4989,175536941,encoded,,9786,False
B,4988,175505777,encoded,,14214,False
A,4990,175570269,encoded,,9050,False
B,4989,175539111,encoded,,15616,False
A,4991,175603605,encoded,,7324,False
B,4990,175572460,encoded,,11945,False
A,4992,175636935,encoded,,6875,False
B,4991,175605778,encoded,,20224,False
A,4993,175670272,encoded,,19953,False
B,4992,175639115,encoded,,11880,False
A,4994,175703616,encoded,,19278,False
B,4993,175672467,encoded,,10754,False
B,4994,175705784,encoded,,8505,False
A,4995,175736952,encoded,,12614,False
B,4995,175739137,encoded,,8840,False
A,4996,175770279,encoded,,11446,False
B,4996,175772449,encoded,,9313,False
A,4997,175803613,encoded,,10313,False
B,4997,175805785,encoded,,8014,False
A,4998,175836950,encoded,,9625,False
B,4998,175839117,encoded,,7825,False
A,4999,175870273,encoded,,9686,False
B,4999,175872450,encoded,,13905,False
A,5000,175903612,encoded,,8805,False
B,5000,175905786,encoded,,10383,False
A,5001,175936950,encoded,,8698,False
B,5001,175939122,encoded,,9931,False
A,5002,175970283,encoded,,8463,False
B,5002,175972460,encoded,,9676,False
A,5003,176003614,encoded,,7848,False
B,5003,176005794,encoded,,8613,False
A,5004,176036966,encoded,,8253,False
B,5004,176039130,encoded,,8673,False
A,5005,176070289,encoded,,7799,False
B,5005,176105796,encoded,,8971,False
A,5006,176103636,encoded,,7648,False
B,5006,176139124,encoded,,7830,False
A,5007,176170285,encoded,,15595,False
B,5007,176172455,encoded,,8351,False
A,5008,176203615,encoded,,20016,False
B,5008,176205790,encoded,,15272,False
A,5009,176236951,encoded,,13318,False
B,5009,176239122,encoded,,25216,False
A,5010,176270287,encoded,,16666,False
B,5010,176272459,encoded,,8117,False
A,5011,176303625,encoded,,127061,True
B,5011,176305828,encoded,,120863,True
A,5012,176336949,encoded,,12440,False
B,5012,176339141,encoded,,17002,False
A,5013,176370286,encoded,,12555,False
B,5013,176372461,encoded,,19301,False
A,5014,176403617,encoded,,24732,False
A,5015,176436956,encoded,,18361,False
B,5014,176405794,encoded,,25068,False
B,5015,176439127,encoded,,24068,False
A,5016,176470283,encoded,,23620,False
B,5016,176505798,encoded,,19713,False
A,5017,176503631,encoded,,20742,False
B,5017,176539129,encoded,,10880,False
A,5018,176536958,encoded,,11474,False
B,5018,176572462,encoded,,17949,False
A,5019,176570288,encoded,,9354,False
B,5019,176605796,encoded,,16772,False
A,5020,176603623,encoded,,7926,False
B,5020,176639163,encoded,,12159,False
A,5021,176636962,encoded,,7617,False
B,5021,176672482,encoded,,11432,False
A,5022,176670310,encoded,,7139,False
B,5022,176705806,encoded,,19172,False
A,5023,176736957,encoded,,19302,False
B,5023,176739131,encoded,,12304,False
A,5024,176770289,encoded,,20107,False
B,5024,176772467,encoded,,11157,False
A,5025,176803629,encoded,,13309,False
B,5025,176805799,encoded,,10182,False
A,5026,176836981,encoded,,11422,False
B,5026,176839139,encoded,,10341,False
A,5027,176870313,encoded,,10441,False
B,5027,176872475,encoded,,10199,False
A,5028,176903633,encoded,,9879,False
B,5028,176905805,encoded,,8622,False
A,5029,176936980,encoded,,9466,False
B,5029,176939158,encoded,,8198,False
A,5030,176970297,encoded,,8787,False
B,5030,176972485,encoded,,8369,False
A,5031,177003631,encoded,,8252,False
B,5031,177039135,encoded,,10365,False
A,5032,177036959,encoded,,8434,False
B,5032,177072477,encoded,,7503,False
A,5033,177070302,encoded,,8407,False
B,5033,177105806,encoded,,7805,False
A,5034,177103629,encoded,,7987,False
B,5034,177139149,encoded,,8462,False
A,5035,177136975,encoded,,7925,False
B,5035,177172487,encoded,,13665,False
A,5036,177170317,encoded,,7663,False
B,5036,177205818,encoded,,9829,False
A,5037,177236973,encoded,,15598,False
B,5037,177239152,encoded,,9709,False
A,5038,177270302,encoded,,16667,False
B,5038,177272480,encoded,,10084,False
A,5039,177303640,encoded,,16667,False
B,5039,177305808,encoded,,12161,False
A,5040,177336975,encoded,,16666,False
B,5040,177339141,encoded,,16666,False
A,5041,177370305,encoded,,127160,True
B,5041,177372481,encoded,,120819,True
A,5042,177403642,encoded,,23642,False
B,5042,177405837,encoded,,13863,False
A,5043,177436974,encoded,,9099,False
B,5043,177439148,encoded,,13088,False
A,5044,177470305,encoded,,17254,False
B,5044,177505812,encoded,,16335,False
A,5045,177503641,encoded,,17804,False
B,5045,177539148,encoded,,17017,False
A,5046,177536979,encoded,,23032,False
B,5046,177572483,encoded,,13923,False
A,5047,177570302,encoded,,20549,False
B,5047,177605813,encoded,,24734,False
A,5048,177603634,encoded,,11641,False
B,5048,177639146,encoded,,14598,False
A,5049,177636975,encoded,,9375,False
B,5049,177672488,encoded,,18195,False
A,5050,177670322,encoded,,8377,False
B,5050,177705822,encoded,,20089,False
A,5051,177703653,encoded,,7452,False
B,5051,177739153,encoded,,13316,False
A,5052,177737019,encoded,,7284,False
B,5052,177772487,encoded,,9695,False
A,5053,177803640,encoded,,22335,False
B,5053,177805820,encoded,,9352,False
A,5054,177836979,encoded,,17981,False
B,5054,177839151,encoded,,16093,False
A,5055,177870320,encoded,,13061,False
B,5055,177872492,encoded,,9429,False
A,5056,177903648,encoded,,11345,False
B,5056,177905820,encoded,,9745,False
A,5057,177936974,encoded,,10735,False
B,5057,177939163,encoded,,10272,False
A,5058,177970309,encoded,,9751,False
B,5058,177972493,encoded,,10197,False
A,5059,178003643,encoded,,9572,False
A,5060,178036979,encoded,,9305,False
B,5059,178005824,encoded,,10809,False
A,5061,178070311,encoded,,8964,False
B,5060,178072491,encoded,,12949,False
A,5062,178103649,encoded,,8821,False
B,5061,178105824,encoded,,9875,False
A,5063,178136983,encoded,,8191,False
B,5062,178139160,encoded,,24986,False
A,5064,178170317,encoded,,8037,False
B,5063,178172496,encoded,,17092,False
A,5065,178203652,encoded,,7683,False
B,5064,178205828,encoded,,15412,False
A,5066,178237031,encoded,,7638,False
B,5065,178239171,encoded,,14126,False
A,5067,178270332,encoded,,13912,False
B,5066,178272511,encoded,,13081,False
A,5068,178303671,encoded,,19859,False
B,5067,178305830,encoded,,13204,False
A,5069,178336997,encoded,,13475,False
B,5068,178339160,encoded,,12149,False
A,5070,178370321,encoded,,16666,False
B,5069,178405829,encoded,,14465,False
A,5071,178403648,encoded,,117672,True
B,5070,178439166,encoded,,11660,False
A,5072,178437021,encoded,,22730,False
B,5071,178472509,encoded,,111259,True
A,5073,178470318,encoded,,14889,False
B,5072,178505848,encoded,,16253,False
A,5074,178503660,encoded,,20341,False
B,5073,178539163,encoded,,7775,False
A,5075,178537014,encoded,,23342,False
B,5074,178572512,encoded,,15883,False
A,5076,178603651,encoded,,25547,False
B,5075,178605838,encoded,,19670,False
A,5077,178637002,encoded,,22763,False
B,5076,178639165,encoded,,22943,False
A,5078,178670326,encoded,,7078,False
B,5077,178672503,encoded,,18009,False
A,5079,178703657,encoded,,15035,False
B,5078,178705831,encoded,,19941,False
A,5080,178737030,encoded,,15749,False
A,5081,178770323,encoded,,9596,False
B,5079,178739167,encoded,,21133,False
A,5082,178803671,encoded,,7546,False
B,5080,178772505,encoded,,7623,False
A,5083,178837002,encoded,,9410,False
B,5081,178805837,encoded,,11225,False
A,5084,178870326,encoded,,7281,False
B,5082,178839169,encoded,,15072,False
B,5083,178872503,encoded,,11258,False
A,5085,178903670,encoded,,6419,False
B,5084,178905839,encoded,,10773,False
A,5086,178937002,encoded,,25196,False
A,5087,178970328,encoded,,3294,False
B,5085,178972506,encoded,,13893,False
A,5088,179003666,encoded,,16862,False
B,5086,179005843,encoded,,9771,False
A,5089,179037002,encoded,,12079,False
B,5087,179039181,encoded,,10059,False
B,5088,179072511,encoded,,8910,False
A,5090,179070337,encoded,,10715,False
B,5089,179105838,encoded,,7899,False
A,5091,179103674,encoded,,9915,False
B,5090,179139195,encoded,,18044,False
A,5092,179137051,encoded,,9442,False
B,5091,179172527,encoded,,12603,False
A,5093,179170356,encoded,,8972,False
B,5092,179205876,encoded,,18841,False
A,5094,179203683,encoded,,8832,False
B,5093,179239178,encoded,,14371,False
A,5095,179270350,encoded,,8968,False
B,5094,179272516,encoded,,14353,False
A,5096,179303678,encoded,,9482,False
B,5095,179305851,encoded,,12745,False
A,5097,179337017,encoded,,9756,False
B,5096,179339191,encoded,,13101,False
A,5098,179370347,encoded,,8364,False
B,5097,179372517,encoded,,13464,False
A,5099,179403674,encoded,,16059,False
B,5098,179405849,encoded,,12988,False
A,5100,179436998,encoded,,20544,False
B,5099,179472512,encoded,,12395,False
A,5101,179470333,encoded,,127083,True
B,5100,179505862,encoded,,13018,False
A,5102,179503676,encoded,,18027,False
B,5101,179539187,encoded,,111078,True
A,5103,179537040,encoded,,12779,False
B,5102,179572514,encoded,,13152,False
A,5104,179570339,encoded,,16750,False
B,5103,179605850,encoded,,11296,False
A,5105,179603669,encoded,,20891,False
B,5104,179639186,encoded,,15377,False
A,5106,179637015,encoded,,24558,False
B,5105,179672514,encoded,,19970,False
B,5106,179705849,encoded,,10505,False
A,5107,179670336,encoded,,20868,False
B,5107,179739187,encoded,,15707,False
A,5108,179703670,encoded,,11656,False
A,5109,179737004,encoded,,9643,False
B,5108,179772519,encoded,,9983,False
A,5110,179803672,encoded,,9062,False
B,5109,179805852,encoded,,10507,False
A,5111,179837016,encoded,,10124,False
B,5110,179839191,encoded,,9402,False
A,5112,179870348,encoded,,7943,False
B,5111,179872520,encoded,,10031,False
A,5113,179903682,encoded,,10172,False
B,5112,179905854,encoded,,9973,False
A,5114,179937009,encoded,,9093,False
B,5113,179939187,encoded,,11615,False
A,5115,179970351,encoded,,8928,False
B,5114,179972528,encoded,,14458,False
A,5116,180003676,encoded,,8425,False
B,5115,180005856,encoded,,21017,False
A,5117,180037006,encoded,,5843,False
B,5116,180039188,encoded,,14740,False
A,5118,180070356,encoded,,25474,False
B,5117,180105858,encoded,,13841,False
A,5119,180103678,encoded,,14308,False
B,5118,180139192,encoded,,9472,False
A,5120,180137017,encoded,,11406,False
B,5119,180172543,encoded,,9271,False
B,5120,180205858,encoded,,9645,False
A,5121,180170357,encoded,,10504,False
B,5121,180239194,encoded,,9040,False
A,5122,180203684,encoded,,10543,False
B,5122,180272528,encoded,,8418,False
A,5123,180270352,encoded,,9242,False
B,5123,180305861,encoded,,17694,False
A,5124,180303682,encoded,,9113,False
B,5124,180339197,encoded,,7985,False
A,5125,180337032,encoded,,8815,False
A,5126,180370356,encoded,,11605,False
B,5125,180372530,encoded,,8412,False
A,5127,180403688,encoded,,10447,False
B,5126,180405861,encoded,,9057,False
A,5128,180437023,encoded,,9487,False
B,5127,180439196,encoded,,24203,False
A,5129,180470365,encoded,,16667,False
B,5128,180472542,encoded,,14803,False
A,5130,180503691,encoded,,21100,False
B,5129,180505875,encoded,,13109,False
A,5131,180537029,encoded,,118071,True
B,5130,180539216,encoded,,12601,False
A,5132,180570350,encoded,,25404,False
B,5131,180605865,encoded,,111223,True
A,5133,180603686,encoded,,13522,False
B,5132,180639207,encoded,,16950,False
A,5134,180637045,encoded,,19449,False
B,5133,180672550,encoded,,11472,False
A,5135,180670371,encoded,,15561,False
B,5134,180705877,encoded,,18272,False
A,5136,180703687,encoded,,12147,False
B,5135,180739229,encoded,,19692,False
A,5137,180737039,encoded,,26167,False
B,5136,180772567,encoded,,17077,False
A,5138,180770371,encoded,,18473,False
B,5137,180805881,encoded,,18722,False
A,5139,180837033,encoded,,16494,False
B,5138,180839220,encoded,,16687,False
A,5140,180870370,encoded,,10702,False
B,5139,180872547,encoded,,14333,False
A,5141,180903700,encoded,,9280,False
B,5140,180905876,encoded,,12753,False
A,5142,180937023,encoded,,9147,False
B,5141,180939202,encoded,,13632,False
A,5143,180970370,encoded,,7502,False
B,5142,180972537,encoded,,13666,False
A,5144,181003710,encoded,,9260,False
B,5143,181005876,encoded,,12163,False
A,5145,181037044,encoded,,7237,False
B,5144,181039206,encoded,,9260,False
A,5146,181070383,encoded,,6967,False
B,5145,181072553,encoded,,7890,False
A,5147,181103693,encoded,,6020,False
B,5146,181105876,encoded,,7928,False
A,5148,181137038,encoded,,24866,False
B,5147,181139220,encoded,,6839,False
A,5149,181170363,encoded,,3216,False
B,5148,181172541,encoded,,7555,False
A,5150,181203694,encoded,,16558,False
B,5149,181239208,encoded,,7725,False
A,5151,181237042,encoded,,11401,False
B,5150,181272544,encoded,,7382,False
A,5152,181270363,encoded,,10787,False
B,5151,181305880,encoded,,17837,False
A,5153,181303711,encoded,,10130,False
B,5152,181339213,encoded,,6586,False
A,5154,181337031,encoded,,9671,False
B,5153,181372547,encoded,,21955,False
A,5155,181370365,encoded,,9405,False
B,5154,181405886,encoded,,13397,False
A,5156,181437033,encoded,,10735,False
B,5155,181439213,encoded,,5780,False
A,5157,181470370,encoded,,8754,False
B,5156,181472546,encoded,,14513,False
A,5158,181503702,encoded,,15307,False
B,5157,181505883,encoded,,11066,False
A,5159,181537034,encoded,,16667,False
B,5158,181539216,encoded,,8592,False
A,5160,181570389,encoded,,16666,False
B,5159,181572551,encoded,,10185,False
A,5161,181603719,encoded,,127352,True
B,5160,181605883,encoded,,16666,False
A,5162,181637042,encoded,,24239,False
B,5161,181639215,encoded,,121180,True
A,5163,181670370,encoded,,9298,False
B,5162,181672563,encoded,,12053,False
A,5164,181703702,encoded,,13909,False
B,5163,181705890,encoded,,12720,False
A,5165,181737039,encoded,,20036,False
B,5164,181772552,encoded,,15732,False
A,5166,181770378,encoded,,23936,False
B,5165,181805886,encoded,,16722,False
A,5167,181803709,encoded,,21244,False
B,5166,181839225,encoded,,16736,False
A,5168,181837048,encoded,,11450,False
B,5167,181872555,encoded,,9772,False
A,5169,181870375,encoded,,10240,False
B,5168,181905897,encoded,,16711,False
A,5170,181903726,encoded,,8200,False
B,5169,181939251,encoded,,11007,False
A,5171,181937064,encoded,,7814,False
B,5170,181972557,encoded,,21203,False
A,5172,182003719,encoded,,7567,False
B,5171,182005892,encoded,,10920,False
A,5173,182037046,encoded,,6859,False
B,5172,182039227,encoded,,8838,False
A,5174,182070378,encoded,,6566,False
B,5173,182072556,encoded,,8397,False
A,5175,182103711,encoded,,25597,False
B,5174,182105891,encoded,,8065,False
A,5176,182137057,encoded,,2920,False
B,5175,182139228,encoded,,7037,False
A,5177,182170382,encoded,,17520,False
B,5176,182172563,encoded,,19558,False
A,5178,182203714,encoded,,11933,False
B,5177,182205897,encoded,,20810,False
A,5179,182237052,encoded,,10468,False
B,5178,182239235,encoded,,5357,False
A,5180,182270385,encoded,,9887,False
B,5179,182272567,encoded,,17320,False
A,5181,182303713,encoded,,9581,False
A,5182,182337047,encoded,,9032,False
B,5180,182305895,encoded,,12053,False
A,5183,182370403,encoded,,9822,False
B,5181,182372561,encoded,,5674,False
A,5184,182403732,encoded,,8277,False
B,5182,182405908,encoded,,13369,False
A,5185,182437058,encoded,,9324,False
B,5183,182439242,encoded,,11346,False
A,5186,182470416,encoded,,10263,False
B,5184,182472571,encoded,,11882,False
A,5187,182503731,encoded,,16666,False
B,5185,182505899,encoded,,9883,False
A,5188,182537064,encoded,,19788,False
B,5186,182539243,encoded,,11036,False
A,5189,182570396,encoded,,13546,False
B,5187,182572567,encoded,,14619,False
B,5188,182605901,encoded,,16667,False
A,5190,182603722,encoded,,16666,False
B,5189,182639233,encoded,,16667,False
A,5191,182637061,encoded,,127183,True
B,5190,182672567,encoded,,16666,False
A,5192,182670389,encoded,,15712,False
B,5191,182705920,encoded,,121273,True
A,5193,182737056,encoded,,10289,False
B,5192,182739240,encoded,,19483,False
A,5194,182770389,encoded,,23574,False
B,5193,182772589,encoded,,12236,False
A,5195,182803722,encoded,,18701,False
B,5194,182805904,encoded,,11988,False
A,5196,182837060,encoded,,25493,False
B,5195,182839238,encoded,,15144,False
A,5197,182870392,encoded,,19992,False
B,5196,182872574,encoded,,23679,False
A,5198,182903730,encoded,,11772,False
B,5197,182905906,encoded,,15270,False
A,5199,182937060,encoded,,9693,False
B,5198,182972573,encoded,,15437,False
A,5200,182970396,encoded,,8227,False
B,5199,183005910,encoded,,14464,False
A,5201,183003735,encoded,,7712,False
B,5200,183039248,encoded,,10518,False
A,5202,183037068,encoded,,7301,False
B,5201,183072577,encoded,,9118,False
A,5203,183070403,encoded,,19383,False
B,5202,183105915,encoded,,20292,False
A,5204,183137068,encoded,,4270,False
B,5203,183139244,encoded,,12489,False
A,5205,183170399,encoded,,21716,False
B,5204,183172579,encoded,,19938,False
A,5206,183203727,encoded,,3383,False
B,5205,183205919,encoded,,10983,False
A,5207,183237082,encoded,,15981,False
B,5206,183239248,encoded,,9982,False
A,5208,183270399,encoded,,11890,False
B,5207,183272579,encoded,,9290,False
A,5209,183303736,encoded,,10612,False
B,5208,183305915,encoded,,8098,False
A,5210,183337070,encoded,,9396,False
B,5209,183339244,encoded,,7190,False
A,5211,183370397,encoded,,10009,False
B,5210,183372579,encoded,,7694,False
A,5212,183403732,encoded,,8644,False
B,5211,183405917,encoded,,6444,False
A,5213,183437074,encoded,,8952,False
B,5212,183439252,encoded,,6226,False
A,5214,183470409,encoded,,8441,False
B,5213,183505916,encoded,,7112,False
A,5215,183503738,encoded,,7959,False
B,5214,183539257,encoded,,5656,False
A,5216,183537076,encoded,,7938,False
B,5215,183572599,encoded,,16663,False
A,5217,183570408,encoded,,15777,False
B,5216,183605945,encoded,,22037,False
A,5218,183603764,encoded,,21036,False
B,5217,183639273,encoded,,11296,False
A,5219,183637077,encoded,,12298,False
B,5218,183672596,encoded,,16667,False
A,5220,183670423,encoded,,16666,False
B,5219,183705923,encoded,,16667,False
A,5221,183737077,encoded,,127346,True
B,5220,183739258,encoded,,16666,False
A,5222,183770411,encoded,,15318,False
B,5221,183772592,encoded,,121388,True
A,5223,183803759,encoded,,13071,False
B,5222,183805934,encoded,,20083,False
A,5224,183837084,encoded,,20412,False
B,5223,183839264,encoded,,10653,False
A,5225,183870434,encoded,,17833,False
B,5224,183872608,encoded,,16462,False
A,5226,183903777,encoded,,24207,False
B,5225,183905945,encoded,,15496,False
A,5227,183937081,encoded,,20567,False
B,5226,183939260,encoded,,16454,False
A,5228,183970429,encoded,,11404,False
B,5227,183972603,encoded,,17340,False
A,5229,184003752,encoded,,8972,False
B,5228,184005928,encoded,,14813,False
A,5230,184037077,encoded,,8244,False
B,5229,184072593,encoded,,22982,False
A,5231,184070411,encoded,,7689,False
A,5232,184103745,encoded,,6940,False
B,5230,184105928,encoded,,12150,False
B,5231,184139282,encoded,,11027,False
A,5233,184137090,encoded,,19783,False
A,5234,184170415,encoded,,19661,False
B,5232,184172595,encoded,,18032,False
B,5233,184205929,encoded,,9819,False
A,5235,184203755,encoded,,13115,False
A,5236,184237084,encoded,,11933,False
B,5234,184239269,encoded,,8567,False
A,5237,184270434,encoded,,10729,False
B,5235,184272615,encoded,,7271,False
A,5238,184303754,encoded,,9991,False
B,5236,184305928,encoded,,7275,False
A,5239,184337079,encoded,,9994,False
B,5237,184339262,encoded,,7761,False
A,5240,184370424,encoded,,9528,False
B,5238,184372603,encoded,,7203,False
A,5241,184403758,encoded,,9223,False
A,5242,184437091,encoded,,8585,False
B,5239,184405936,encoded,,7114,False
A,5243,184470438,encoded,,8083,False
B,5240,184439269,encoded,,6766,False
B,5241,184472624,encoded,,6517,False
A,5244,184503748,encoded,,8356,False
B,5242,184505940,encoded,,6199,False
A,5245,184570423,encoded,,7876,False
B,5243,184539266,encoded,,11962,False
A,5246,184603764,encoded,,7803,False
B,5244,184572600,encoded,,16666,False
A,5247,184637093,encoded,,13337,False
B,5245,184605937,encoded,,33104,False
A,5248,184670419,encoded,,16667,False
B,5246,184672604,encoded,,5543,False
B,5247,184705947,encoded,,11353,False
A,5249,184703759,encoded,,16667,False
B,5248,184739283,encoded,,16667,False
A,5250,184737106,encoded,,16666,False
B,5249,184772641,encoded,,16667,False
A,5251,184770446,encoded,,117989,True
B,5250,184805951,encoded,,16666,False
A,5252,184803765,encoded,,21993,False
B,5251,184839291,encoded,,135677,True
A,5253,184870444,encoded,,16859,False
B,5252,184872629,encoded,,8564,False
A,5254,184903777,encoded,,18923,False
B,5253,184905962,encoded,,10932,False
B,5254,184939291,encoded,,18927,False
A,5255,184937092,encoded,,22741,False
B,5255,185005969,encoded,,17959,False
A,5256,184970431,encoded,,24767,False
B,5256,185039295,encoded,,16690,False
A,5257,185003769,encoded,,21633,False
B,5257,185072623,encoded,,16780,False
A,5258,185037113,encoded,,11841,False
B,5258,185105940,encoded,,23798,False
A,5259,185070446,encoded,,9346,False
B,5259,185139280,encoded,,13629,False
A,5260,185103763,encoded,,8355,False
B,5260,185172613,encoded,,11123,False
A,5261,185137094,encoded,,7619,False
B,5261,185205947,encoded,,10805,False
A,5262,185170432,encoded,,7136,False
B,5262,185239286,encoded,,8355,False
A,5263,185203765,encoded,,6455,False
B,5263,185272613,encoded,,18433,False
A,5264,185237100,encoded,,26966,False
A,5265,185270436,encoded,,2821,False
B,5264,185305952,encoded,,11064,False
A,5266,185303783,encoded,,16867,False
B,5265,185339284,encoded,,9821,False
A,5267,185370439,encoded,,12580,False
B,5266,185372618,encoded,,9191,False
A,5268,185403791,encoded,,10715,False
B,5267,185405955,encoded,,9135,False
A,5269,185437118,encoded,,10112,False
B,5268,185439301,encoded,,8287,False
A,5270,185470454,encoded,,9111,False
B,5269,185472624,encoded,,7386,False
A,5271,185503784,encoded,,8882,False
B,5270,185505954,encoded,,7101,False
A,5272,185537117,encoded,,8606,False
B,5271,185539303,encoded,,7074,False
A,5273,185570442,encoded,,8773,False
B,5272,185572620,encoded,,6302,False
A,5274,185603780,encoded,,8281,False
B,5273,185605961,encoded,,13089,False
A,5275,185637105,encoded,,8562,False
B,5274,185672625,encoded,,12076,False
A,5276,185670440,encoded,,7879,False
B,5275,185705962,encoded,,10845,False
A,5277,185703777,encoded,,14188,False
B,5276,185739305,encoded,,10291,False
A,5278,185737129,encoded,,16667,False
B,5277,185772650,encoded,,16666,False
A,5279,185770467,encoded,,16667,False
B,5278,185805986,encoded,,16667,False
A,5280,185837115,encoded,,16666,False
B,5279,185839294,encoded,,16667,False
A,5281,185870448,encoded,,127250,True
B,5280,185872624,encoded,,16666,False
A,5282,185903777,encoded,,19932,False
B,5281,185905955,encoded,,121220,True
A,5283,185937116,encoded,,11746,False
B,5282,185939300,encoded,,16923,False
A,5284,185970478,encoded,,17855,False
B,5283,185972627,encoded,,13956,False
B,5284,186005966,encoded,,12172,False
A,5285,186003781,encoded,,17443,False
A,5286,186037117,encoded,,23071,False
B,5285,186039292,encoded,,15451,False
A,5287,186070450,encoded,,20955,False
B,5286,186072629,encoded,,16396,False
A,5288,186103791,encoded,,11839,False
B,5287,186105966,encoded,,14070,False
A,5289,186137114,encoded,,9286,False
B,5288,186139300,encoded,,14082,False
A,5290,186170452,encoded,,8508,False
B,5289,186205973,encoded,,16905,False
A,5291,186203779,encoded,,7663,False
B,5290,186239295,encoded,,22841,False
A,5292,186237117,encoded,,7185,False
B,5291,186272631,encoded,,16602,False
A,5293,186270469,encoded,,19485,False
B,5292,186305996,encoded,,13791,False
A,5294,186303804,encoded,,19525,False
B,5293,186339306,encoded,,13212,False
A,5295,186337125,encoded,,13627,False
B,5294,186372662,encoded,,8080,False
A,5296,186370480,encoded,,11089,False
B,5295,186405970,encoded,,12922,False
A,5297,186437115,encoded,,11079,False
B,5296,186439322,encoded,,12446,False
A,5298,186470449,encoded,,9515,False
B,5297,186472638,encoded,,19267,False
A,5299,186503808,encoded,,9802,False
B,5298,186505970,encoded,,14933,False
A,5300,186537134,encoded,,9230,False
B,5299,186539314,encoded,,12637,False
A,5301,186570482,encoded,,10015,False
B,5300,186572657,encoded,,12330,False
A,5302,186603809,encoded,,10183,False
B,5301,186605995,encoded,,11663,False
A,5303,186637120,encoded,,8923,False
B,5302,186639304,encoded,,9642,False
B,5303,186672639,encoded,,11627,False
A,5304,186670477,encoded,,8861,False
B,5304,186705971,encoded,,11460,False
A,5305,186703807,encoded,,9200,False
B,5305,186739309,encoded,,8981,False
A,5306,186737122,encoded,,8162,False
B,5306,186772640,encoded,,9721,False
A,5307,186770457,encoded,,8571,False
B,5307,186805976,encoded,,8619,False
A,5308,186803789,encoded,,16667,False
A,5309,186837125,encoded,,25151,False
B,5308,186872645,encoded,,11044,False
A,5310,186870462,encoded,,8182,False
B,5309,186905974,encoded,,10142,False
A,5311,186903800,encoded,,127134,True
B,5310,186939316,encoded,,9545,False
A,5312,186970458,encoded,,18164,False
B,5311,186972646,encoded,,121814,True
A,5313,187003794,encoded,,7042,False
B,5312,187005977,encoded,,14559,False
A,5314,187037127,encoded,,24009,False
B,5313,187039311,encoded,,12025,False
A,5315,187070463,encoded,,18440,False
B,5314,187072647,encoded,,20598,False
A,5316,187103799,encoded,,25113,False
B,5315,187105981,encoded,,14200,False
B,5316,187139356,encoded,,16601,False
A,5317,187137143,encoded,,21158,False
A,5318,187170483,encoded,,12079,False
B,5317,187172659,encoded,,17531,False
A,5319,187203813,encoded,,10212,False
A,5320,187237139,encoded,,8861,False
B,5318,187205986,encoded,,12717,False
B,5319,187239320,encoded,,15566,False
A,5321,187270469,encoded,,7758,False
B,5320,187272654,encoded,,17739,False
A,5322,187303797,encoded,,7196,False
B,5321,187305989,encoded,,23414,False
A,5323,187337138,encoded,,18767,False
B,5322,187372653,encoded,,9815,False
A,5324,187370465,encoded,,19913,False
B,5323,187405983,encoded,,14903,False
A,5325,187403820,encoded,,2597,False
B,5324,187439330,encoded,,12195,False
A,5326,187437142,encoded,,15766,False
B,5325,187472668,encoded,,11607,False
A,5327,187470491,encoded,,11529,False
B,5326,187505995,encoded,,10412,False
A,5328,187537134,encoded,,11114,False
B,5327,187539329,encoded,,18553,False
A,5329,187570483,encoded,,11625,False
B,5328,187572656,encoded,,15240,False
A,5330,187603804,encoded,,12757,False
B,5329,187605988,encoded,,7446,False
A,5331,187637148,encoded,,9459,False
B,5330,187639324,encoded,,14932,False
A,5332,187670470,encoded,,11100,False
B,5331,187672663,encoded,,13677,False
A,5333,187703814,encoded,,9711,False
B,5332,187705992,encoded,,11804,False
A,5334,187737149,encoded,,8762,False
B,5333,187739331,encoded,,10167,False
A,5335,187770482,encoded,,9802,False
B,5334,187772657,encoded,,11742,False
A,5336,187803809,encoded,,9708,False
B,5335,187805991,encoded,,13174,False
A,5337,187837141,encoded,,8185,False
B,5336,187839331,encoded,,9278,False
A,5338,187870484,encoded,,8706,False
B,5337,187872661,encoded,,10865,False
A,5339,187903810,encoded,,16667,False
B,5338,187939327,encoded,,9065,False
B,5339,187972660,encoded,,9158,False
A,5340,187937142,encoded,,20170,False
B,5340,188005998,encoded,,7680,False
A,5341,187970486,encoded,,118222,True
B,5341,188039330,encoded,,121192,True
A,5342,188003821,encoded,,23794,False
B,5342,188072669,encoded,,12953,False
A,5343,188037146,encoded,,14411,False
B,5343,188105996,encoded,,12857,False
A,5344,188070485,encoded,,14523,False
B,5344,188139332,encoded,,20088,False
A,5345,188137152,encoded,,16738,False
B,5345,188172666,encoded,,13982,False
A,5346,188170479,encoded,,20748,False
B,5346,188205998,encoded,,16490,False
A,5347,188203817,encoded,,13074,False
A,5348,188237156,encoded,,10989,False
B,5347,188239331,encoded,,15934,False
A,5349,188270480,encoded,,14774,False
B,5348,188272665,encoded,,12490,False
A,5350,188303829,encoded,,17875,False
B,5349,188306001,encoded,,16000,False
B,5350,188339338,encoded,,22138,False
A,5351,188337164,encoded,,9307,False
B,5351,188372670,encoded,,12723,False
A,5352,188370483,encoded,,8319,False
B,5352,188406000,encoded,,9201,False
A,5353,188403826,encoded,,7332,False
A,5354,188437156,encoded,,20206,False
B,5353,188439339,encoded,,8129,False
A,5355,188470494,encoded,,5034,False
B,5354,188472674,encoded,,8655,False
A,5356,188503842,encoded,,20627,False
B,5355,188506018,encoded,,16632,False
A,5357,188537159,encoded,,13010,False
B,5356,188539337,encoded,,11387,False
A,5358,188570486,encoded,,10839,False
B,5357,188572681,encoded,,11418,False
A,5359,188603819,encoded,,10253,False
B,5358,188639354,encoded,,11887,False
A,5360,188637173,encoded,,9987,False
B,5359,188672692,encoded,,17612,False
A,5361,188670512,encoded,,9063,False
B,5360,188706008,encoded,,11745,False
A,5362,188737156,encoded,,9732,False
B,5361,188739341,encoded,,12210,False
A,5363,188770488,encoded,,9009,False
B,5362,188772675,encoded,,10962,False
A,5364,188803824,encoded,,8566,False
B,5363,188806011,encoded,,10450,False
A,5365,188837163,encoded,,8774,False
B,5364,188839341,encoded,,11447,False
A,5366,188870506,encoded,,7979,False
B,5365,188872683,encoded,,10035,False
A,5367,188903844,encoded,,13311,False
B,5366,188906011,encoded,,9936,False
A,5368,188937173,encoded,,16667,False
B,5367,188939360,encoded,,7993,False
A,5369,188970497,encoded,,16667,False
B,5368,188972679,encoded,,7789,False
A,5370,189003832,encoded,,16666,False
B,5369,189006014,encoded,,7842,False
A,5371,189037159,encoded,,127115,True
B,5370,189072681,encoded,,16666,False
A,5372,189070499,encoded,,20780,False
B,5371,189106014,encoded,,121381,True
A,5373,189103829,encoded,,10583,False
B,5372,189139356,encoded,,13885,False
A,5374,189137176,encoded,,22030,False
B,5373,189172700,encoded,,18824,False
A,5375,189170500,encoded,,17620,False
B,5374,189206034,encoded,,18922,False
A,5376,189203838,encoded,,21468,False
B,5375,189239371,encoded,,10964,False
A,5377,189237175,encoded,,19883,False
B,5376,189272711,encoded,,15297,False
A,5378,189270527,encoded,,11371,False
B,5377,189306037,encoded,,14619,False
A,5379,189303860,encoded,,9304,False
B,5378,189339362,encoded,,15339,False
A,5380,189370505,encoded,,8502,False
B,5379,189372690,encoded,,22831,False
A,5381,189403836,encoded,,7652,False
B,5380,189406024,encoded,,11530,False
A,5382,189437167,encoded,,7116,False
B,5381,189439358,encoded,,15775,False
A,5383,189470517,encoded,,6970,False
B,5382,189472717,encoded,,11706,False
A,5384,189503856,encoded,,20784,False
B,5383,189506034,encoded,,9666,False
A,5385,189537168,encoded,,18555,False
B,5384,189539361,encoded,,19638,False
A,5386,189570505,encoded,,3469,False
B,5385,189572704,encoded,,11290,False
A,5387,189603840,encoded,,15708,False
B,5386,189639356,encoded,,11032,False
A,5388,189637173,encoded,,11875,False
B,5387,189672690,encoded,,7947,False
A,5389,189670503,encoded,,10469,False
B,5388,189706036,encoded,,7527,False
A,5390,189703842,encoded,,9623,False
B,5389,189739363,encoded,,7217,False
A,5391,189737180,encoded,,9298,False
B,5390,189772697,encoded,,6682,False
A,5392,189770507,encoded,,8454,False
B,5391,189806041,encoded,,7106,False
A,5393,189837175,encoded,,8482,False
B,5392,189839362,encoded,,6879,False
A,5394,189870508,encoded,,8318,False
B,5393,189872694,encoded,,7391,False
A,5395,189903847,encoded,,7663,False
B,5394,189906032,encoded,,6552,False
A,5396,189937178,encoded,,10242,False
B,5395,189939361,encoded,,16667,False
A,5397,189970508,encoded,,16666,False
B,5396,189972700,encoded,,22812,False
A,5398,190003844,encoded,,27186,False
B,5397,190006045,encoded,,10521,False
A,5399,190037193,encoded,,6148,False
B,5398,190039367,encoded,,16667,False
A,5400,190070509,encoded,,16666,False
B,5399,190072712,encoded,,16667,False
A,5401,190103856,encoded,,127198,True
B,5400,190106053,encoded,,16666,False
A,5402,190137187,encoded,,19065,False
B,5401,190139387,encoded,,121431,True
A,5403,190170515,encoded,,10826,False
B,5402,190206033,encoded,,16000,False
A,5404,190203850,encoded,,20165,False
B,5403,190239365,encoded,,13469,False
A,5405,190237179,encoded,,17786,False
B,5404,190272706,encoded,,13810,False
A,5406,190270515,encoded,,23742,False
B,5405,190306036,encoded,,15171,False
A,5407,190303850,encoded,,20464,False
B,5406,190339369,encoded,,13259,False
A,5408,190337189,encoded,,12011,False
B,5407,190372735,encoded,,23841,False
A,5409,190370555,encoded,,9632,False
B,5408,190406057,encoded,,19519,False
A,5410,190403860,encoded,,8083,False
B,5409,190439390,encoded,,18312,False
A,5411,190437202,encoded,,7568,False
B,5410,190472727,encoded,,17319,False
A,5412,190470541,encoded,,7091,False
B,5411,190506044,encoded,,22620,False
A,5413,190537192,encoded,,20390,False
B,5412,190539373,encoded,,11897,False
A,5414,190570521,encoded,,19794,False
B,5413,190572708,encoded,,10709,False
B,5414,190606040,encoded,,10208,False
A,5415,190603866,encoded,,13226,False
A,5416,190637194,encoded,,11903,False
B,5415,190639374,encoded,,9932,False
A,5417,190670522,encoded,,3202,False
B,5416,190672709,encoded,,10157,False
B,5417,190706046,encoded,,9644,False
A,5418,190703881,encoded,,14596,False
A,5419,190737222,encoded,,10708,False
B,5418,190739376,encoded,,8292,False
A,5420,190770539,encoded,,9667,False
B,5419,190772718,encoded,,8767,False
A,5421,190803857,encoded,,8948,False
B,5420,190806050,encoded,,9930,False
A,5422,190837199,encoded,,9394,False
B,5421,190839383,encoded,,8382,False
A,5423,190870541,encoded,,8428,False
B,5422,190872726,encoded,,9458,False
A,5424,190903865,encoded,,8278,False
B,5423,190939396,encoded,,11375,False
A,5425,190937197,encoded,,8590,False
B,5424,190972724,encoded,,9679,False
A,5426,190970549,encoded,,7711,False
B,5425,191006056,encoded,,10849,False
A,5427,191003883,encoded,,11534,False
B,5426,191039395,encoded,,8002,False
A,5428,191070528,encoded,,16667,False
B,5427,191072715,encoded,,9500,False
A,5429,191103869,encoded,,16667,False
B,5428,191106055,encoded,,15135,False
A,5430,191137194,encoded,,16666,False
B,5429,191139385,encoded,,16667,False
A,5431,191170546,encoded,,127374,True
B,5430,191172715,encoded,,16666,False
A,5432,191203874,encoded,,14175,False
B,5431,191206063,encoded,,135513,True
A,5433,191237202,encoded,,14216,False
B,5432,191239384,encoded,,19815,False
A,5434,191270535,encoded,,20102,False
B,5433,191272723,encoded,,4300,False
A,5435,191303875,encoded,,18027,False
B,5434,191306054,encoded,,12987,False
A,5436,191337199,encoded,,23934,False
B,5435,191372721,encoded,,9255,False
A,5437,191370539,encoded,,21443,False
B,5436,191406059,encoded,,14027,False
A,5438,191403865,encoded,,11996,False
B,5437,191439394,encoded,,10287,False
A,5439,191437208,encoded,,9423,False
B,5438,191472724,encoded,,21391,False
A,5440,191470534,encoded,,8667,False
B,5439,191506056,encoded,,13661,False
A,5441,191503871,encoded,,7542,False
B,5440,191539393,encoded,,13258,False
A,5442,191537214,encoded,,7537,False
B,5441,191572741,encoded,,19647,False
A,5443,191570560,encoded,,19444,False
B,5442,191606074,encoded,,18666,False
A,5444,191603895,encoded,,4946,False
B,5443,191639405,encoded,,14627,False
A,5445,191637215,encoded,,22274,False
B,5444,191672741,encoded,,19767,False
A,5446,191703875,encoded,,3335,False
B,5445,191706074,encoded,,12618,False
A,5447,191737208,encoded,,16790,False
B,5446,191739399,encoded,,11878,False
A,5448,191770546,encoded,,12079,False
B,5447,191772726,encoded,,9447,False
A,5449,191803887,encoded,,11228,False
B,5448,191806072,encoded,,9334,False
A,5450,191837234,encoded,,9623,False
B,5449,191839417,encoded,,10380,False
A,5451,191870548,encoded,,8893,False
B,5450,191872747,encoded,,9792,False
A,5452,191903878,encoded,,9327,False
B,5451,191906074,encoded,,8887,False
A,5453,191937209,encoded,,8418,False
B,5452,191939402,encoded,,10764,False
A,5454,191970563,encoded,,9025,False
B,5453,191972753,encoded,,10298,False
A,5455,192003879,encoded,,8039,False
B,5454,192039399,encoded,,11088,False
A,5456,192037227,encoded,,9331,False
B,5455,192072737,encoded,,9184,False
A,5457,192070557,encoded,,12812,False
B,5456,192106068,encoded,,9233,False
B,5457,192139402,encoded,,8590,False
A,5458,192103879,encoded,,16667,False
A,5459,192137224,encoded,,16667,False
B,5458,192172739,encoded,,9864,False
A,5460,192170556,encoded,,16666,False
B,5459,192206081,encoded,,14776,False
A,5461,192203901,encoded,,127256,True
B,5460,192239419,encoded,,16666,False
A,5462,192270548,encoded,,23937,False
B,5461,192272740,encoded,,121034,True
A,5463,192303889,encoded,,9075,False
B,5462,192306074,encoded,,21802,False
A,5464,192337220,encoded,,17461,False
B,5463,192339409,encoded,,11082,False
A,5465,192370550,encoded,,17398,False
B,5464,192372743,encoded,,18905,False
A,5466,192403894,encoded,,20511,False
B,5465,192406083,encoded,,16748,False
A,5467,192437218,encoded,,13319,False
B,5466,192439421,encoded,,16529,False
A,5468,192470551,encoded,,19567,False
B,5467,192472755,encoded,,18784,False
A,5469,192503905,encoded,,11245,False
B,5468,192506087,encoded,,13715,False
A,5470,192537220,encoded,,8720,False
B,5469,192539430,encoded,,12599,False
A,5471,192570559,encoded,,8017,False
B,5470,192572753,encoded,,10843,False
A,5472,192603885,encoded,,7364,False
B,5471,192606084,encoded,,10298,False
A,5473,192637224,encoded,,18733,False
B,5472,192672748,encoded,,10146,False
A,5474,192670561,encoded,,20412,False
B,5473,192706083,encoded,,20145,False
A,5475,192703900,encoded,,3076,False
B,5474,192739427,encoded,,13398,False
A,5476,192737231,encoded,,16636,False
B,5475,192772773,encoded,,20589,False
A,5477,192770566,encoded,,12517,False
B,5476,192806099,encoded,,12802,False
A,5478,192803909,encoded,,10443,False
B,5477,192839426,encoded,,13017,False
A,5479,192837245,encoded,,9584,False
B,5478,192872769,encoded,,11453,False
A,5480,192903905,encoded,,9276,False
B,5479,192906080,encoded,,11030,False
A,5481,192937249,encoded,,9092,False
B,5480,192939417,encoded,,10315,False
A,5482,192970565,encoded,,8533,False
B,5481,192972748,encoded,,8427,False
A,5483,193003893,encoded,,8360,False
B,5482,193006082,encoded,,7677,False
A,5484,193037228,encoded,,8097,False
B,5483,193039418,encoded,,8634,False
A,5485,193070568,encoded,,8064,False
B,5484,193072757,encoded,,6868,False
A,5486,193103895,encoded,,7781,False
B,5485,193106088,encoded,,6038,False
A,5487,193137237,encoded,,15526,False
B,5486,193139417,encoded,,12842,False
A,5488,193170564,encoded,,20421,False
B,5487,193206086,encoded,,10322,False
A,5489,193203905,encoded,,12913,False
B,5488,193239419,encoded,,10625,False
A,5490,193237229,encoded,,16666,False
B,5489,193272754,encoded,,16667,False
A,5491,193270571,encoded,,118162,True
B,5490,193306087,encoded,,16666,False
A,5492,193303902,encoded,,11410,False
B,5491,193339420,encoded,,121352,True
A,5493,193337235,encoded,,20157,False
B,5492,193372779,encoded,,11797,False
A,5494,193370590,encoded,,24344,False
B,5493,193406107,encoded,,20920,False
A,5495,193403913,encoded,,14084,False
B,5494,193439428,encoded,,15596,False
A,5496,193470567,encoded,,18230,False
B,5495,193472758,encoded,,16945,False
A,5497,193503907,encoded,,20617,False
B,5496,193506095,encoded,,12762,False
A,5498,193537245,encoded,,15124,False
B,5497,193539427,encoded,,21450,False
A,5499,193570580,encoded,,16067,False
B,5498,193572763,encoded,,12148,False
A,5500,193603905,encoded,,9576,False
B,5499,193606098,encoded,,15465,False
A,5501,193637248,encoded,,8310,False
B,5500,193639441,encoded,,20769,False
A,5502,193670595,encoded,,7404,False
B,5501,193672775,encoded,,20952,False
B,5502,193706117,encoded,,11673,False
A,5503,193703912,encoded,,20196,False
A,5504,193737259,encoded,,4673,False
B,5503,193739447,encoded,,10273,False
A,5505,193770572,encoded,,21181,False
B,5504,193772772,encoded,,10625,False
A,5506,193803914,encoded,,13196,False
B,5505,193806097,encoded,,10684,False
A,5507,193837238,encoded,,11434,False
B,5506,193839431,encoded,,9518,False
A,5508,193870576,encoded,,10669,False
B,5507,193872785,encoded,,9430,False
A,5509,193903913,encoded,,9983,False
B,5508,193906102,encoded,,9633,False
A,5510,193937241,encoded,,11917,False
B,5509,193939432,encoded,,10923,False
A,5511,193970576,encoded,,10936,False
B,5510,194006114,encoded,,11167,False
A,5512,194003919,encoded,,9233,False
B,5511,194039452,encoded,,8919,False
A,5513,194037259,encoded,,10429,False
B,5512,194072775,encoded,,9060,False
A,5514,194103947,encoded,,9993,False
B,5513,194106106,encoded,,10293,False
A,5515,194137266,encoded,,10513,False
B,5514,194139439,encoded,,10214,False
A,5516,194170603,encoded,,8506,False
B,5515,194172775,encoded,,9503,False
A,5517,194203930,encoded,,9256,False
B,5516,194206114,encoded,,9157,False
A,5518,194237249,encoded,,11067,False
B,5517,194239465,encoded,,8772,False
A,5519,194270583,encoded,,16667,False
B,5518,194272779,encoded,,16667,False
A,5520,194303929,encoded,,16666,False
B,5519,194306111,encoded,,16667,False
A,5521,194337251,encoded,,127110,True
B,5520,194372778,encoded,,16666,False
A,5522,194370584,encoded,,20231,False
B,5521,194406108,encoded,,121092,True
A,5523,194403920,encoded,,12850,False
B,5522,194439456,encoded,,20195,False
A,5524,194437266,encoded,,14934,False
B,5523,194472784,encoded,,12556,False
A,5525,194470596,encoded,,20407,False
B,5524,194506112,encoded,,12709,False
A,5526,194503932,encoded,,25080,False
B,5525,194539465,encoded,,16122,False
A,5527,194537269,encoded,,20444,False
B,5526,194572795,encoded,,14259,False
A,5528,194603932,encoded,,11536,False
B,5527,194606114,encoded,,16476,False
A,5529,194637266,encoded,,9559,False
B,5528,194639448,encoded,,22342,False
A,5530,194670594,encoded,,8443,False
B,5529,194672784,encoded,,13363,False
A,5531,194703922,encoded,,7821,False
B,5530,194706113,encoded,,18038,False
A,5532,194737272,encoded,,6954,False
B,5531,194739450,encoded,,21374,False
A,5533,194770599,encoded,,6613,False
B,5532,194772798,encoded,,7178,False
A,5534,194803935,encoded,,6681,False
B,5533,194806127,encoded,,8359,False
A,5535,194837257,encoded,,26155,False
B,5534,194839455,encoded,,13372,False
A,5536,194870591,encoded,,14198,False
B,5535,194906118,encoded,,8620,False
A,5537,194903933,encoded,,12344,False
B,5536,194939453,encoded,,12869,False
A,5538,194937259,encoded,,11954,False
B,5537,194972790,encoded,,8584,False
A,5539,194970595,encoded,,12390,False
B,5538,195006121,encoded,,20908,False
A,5540,195003949,encoded,,9531,False
B,5539,195039459,encoded,,13515,False
A,5541,195037279,encoded,,10279,False
B,5540,195072804,encoded,,11363,False
A,5542,195070626,encoded,,9426,False
B,5541,195106134,encoded,,10514,False
A,5543,195137269,encoded,,9179,False
B,5542,195139454,encoded,,10291,False
A,5544,195170595,encoded,,10184,False
B,5543,195172786,encoded,,11061,False
A,5545,195203937,encoded,,9446,False
B,5544,195206124,encoded,,10926,False
A,5546,195237271,encoded,,8056,False
B,5545,195239458,encoded,,10876,False
A,5547,195270607,encoded,,8195,False
B,5546,195272790,encoded,,10669,False
A,5548,195303948,encoded,,16667,False
B,5547,195306133,encoded,,9684,False
A,5549,195337277,encoded,,19605,False
B,5548,195339462,encoded,,8828,False
A,5550,195370609,encoded,,13728,False
B,5549,195372814,encoded,,9286,False
A,5551,195403947,encoded,,127266,True
B,5550,195406127,encoded,,14571,False
A,5552,195437272,encoded,,18171,False
B,5551,195439475,encoded,,135482,True
A,5553,195470600,encoded,,7442,False
B,5552,195472802,encoded,,17225,False
A,5554,195503941,encoded,,23943,False
B,5553,195539463,encoded,,5425,False
A,5555,195537279,encoded,,18248,False
B,5554,195572796,encoded,,13377,False
A,5556,195570611,encoded,,24492,False
B,5555,195606134,encoded,,7578,False
A,5557,195603942,encoded,,21674,False
B,5556,195639472,encoded,,12248,False
A,5558,195637288,encoded,,11834,False
B,5557,195672803,encoded,,8814,False
A,5559,195670617,encoded,,10223,False
B,5558,195706135,encoded,,21893,False
A,5560,195703949,encoded,,8654,False
B,5559,195739466,encoded,,13108,False
A,5561,195770607,encoded,,8078,False
B,5560,195772797,encoded,,15295,False
A,5562,195803941,encoded,,7288,False
B,5561,195806132,encoded,,24492,False
A,5563,195837277,encoded,,6478,False
B,5562,195839470,encoded,,13488,False
A,5564,195870642,encoded,,19197,False
B,5563,195872806,encoded,,21235,False
A,5565,195903964,encoded,,4981,False
A,5566,195937291,encoded,,20563,False
B,5564,195906153,encoded,,13426,False
B,5565,195939470,encoded,,11506,False
A,5567,195970631,encoded,,12809,False
B,5566,195972809,encoded,,10491,False
A,5568,196003954,encoded,,11202,False
B,5567,196006153,encoded,,10457,False
A,5569,196037291,encoded,,10506,False
B,5568,196072809,encoded,,11861,False
A,5570,196070620,encoded,,9579,False
A,5571,196103946,encoded,,9294,False
B,5569,196106141,encoded,,7345,False
B,5570,196139475,encoded,,8338,False
A,5572,196137280,encoded,,8932,False
B,5571,196172811,encoded,,8964,False
A,5573,196170617,encoded,,9490,False
B,5572,196206161,encoded,,8163,False
A,5574,196203969,encoded,,8303,False
B,5573,196239478,encoded,,8812,False
A,5575,196237300,encoded,,9596,False
B,5574,196272823,encoded,,8468,False
A,5576,196270638,encoded,,9077,False
B,5575,196306156,encoded,,7349,False
A,5577,196337291,encoded,,12680,False
B,5576,196339478,encoded,,8494,False
A,5578,196370622,encoded,,16667,False
B,5577,196372811,encoded,,16666,False
A,5579,196403950,encoded,,16667,False
B,5578,196406141,encoded,,24650,False
A,5580,196437293,encoded,,16666,False
B,5579,196439481,encoded,,8684,False
A,5581,196470640,encoded,,127235,True
B,5580,196472814,encoded,,16666,False
A,5582,196503952,encoded,,24031,False
B,5581,196506156,encoded,,121071,True
A,5583,196537292,encoded,,8820,False
B,5582,196539483,encoded,,20434,False
A,5584,196570622,encoded,,12782,False
B,5583,196572817,encoded,,11496,False
A,5585,196603959,encoded,,20447,False
B,5584,196606149,encoded,,17428,False
A,5586,196637288,encoded,,24657,False
B,5585,196639480,encoded,,14863,False
A,5587,196670625,encoded,,21462,False
B,5586,196706150,encoded,,11392,False
A,5588,196703959,encoded,,11587,False
B,5587,196739488,encoded,,14765,False
A,5589,196737293,encoded,,9250,False
B,5588,196772816,encoded,,23490,False
A,5590,196770631,encoded,,8307,False
B,5589,196806155,encoded,,13229,False
A,5591,196803960,encoded,,7279,False
B,5590,196839500,encoded,,16983,False
A,5592,196837305,encoded,,6780,False
B,5591,196872827,encoded,,15897,False
A,5593,196903959,encoded,,19794,False
B,5592,196906155,encoded,,12891,False
A,5594,196937294,encoded,,19452,False
B,5593,196939499,encoded,,18752,False
A,5595,196970628,encoded,,3640,False
B,5594,196972821,encoded,,12122,False
A,5596,197003969,encoded,,16617,False
B,5595,197006155,encoded,,11001,False
A,5597,197037311,encoded,,11978,False
B,5596,197039491,encoded,,10294,False
A,5598,197070639,encoded,,10612,False
B,5597,197072846,encoded,,10550,False
A,5599,197103963,encoded,,10086,False
B,5598,197106165,encoded,,10251,False
A,5600,197137299,encoded,,9384,False
B,5599,197139493,encoded,,8981,False
A,5601,197170632,encoded,,9639,False
B,5600,197206161,encoded,,11045,False
A,5602,197203971,encoded,,8788,False
B,5601,197239491,encoded,,9085,False
A,5603,197237299,encoded,,8529,False
B,5602,197272826,encoded,,11702,False
A,5604,197270631,encoded,,8529,False
B,5603,197306159,encoded,,9931,False
A,5605,197303975,encoded,,8117,False
B,5604,197339493,encoded,,9576,False
A,5606,197337304,encoded,,8328,False
B,5605,197372849,encoded,,8794,False
A,5607,197370656,encoded,,13870,False
B,5606,197406181,encoded,,9393,False
A,5608,197403972,encoded,,16667,False
B,5607,197439520,encoded,,9838,False
A,5609,197437308,encoded,,16667,False
B,5608,197472832,encoded,,11413,False
A,5610,197503976,encoded,,16666,False
B,5609,197506168,encoded,,16667,False
A,5611,197537308,encoded,,118203,True
B,5610,197539501,encoded,,16666,False
A,5612,197570647,encoded,,24185,False
B,5611,197572833,encoded,,121064,True
A,5613,197603977,encoded,,14038,False
B,5612,197606170,encoded,,17368,False
A,5614,197637308,encoded,,22335,False
B,5613,197639500,encoded,,8271,False
A,5615,197670664,encoded,,20469,False
B,5614,197672835,encoded,,20144,False
A,5616,197703975,encoded,,23906,False
B,5615,197739508,encoded,,12711,False
A,5617,197737320,encoded,,21581,False
B,5616,197772839,encoded,,16580,False
A,5618,197770647,encoded,,13285,False
A,5619,197803983,encoded,,11164,False
B,5617,197806173,encoded,,12139,False
A,5620,197837317,encoded,,8448,False
B,5618,197839503,encoded,,10991,False
B,5619,197872837,encoded,,15276,False
A,5621,197870647,encoded,,8232,False
B,5620,197906197,encoded,,21573,False
A,5622,197903984,encoded,,7356,False
B,5621,197939510,encoded,,14516,False
A,5623,197937314,encoded,,9286,False
B,5622,197972839,encoded,,15783,False
A,5624,197970659,encoded,,7378,False
B,5623,198006190,encoded,,11213,False
A,5625,198003995,encoded,,26065,False
B,5624,198039509,encoded,,16036,False
A,5626,198037315,encoded,,3415,False
B,5625,198072846,encoded,,13103,False
A,5627,198103989,encoded,,16918,False
B,5626,198106184,encoded,,11894,False
A,5628,198137317,encoded,,11957,False
B,5627,198139506,encoded,,18345,False
A,5629,198170658,encoded,,10401,False
B,5628,198172862,encoded,,11980,False
A,5630,198203988,encoded,,11023,False
B,5629,198206177,encoded,,11452,False
A,5631,198237322,encoded,,9824,False
B,5630,198239512,encoded,,9082,False
A,5632,198270679,encoded,,8922,False
B,5631,198272845,encoded,,9649,False
A,5633,198303996,encoded,,8862,False
B,5632,198306181,encoded,,9675,False
A,5634,198337333,encoded,,8480,False
B,5633,198339525,encoded,,8765,False
A,5635,198370663,encoded,,9204,False
B,5634,198372850,encoded,,9727,False
A,5636,198403991,encoded,,8874,False
B,5635,198406186,encoded,,8318,False
A,5637,198437342,encoded,,7971,False
B,5636,198472852,encoded,,8813,False
A,5638,198470674,encoded,,14885,False
B,5637,198506182,encoded,,7131,False
A,5639,198503987,encoded,,19968,False
B,5638,198539523,encoded,,15068,False
A,5640,198537337,encoded,,13365,False
B,5639,198572849,encoded,,24651,False
A,5641,198603989,encoded,,127369,True
B,5640,198606187,encoded,,8682,False
A,5642,198637324,encoded,,18506,False
B,5641,198639516,encoded,,135513,True
A,5643,198670657,encoded,,7252,False
B,5642,198672853,encoded,,5899,False
A,5644,198704008,encoded,,25082,False
B,5643,198706187,encoded,,6431,False
A,5645,198737332,encoded,,18031,False
B,5644,198739531,encoded,,21128,False
A,5646,198770678,encoded,,23723,False
B,5645,198772866,encoded,,14873,False
A,5647,198804015,encoded,,22407,False
B,5646,198806202,encoded,,16163,False
A,5648,198837347,encoded,,12381,False
B,5647,198839533,encoded,,16565,False
A,5649,198870671,encoded,,10135,False
B,5648,198872869,encoded,,17093,False
A,5650,198903995,encoded,,9384,False
B,5649,198939526,encoded,,11972,False
A,5651,198937331,encoded,,8840,False
B,5650,198972861,encoded,,22797,False
A,5652,198970663,encoded,,6887,False
B,5651,199006201,encoded,,13700,False
A,5653,199004000,encoded,,6857,False
B,5652,199039546,encoded,,12241,False
A,5654,199037356,encoded,,21123,False
B,5653,199072874,encoded,,11431,False
A,5655,199070689,encoded,,3952,False
B,5654,199106199,encoded,,18663,False
A,5656,199104026,encoded,,19736,False
B,5655,199139546,encoded,,12495,False
A,5657,199137351,encoded,,13013,False
B,5656,199172866,encoded,,10676,False
A,5658,199204003,encoded,,11676,False
B,5657,199206199,encoded,,9803,False
A,5659,199237343,encoded,,10134,False
B,5658,199239531,encoded,,9386,False
A,5660,199270668,encoded,,9694,False
B,5659,199272863,encoded,,8755,False
A,5661,199304009,encoded,,9321,False
B,5660,199306197,encoded,,9383,False
A,5662,199337340,encoded,,9123,False
B,5661,199339536,encoded,,8790,False
A,5663,199370671,encoded,,8511,False
B,5662,199372863,encoded,,9554,False
A,5664,199404012,encoded,,8278,False
B,5663,199406207,encoded,,8696,False
A,5665,199437338,encoded,,8338,False
B,5664,199439534,encoded,,7822,False
A,5666,199470677,encoded,,9631,False
B,5665,199472877,encoded,,7724,False
A,5667,199504012,encoded,,10616,False
B,5666,199539536,encoded,,9382,False
A,5668,199537339,encoded,,16667,False
B,5667,199572870,encoded,,13065,False
A,5669,199570674,encoded,,20418,False
B,5668,199606206,encoded,,16667,False
A,5670,199604032,encoded,,12915,False
B,5669,199639545,encoded,,16667,False
A,5671,199637360,encoded,,127267,True
B,5670,199672879,encoded,,16666,False
A,5672,199670690,encoded,,18382,False
B,5671,199706223,encoded,,121421,True
A,5673,199704037,encoded,,6767,False
B,5672,199739563,encoded,,19982,False
A,5674,199737347,encoded,,23383,False
B,5673,199772878,encoded,,13766,False
A,5675,199804012,encoded,,18402,False
B,5674,199806214,encoded,,11232,False
A,5676,199837358,encoded,,20319,False
B,5675,199839539,encoded,,13874,False
A,5677,199870675,encoded,,15359,False
B,5676,199872878,encoded,,11011,False
A,5678,199904032,encoded,,18689,False
B,5677,199906206,encoded,,12130,False
A,5679,199937357,encoded,,10622,False
B,5678,199939560,encoded,,21838,False
A,5680,199970692,encoded,,8990,False
B,5679,199972875,encoded,,18719,False
A,5681,200004011,encoded,,8055,False
A,5682,200037351,encoded,,7516,False
B,5680,200006210,encoded,,20268,False
B,5681,200072876,encoded,,13956,False
A,5683,200070680,encoded,,20124,False
B,5682,200106214,encoded,,13762,False
A,5684,200104022,encoded,,20334,False
B,5683,200139549,encoded,,11620,False
A,5685,200137358,encoded,,2840,False
B,5684,200172880,encoded,,20345,False
A,5686,200170690,encoded,,15828,False
B,5685,200206214,encoded,,14067,False
A,5687,200204030,encoded,,12144,False
B,5686,200239565,encoded,,10006,False
A,5688,200237370,encoded,,10986,False
B,5687,200272900,encoded,,9269,False
B,5688,200306216,encoded,,9097,False
A,5689,200270710,encoded,,10030,False
B,5689,200339567,encoded,,9076,False
A,5690,200337364,encoded,,9714,False
B,5690,200372883,encoded,,8170,False
A,5691,200370693,encoded,,8791,False
B,5691,200406221,encoded,,8248,False
A,5692,200404028,encoded,,8623,False
B,5692,200439558,encoded,,7263,False
A,5693,200437357,encoded,,8907,False
B,5693,200472891,encoded,,5557,False
A,5694,200470694,encoded,,8518,False
A,5695,200504026,encoded,,7689,False
B,5694,200506226,encoded,,12198,False
A,5696,200537356,encoded,,7895,False
B,5695,200539554,encoded,,9470,False
A,5697,200570706,encoded,,13826,False
B,5696,200572891,encoded,,7536,False
A,5698,200604042,encoded,,16667,False
B,5697,200606238,encoded,,16119,False
A,5699,200637361,encoded,,16667,False
B,5698,200639576,encoded,,18836,False
A,5700,200670691,encoded,,16666,False
B,5699,200706221,encoded,,14498,False
A,5701,200704030,encoded,,127428,True
B,5700,200739558,encoded,,16666,False
A,5702,200737377,encoded,,15031,False
B,5701,200772908,encoded,,121288,True
A,5703,200770709,encoded,,13222,False
B,5702,200806222,encoded,,20243,False
A,5704,200804050,encoded,,20823,False
A,5705,200837368,encoded,,17890,False
B,5703,200839581,encoded,,11556,False
A,5706,200870711,encoded,,23416,False
B,5704,200872910,encoded,,12417,False
B,5705,200906245,encoded,,15061,False
A,5707,200937368,encoded,,20930,False
B,5706,200939586,encoded,,9433,False
A,5708,200970719,encoded,,11796,False
B,5707,200972909,encoded,,25267,False
A,5709,201004052,encoded,,9664,False
B,5708,201006246,encoded,,15992,False
A,5710,201037373,encoded,,8264,False
B,5709,201039574,encoded,,12115,False
A,5711,201070724,encoded,,8154,False
B,5710,201072902,encoded,,11111,False
A,5712,201104047,encoded,,7253,False
B,5711,201106234,encoded,,20507,False
A,5713,201137385,encoded,,19863,False
B,5712,201139573,encoded,,16425,False
A,5714,201170700,encoded,,19434,False
B,5713,201206231,encoded,,9321,False
A,5715,201204033,encoded,,3131,False
B,5714,201239563,encoded,,7129,False
A,5716,201237373,encoded,,16102,False
B,5715,201272899,encoded,,12991,False
A,5717,201270703,encoded,,11378,False
B,5716,201306233,encoded,,18181,False
A,5718,201304043,encoded,,10396,False
B,5717,201339571,encoded,,10806,False
A,5719,201337377,encoded,,9443,False
B,5718,201372909,encoded,,10177,False
A,5720,201370717,encoded,,9051,False
B,5719,201406246,encoded,,9214,False
A,5721,201404057,encoded,,9104,False
B,5720,201439584,encoded,,7689,False
A,5722,201437398,encoded,,9000,False
B,5721,201472915,encoded,,7705,False
B,5722,201506253,encoded,,7426,False
A,5723,201470726,encoded,,8231,False
B,5723,201539573,encoded,,7656,False
A,5724,201504043,encoded,,8640,False
A,5725,201570712,encoded,,8147,False
B,5724,201572911,encoded,,7269,False
A,5726,201604044,encoded,,8602,False
B,5725,201606242,encoded,,9688,False
A,5727,201637382,encoded,,15607,False
B,5726,201639579,encoded,,16667,False
A,5728,201670733,encoded,,19736,False
B,5727,201672918,encoded,,20621,False
A,5729,201704061,encoded,,13598,False
B,5728,201706260,encoded,,12712,False
A,5730,201737385,encoded,,16666,False
B,5729,201772912,encoded,,16667,False
B,5730,201806241,encoded,,16666,False
A,5731,201770710,encoded,,118198,True
B,5731,201839573,encoded,,121281,True
A,5732,201804047,encoded,,19675,False
A,5733,201837384,encoded,,13182,False
B,5732,201872931,encoded,,19564,False
A,5734,201870712,encoded,,23797,False
B,5733,201906247,encoded,,16299,False
A,5735,201904052,encoded,,12476,False
B,5734,201939577,encoded,,11626,False
A,5736,201937381,encoded,,22312,False
B,5735,201972921,encoded,,13738,False
A,5737,201970715,encoded,,13586,False
B,5736,202006245,encoded,,16400,False
A,5738,202004069,encoded,,11977,False
B,5737,202039578,encoded,,22516,False
A,5739,202037388,encoded,,16763,False
B,5738,202072918,encoded,,12060,False
A,5740,202104053,encoded,,14324,False
B,5739,202106246,encoded,,16453,False
A,5741,202137386,encoded,,9306,False
B,5740,202139582,encoded,,11840,False
A,5742,202170729,encoded,,7603,False
B,5741,202172915,encoded,,14483,False
A,5743,202204060,encoded,,20171,False
B,5742,202206248,encoded,,20446,False
A,5744,202237397,encoded,,20894,False
B,5743,202239600,encoded,,9802,False
A,5745,202270722,encoded,,3153,False
B,5744,202272924,encoded,,9073,False
A,5746,202304059,encoded,,17149,False
B,5745,202306254,encoded,,8528,False
A,5747,202337408,encoded,,11787,False
B,5746,202339585,encoded,,8821,False
A,5748,202370721,encoded,,10453,False
B,5747,202372919,encoded,,9100,False
A,5749,202404058,encoded,,9360,False
B,5748,202439591,encoded,,10001,False
A,5750,202437388,encoded,,9088,False
B,5749,202472920,encoded,,7828,False
A,5751,202470720,encoded,,8619,False
B,5750,202506251,encoded,,6988,False
A,5752,202504058,encoded,,8617,False
B,5751,202539589,encoded,,6836,False
A,5753,202537403,encoded,,7989,False
B,5752,202572943,encoded,,7142,False
A,5754,202570748,encoded,,7944,False
B,5753,202606267,encoded,,14472,False
A,5755,202604077,encoded,,7853,False
B,5754,202639593,encoded,,7170,False
A,5756,202670726,encoded,,7968,False
B,5755,202672920,encoded,,14200,False
A,5757,202704060,encoded,,15756,False
B,5756,202706259,encoded,,16667,False
A,5758,202737414,encoded,,25803,False
B,5757,202739589,encoded,,16666,False
A,5759,202770738,encoded,,7531,False
B,5758,202772927,encoded,,16667,False
A,5760,202804064,encoded,,16666,False
B,5759,202806265,encoded,,16667,False
A,5761,202837402,encoded,,127425,True
B,5760,202839593,encoded,,16666,False
A,5762,202870736,encoded,,8140,False
B,5761,202872926,encoded,,135322,True
A,5763,202904064,encoded,,15187,False
B,5762,202939594,encoded,,18855,False
A,5764,202937398,encoded,,25286,False
B,5763,202972928,encoded,,8228,False
A,5765,202970732,encoded,,18187,False
B,5764,203006262,encoded,,16789,False
A,5766,203004074,encoded,,24887,False
B,5765,203039597,encoded,,20042,False
A,5767,203037415,encoded,,21306,False
B,5766,203072931,encoded,,17555,False
A,5768,203070745,encoded,,11636,False
B,5767,203106276,encoded,,23492,False
A,5769,203104087,encoded,,10018,False
B,5768,203139613,encoded,,12895,False
A,5770,203137410,encoded,,8482,False
B,5769,203172931,encoded,,10644,False
A,5771,203204079,encoded,,7805,False
B,5770,203206267,encoded,,10791,False
A,5772,203237403,encoded,,7496,False
B,5771,203239600,encoded,,17796,False
A,5773,203270739,encoded,,20907,False
B,5772,203272936,encoded,,11205,False
A,5774,203304090,encoded,,4028,False
B,5773,203306301,encoded,,9969,False
A,5775,203337424,encoded,,20447,False
B,5774,203339603,encoded,,9649,False
A,5776,203370754,encoded,,13304,False
B,5775,203372946,encoded,,8038,False
B,5776,203406270,encoded,,8085,False
A,5777,203404077,encoded,,11515,False
B,5777,203439603,encoded,,7906,False
A,5778,203437412,encoded,,9925,False
A,5779,203470751,encoded,,10044,False
B,5778,203506285,encoded,,7986,False
B,5779,203539629,encoded,,6047,False
A,5780,203504088,encoded,,9270,False
B,5780,203572939,encoded,,12390,False
A,5781,203537409,encoded,,9750,False
B,5781,203606278,encoded,,10115,False
A,5782,203570746,encoded,,9966,False
B,5782,203639611,encoded,,8797,False
A,5783,203604082,encoded,,8610,False
B,5783,203672940,encoded,,7357,False
A,5784,203637418,encoded,,8039,False
B,5784,203706274,encoded,,7700,False
A,5785,203670744,encoded,,7885,False
A,5786,203704081,encoded,,7681,False
B,5785,203739610,encoded,,9014,False
A,5787,203737439,encoded,,12774,False
B,5786,203772949,encoded,,16667,False
A,5788,203804085,encoded,,16667,False
B,5787,203806278,encoded,,33106,False
A,5789,203837443,encoded,,16667,False
B,5788,203839614,encoded,,6907,False
A,5790,203870747,encoded,,16666,False
B,5789,203872948,encoded,,9987,False
A,5791,203904089,encoded,,127561,True
B,5790,203906279,encoded,,16666,False
A,5792,203937428,encoded,,19134,False
B,5791,203939635,encoded,,120855,True
A,5793,203970752,encoded,,11002,False
B,5792,203972948,encoded,,7924,False
A,5794,204004088,encoded,,21339,False
B,5793,204006285,encoded,,24361,False
A,5795,204037453,encoded,,17614,False
B,5794,204039619,encoded,,24105,False
A,5796,204070752,encoded,,22356,False
B,5795,204072952,encoded,,18875,False
A,5797,204104091,encoded,,20520,False
B,5796,204139624,encoded,,17087,False
A,5798,204137426,encoded,,11389,False
B,5797,204172951,encoded,,29008,False
A,5799,204170775,encoded,,9588,False
B,5798,204206298,encoded,,12811,False
A,5800,204204088,encoded,,8354,False
B,5799,204239636,encoded,,11166,False
A,5801,204237435,encoded,,7620,False
B,5800,204272970,encoded,,10419,False
A,5802,204270770,encoded,,6772,False
B,5801,204306288,encoded,,17657,False
A,5803,204337427,encoded,,7236,False
B,5802,204339622,encoded,,10436,False
A,5804,204370758,encoded,,20189,False
B,5803,204372954,encoded,,9158,False
A,5805,204404090,encoded,,17884,False
B,5804,204406293,encoded,,7318,False
A,5806,204437444,encoded,,12709,False
B,5805,204439621,encoded,,7451,False
A,5807,204470775,encoded,,11071,False
B,5806,204472961,encoded,,6458,False
A,5808,204504106,encoded,,10019,False
B,5807,204506293,encoded,,5577,False
A,5809,204537432,encoded,,9968,False
B,5808,204539627,encoded,,13914,False
A,5810,204570759,encoded,,8896,False
B,5809,204606295,encoded,,9990,False
A,5811,204604108,encoded,,8851,False
B,5810,204639633,encoded,,8507,False
A,5812,204637432,encoded,,8658,False
B,5811,204672983,encoded,,7865,False
A,5813,204670779,encoded,,8183,False
B,5812,204706311,encoded,,7093,False
A,5814,204704107,encoded,,8203,False
B,5813,204739656,encoded,,6408,False
A,5815,204737478,encoded,,7826,False
B,5814,204772978,encoded,,6142,False
A,5816,204804096,encoded,,10392,False
B,5815,204806314,encoded,,16082,False
A,5817,204837432,encoded,,16666,False
B,5816,204839642,encoded,,34409,False
A,5818,204870763,encoded,,19378,False
B,5817,204872980,encoded,,3948,False
A,5819,204904100,encoded,,13956,False
B,5818,204906301,encoded,,11643,False
A,5820,204937434,encoded,,16666,False
B,5819,204939627,encoded,,16667,False
A,5821,204970779,encoded,,118045,True
B,5820,204972967,encoded,,16666,False
A,5822,205004121,encoded,,8851,False
B,5821,205006298,encoded,,121091,True
A,5823,205037449,encoded,,16867,False
B,5822,205039647,encoded,,20902,False
A,5824,205070770,encoded,,29048,False
B,5823,205072976,encoded,,9265,False
A,5825,205104107,encoded,,15929,False
B,5824,205106311,encoded,,13680,False
A,5826,205137439,encoded,,21754,False
B,5825,205172977,encoded,,16084,False
A,5827,205170783,encoded,,15423,False
B,5826,205206301,encoded,,11577,False
A,5828,205204109,encoded,,14406,False
B,5827,205239635,encoded,,12041,False
A,5829,205237438,encoded,,19255,False
B,5828,205272973,encoded,,22056,False
A,5830,205270774,encoded,,9739,False
B,5829,205306305,encoded,,17039,False
A,5831,205304122,encoded,,8491,False
B,5830,205339638,encoded,,23792,False
A,5832,205337457,encoded,,7845,False
B,5831,205372986,encoded,,18084,False
A,5833,205370776,encoded,,7160,False
B,5832,205406310,encoded,,11974,False
A,5834,205404108,encoded,,19970,False
B,5833,205439659,encoded,,20591,False
A,5835,205437444,encoded,,19016,False
B,5834,205472973,encoded,,11853,False
A,5836,205504108,encoded,,13685,False
B,5835,205506307,encoded,,11685,False
A,5837,205537446,encoded,,11482,False
B,5836,205539642,encoded,,10186,False
A,5838,205570796,encoded,,10431,False
B,5837,205572974,encoded,,9483,False
A,5839,205604129,encoded,,9962,False
B,5838,205606330,encoded,,9067,False
A,5840,205637447,encoded,,8986,False
B,5839,205639641,encoded,,9603,False
A,5841,205670782,encoded,,9388,False
B,5840,205672978,encoded,,9682,False
A,5842,205704113,encoded,,9424,False
B,5841,205739645,encoded,,11226,False
A,5843,205737451,encoded,,8211,False
B,5842,205772980,encoded,,7789,False
A,5844,205770779,encoded,,8409,False
B,5843,205806314,encoded,,7042,False
A,5845,205804122,encoded,,7832,False
B,5844,205839658,encoded,,12996,False
A,5846,205837453,encoded,,8685,False
B,5845,205873022,encoded,,10021,False
A,5847,205870799,encoded,,11706,False
B,5846,205906316,encoded,,8257,False
A,5848,205904114,encoded,,16667,False
B,5847,205939664,encoded,,8082,False
A,5849,205937455,encoded,,20514,False
B,5848,205973003,encoded,,11519,False
A,5850,206004115,encoded,,12819,False
B,5849,206006319,encoded,,16667,False
A,5851,206037459,encoded,,127284,True
B,5850,206039658,encoded,,16666,False
A,5852,206070789,encoded,,18235,False
B,5851,206073002,encoded,,121184,True
A,5853,206104139,encoded,,6998,False
B,5852,206106319,encoded,,10385,False
A,5854,206137468,encoded,,23111,False
B,5853,206139662,encoded,,16962,False
A,5855,206170798,encoded,,9791,False
B,5854,206173019,encoded,,14544,False
A,5856,206204143,encoded,,25755,False
B,5855,206206329,encoded,,15574,False
A,5857,206237458,encoded,,16510,False
B,5856,206239667,encoded,,10133,False
A,5858,206270791,encoded,,19876,False
B,5857,206306325,encoded,,24136,False
A,5859,206304122,encoded,,10789,False
B,5858,206339659,encoded,,12836,False
A,5860,206337461,encoded,,9051,False
B,5859,206372999,encoded,,14432,False
A,5861,206370804,encoded,,8285,False
B,5860,206406327,encoded,,18767,False
A,5862,206404122,encoded,,7536,False
B,5861,206439664,encoded,,22530,False
A,5863,206437458,encoded,,19257,False
B,5862,206473006,encoded,,22714,False
A,5864,206470811,encoded,,20815,False
B,5863,206506333,encoded,,12816,False
A,5865,206504145,encoded,,2968,False
B,5864,206539680,encoded,,11534,False
A,5866,206570792,encoded,,16604,False
B,5865,206573022,encoded,,11776,False
A,5867,206604126,encoded,,11507,False
B,5866,206606326,encoded,,11628,False
A,5868,206637459,encoded,,11128,False
B,5867,206639662,encoded,,10687,False
A,5869,206670816,encoded,,11218,False
B,5868,206673012,encoded,,10781,False
A,5870,206704141,encoded,,11263,False
B,5869,206706330,encoded,,11677,False
A,5871,206737463,encoded,,9057,False
B,5870,206739674,encoded,,9449,False
A,5872,206770822,encoded,,10755,False
B,5871,206773032,encoded,,11288,False
A,5873,206804130,encoded,,10188,False
B,5872,206806333,encoded,,8934,False
A,5874,206837470,encoded,,10998,False
B,5873,206839668,encoded,,12137,False
A,5875,206870800,encoded,,13930,False
B,5874,206873003,encoded,,12280,False
A,5876,206904134,encoded,,9371,False
B,5875,206939667,encoded,,10476,False
A,5877,206937472,encoded,,10227,False
B,5876,206973022,encoded,,9636,False
A,5878,206970812,encoded,,7738,False
B,5877,207006348,encoded,,9000,False
A,5879,207004133,encoded,,13089,False
B,5878,207039689,encoded,,9077,False
A,5880,207037477,encoded,,16666,False
B,5879,207073006,encoded,,9529,False
A,5881,207104140,encoded,,127313,True
B,5880,207106343,encoded,,13098,False
A,5882,207137480,encoded,,8468,False
B,5881,207139679,encoded,,135125,True
A,5883,207170807,encoded,,16884,False
B,5882,207173011,encoded,,16889,False
A,5884,207204137,encoded,,19176,False
B,5883,207206336,encoded,,7733,False
A,5885,207237483,encoded,,21576,False
B,5884,207239677,encoded,,11145,False
A,5886,207270813,encoded,,25161,False
B,5885,207273009,encoded,,15582,False
A,5887,207304154,encoded,,21494,False
B,5886,207306343,encoded,,15607,False
A,5888,207337481,encoded,,12131,False
B,5887,207339676,encoded,,13696,False
A,5889,207370816,encoded,,9812,False
B,5888,207373015,encoded,,14668,False
A,5890,207404149,encoded,,9128,False
B,5889,207406341,encoded,,22261,False
A,5891,207437473,encoded,,9367,False
B,5890,207439676,encoded,,12764,False
A,5892,207470806,encoded,,7744,False
B,5891,207473011,encoded,,9488,False
A,5893,207504142,encoded,,7582,False
B,5892,207539677,encoded,,12424,False
A,5894,207537496,encoded,,10750,False
B,5893,207573011,encoded,,8631,False
A,5895,207570817,encoded,,7289,False
B,5894,207606362,encoded,,18764,False
A,5896,207604152,encoded,,10115,False
B,5895,207639679,encoded,,7844,False
A,5897,207637481,encoded,,6865,False
B,5896,207673013,encoded,,10820,False
A,5898,207670830,encoded,,26587,False
B,5897,207706359,encoded,,9037,False
A,5899,207737484,encoded,,4878,False
B,5898,207739694,encoded,,16053,False
A,5900,207770812,encoded,,9431,False
B,5899,207773022,encoded,,11797,False
A,5901,207804188,encoded,,10213,False
B,5900,207806347,encoded,,14762,False
A,5902,207837482,encoded,,19537,False
B,5901,207839685,encoded,,11821,False
A,5903,207870852,encoded,,13137,False
B,5902,207873038,encoded,,17316,False
A,5904,207904169,encoded,,10380,False
B,5903,207906355,encoded,,14780,False
A,5905,207937485,encoded,,10199,False
B,5904,207939693,encoded,,12157,False
A,5906,207970824,encoded,,12270,False
B,5905,207973022,encoded,,13001,False
A,5907,208004162,encoded,,9918,False
B,5906,208006353,encoded,,10649,False
A,5908,208037490,encoded,,9262,False
B,5907,208073024,encoded,,13327,False
A,5909,208070823,encoded,,16667,False
B,5908,208106354,encoded,,12997,False
A,5910,208104154,encoded,,16666,False
B,5909,208139688,encoded,,17033,False
A,5911,208137491,encoded,,127415,True
B,5910,208173022,encoded,,17574,False
A,5912,208170829,encoded,,15860,False
B,5911,208206365,encoded,,110750,True
A,5913,208204156,encoded,,15103,False
B,5912,208239776,encoded,,18124,False
A,5914,208237505,encoded,,16320,False
B,5913,208273034,encoded,,16420,False
A,5915,208304167,encoded,,22639,False
B,5914,208306380,encoded,,18200,False
A,5916,208337492,encoded,,24268,False
B,5915,208339690,encoded,,19790,False
A,5917,208370833,encoded,,22786,False
B,5916,208373029,encoded,,18743,False
A,5918,208404159,encoded,,13798,False
B,5917,208406361,encoded,,14730,False
A,5919,208437507,encoded,,10140,False
B,5918,208439698,encoded,,15033,False
A,5920,208470873,encoded,,9399,False
B,5919,208473065,encoded,,17024,False
A,5921,208504175,encoded,,10598,False
B,5920,208506381,encoded,,13435,False
A,5922,208537493,encoded,,8194,False
B,5921,208539708,encoded,,12939,False
A,5923,208570831,encoded,,7528,False
B,5922,208606367,encoded,,13968,False
A,5924,208604167,encoded,,7901,False
B,5923,208639698,encoded,,18279,False
A,5925,208637494,encoded,,6724,False
B,5924,208673034,encoded,,17758,False
A,5926,208670830,encoded,,7722,False
B,5925,208706389,encoded,,12263,False
A,5927,208704178,encoded,,6653,False
B,5926,208739708,encoded,,11451,False
A,5928,208737517,encoded,,24196,False
B,5927,208773048,encoded,,10902,False
A,5929,208770832,encoded,,13354,False
B,5928,208806389,encoded,,9041,False
A,5930,208804178,encoded,,11753,False
B,5929,208839719,encoded,,9334,False
A,5931,208837512,encoded,,10475,False
B,5930,208873035,encoded,,8602,False
A,5932,208904181,encoded,,9823,False
B,5931,208906372,encoded,,7738,False
A,5933,208937508,encoded,,9420,False
B,5932,208939703,encoded,,8074,False
A,5934,208970849,encoded,,8853,False
B,5933,208973037,encoded,,18763,False
A,5935,209004203,encoded,,8792,False
B,5934,209006385,encoded,,21138,False
A,5936,209037517,encoded,,8968,False
B,5935,209039729,encoded,,14353,False
A,5937,209070856,encoded,,11318,False
B,5936,209073044,encoded,,13474,False
A,5938,209104169,encoded,,16667,False
B,5937,209106383,encoded,,11671,False
A,5939,209137516,encoded,,20697,False
B,5938,209173042,encoded,,12499,False
A,5940,209170838,encoded,,12636,False
B,5939,209206374,encoded,,10458,False
A,5941,209204188,encoded,,117991,True
B,5940,209239708,encoded,,9860,False
A,5942,209237510,encoded,,17508,False
B,5941,209273049,encoded,,111006,True
A,5943,209270846,encoded,,13475,False
B,5942,209306377,encoded,,16023,False
A,5944,209304195,encoded,,22388,False
B,5943,209339718,encoded,,10468,False
A,5945,209370846,encoded,,25317,False
B,5944,209373048,encoded,,16067,False
A,5946,209404174,encoded,,22479,False
B,5945,209406386,encoded,,16396,False
A,5947,209437515,encoded,,15960,False
B,5946,209439720,encoded,,14075,False
A,5948,209470844,encoded,,18441,False
B,5947,209473049,encoded,,15914,False
A,5949,209504178,encoded,,11035,False
B,5948,209506380,encoded,,12335,False
A,5950,209537513,encoded,,8751,False
B,5949,209539729,encoded,,10049,False
A,5951,209570872,encoded,,8657,False
B,5950,209573049,encoded,,9310,False
A,5952,209604191,encoded,,7459,False
B,5951,209606383,encoded,,9716,False
A,5953,209637526,encoded,,6839,False
B,5952,209639726,encoded,,9478,False
A,5954,209670848,encoded,,6629,False
B,5953,209706388,encoded,,10387,False
A,5955,209704188,encoded,,26475,False
B,5954,209739720,encoded,,14431,False
A,5956,209737514,encoded,,2938,False
B,5955,209773054,encoded,,15602,False
A,5957,209770860,encoded,,17265,False
B,5956,209806385,encoded,,15836,False
A,5958,209804189,encoded,,11928,False
B,5957,209839716,encoded,,11860,False
A,5959,209837515,encoded,,10603,False
B,5958,209873058,encoded,,11235,False
A,5960,209870849,encoded,,9946,False
B,5959,209906410,encoded,,11004,False
A,5961,209904202,encoded,,9532,False
B,5960,209939728,encoded,,10662,False
A,5962,209937527,encoded,,9277,False
B,5961,209973056,encoded,,10351,False
A,5963,209970863,encoded,,8681,False
B,5962,210006399,encoded,,9948,False
A,5964,210037525,encoded,,8410,False
B,5963,210039732,encoded,,10210,False
A,5965,210070861,encoded,,8221,False
B,5964,210073060,encoded,,9717,False
A,5966,210104204,encoded,,8690,False
B,5965,210106399,encoded,,9642,False
A,5967,210137543,encoded,,15105,False
B,5966,210139737,encoded,,9685,False
A,5968,210170871,encoded,,16667,False
B,5967,210173065,encoded,,9984,False
A,5969,210204196,encoded,,16667,False
B,5968,210206405,encoded,,9676,False
A,5970,210237522,encoded,,16666,False
B,5969,210239738,encoded,,11708,False
A,5971,210270856,encoded,,127397,True
B,5970,210306391,encoded,,16666,False
A,5972,210304190,encoded,,11813,False
B,5971,210339730,encoded,,120344,True
A,5973,210337527,encoded,,12646,False
B,5972,210373062,encoded,,18355,False
A,5974,210370864,encoded,,23828,False
B,5973,210406395,encoded,,10229,False
A,5975,210404198,encoded,,18314,False
B,5974,210439735,encoded,,16110,False
B,5975,210473067,encoded,,14766,False
