camera,sequence,pts_us,status,drop_reason,encoded_bytes,keyframe
A,0,301094,dropped,camera_frame_error,,
B,0,585635,dropped,camera_frame_error,,
A,1,334430,encoded,,66314,True
A,2,601115,encoded,,740,False
B,1,618978,encoded,,77896,True
A,3,634434,encoded,,1764,False
B,2,652304,encoded,,70,False
A,4,667772,encoded,,53824,False
B,3,685643,encoded,,200,False
A,5,701104,encoded,,721,False
B,4,718974,encoded,,50801,False
A,6,734441,encoded,,10769,False
B,5,752312,encoded,,736,False
A,7,767781,encoded,,9183,False
B,6,785656,encoded,,19463,False
A,8,801120,encoded,,26724,False
B,7,818994,encoded,,13192,False
A,9,834447,encoded,,3604,False
B,8,852323,encoded,,13641,False
A,10,867787,encoded,,9982,False
B,9,885651,encoded,,3808,False
A,11,901122,encoded,,4097,False
B,10,918988,encoded,,14519,False
A,12,934460,encoded,,13090,False
B,11,952342,encoded,,24660,False
A,13,967788,encoded,,4485,False
B,12,985665,encoded,,5956,False
A,14,1001112,encoded,,19556,False
B,13,1018980,encoded,,4658,False
A,15,1034450,encoded,,5781,False
B,14,1052337,encoded,,13488,False
A,16,1067789,encoded,,11726,False
B,15,1085650,encoded,,5771,False
A,17,1101119,encoded,,16667,False
B,16,1118983,encoded,,4498,False
A,18,1134448,encoded,,16666,False
B,17,1152316,encoded,,6163,False
A,19,1167788,encoded,,16667,False
B,18,1185654,encoded,,22916,False
A,20,1201119,encoded,,16667,False
B,19,1218998,encoded,,29319,False
A,21,1234460,encoded,,16666,False
B,20,1252341,encoded,,1446,False
A,22,1267786,encoded,,16667,False
B,21,1285655,encoded,,12492,False
A,23,1301122,encoded,,16667,False
B,22,1318993,encoded,,16667,False
A,24,1334454,encoded,,16666,False
B,23,1352341,encoded,,18108,False
A,25,1367802,encoded,,16667,False
B,24,1385676,encoded,,15225,False
B,25,1419006,encoded,,16667,False
A,26,1401126,encoded,,16667,False
B,26,1452330,encoded,,16667,False
A,27,1434462,encoded,,16666,False
B,27,1485660,encoded,,16666,False
A,28,1467811,encoded,,16667,False
B,28,1518994,encoded,,16667,False
A,29,1501137,encoded,,16667,False
B,29,1552327,encoded,,16667,False
A,30,1534466,encoded,,16666,False
B,30,1585665,encoded,,16666,False
A,31,1567793,encoded,,115734,True
B,31,1618998,encoded,,123995,True
B,32,1652331,encoded,,16040,False
A,32,1601130,encoded,,25958,False
A,33,1634470,encoded,,310,False
B,33,1685664,encoded,,1520,False
A,34,1667801,encoded,,2342,False
B,34,1719003,encoded,,3989,False
A,35,1701129,encoded,,7244,False
B,35,1752333,encoded,,10457,False
A,36,1734468,encoded,,3414,False
B,36,1785667,encoded,,4184,False
A,37,1767797,encoded,,9514,False
B,37,1819001,encoded,,17342,False
A,38,1801133,encoded,,4806,False
B,38,1852342,encoded,,5852,False
A,39,1834480,encoded,,21858,False
B,39,1885689,encoded,,4319,False
A,40,1867820,encoded,,8721,False
B,40,1919002,encoded,,16958,False
A,41,1901143,encoded,,6663,False
B,41,1952345,encoded,,7628,False
A,42,1934478,encoded,,5794,False
B,42,1985680,encoded,,6334,False
A,43,1967810,encoded,,5434,False
B,43,2019031,encoded,,5207,False
A,44,2001154,encoded,,15542,False
B,44,2052360,encoded,,9509,False
A,45,2034484,encoded,,30103,False
B,45,2085690,encoded,,16666,False
A,46,2067825,encoded,,3230,False
B,46,2119021,encoded,,31108,False
A,47,2101142,encoded,,16667,False
B,47,2152356,encoded,,2226,False
A,48,2134478,encoded,,16666,False
B,48,2185690,encoded,,16666,False
A,49,2167805,encoded,,16667,False
B,49,2219035,encoded,,16667,False
A,50,2201145,encoded,,16667,False
B,50,2252346,encoded,,16667,False
A,51,2234482,encoded,,16666,False
B,51,2285688,encoded,,16666,False
A,52,2267817,encoded,,16667,False
B,52,2319022,encoded,,16667,False
A,53,2301156,encoded,,16667,False
B,53,2352355,encoded,,16667,False
A,54,2334479,encoded,,16666,False
B,54,2385691,encoded,,16666,False
A,55,2367815,encoded,,16667,False
B,55,2419022,encoded,,16667,False
A,56,2401150,encoded,,16667,False
B,56,2452354,encoded,,16667,False
A,57,2434489,encoded,,16666,False
B,57,2485684,encoded,,16666,False
A,58,2467817,encoded,,16667,False
B,58,2519021,encoded,,16667,False
A,59,2501174,encoded,,16667,False
B,59,2552356,encoded,,16667,False
A,60,2534499,encoded,,16666,False
B,60,2585686,encoded,,16666,False
A,61,2567837,encoded,,115942,True
B,61,2619035,encoded,,124021,True
A,62,2601157,encoded,,23471,False
B,62,2652383,encoded,,20403,False
A,63,2634494,encoded,,9644,False
B,63,2685708,encoded,,11443,False
A,64,2667827,encoded,,11749,False
B,64,2719043,encoded,,4559,False
A,65,2701154,encoded,,15510,False
B,65,2752375,encoded,,18055,False
A,66,2734488,encoded,,14396,False
A,67,2767821,encoded,,7140,False
B,66,2785707,encoded,,14868,False
B,67,2819027,encoded,,14647,False
A,68,2801156,encoded,,13725,False
B,68,2852360,encoded,,8488,False
A,69,2834498,encoded,,8223,False
B,69,2885701,encoded,,20264,False
A,70,2867837,encoded,,7013,False
B,70,2919033,encoded,,10038,False
A,71,2901169,encoded,,6358,False
B,71,2952364,encoded,,8910,False
A,72,2934500,encoded,,5730,False
B,72,2985699,encoded,,7399,False
A,73,2967830,encoded,,5179,False
B,73,3019041,encoded,,6455,False
A,74,3001162,encoded,,19666,False
B,74,3052374,encoded,,5740,False
A,75,3034502,encoded,,2303,False
B,75,3085717,encoded,,5081,False
A,76,3067844,encoded,,12010,False
B,76,3119047,encoded,,5168,False
A,77,3101167,encoded,,8120,False
B,77,3152379,encoded,,19479,False
A,78,3134513,encoded,,13821,False
B,78,3185719,encoded,,18563,False
A,79,3167850,encoded,,16667,False
B,79,3219058,encoded,,2074,False
A,80,3201188,encoded,,16667,False
B,80,3252381,encoded,,13678,False
A,81,3234504,encoded,,16666,False
B,81,3285707,encoded,,10667,False
A,82,3267846,encoded,,16667,False
B,82,3319046,encoded,,16667,False
A,83,3301168,encoded,,16667,False
B,83,3352374,encoded,,16667,False
A,84,3334507,encoded,,16666,False
B,84,3385714,encoded,,16666,False
A,85,3367838,encoded,,16667,False
B,85,3419052,encoded,,16667,False
A,86,3401176,encoded,,16667,False
B,86,3452381,encoded,,16667,False
A,87,3434504,encoded,,16666,False
B,87,3485710,encoded,,16666,False
A,88,3467840,encoded,,16667,False
B,88,3519044,encoded,,16667,False
A,89,3501173,encoded,,16667,False
B,89,3552379,encoded,,16667,False
A,90,3534515,encoded,,16666,False
B,90,3585733,encoded,,16666,False
A,91,3567843,encoded,,125130,True
B,91,3619069,encoded,,124133,True
A,92,3601204,encoded,,19497,False
B,92,3652401,encoded,,17320,False
A,93,3634525,encoded,,12525,False
B,93,3685740,encoded,,12698,False
A,94,3667845,encoded,,22008,False
B,94,3719049,encoded,,12326,False
A,95,3701215,encoded,,7966,False
B,95,3752393,encoded,,20114,False
A,96,3734509,encoded,,14629,False
B,96,3785716,encoded,,17317,False
A,97,3767858,encoded,,8566,False
B,97,3819049,encoded,,15783,False
A,98,3801181,encoded,,6830,False
B,98,3852385,encoded,,15124,False
A,99,3834514,encoded,,23323,False
B,99,3885726,encoded,,8229,False
A,100,3901183,encoded,,11506,False
B,100,3919054,encoded,,6822,False
A,101,3934516,encoded,,9523,False
B,101,3952392,encoded,,19887,False
A,102,3967850,encoded,,7919,False
B,102,3985727,encoded,,3423,False
A,103,4001196,encoded,,6972,False
B,103,4019077,encoded,,13098,False
A,104,4034518,encoded,,6769,False
B,104,4052389,encoded,,18195,False
A,105,4067863,encoded,,6038,False
B,105,4085731,encoded,,10406,False
A,106,4101196,encoded,,5484,False
B,106,4119067,encoded,,8147,False
A,107,4134527,encoded,,5397,False
B,107,4152393,encoded,,7712,False
A,108,4167885,encoded,,5289,False
B,108,4185749,encoded,,6398,False
A,109,4201190,encoded,,11296,False
B,109,4219060,encoded,,6916,False
A,110,4234534,encoded,,16667,False
B,110,4252409,encoded,,6413,False
A,111,4267866,encoded,,24355,False
B,111,4285737,encoded,,6362,False
A,112,4301192,encoded,,12494,False
B,112,4319078,encoded,,9844,False
A,113,4334525,encoded,,13151,False
B,113,4352396,encoded,,16667,False
A,114,4367859,encoded,,16666,False
B,114,4385732,encoded,,21020,False
A,115,4401205,encoded,,16667,False
B,115,4419066,encoded,,12313,False
A,116,4434535,encoded,,16667,False
B,116,4452409,encoded,,16667,False
A,117,4467865,encoded,,16666,False
B,117,4485736,encoded,,16666,False
A,118,4501202,encoded,,16667,False
B,118,4519067,encoded,,16667,False
A,119,4534536,encoded,,16667,False
B,119,4552405,encoded,,16667,False
A,120,4567866,encoded,,16666,False
B,120,4585747,encoded,,16666,False
A,121,4601221,encoded,,124950,True
B,121,4619072,encoded,,123931,True
A,122,4634555,encoded,,19751,False
B,122,4652421,encoded,,16654,False
A,123,4667895,encoded,,12052,False
B,123,4685750,encoded,,13438,False
A,124,4701231,encoded,,22082,False
B,124,4719079,encoded,,15043,False
A,125,4734555,encoded,,16672,False
B,125,4752417,encoded,,21693,False
A,126,4767875,encoded,,9500,False
B,126,4785749,encoded,,12610,False
A,127,4801217,encoded,,18847,False
B,127,4819077,encoded,,15181,False
A,128,4834539,encoded,,16730,False
B,128,4852438,encoded,,22352,False
A,129,4867885,encoded,,10781,False
B,129,4885744,encoded,,18260,False
A,130,4901223,encoded,,8712,False
B,130,4919082,encoded,,10976,False
A,131,4934554,encoded,,7748,False
B,131,4985750,encoded,,10401,False
A,132,5001217,encoded,,6950,False
B,132,5019088,encoded,,16964,False
A,133,5034548,encoded,,6563,False
B,133,5052415,encoded,,9141,False
A,134,5067884,encoded,,6094,False
B,134,5085747,encoded,,7708,False
A,135,5101213,encoded,,25431,False
B,135,5119081,encoded,,7061,False
A,136,5134546,encoded,,2921,False
B,136,5152424,encoded,,6682,False
A,137,5167881,encoded,,16826,False
B,137,5185753,encoded,,6238,False
A,138,5201232,encoded,,11489,False
B,138,5219085,encoded,,5971,False
A,139,5234551,encoded,,10090,False
B,139,5252436,encoded,,5549,False
A,140,5267895,encoded,,9311,False
B,140,5285763,encoded,,5278,False
A,141,5301242,encoded,,9235,False
B,141,5319100,encoded,,12304,False
A,142,5334552,encoded,,9113,False
B,142,5352435,encoded,,8761,False
A,143,5367895,encoded,,8527,False
B,143,5385777,encoded,,11138,False
A,144,5401221,encoded,,9625,False
B,144,5419088,encoded,,16666,False
A,145,5434561,encoded,,16667,False
B,145,5452428,encoded,,19118,False
A,146,5467885,encoded,,31734,False
B,146,5485759,encoded,,14216,False
A,147,5501236,encoded,,4628,False
B,147,5519092,encoded,,16666,False
A,148,5534553,encoded,,13638,False
B,148,5552432,encoded,,16667,False
A,149,5567887,encoded,,16667,False
B,149,5585765,encoded,,16667,False
A,150,5601222,encoded,,16666,False
B,150,5619094,encoded,,16666,False
A,151,5634556,encoded,,124956,True
B,151,5652429,encoded,,124126,True
A,152,5667899,encoded,,9242,False
B,152,5685762,encoded,,19703,False
A,153,5701224,encoded,,14578,False
B,153,5719099,encoded,,10774,False
A,154,5734557,encoded,,18749,False
B,154,5752455,encoded,,11581,False
A,155,5767914,encoded,,15021,False
B,155,5785765,encoded,,14788,False
A,156,5801262,encoded,,28619,False
B,156,5819103,encoded,,10202,False
A,157,5834575,encoded,,17378,False
B,157,5852454,encoded,,22073,False
A,158,5867909,encoded,,15801,False
B,158,5885785,encoded,,11709,False
A,159,5901236,encoded,,10268,False
B,159,5919120,encoded,,12570,False
A,160,5934578,encoded,,8500,False
B,160,5952451,encoded,,11473,False
A,161,5967913,encoded,,7483,False
B,161,5985789,encoded,,13970,False
A,162,6001235,encoded,,7004,False
B,162,6019125,encoded,,19521,False
A,163,6034571,encoded,,6353,False
B,163,6052437,encoded,,17541,False
A,164,6067913,encoded,,6267,False
B,164,6085790,encoded,,8548,False
A,165,6134580,encoded,,25471,False
B,165,6119106,encoded,,7420,False
A,166,6167904,encoded,,3012,False
B,166,6185781,encoded,,7510,False
A,167,6201243,encoded,,16694,False
B,167,6219117,encoded,,6298,False
A,168,6234582,encoded,,11452,False
B,168,6252442,encoded,,6028,False
A,169,6267903,encoded,,10151,False
B,169,6285778,encoded,,5816,False
A,170,6301240,encoded,,9323,False
B,170,6319111,encoded,,12398,False
A,171,6334576,encoded,,9076,False
B,171,6352452,encoded,,8231,False
A,172,6367920,encoded,,8617,False
B,172,6385780,encoded,,7696,False
A,173,6401246,encoded,,7948,False
B,173,6419112,encoded,,13358,False
A,174,6434584,encoded,,8037,False
B,174,6452468,encoded,,16666,False
A,175,6467914,encoded,,16667,False
B,175,6485796,encoded,,25579,False
B,176,6519129,encoded,,7755,False
A,176,6501274,encoded,,30868,False
B,177,6552449,encoded,,16666,False
A,177,6534602,encoded,,4428,False
A,178,6567933,encoded,,14704,False
B,178,6585785,encoded,,16667,False
A,179,6601251,encoded,,16667,False
B,179,6619121,encoded,,16667,False
A,180,6634586,encoded,,16666,False
B,180,6652458,encoded,,16666,False
A,181,6667947,encoded,,124721,True
B,181,6685796,encoded,,124009,True
A,182,6701250,encoded,,27354,False
B,182,6719132,encoded,,19690,False
A,183,6734599,encoded,,7496,False
B,183,6752463,encoded,,10419,False
A,184,6767922,encoded,,19050,False
B,184,6785794,encoded,,11098,False
A,185,6801272,encoded,,16524,False
B,185,6819129,encoded,,14201,False
A,186,6834596,encoded,,21312,False
B,186,6852459,encoded,,16201,False
A,187,6867929,encoded,,18678,False
B,187,6885796,encoded,,16267,False
A,188,6901255,encoded,,11087,False
B,188,6919125,encoded,,13478,False
A,189,6934587,encoded,,9050,False
B,189,6952459,encoded,,16603,False
A,190,6967930,encoded,,8192,False
B,190,6985830,encoded,,16550,False
A,191,7001269,encoded,,7458,False
B,191,7019160,encoded,,16592,False
A,192,7034606,encoded,,6840,False
B,192,7052482,encoded,,18617,False
A,193,7067930,encoded,,20448,False
B,193,7085822,encoded,,9158,False
A,194,7101284,encoded,,18199,False
B,194,7119155,encoded,,8133,False
A,195,7134601,encoded,,12671,False
B,195,7185799,encoded,,7075,False
A,196,7201259,encoded,,10876,False
B,196,7219143,encoded,,6992,False
A,197,7234604,encoded,,10785,False
B,197,7252478,encoded,,8015,False
A,198,7267932,encoded,,10079,False
B,198,7285816,encoded,,9055,False
A,199,7301269,encoded,,9692,False
B,199,7319143,encoded,,9403,False
A,200,7334601,encoded,,9097,False
B,200,7352480,encoded,,9242,False
A,201,7367950,encoded,,9032,False
B,201,7385813,encoded,,9626,False
A,202,7401265,encoded,,8905,False
B,202,7419139,encoded,,9240,False
A,203,7434608,encoded,,8272,False
B,203,7452477,encoded,,9755,False
A,204,7467942,encoded,,7996,False
B,204,7485813,encoded,,10581,False
A,205,7501285,encoded,,7662,False
B,205,7519149,encoded,,16667,False
A,206,7534624,encoded,,11858,False
B,206,7552477,encoded,,16667,False
A,207,7567960,encoded,,16666,False
B,207,7585822,encoded,,16666,False
A,208,7601274,encoded,,19533,False
B,208,7619148,encoded,,16667,False
A,209,7634609,encoded,,13801,False
B,209,7652486,encoded,,16667,False
A,210,7667944,encoded,,16666,False
B,210,7685818,encoded,,16666,False
A,211,7701281,encoded,,124849,True
A,212,7734605,encoded,,19172,False
B,211,7719165,encoded,,123844,True
B,212,7752481,encoded,,20557,False
A,213,7767945,encoded,,10602,False
B,213,7785819,encoded,,14082,False
A,214,7801279,encoded,,19200,False
B,214,7819154,encoded,,19758,False
A,215,7834608,encoded,,17589,False
B,215,7852490,encoded,,14113,False
A,216,7867945,encoded,,24378,False
B,216,7885834,encoded,,16393,False
A,217,7901291,encoded,,20920,False
B,217,7919153,encoded,,12912,False
A,218,7934612,encoded,,11507,False
B,218,7952485,encoded,,16098,False
A,219,7967946,encoded,,9330,False
B,219,7985824,encoded,,12921,False
A,220,8001297,encoded,,8551,False
B,220,8019165,encoded,,12204,False
A,221,8034625,encoded,,7398,False
A,222,8067965,encoded,,19443,False
B,221,8052503,encoded,,17106,False
A,223,8134628,encoded,,4926,False
B,222,8085840,encoded,,19115,False
A,224,8167952,encoded,,21844,False
B,223,8119174,encoded,,14281,False
B,224,8152489,encoded,,12843,False
A,225,8201294,encoded,,12970,False
A,226,8234626,encoded,,10935,False
B,225,8185830,encoded,,12089,False
B,226,8219162,encoded,,11704,False
A,227,8267957,encoded,,10358,False
B,227,8252494,encoded,,11565,False
A,228,8301292,encoded,,9245,False
B,228,8285838,encoded,,11565,False
A,229,8334625,encoded,,8965,False
B,229,8352501,encoded,,13222,False
A,230,8367960,encoded,,8527,False
B,230,8385840,encoded,,11579,False
A,231,8401288,encoded,,8287,False
B,231,8419170,encoded,,12257,False
A,232,8434628,encoded,,7941,False
B,232,8452503,encoded,,12111,False
A,233,8467965,encoded,,8229,False
B,233,8485833,encoded,,12265,False
A,234,8501302,encoded,,7838,False
B,234,8519166,encoded,,12424,False
A,235,8534644,encoded,,7797,False
B,235,8552503,encoded,,21365,False
A,236,8567979,encoded,,12533,False
B,236,8585848,encoded,,16120,False
A,237,8601319,encoded,,16666,False
B,237,8619178,encoded,,23309,False
A,238,8634647,encoded,,18718,False
B,238,8652522,encoded,,18219,False
A,239,8667984,encoded,,14616,False
B,239,8685855,encoded,,17145,False
A,240,8701316,encoded,,16666,False
B,240,8719175,encoded,,18163,False
A,241,8734632,encoded,,124879,True
B,241,8752504,encoded,,104296,True
A,242,8767971,encoded,,12530,False
B,242,8785841,encoded,,10845,False
A,243,8801305,encoded,,12487,False
B,243,8819188,encoded,,7739,False
A,244,8834642,encoded,,23556,False
B,244,8852509,encoded,,16924,False
A,245,8867967,encoded,,19568,False
B,245,8885847,encoded,,16446,False
A,246,8901306,encoded,,24130,False
B,246,8919186,encoded,,13092,False
A,247,8934637,encoded,,21482,False
B,247,8952511,encoded,,17814,False
A,248,8967970,encoded,,13518,False
B,248,8985845,encoded,,15444,False
A,249,9001305,encoded,,10187,False
B,249,9019178,encoded,,17249,False
A,250,9034644,encoded,,9913,False
B,250,9052514,encoded,,15666,False
A,251,9067983,encoded,,8266,False
B,251,9085848,encoded,,15199,False
A,252,9101314,encoded,,7232,False
B,252,9119191,encoded,,12963,False
A,253,9134655,encoded,,19609,False
B,253,9152527,encoded,,16691,False
A,254,9167971,encoded,,4935,False
B,254,9185863,encoded,,11914,False
A,255,9201334,encoded,,21399,False
B,255,9219183,encoded,,11441,False
A,256,9234646,encoded,,13187,False
B,256,9252535,encoded,,10762,False
A,257,9268002,encoded,,10945,False
B,257,9285863,encoded,,14939,False
A,258,9301317,encoded,,10193,False
B,258,9319186,encoded,,17057,False
A,259,9368001,encoded,,11076,False
B,259,9385867,encoded,,15316,False
A,260,9401321,encoded,,9095,False
B,260,9419193,encoded,,11275,False
A,261,9434646,encoded,,13065,False
B,261,9452543,encoded,,9589,False
A,262,9467982,encoded,,9372,False
B,262,9485869,encoded,,9510,False
A,263,9501314,encoded,,8178,False
B,263,9519190,encoded,,9487,False
A,264,9534674,encoded,,7837,False
B,264,9552527,encoded,,9038,False
A,265,9568000,encoded,,8413,False
B,265,9585862,encoded,,8780,False
A,266,9601332,encoded,,7838,False
B,266,9619200,encoded,,8397,False
A,267,9634658,encoded,,7430,False
B,267,9652533,encoded,,6816,False
A,268,9667988,encoded,,16347,False
B,268,9685882,encoded,,17442,False
A,269,9701328,encoded,,20029,False
B,269,9719213,encoded,,21379,False
A,270,9734662,encoded,,13304,False
B,270,9752542,encoded,,13536,False
A,271,9767997,encoded,,115786,True
B,271,9785885,encoded,,104828,True
A,272,9801334,encoded,,19168,False
B,272,9819205,encoded,,14664,False
A,273,9834659,encoded,,16339,False
B,273,9852541,encoded,,7371,False
A,274,9867991,encoded,,24362,False
B,274,9885865,encoded,,18869,False
A,275,9901333,encoded,,19673,False
B,275,9919220,encoded,,17443,False
A,276,9934660,encoded,,20101,False
B,276,9952542,encoded,,14008,False
A,277,9967992,encoded,,15671,False
B,277,9985873,encoded,,18074,False
A,278,10001325,encoded,,19652,False
B,278,10019205,encoded,,13686,False
A,279,10034666,encoded,,12093,False
B,279,10052545,encoded,,20581,False
A,280,10067995,encoded,,8849,False
B,280,10085876,encoded,,11957,False
A,281,10101330,encoded,,10465,False
B,281,10119204,encoded,,14770,False
A,282,10134670,encoded,,8572,False
B,282,10152545,encoded,,11956,False
A,283,10168009,encoded,,7617,False
B,283,10185880,encoded,,15752,False
A,284,10201339,encoded,,6951,False
B,284,10219208,encoded,,9700,False
A,285,10234679,encoded,,19208,False
B,285,10252549,encoded,,9813,False
A,286,10268003,encoded,,17778,False
B,286,10285876,encoded,,8467,False
A,287,10301347,encoded,,13091,False
B,287,10319213,encoded,,8663,False
A,288,10334675,encoded,,11016,False
A,289,10401346,encoded,,10177,False
B,288,10352550,encoded,,8241,False
A,290,10434681,encoded,,11747,False
B,289,10385884,encoded,,8072,False
A,291,10468012,encoded,,9159,False
B,290,10452547,encoded,,8867,False
B,291,10485881,encoded,,6624,False
A,292,10501361,encoded,,9683,False
B,292,10519215,encoded,,6695,False
A,293,10534680,encoded,,9208,False
B,293,10552558,encoded,,17225,False
A,294,10568012,encoded,,8372,False
B,294,10585885,encoded,,20065,False
A,295,10601358,encoded,,7932,False
B,295,10619230,encoded,,12789,False
A,296,10634674,encoded,,7558,False
B,296,10652556,encoded,,10377,False
A,297,10668015,encoded,,9772,False
B,297,10685885,encoded,,9632,False
A,298,10701349,encoded,,16667,False
B,298,10719220,encoded,,8785,False
A,299,10734695,encoded,,38398,False
B,299,10752565,encoded,,8145,False
A,300,10768031,encoded,,3966,False
B,300,10785906,encoded,,7884,False
A,301,10801361,encoded,,124929,True
B,301,10819241,encoded,,113669,True
A,302,10834694,encoded,,18268,False
B,302,10852567,encoded,,16586,False
A,303,10868013,encoded,,6956,False
B,303,10885923,encoded,,12791,False
A,304,10901357,encoded,,18423,False
B,304,10919250,encoded,,15263,False
A,305,10934685,encoded,,15458,False
B,305,10952576,encoded,,17393,False
A,306,10968027,encoded,,26690,False
B,306,10985906,encoded,,10552,False
A,307,11001356,encoded,,15176,False
B,307,11019234,encoded,,16888,False
A,308,11034703,encoded,,19840,False
B,308,11052567,encoded,,12909,False
A,309,11068022,encoded,,11079,False
B,309,11085895,encoded,,10696,False
A,310,11101353,encoded,,8713,False
B,310,11119230,encoded,,15609,False
A,311,11134693,encoded,,7804,False
B,311,11152566,encoded,,19329,False
A,312,11168028,encoded,,7170,False
B,312,11185897,encoded,,8914,False
A,313,11201364,encoded,,20260,False
B,313,11219230,encoded,,7991,False
A,314,11234694,encoded,,4261,False
B,314,11252570,encoded,,7268,False
A,315,11268026,encoded,,21056,False
B,315,11285922,encoded,,6627,False
A,316,11301359,encoded,,13306,False
B,316,11319236,encoded,,7034,False
A,317,11334695,encoded,,11511,False
B,317,11352581,encoded,,6340,False
A,318,11368040,encoded,,10547,False
B,318,11385918,encoded,,18892,False
A,319,11401386,encoded,,9435,False
B,319,11419238,encoded,,5691,False
A,320,11434713,encoded,,9485,False
B,320,11452588,encoded,,23247,False
A,321,11468031,encoded,,8829,False
B,321,11485914,encoded,,4133,False
A,322,11534708,encoded,,8325,False
B,322,11519251,encoded,,16498,False
A,323,11568036,encoded,,9600,False
B,323,11552593,encoded,,10507,False
A,324,11601380,encoded,,9475,False
B,324,11619239,encoded,,12795,False
A,325,11634706,encoded,,7993,False
B,325,11652578,encoded,,16667,False
A,326,11668036,encoded,,8121,False
B,326,11685912,encoded,,16667,False
A,327,11701369,encoded,,8259,False
B,327,11719245,encoded,,16666,False
A,328,11734713,encoded,,16667,False
B,328,11752583,encoded,,16667,False
A,329,11768057,encoded,,28669,False
B,329,11785915,encoded,,16667,False
A,330,11801383,encoded,,4761,False
B,330,11819253,encoded,,16666,False
A,331,11834719,encoded,,124922,True
B,331,11852588,encoded,,124088,True
A,332,11868042,encoded,,17944,False
B,332,11885920,encoded,,16627,False
A,333,11901393,encoded,,6912,False
B,333,11919255,encoded,,8211,False
A,334,11934730,encoded,,22926,False
B,334,11952589,encoded,,16288,False
A,335,11968056,encoded,,17664,False
B,335,11985923,encoded,,14337,False
A,336,12001399,encoded,,20094,False
B,336,12019263,encoded,,16278,False
A,337,12034712,encoded,,15746,False
B,337,12052598,encoded,,10510,False
A,338,12068044,encoded,,18961,False
B,338,12085919,encoded,,15020,False
A,339,12101385,encoded,,10786,False
B,339,12119258,encoded,,15916,False
A,340,12134722,encoded,,9143,False
B,340,12152596,encoded,,15084,False
A,341,12168051,encoded,,7662,False
B,341,12185926,encoded,,9314,False
A,342,12201379,encoded,,7301,False
B,342,12219256,encoded,,8286,False
A,343,12234724,encoded,,18588,False
B,343,12252592,encoded,,7900,False
B,344,12285924,encoded,,8208,False
A,344,12268048,encoded,,5627,False
B,345,12319260,encoded,,7443,False
A,345,12301390,encoded,,21584,False
B,346,12352601,encoded,,18956,False
A,346,12334716,encoded,,12913,False
B,347,12385927,encoded,,11942,False
A,347,12368067,encoded,,11648,False
A,348,12434726,encoded,,10321,False
B,348,12419267,encoded,,19174,False
A,349,12468062,encoded,,9527,False
B,349,12452637,encoded,,11385,False
A,350,12501395,encoded,,9356,False
B,350,12485946,encoded,,10065,False
A,351,12534717,encoded,,8873,False
B,351,12519269,encoded,,9320,False
B,352,12552607,encoded,,9106,False
A,352,12568053,encoded,,8649,False
B,353,12585932,encoded,,8105,False
A,353,12601390,encoded,,8088,False
B,354,12619279,encoded,,8437,False
A,354,12634726,encoded,,7976,False
B,355,12652598,encoded,,16667,False
A,355,12668061,encoded,,7504,False
B,356,12685944,encoded,,16667,False
A,356,12701391,encoded,,12522,False
B,357,12719287,encoded,,16666,False
A,357,12734735,encoded,,16666,False
B,358,12752602,encoded,,16667,False
A,358,12768058,encoded,,18578,False
B,359,12785934,encoded,,16667,False
A,359,12801401,encoded,,14756,False
B,360,12819273,encoded,,16666,False
A,360,12834741,encoded,,16666,False
B,361,12852623,encoded,,124116,True
A,361,12868083,encoded,,124930,True
B,362,12885965,encoded,,19153,False
A,362,12901415,encoded,,9428,False
B,363,12919294,encoded,,12123,False
A,363,12934742,encoded,,13751,False
B,364,12952607,encoded,,12004,False
A,364,12968084,encoded,,24162,False
B,365,12985963,encoded,,14427,False
A,365,13001412,encoded,,18218,False
B,366,13019276,encoded,,15341,False
A,366,13034740,encoded,,24402,False
B,367,13052627,encoded,,16127,False
A,367,13068074,encoded,,19940,False
B,368,13085955,encoded,,17144,False
A,368,13101418,encoded,,11159,False
B,369,13119298,encoded,,16921,False
A,369,13134739,encoded,,10266,False
B,370,13152635,encoded,,9687,False
A,370,13168097,encoded,,8220,False
B,371,13185951,encoded,,7584,False
A,371,13234743,encoded,,7346,False
B,372,13252623,encoded,,8583,False
A,372,13268076,encoded,,19410,False
B,373,13285946,encoded,,19569,False
A,373,13301402,encoded,,4937,False
B,374,13319283,encoded,,12067,False
A,374,13334739,encoded,,22127,False
B,375,13352617,encoded,,11433,False
A,375,13368072,encoded,,12943,False
B,376,13385949,encoded,,18969,False
A,376,13401423,encoded,,11415,False
B,377,13419284,encoded,,12349,False
A,377,13434755,encoded,,10383,False
B,378,13452618,encoded,,10677,False
A,378,13468082,encoded,,9663,False
B,379,13485953,encoded,,9278,False
A,379,13501407,encoded,,9558,False
B,380,13519305,encoded,,9354,False
A,380,13534756,encoded,,8935,False
B,381,13552644,encoded,,8715,False
A,381,13568090,encoded,,8378,False
B,382,13585960,encoded,,8653,False
A,382,13601430,encoded,,8305,False
B,383,13619306,encoded,,7955,False
A,383,13634744,encoded,,7943,False
B,384,13652643,encoded,,6852,False
A,384,13668088,encoded,,8325,False
B,385,13686023,encoded,,7586,False
A,385,13701413,encoded,,8234,False
B,386,13719291,encoded,,16667,False
A,386,13734754,encoded,,10956,False
B,387,13752648,encoded,,25550,False
A,387,13768081,encoded,,16666,False
B,388,13785961,encoded,,7783,False
A,388,13801417,encoded,,16667,False
B,389,13819306,encoded,,16667,False
A,389,13834748,encoded,,16667,False
B,390,13852630,encoded,,16666,False
B,391,13885964,encoded,,124039,True
A,390,13868086,encoded,,16666,False
B,392,13919306,encoded,,19879,False
A,391,13901425,encoded,,125043,True
B,393,13952635,encoded,,7906,False
A,392,13934771,encoded,,12362,False
A,393,13968097,encoded,,12795,False
B,394,13985978,encoded,,16051,False
A,394,14001427,encoded,,24993,False
B,395,14019309,encoded,,15546,False
A,395,14034752,encoded,,21967,False
B,396,14052642,encoded,,22695,False
A,396,14068089,encoded,,21237,False
B,397,14085972,encoded,,18967,False
A,397,14101423,encoded,,18828,False
B,398,14119310,encoded,,13301,False
A,398,14134760,encoded,,12507,False
B,399,14152657,encoded,,14713,False
A,399,14201447,encoded,,9061,False
B,400,14185971,encoded,,10524,False
A,400,14234770,encoded,,8436,False
B,401,14219304,encoded,,9478,False
A,401,14268095,encoded,,7558,False
B,402,14252648,encoded,,8263,False
A,402,14301428,encoded,,19850,False
B,403,14285985,encoded,,7076,False
A,403,14334768,encoded,,19696,False
B,404,14352642,encoded,,8660,False
A,404,14368101,encoded,,2763,False
B,405,14385975,encoded,,19065,False
A,405,14401430,encoded,,16048,False
B,406,14419309,encoded,,14699,False
A,406,14434762,encoded,,11072,False
B,407,14452647,encoded,,11442,False
A,407,14468101,encoded,,10664,False
B,408,14485978,encoded,,18988,False
A,408,14501447,encoded,,10203,False
B,409,14519313,encoded,,11285,False
A,409,14534780,encoded,,9385,False
B,410,14552648,encoded,,10894,False
A,410,14568123,encoded,,8890,False
B,411,14585980,encoded,,10482,False
A,411,14601449,encoded,,8877,False
B,412,14619314,encoded,,10023,False
A,412,14634782,encoded,,9309,False
B,413,14652657,encoded,,10744,False
A,413,14668119,encoded,,8464,False
B,414,14686008,encoded,,9955,False
A,414,14701443,encoded,,9131,False
B,415,14719334,encoded,,10207,False
A,415,14734773,encoded,,8639,False
B,416,14752652,encoded,,9759,False
A,416,14768111,encoded,,7774,False
B,417,14785983,encoded,,9297,False
A,417,14801447,encoded,,14448,False
B,418,14819324,encoded,,12729,False
A,418,14834775,encoded,,16667,False
B,419,14852658,encoded,,16667,False
A,419,14868114,encoded,,16667,False
B,420,14885985,encoded,,16666,False
A,420,14901449,encoded,,16666,False
B,421,14919318,encoded,,124350,True
A,421,14934780,encoded,,124854,True
B,422,14952672,encoded,,19758,False
A,422,14968123,encoded,,20613,False
B,423,14985997,encoded,,12206,False
A,423,15001466,encoded,,8793,False
B,424,15019331,encoded,,12064,False
A,424,15034803,encoded,,19083,False
B,425,15052655,encoded,,13668,False
A,425,15068116,encoded,,17795,False
B,426,15085992,encoded,,22308,False
A,426,15101449,encoded,,21039,False
B,427,15119328,encoded,,13767,False
A,427,15134782,encoded,,15851,False
B,428,15152676,encoded,,15198,False
A,428,15168115,encoded,,15950,False
B,429,15186012,encoded,,16340,False
A,429,15201457,encoded,,10134,False
B,430,15219345,encoded,,10190,False
A,430,15234787,encoded,,8517,False
B,431,15252673,encoded,,8755,False
A,431,15268117,encoded,,21584,False
B,432,15286005,encoded,,21108,False
A,432,15301463,encoded,,4469,False
B,433,15319344,encoded,,11841,False
A,433,15334791,encoded,,22198,False
B,434,15386002,encoded,,6510,False
A,434,15368138,encoded,,13434,False
B,435,15419332,encoded,,12487,False
A,435,15434788,encoded,,11604,False
B,436,15452671,encoded,,11248,False
A,436,15468127,encoded,,10621,False
B,437,15486020,encoded,,6600,False
A,437,15501460,encoded,,10213,False
B,438,15519337,encoded,,11176,False
A,438,15534797,encoded,,11816,False
B,439,15552672,encoded,,19233,False
A,439,15568132,encoded,,9779,False
B,440,15586006,encoded,,13249,False
A,440,15601464,encoded,,9575,False
B,441,15619336,encoded,,10581,False
A,441,15634791,encoded,,9291,False
B,442,15652673,encoded,,10281,False
A,442,15668183,encoded,,8312,False
B,443,15686011,encoded,,9474,False
A,443,15701476,encoded,,8942,False
B,444,15719345,encoded,,9194,False
A,444,15734812,encoded,,8918,False
B,445,15752688,encoded,,8374,False
A,445,15768151,encoded,,8725,False
B,446,15786014,encoded,,8297,False
A,446,15801478,encoded,,7675,False
B,447,15819349,encoded,,11743,False
A,447,15834805,encoded,,10215,False
B,448,15852676,encoded,,16667,False
A,448,15868146,encoded,,16667,False
B,449,15886016,encoded,,16667,False
B,450,15919354,encoded,,16666,False
A,449,15901466,encoded,,24430,False
A,450,15934811,encoded,,8903,False
B,451,15952687,encoded,,124252,True
A,451,15968139,encoded,,125021,True
B,452,15986021,encoded,,16898,False
A,452,16001468,encoded,,17907,False
B,453,16019352,encoded,,13389,False
A,453,16034805,encoded,,7483,False
B,454,16052682,encoded,,16892,False
A,454,16068138,encoded,,23478,False
B,455,16086021,encoded,,12223,False
A,455,16101475,encoded,,17760,False
B,456,16119352,encoded,,19078,False
A,456,16134808,encoded,,23681,False
B,457,16152685,encoded,,12117,False
A,457,16168141,encoded,,21693,False
B,458,16186018,encoded,,14916,False
A,458,16201485,encoded,,11491,False
B,459,16219355,encoded,,15481,False
A,459,16234808,encoded,,9441,False
B,460,16252691,encoded,,23483,False
A,460,16268144,encoded,,8245,False
A,461,16301493,encoded,,20160,False
B,461,16286026,encoded,,7111,False
B,462,16319364,encoded,,7057,False
A,462,16334816,encoded,,5075,False
B,463,16352690,encoded,,14576,False
A,463,16368160,encoded,,23099,False
B,464,16386024,encoded,,10598,False
A,464,16401505,encoded,,13341,False
B,465,16419363,encoded,,18690,False
A,465,16434822,encoded,,11510,False
B,466,16486040,encoded,,11793,False
A,466,16468160,encoded,,10617,False
B,467,16519372,encoded,,9016,False
A,467,16501487,encoded,,9713,False
B,468,16552697,encoded,,8705,False
A,468,16568148,encoded,,9995,False
B,469,16586025,encoded,,8099,False
A,469,16601484,encoded,,8783,False
B,470,16619365,encoded,,7249,False
A,470,16634822,encoded,,8370,False
B,471,16652696,encoded,,7011,False
A,471,16668153,encoded,,8034,False
B,472,16686050,encoded,,7242,False
A,472,16701485,encoded,,7911,False
B,473,16719372,encoded,,7219,False
A,473,16734818,encoded,,8229,False
B,474,16752704,encoded,,8328,False
A,474,16768166,encoded,,7622,False
B,475,16786039,encoded,,15244,False
A,475,16801499,encoded,,7706,False
B,476,16819375,encoded,,16667,False
A,476,16834833,encoded,,7355,False
B,477,16852717,encoded,,16666,False
A,477,16868160,encoded,,16280,False
B,478,16886061,encoded,,16667,False
A,478,16901495,encoded,,29393,False
B,479,16919374,encoded,,16667,False
A,479,16934821,encoded,,4329,False
B,480,16952708,encoded,,16666,False
A,480,16968156,encoded,,16278,False
B,481,16986044,encoded,,123801,True
B,482,17019379,encoded,,19248,False
A,481,17001498,encoded,,125204,True
A,482,17034831,encoded,,19724,False
B,483,17052706,encoded,,12176,False
A,483,17068165,encoded,,10352,False
B,484,17086049,encoded,,17713,False
A,484,17101499,encoded,,17568,False
B,485,17119378,encoded,,10677,False
A,485,17134856,encoded,,17537,False
B,486,17152713,encoded,,14585,False
A,486,17168193,encoded,,22540,False
B,487,17186043,encoded,,10426,False
A,487,17201515,encoded,,21561,False
B,488,17219385,encoded,,9075,False
A,488,17234842,encoded,,12249,False
B,489,17252717,encoded,,21351,False
A,489,17268182,encoded,,10019,False
B,490,17286048,encoded,,11440,False
A,490,17301504,encoded,,8548,False
B,491,17319388,encoded,,16623,False
A,491,17334842,encoded,,20625,False
B,492,17352715,encoded,,17310,False
A,492,17368181,encoded,,4551,False
B,493,17386058,encoded,,18096,False
A,493,17401499,encoded,,21422,False
A,494,17434854,encoded,,13451,False
B,494,17419386,encoded,,12387,False
B,495,17452716,encoded,,12358,False
A,495,17468191,encoded,,11903,False
B,496,17486052,encoded,,20130,False
A,496,17534863,encoded,,10741,False
B,497,17519385,encoded,,12570,False
B,498,17552719,encoded,,12199,False
A,497,17568191,encoded,,9861,False
B,499,17586073,encoded,,10547,False
A,498,17601524,encoded,,11602,False
B,500,17619385,encoded,,10844,False
A,499,17634862,encoded,,9060,False
A,500,17668177,encoded,,9986,False
B,501,17652728,encoded,,10804,False
A,501,17701512,encoded,,9559,False
B,502,17719405,encoded,,6343,False
A,502,17734843,encoded,,8166,False
B,503,17752741,encoded,,11896,False
A,503,17768185,encoded,,7851,False
B,504,17786053,encoded,,9988,False
A,504,17801512,encoded,,8184,False
B,505,17819406,encoded,,8256,False
A,505,17834849,encoded,,7549,False
B,506,17852739,encoded,,8810,False
A,506,17868181,encoded,,7222,False
B,507,17886101,encoded,,8291,False
A,507,17901517,encoded,,12965,False
B,508,17919400,encoded,,8764,False
A,508,17934850,encoded,,16667,False
B,509,17952735,encoded,,16626,False
A,509,17968181,encoded,,18310,False
B,510,17986081,encoded,,16666,False
A,510,18001521,encoded,,15023,False
B,511,18019410,encoded,,123838,True
A,511,18034851,encoded,,124932,True
B,512,18052767,encoded,,16800,False
A,512,18068188,encoded,,23222,False
B,513,18086075,encoded,,7232,False
A,513,18101520,encoded,,9392,False
B,514,18119407,encoded,,17782,False
A,514,18134854,encoded,,15238,False
B,515,18152733,encoded,,15769,False
B,516,18186065,encoded,,18681,False
A,515,18168193,encoded,,18589,False
B,517,18219407,encoded,,14209,False
A,516,18201518,encoded,,25204,False
B,518,18252735,encoded,,14379,False
A,517,18234853,encoded,,21975,False
B,519,18286069,encoded,,13261,False
A,518,18268187,encoded,,11253,False
B,520,18319403,encoded,,13437,False
A,519,18301528,encoded,,10456,False
A,520,18334862,encoded,,8233,False
B,521,18352741,encoded,,13340,False
A,521,18368195,encoded,,8031,False
B,522,18386070,encoded,,22861,False
A,522,18401529,encoded,,7797,False
B,523,18419405,encoded,,7661,False
A,523,18434865,encoded,,22507,False
B,524,18452740,encoded,,7983,False
A,524,18468193,encoded,,18316,False
B,525,18486085,encoded,,15877,False
A,525,18501524,encoded,,12750,False
B,526,18519406,encoded,,7333,False
A,526,18534863,encoded,,11017,False
B,527,18552754,encoded,,13790,False
A,527,18568199,encoded,,10208,False
B,528,18586078,encoded,,12049,False
A,528,18601530,encoded,,9868,False
B,529,18619431,encoded,,11652,False
A,529,18634862,encoded,,9955,False
B,530,18652759,encoded,,18143,False
A,530,18701529,encoded,,8924,False
B,531,18686092,encoded,,12327,False
A,531,18734875,encoded,,8453,False
B,532,18719409,encoded,,10333,False
A,532,18768203,encoded,,8063,False
B,533,18786086,encoded,,12182,False
A,533,18801531,encoded,,8206,False
B,534,18819415,encoded,,10383,False
A,534,18834877,encoded,,8550,False
B,535,18852750,encoded,,7794,False
A,535,18868203,encoded,,7511,False
B,536,18886084,encoded,,7718,False
A,536,18901537,encoded,,7545,False
B,537,18919422,encoded,,7533,False
A,537,18934891,encoded,,13805,False
B,538,18952769,encoded,,12320,False
A,538,18968206,encoded,,20095,False
B,539,18986086,encoded,,16667,False
A,539,19001535,encoded,,13882,False
B,540,19019434,encoded,,16666,False
A,540,19034892,encoded,,16023,False
B,541,19052771,encoded,,124070,True
A,541,19068309,encoded,,124878,True
B,542,19086109,encoded,,19449,False
A,542,19101569,encoded,,25214,False
B,543,19119434,encoded,,7371,False
A,543,19134874,encoded,,7519,False
B,544,19152772,encoded,,17449,False
A,544,19168208,encoded,,15512,False
B,545,19186091,encoded,,12747,False
A,545,19201551,encoded,,18016,False
B,546,19219439,encoded,,14946,False
A,546,19234900,encoded,,22703,False
B,547,19252767,encoded,,12813,False
A,547,19268212,encoded,,21156,False
B,548,19286114,encoded,,19014,False
A,548,19301551,encoded,,13520,False
B,549,19319443,encoded,,24336,False
A,549,19334878,encoded,,11274,False
B,550,19352765,encoded,,16403,False
A,550,19368220,encoded,,9540,False
B,551,19386098,encoded,,14663,False
A,551,19401549,encoded,,8491,False
B,552,19419431,encoded,,12795,False
A,552,19434881,encoded,,20061,False
B,553,19452765,encoded,,11545,False
A,553,19468222,encoded,,21328,False
B,554,19486101,encoded,,12129,False
A,554,19501574,encoded,,3190,False
B,555,19519446,encoded,,13711,False
A,555,19534891,encoded,,19136,False
B,556,19552784,encoded,,14526,False
A,556,19568234,encoded,,14216,False
B,557,19586102,encoded,,13801,False
A,557,19601556,encoded,,13445,False
B,558,19619451,encoded,,17305,False
A,558,19634886,encoded,,11601,False
B,559,19652766,encoded,,14975,False
B,560,19686101,encoded,,12266,False
A,559,19668226,encoded,,15123,False
B,561,19719444,encoded,,11050,False
A,560,19701572,encoded,,11007,False
B,562,19752770,encoded,,11965,False
A,561,19734893,encoded,,9672,False
B,563,19786116,encoded,,9964,False
A,562,19768224,encoded,,8650,False
B,564,19819450,encoded,,9041,False
A,563,19801556,encoded,,10309,False
B,565,19852771,encoded,,8788,False
A,564,19834900,encoded,,8157,False
A,565,19868224,encoded,,9074,False
B,566,19886106,encoded,,28677,False
A,566,19901565,encoded,,8526,False
B,567,19919441,encoded,,6671,False
A,567,19934902,encoded,,7973,False
B,568,19952797,encoded,,18854,False
A,568,20001573,encoded,,7808,False
B,569,19986124,encoded,,15075,False
A,569,20034903,encoded,,7390,False
B,570,20019460,encoded,,13106,False
A,570,20068246,encoded,,15511,False
B,571,20086128,encoded,,113163,True
A,571,20101572,encoded,,125197,True
B,572,20119453,encoded,,13020,False
A,572,20134897,encoded,,11487,False
B,573,20152838,encoded,,10435,False
A,573,20168244,encoded,,24759,False
B,574,20186125,encoded,,17915,False
A,574,20201589,encoded,,11040,False
B,575,20219459,encoded,,17182,False
A,575,20234899,encoded,,11534,False
B,576,20252796,encoded,,18659,False
A,576,20268236,encoded,,19985,False
B,577,20286143,encoded,,14937,False
A,577,20301575,encoded,,18140,False
B,578,20319468,encoded,,10926,False
A,578,20334902,encoded,,20258,False
B,579,20352790,encoded,,15334,False
A,579,20368241,encoded,,9870,False
B,580,20386121,encoded,,11076,False
A,580,20401574,encoded,,9008,False
B,581,20419451,encoded,,14545,False
A,581,20434905,encoded,,7605,False
B,582,20452788,encoded,,9524,False
A,582,20468248,encoded,,19371,False
B,583,20486119,encoded,,14517,False
A,583,20501574,encoded,,20952,False
B,584,20519459,encoded,,15584,False
A,584,20534913,encoded,,13592,False
B,585,20552795,encoded,,11035,False
A,585,20568255,encoded,,11465,False
B,586,20586133,encoded,,10691,False
A,586,20601594,encoded,,10477,False
B,587,20619463,encoded,,10254,False
A,587,20634917,encoded,,9934,False
B,588,20652801,encoded,,9788,False
A,588,20668258,encoded,,9531,False
B,589,20686141,encoded,,9479,False
A,589,20701592,encoded,,9255,False
B,590,20719476,encoded,,8790,False
A,590,20734923,encoded,,8682,False
B,591,20752811,encoded,,8685,False
A,591,20768255,encoded,,8421,False
B,592,20786142,encoded,,8646,False
A,592,20834917,encoded,,8154,False
B,593,20852794,encoded,,10074,False
A,593,20868248,encoded,,7795,False
B,594,20886129,encoded,,7905,False
A,594,20901580,encoded,,7641,False
B,595,20919475,encoded,,20042,False
A,595,20934920,encoded,,7419,False
B,596,20952801,encoded,,22021,False
A,596,20968252,encoded,,11762,False
B,597,20986146,encoded,,14670,False
A,597,21001693,encoded,,16666,False
B,598,21019468,encoded,,13380,False
A,598,21034917,encoded,,24793,False
B,599,21052810,encoded,,12216,False
A,599,21068266,encoded,,8541,False
B,600,21086150,encoded,,11147,False
B,601,21119475,encoded,,113356,True
A,600,21101610,encoded,,16666,False
B,602,21152809,encoded,,17871,False
A,601,21134929,encoded,,125056,True
B,603,21186143,encoded,,9339,False
A,602,21168284,encoded,,21189,False
B,604,21219470,encoded,,18704,False
A,603,21201606,encoded,,8975,False
B,605,21252807,encoded,,22776,False
A,604,21234935,encoded,,18874,False
B,606,21286140,encoded,,13457,False
A,605,21268263,encoded,,17706,False
B,607,21319478,encoded,,16984,False
A,606,21301604,encoded,,23744,False
A,607,21334930,encoded,,20144,False
B,608,21352812,encoded,,20286,False
B,609,21386151,encoded,,16804,False
A,608,21368267,encoded,,11689,False
A,609,21401628,encoded,,9073,False
B,610,21419487,encoded,,17580,False
A,610,21434937,encoded,,8306,False
B,611,21452820,encoded,,11967,False
A,611,21468280,encoded,,19837,False
B,612,21486161,encoded,,11180,False
A,612,21501617,encoded,,4981,False
B,613,21519480,encoded,,9600,False
A,613,21534978,encoded,,22878,False
B,614,21552827,encoded,,8645,False
A,614,21568274,encoded,,13545,False
B,615,21586153,encoded,,8848,False
A,615,21601614,encoded,,11404,False
B,616,21619484,encoded,,8695,False
A,616,21634933,encoded,,10298,False
B,617,21652830,encoded,,8281,False
A,617,21668267,encoded,,9789,False
B,618,21686165,encoded,,8795,False
A,618,21701622,encoded,,9306,False
B,619,21719485,encoded,,8963,False
A,619,21734947,encoded,,9180,False
B,620,21752840,encoded,,8137,False
A,620,21768277,encoded,,8827,False
B,621,21786173,encoded,,8041,False
A,621,21834939,encoded,,8566,False
B,622,21819502,encoded,,7823,False
A,622,21868271,encoded,,8115,False
B,623,21852824,encoded,,7167,False
A,623,21901610,encoded,,7747,False
B,624,21886165,encoded,,19351,False
A,624,21934948,encoded,,7593,False
B,625,21919492,encoded,,20172,False
A,625,21968281,encoded,,7334,False
B,626,21952840,encoded,,13314,False
A,626,22001610,encoded,,9178,False
B,627,22019493,encoded,,13212,False
A,627,22034942,encoded,,16666,False
B,628,22052827,encoded,,10465,False
A,628,22068282,encoded,,29145,False
B,629,22086163,encoded,,9704,False
A,629,22101625,encoded,,4582,False
B,630,22119503,encoded,,9151,False
A,630,22134964,encoded,,16273,False
B,631,22152834,encoded,,124103,True
A,631,22168294,encoded,,125116,True
B,632,22186172,encoded,,12843,False
A,632,22201616,encoded,,20262,False
B,633,22219495,encoded,,10736,False
A,633,22234955,encoded,,10673,False
B,634,22252830,encoded,,15416,False
A,634,22268299,encoded,,16945,False
B,635,22286170,encoded,,17449,False
A,635,22301633,encoded,,17497,False
B,636,22319508,encoded,,17237,False
A,636,22334966,encoded,,22338,False
B,637,22352851,encoded,,25271,False
A,637,22368285,encoded,,20671,False
B,638,22386174,encoded,,18971,False
A,638,22401645,encoded,,11517,False
B,639,22419501,encoded,,11309,False
A,639,22434958,encoded,,9050,False
B,640,22452848,encoded,,10000,False
A,640,22468285,encoded,,8811,False
B,641,22486171,encoded,,9119,False
A,641,22501625,encoded,,7113,False
B,642,22519510,encoded,,7990,False
A,642,22534966,encoded,,19415,False
B,643,22552842,encoded,,8000,False
A,643,22568287,encoded,,22255,False
B,644,22586179,encoded,,7315,False
A,644,22601650,encoded,,2887,False
B,645,22619506,encoded,,7382,False
A,645,22634982,encoded,,17172,False
B,646,22652845,encoded,,6736,False
A,646,22668313,encoded,,11516,False
B,647,22686175,encoded,,19488,False
A,647,22701644,encoded,,11527,False
B,648,22719508,encoded,,20775,False
A,648,22734968,encoded,,10353,False
B,649,22752844,encoded,,12869,False
A,649,22768292,encoded,,9480,False
B,650,22786182,encoded,,10896,False
A,650,22801644,encoded,,9083,False
B,651,22819509,encoded,,9815,False
A,651,22834970,encoded,,9070,False
B,652,22852863,encoded,,9142,False
A,652,22868299,encoded,,8664,False
B,653,22886200,encoded,,8694,False
A,653,22901628,encoded,,8059,False
B,654,22919533,encoded,,8963,False
A,654,22968305,encoded,,7670,False
B,655,22952861,encoded,,8527,False
A,655,23001650,encoded,,8133,False
A,656,23034963,encoded,,8057,False
B,656,22986181,encoded,,10475,False
B,657,23052852,encoded,,16666,False
A,657,23068298,encoded,,16666,False
B,658,23086192,encoded,,18465,False
A,658,23101633,encoded,,37642,False
B,659,23119522,encoded,,14869,False
A,659,23134971,encoded,,4119,False
B,660,23152850,encoded,,16666,False
A,660,23168313,encoded,,8239,False
B,661,23186186,encoded,,124259,True
A,661,23201635,encoded,,124925,True
B,662,23219525,encoded,,19559,False
A,662,23234971,encoded,,17788,False
B,663,23252863,encoded,,12811,False
A,663,23268312,encoded,,6585,False
B,664,23286202,encoded,,20202,False
A,664,23301655,encoded,,22390,False
B,665,23319521,encoded,,17175,False
A,665,23334981,encoded,,18224,False
B,666,23352871,encoded,,15584,False
A,666,23368309,encoded,,23644,False
B,667,23386200,encoded,,10389,False
A,667,23401642,encoded,,21640,False
B,668,23419537,encoded,,22344,False
A,668,23435010,encoded,,11589,False
B,669,23452872,encoded,,12671,False
A,669,23468325,encoded,,9397,False
B,670,23486210,encoded,,10275,False
A,670,23501658,encoded,,8281,False
B,671,23519542,encoded,,9447,False
A,671,23534978,encoded,,20829,False
B,672,23552869,encoded,,8615,False
A,672,23568315,encoded,,21598,False
B,673,23586200,encoded,,8258,False
A,673,23601645,encoded,,2706,False
B,674,23619537,encoded,,8149,False
A,674,23634981,encoded,,16938,False
B,675,23652869,encoded,,7639,False
A,675,23668318,encoded,,11820,False
B,676,23686196,encoded,,7322,False
A,676,23701652,encoded,,10660,False
B,677,23719529,encoded,,6555,False
A,677,23734991,encoded,,9868,False
B,678,23752865,encoded,,19390,False
A,678,23768317,encoded,,9012,False
B,679,23786203,encoded,,19792,False
A,679,23801656,encoded,,8800,False
B,680,23819538,encoded,,13352,False
A,680,23834991,encoded,,8414,False
B,681,23852876,encoded,,11793,False
A,681,23868344,encoded,,8165,False
B,682,23886222,encoded,,10529,False
A,682,23901679,encoded,,7697,False
B,683,23919538,encoded,,10112,False
A,683,23934993,encoded,,7283,False
B,684,23952892,encoded,,8894,False
A,684,23968329,encoded,,7667,False
B,685,23986219,encoded,,8576,False
A,685,24001671,encoded,,8388,False
B,686,24019558,encoded,,9642,False
A,686,24034987,encoded,,9026,False
B,687,24052890,encoded,,16666,False
A,687,24101657,encoded,,16666,False
B,688,24119556,encoded,,18068,False
A,688,24135007,encoded,,30363,False
B,689,24152876,encoded,,15266,False
A,689,24168330,encoded,,4405,False
B,690,24186216,encoded,,16666,False
A,690,24201658,encoded,,15232,False
B,691,24219545,encoded,,123560,True
A,691,24234998,encoded,,124883,True
B,692,24252879,encoded,,15760,False
A,692,24268329,encoded,,23668,False
B,693,24286213,encoded,,14795,False
A,693,24301662,encoded,,9249,False
B,694,24319552,encoded,,20731,False
A,694,24335012,encoded,,14564,False
B,695,24352883,encoded,,16391,False
A,695,24368350,encoded,,21200,False
A,696,24401665,encoded,,21675,False
B,696,24386220,encoded,,15620,False
A,697,24435013,encoded,,18987,False
B,697,24419551,encoded,,17685,False
A,698,24468332,encoded,,11388,False
B,698,24452882,encoded,,17147,False
A,699,24501669,encoded,,8591,False
B,699,24486233,encoded,,11272,False
A,700,24535005,encoded,,8141,False
B,700,24519551,encoded,,9577,False
B,701,24552890,encoded,,8928,False
A,701,24568341,encoded,,19533,False
B,702,24586236,encoded,,8195,False
A,702,24601673,encoded,,21068,False
B,703,24619570,encoded,,7888,False
A,703,24635004,encoded,,13630,False
B,704,24652908,encoded,,7360,False
A,704,24668344,encoded,,11755,False
B,705,24686241,encoded,,19406,False
A,705,24701674,encoded,,10854,False
B,706,24719561,encoded,,22040,False
A,706,24735012,encoded,,9852,False
A,707,24768340,encoded,,9658,False
B,707,24752902,encoded,,12169,False
B,708,24786227,encoded,,10868,False
A,708,24801679,encoded,,9216,False
B,709,24819560,encoded,,9314,False
A,709,24835009,encoded,,8653,False
B,710,24852897,encoded,,8959,False
A,710,24868345,encoded,,8457,False
B,711,24886248,encoded,,8760,False
A,711,24901684,encoded,,8020,False
B,712,24919564,encoded,,8458,False
A,712,24935017,encoded,,8106,False
B,713,24952896,encoded,,7604,False
A,713,24968343,encoded,,7893,False
B,714,24986236,encoded,,7572,False
A,714,25001685,encoded,,7738,False
B,715,25019583,encoded,,7853,False
A,715,25035012,encoded,,8119,False
B,716,25052920,encoded,,15422,False
A,716,25068345,encoded,,8436,False
B,717,25086239,encoded,,29326,False
A,717,25101680,encoded,,16666,False
B,718,25119584,encoded,,4007,False
A,718,25135014,encoded,,37666,False
B,719,25152917,encoded,,16667,False
A,719,25168360,encoded,,3894,False
B,720,25219570,encoded,,16666,False
A,720,25235021,encoded,,8440,False
B,721,25252908,encoded,,123273,True
A,721,25268349,encoded,,124998,True
B,722,25286238,encoded,,19341,False
B,723,25319571,encoded,,12003,False
A,722,25301686,encoded,,17771,False
B,724,25352902,encoded,,11491,False
A,723,25335022,encoded,,6797,False
B,725,25386237,encoded,,13664,False
A,724,25368351,encoded,,23067,False
B,726,25419582,encoded,,22242,False
A,725,25401686,encoded,,28559,False
B,727,25452918,encoded,,17927,False
A,726,25435024,encoded,,16892,False
B,728,25486250,encoded,,15995,False
A,727,25468355,encoded,,20138,False
B,729,25519592,encoded,,9836,False
A,728,25501696,encoded,,10818,False
B,730,25552917,encoded,,8448,False
A,729,25535032,encoded,,9098,False
B,731,25586241,encoded,,7717,False
A,730,25568361,encoded,,8108,False
B,732,25619581,encoded,,20051,False
A,731,25601691,encoded,,20437,False
B,733,25652912,encoded,,12692,False
A,732,25635033,encoded,,5348,False
B,734,25686249,encoded,,19580,False
A,733,25668369,encoded,,23106,False
B,735,25719581,encoded,,12248,False
A,734,25701698,encoded,,13591,False
B,736,25752918,encoded,,10116,False
A,735,25735031,encoded,,11149,False
B,737,25786253,encoded,,9588,False
A,736,25768364,encoded,,10847,False
B,738,25819590,encoded,,8992,False
A,737,25801701,encoded,,9602,False
B,739,25852917,encoded,,8904,False
A,738,25835037,encoded,,8937,False
B,740,25886263,encoded,,8052,False
A,739,25868366,encoded,,8633,False
A,740,25901708,encoded,,8677,False
B,741,25919600,encoded,,7556,False
A,741,25935057,encoded,,8523,False
B,742,25952921,encoded,,7203,False
A,742,25968383,encoded,,8247,False
B,743,25986268,encoded,,7101,False
A,743,26001714,encoded,,7780,False
B,744,26019586,encoded,,7197,False
A,744,26035034,encoded,,7696,False
B,745,26052920,encoded,,15450,False
A,745,26068370,encoded,,7735,False
B,746,26086261,encoded,,26850,False
A,746,26101723,encoded,,7492,False
B,747,26119615,encoded,,7927,False
A,747,26135064,encoded,,15954,False
B,748,26152935,encoded,,15223,False
A,748,26201707,encoded,,37365,False
B,749,26186276,encoded,,16667,False
A,749,26235043,encoded,,3882,False
B,750,26219606,encoded,,16666,False
A,750,26268376,encoded,,8753,False
B,751,26252929,encoded,,123341,True
A,751,26301708,encoded,,125218,True
B,752,26319592,encoded,,22106,False
A,752,26335046,encoded,,17836,False
B,753,26352931,encoded,,9597,False
A,753,26368380,encoded,,6877,False
B,754,26386262,encoded,,16192,False
A,754,26401719,encoded,,23699,False
B,755,26419609,encoded,,8953,False
A,755,26435045,encoded,,17830,False
B,756,26452930,encoded,,13877,False
A,756,26468385,encoded,,24149,False
B,757,26486270,encoded,,14643,False
A,757,26501732,encoded,,20689,False
B,758,26519600,encoded,,22789,False
A,758,26535059,encoded,,11560,False
B,759,26552938,encoded,,18494,False
A,759,26568388,encoded,,9636,False
B,760,26586280,encoded,,13371,False
A,760,26601738,encoded,,8284,False
B,761,26619608,encoded,,14630,False
A,761,26635071,encoded,,19845,False
B,762,26652952,encoded,,11672,False
A,762,26668408,encoded,,21744,False
B,763,26686286,encoded,,18078,False
A,763,26701729,encoded,,2903,False
B,764,26719622,encoded,,10703,False
A,764,26735071,encoded,,16996,False
B,765,26752978,encoded,,10211,False
A,765,26768393,encoded,,11788,False
B,766,26786283,encoded,,10105,False
A,766,26801722,encoded,,11016,False
B,767,26819629,encoded,,8544,False
A,767,26835057,encoded,,9866,False
B,768,26852938,encoded,,8561,False
A,768,26868392,encoded,,9350,False
B,769,26886277,encoded,,8330,False
A,769,26901733,encoded,,9193,False
B,770,26919607,encoded,,8062,False
A,770,26935062,encoded,,8578,False
B,771,26952946,encoded,,7672,False
A,771,26968393,encoded,,9203,False
B,772,26986276,encoded,,6742,False
A,772,27001725,encoded,,9276,False
B,773,27019611,encoded,,6411,False
A,773,27035064,encoded,,8463,False
B,774,27052962,encoded,,6916,False
A,774,27068399,encoded,,7789,False
B,775,27086285,encoded,,16667,False
A,775,27101745,encoded,,7918,False
B,776,27119659,encoded,,23633,False
A,776,27135076,encoded,,7711,False
B,777,27152959,encoded,,9700,False
A,777,27168404,encoded,,12583,False
B,778,27186298,encoded,,16667,False
A,778,27201751,encoded,,16667,False
B,779,27219633,encoded,,16667,False
A,779,27235083,encoded,,17642,False
B,780,27252956,encoded,,16666,False
A,780,27268414,encoded,,15691,False
B,781,27286294,encoded,,123334,True
A,781,27301732,encoded,,125052,True
B,782,27319626,encoded,,19038,False
A,782,27335079,encoded,,19936,False
A,783,27401737,encoded,,8737,False
B,783,27352957,encoded,,11308,False
B,784,27386287,encoded,,16336,False
A,784,27435073,encoded,,18686,False
B,785,27452962,encoded,,15866,False
A,785,27468411,encoded,,18060,False
B,786,27486332,encoded,,16628,False
A,786,27501736,encoded,,23628,False
B,787,27519625,encoded,,16676,False
A,787,27535070,encoded,,21544,False
B,788,27552964,encoded,,23981,False
A,788,27568408,encoded,,11352,False
B,789,27586310,encoded,,18279,False
A,789,27601739,encoded,,10273,False
B,790,27619627,encoded,,12289,False
A,790,27635089,encoded,,8054,False
B,791,27652980,encoded,,11469,False
A,791,27668426,encoded,,8122,False
B,792,27686296,encoded,,19037,False
A,792,27701771,encoded,,19431,False
B,793,27719627,encoded,,11246,False
A,793,27735078,encoded,,20362,False
B,794,27752971,encoded,,9505,False
A,794,27768451,encoded,,13333,False
B,795,27786308,encoded,,8518,False
A,795,27801744,encoded,,11911,False
B,796,27819645,encoded,,7509,False
A,796,27835097,encoded,,10213,False
B,797,27852989,encoded,,7192,False
B,798,27886317,encoded,,6222,False
A,797,27868423,encoded,,9853,False
A,798,27901754,encoded,,9895,False
B,799,27919638,encoded,,5875,False
A,799,27935090,encoded,,8890,False
B,800,27952976,encoded,,5525,False
A,800,27968415,encoded,,8545,False
B,801,27986312,encoded,,5035,False
A,801,28001762,encoded,,8795,False
B,802,28019641,encoded,,11491,False
A,802,28035085,encoded,,8007,False
B,803,28052975,encoded,,8989,False
A,803,28068415,encoded,,7818,False
B,804,28086328,encoded,,8652,False
A,804,28101752,encoded,,7947,False
B,805,28119638,encoded,,16667,False
A,805,28135088,encoded,,7712,False
B,806,28152975,encoded,,17283,False
A,806,28168424,encoded,,7291,False
B,807,28186325,encoded,,16050,False
A,807,28201758,encoded,,16553,False
B,808,28219639,encoded,,16667,False
A,808,28235089,encoded,,38474,False
B,809,28252981,encoded,,16667,False
A,809,28268435,encoded,,3796,False
B,810,28286316,encoded,,16666,False
B,811,28319648,encoded,,123366,True
A,810,28301769,encoded,,7730,False
B,812,28352992,encoded,,17719,False
A,811,28335105,encoded,,124941,True
B,813,28386325,encoded,,13576,False
A,812,28368438,encoded,,18090,False
B,814,28419657,encoded,,15517,False
A,813,28401756,encoded,,7150,False
B,815,28452982,encoded,,15266,False
A,814,28435092,encoded,,23756,False
B,816,28486324,encoded,,13227,False
A,815,28468430,encoded,,17833,False
A,816,28501767,encoded,,23944,False
B,817,28519655,encoded,,22917,False
A,817,28535094,encoded,,21176,False
B,818,28552994,encoded,,12684,False
B,819,28586323,encoded,,14053,False
A,818,28568431,encoded,,11375,False
A,819,28601762,encoded,,9286,False
B,820,28619664,encoded,,16002,False
A,820,28635101,encoded,,8622,False
B,821,28652998,encoded,,13753,False
A,821,28668432,encoded,,20741,False
B,822,28686327,encoded,,11202,False
A,822,28701772,encoded,,5196,False
B,823,28719666,encoded,,17074,False
A,823,28735109,encoded,,23056,False
B,824,28753006,encoded,,9006,False
A,824,28768437,encoded,,13476,False
B,825,28786377,encoded,,8169,False
A,825,28835108,encoded,,11467,False
B,826,28819659,encoded,,7159,False
A,826,28868434,encoded,,10674,False
B,827,28886331,encoded,,6899,False
A,827,28901780,encoded,,9556,False
B,828,28919657,encoded,,5896,False
A,828,28935119,encoded,,9244,False
B,829,28952997,encoded,,5364,False
A,829,28968447,encoded,,9203,False
B,830,28986330,encoded,,12528,False
A,830,29001779,encoded,,8315,False
B,831,29019684,encoded,,9142,False
A,831,29035113,encoded,,8183,False
B,832,29053006,encoded,,8800,False
A,832,29068446,encoded,,7962,False
B,833,29086332,encoded,,7393,False
A,833,29101806,encoded,,7619,False
B,834,29119665,encoded,,13288,False
A,834,29135114,encoded,,7579,False
B,835,29153014,encoded,,16667,False
A,835,29168461,encoded,,7325,False
B,836,29186336,encoded,,16667,False
A,836,29201800,encoded,,7565,False
B,837,29219680,encoded,,16666,False
A,837,29235131,encoded,,16666,False
B,838,29253008,encoded,,16667,False
A,838,29268452,encoded,,29883,False
B,839,29286343,encoded,,16667,False
A,839,29301780,encoded,,5107,False
B,840,29319666,encoded,,16666,False
A,840,29335113,encoded,,15010,False
B,841,29353006,encoded,,123468,True
A,841,29368451,encoded,,124974,True
B,842,29386335,encoded,,13670,False
A,842,29401780,encoded,,20435,False
B,843,29419669,encoded,,14903,False
A,843,29435128,encoded,,10488,False
B,844,29453008,encoded,,16751,False
A,844,29468467,encoded,,26287,False
B,845,29486341,encoded,,16060,False
A,845,29501797,encoded,,14584,False
B,846,29519671,encoded,,11399,False
A,846,29535122,encoded,,19215,False
B,847,29553004,encoded,,23839,False
A,847,29568457,encoded,,19817,False
B,848,29586343,encoded,,12111,False
A,848,29601788,encoded,,11069,False
B,849,29619677,encoded,,12104,False
A,849,29635127,encoded,,9088,False
B,850,29653006,encoded,,10647,False
A,850,29668460,encoded,,8200,False
B,851,29686354,encoded,,16544,False
A,851,29701794,encoded,,20079,False
B,852,29719687,encoded,,21507,False
A,852,29735142,encoded,,14547,False
B,853,29753042,encoded,,9048,False
A,853,29801795,encoded,,18020,False
B,854,29786353,encoded,,7985,False
A,854,29835134,encoded,,12145,False
B,855,29819719,encoded,,7481,False
A,855,29868460,encoded,,10944,False
B,856,29853038,encoded,,7076,False
A,856,29901795,encoded,,10311,False
B,857,29919690,encoded,,6921,False
A,857,29935136,encoded,,9361,False
B,858,29953016,encoded,,5797,False
A,858,29968466,encoded,,9470,False
B,859,29986354,encoded,,5313,False
A,859,30001799,encoded,,8766,False
B,860,30019686,encoded,,11923,False
A,860,30035137,encoded,,8279,False
B,861,30053023,encoded,,8672,False
A,861,30068466,encoded,,7864,False
B,862,30086353,encoded,,8117,False
A,862,30101801,encoded,,7852,False
B,863,30119690,encoded,,11998,False
A,863,30135134,encoded,,7718,False
B,864,30153036,encoded,,16666,False
A,864,30168488,encoded,,7843,False
B,865,30186364,encoded,,18256,False
A,865,30201830,encoded,,7502,False
B,866,30219700,encoded,,15078,False
A,866,30235149,encoded,,8476,False
B,867,30253042,encoded,,16666,False
A,867,30268488,encoded,,16666,False
B,868,30286361,encoded,,16667,False
A,868,30301822,encoded,,24819,False
B,869,30319694,encoded,,16667,False
A,869,30335156,encoded,,8515,False
B,870,30353033,encoded,,16666,False
A,870,30368495,encoded,,16666,False
B,871,30386371,encoded,,123231,True
A,871,30401826,encoded,,125178,True
B,872,30419700,encoded,,14349,False
A,872,30435143,encoded,,10306,False
B,873,30453030,encoded,,13807,False
A,873,30468476,encoded,,21403,False
B,874,30486364,encoded,,18574,False
A,874,30501807,encoded,,13347,False
B,875,30519695,encoded,,14767,False
A,875,30535140,encoded,,12736,False
B,876,30553030,encoded,,13190,False
A,876,30568474,encoded,,19989,False
B,877,30586368,encoded,,21531,False
A,877,30601811,encoded,,18722,False
B,878,30619696,encoded,,11704,False
B,879,30653047,encoded,,10851,False
A,878,30635148,encoded,,20417,False
B,880,30686365,encoded,,12635,False
A,879,30668476,encoded,,10573,False
A,880,30701811,encoded,,9190,False
B,881,30719726,encoded,,11700,False
A,881,30735152,encoded,,20836,False
B,882,30753034,encoded,,18066,False
A,882,30768509,encoded,,21897,False
B,883,30786370,encoded,,19032,False
A,883,30801813,encoded,,3167,False
B,884,30819710,encoded,,10189,False
A,884,30835146,encoded,,16616,False
B,885,30853038,encoded,,8580,False
A,885,30868486,encoded,,11945,False
B,886,30886381,encoded,,8513,False
A,886,30901817,encoded,,10746,False
B,887,30919712,encoded,,7699,False
A,887,30935154,encoded,,9900,False
B,888,30953047,encoded,,7288,False
A,888,30968486,encoded,,9444,False
B,889,30986384,encoded,,7186,False
A,889,31001825,encoded,,9125,False
B,890,31019729,encoded,,13540,False
A,890,31068487,encoded,,8666,False
B,891,31086385,encoded,,10174,False
A,891,31101822,encoded,,8425,False
B,892,31119709,encoded,,8805,False
A,892,31135161,encoded,,7960,False
B,893,31153050,encoded,,8962,False
A,893,31168487,encoded,,7750,False
B,894,31186377,encoded,,8400,False
A,894,31201823,encoded,,7839,False
B,895,31219718,encoded,,13894,False
A,895,31235174,encoded,,7625,False
B,896,31253076,encoded,,16667,False
A,896,31268492,encoded,,9532,False
B,897,31286384,encoded,,16666,False
A,897,31301831,encoded,,16666,False
B,898,31319733,encoded,,16667,False
A,898,31335163,encoded,,24543,False
B,899,31353069,encoded,,16667,False
A,899,31368495,encoded,,8791,False
B,900,31386381,encoded,,16666,False
A,900,31401849,encoded,,16666,False
B,901,31419748,encoded,,123482,True
A,901,31435163,encoded,,124945,True
B,902,31453069,encoded,,16062,False
A,902,31468502,encoded,,18230,False
B,903,31486407,encoded,,11986,False
A,903,31501835,encoded,,12936,False
B,904,31519744,encoded,,13808,False
A,904,31535171,encoded,,17554,False
B,905,31553052,encoded,,16044,False
A,905,31568501,encoded,,17452,False
B,906,31586389,encoded,,11112,False
A,906,31601840,encoded,,22649,False
B,907,31619720,encoded,,22727,False
A,907,31635168,encoded,,19858,False
B,908,31653056,encoded,,12310,False
A,908,31668501,encoded,,11342,False
B,909,31686390,encoded,,12184,False
A,909,31701837,encoded,,9011,False
B,910,31719729,encoded,,17588,False
A,910,31735168,encoded,,22392,False
B,911,31753057,encoded,,15865,False
A,911,31768503,encoded,,4763,False
B,912,31786399,encoded,,15508,False
A,912,31801838,encoded,,16411,False
B,913,31819724,encoded,,18879,False
A,913,31835180,encoded,,17447,False
B,914,31853068,encoded,,9821,False
A,914,31868511,encoded,,12435,False
B,915,31886407,encoded,,8525,False
A,915,31901841,encoded,,11200,False
B,916,31919754,encoded,,7638,False
A,916,31935177,encoded,,10503,False
B,917,31953088,encoded,,7253,False
A,917,31968530,encoded,,9520,False
B,918,31986411,encoded,,6769,False
A,918,32035195,encoded,,8891,False
B,919,32019752,encoded,,13571,False
A,919,32068518,encoded,,8839,False
B,920,32053072,encoded,,9505,False
A,920,32101846,encoded,,8087,False
B,921,32086406,encoded,,8052,False
A,921,32135183,encoded,,8354,False
B,922,32153068,encoded,,8161,False
A,922,32168513,encoded,,7825,False
B,923,32186405,encoded,,7430,False
A,923,32201849,encoded,,7828,False
B,924,32219736,encoded,,8694,False
A,924,32235179,encoded,,7477,False
B,925,32253071,encoded,,13693,False
A,925,32268523,encoded,,7982,False
B,926,32286405,encoded,,16667,False
A,926,32301851,encoded,,9403,False
B,927,32319738,encoded,,16666,False
A,927,32335199,encoded,,16666,False
B,928,32353074,encoded,,16667,False
A,928,32368522,encoded,,37215,False
B,929,32386412,encoded,,16667,False
A,929,32401882,encoded,,3947,False
B,930,32419765,encoded,,16666,False
A,930,32435186,encoded,,8838,False
B,931,32453082,encoded,,122530,True
A,931,32468546,encoded,,124931,True
B,932,32486416,encoded,,20317,False
A,932,32501857,encoded,,17955,False
B,933,32519762,encoded,,13751,False
A,933,32535210,encoded,,6898,False
B,934,32553076,encoded,,14142,False
B,935,32586425,encoded,,10701,False
A,934,32568542,encoded,,23311,False
B,936,32619745,encoded,,16257,False
A,935,32601860,encoded,,17793,False
B,937,32653082,encoded,,12182,False
A,936,32635214,encoded,,23353,False
B,938,32686418,encoded,,11090,False
A,937,32668528,encoded,,20843,False
B,939,32719753,encoded,,10626,False
A,938,32701878,encoded,,11468,False
B,940,32753091,encoded,,24852,False
A,939,32735192,encoded,,9317,False
B,941,32786415,encoded,,15973,False
A,940,32768525,encoded,,8467,False
B,942,32819753,encoded,,16377,False
A,941,32835198,encoded,,20862,False
B,943,32853094,encoded,,16048,False
A,942,32868539,encoded,,21333,False
B,944,32886431,encoded,,11421,False
A,943,32901865,encoded,,13744,False
B,945,32919774,encoded,,10619,False
A,944,32935202,encoded,,11994,False
B,946,32953102,encoded,,18131,False
A,945,32968534,encoded,,11158,False
B,947,32986420,encoded,,13369,False
A,946,33001870,encoded,,9615,False
B,948,33019761,encoded,,12876,False
A,947,33035223,encoded,,9443,False
A,948,33068533,encoded,,9292,False
B,949,33053088,encoded,,19964,False
A,949,33101868,encoded,,8946,False
B,950,33086431,encoded,,13794,False
A,950,33135206,encoded,,8667,False
B,951,33119780,encoded,,12675,False
B,952,33153108,encoded,,12032,False
A,951,33168539,encoded,,8375,False
A,952,33201877,encoded,,7795,False
B,953,33186432,encoded,,11365,False
B,954,33219778,encoded,,11190,False
A,953,33235206,encoded,,7310,False
B,955,33253108,encoded,,11443,False
B,956,33286434,encoded,,11317,False
A,954,33268553,encoded,,7762,False
A,955,33301879,encoded,,7692,False
B,957,33319764,encoded,,11699,False
A,956,33335210,encoded,,7285,False
B,958,33353098,encoded,,12019,False
A,957,33368546,encoded,,14391,False
B,959,33386467,encoded,,12254,False
A,958,33401879,encoded,,18950,False
B,960,33419770,encoded,,12704,False
A,959,33435209,encoded,,14384,False
B,961,33453111,encoded,,112906,True
A,960,33468558,encoded,,16666,False
B,962,33486431,encoded,,18292,False
A,961,33501888,encoded,,125239,True
B,963,33519767,encoded,,10625,False
A,962,33535211,encoded,,18959,False
B,964,33553112,encoded,,16267,False
A,963,33568556,encoded,,10423,False
B,965,33586446,encoded,,18294,False
A,964,33601890,encoded,,19609,False
B,966,33619786,encoded,,13282,False
A,965,33635214,encoded,,17781,False
B,967,33653116,encoded,,16943,False
A,966,33668553,encoded,,22798,False
B,968,33686451,encoded,,16931,False
A,967,33701883,encoded,,20800,False
B,969,33719778,encoded,,14067,False
A,968,33768551,encoded,,11363,False
B,970,33753128,encoded,,13052,False
A,969,33801885,encoded,,9394,False
B,971,33819780,encoded,,17990,False
A,970,33835223,encoded,,8110,False
B,972,33853110,encoded,,12538,False
A,971,33868558,encoded,,20497,False
B,973,33886442,encoded,,11678,False
A,972,33901890,encoded,,4647,False
B,974,33919782,encoded,,11038,False
A,973,33935237,encoded,,23019,False
B,975,33953115,encoded,,14516,False
A,974,33968567,encoded,,13351,False
B,976,33986455,encoded,,16171,False
A,975,34001907,encoded,,3468,False
B,977,34019785,encoded,,11405,False
A,976,34035246,encoded,,15228,False
B,978,34053127,encoded,,10968,False
A,977,34068566,encoded,,10867,False
B,979,34086466,encoded,,10453,False
A,978,34101907,encoded,,9851,False
B,980,34119800,encoded,,10102,False
A,979,34135226,encoded,,10156,False
B,981,34153121,encoded,,10504,False
A,980,34168558,encoded,,8754,False
B,982,34186453,encoded,,10025,False
A,981,34201895,encoded,,8733,False
B,983,34219784,encoded,,19850,False
A,982,34235227,encoded,,8347,False
B,984,34253124,encoded,,8346,False
A,983,34268561,encoded,,8117,False
B,985,34286453,encoded,,15082,False
A,984,34301907,encoded,,7809,False
B,986,34319787,encoded,,13948,False
A,985,34335233,encoded,,8396,False
B,987,34353127,encoded,,18743,False
A,986,34368571,encoded,,7618,False
B,988,34386454,encoded,,13629,False
A,987,34401902,encoded,,16666,False
B,989,34419792,encoded,,12306,False
A,988,34435244,encoded,,29773,False
B,990,34453135,encoded,,11595,False
A,989,34468586,encoded,,4608,False
B,991,34486462,encoded,,111946,True
A,990,34501928,encoded,,15619,False
B,992,34519790,encoded,,17659,False
A,991,34535252,encoded,,125118,True
B,993,34553153,encoded,,9042,False
A,992,34568576,encoded,,23522,False
B,994,34586472,encoded,,15629,False
A,993,34601905,encoded,,9346,False
B,995,34619807,encoded,,17645,False
A,994,34635249,encoded,,16506,False
B,996,34686471,encoded,,12867,False
A,995,34701911,encoded,,17285,False
B,997,34719819,encoded,,12352,False
A,996,34735239,encoded,,21571,False
B,998,34753131,encoded,,10981,False
A,997,34768573,encoded,,20656,False
B,999,34786464,encoded,,15880,False
A,998,34801907,encoded,,11091,False
B,1000,34819806,encoded,,16075,False
A,999,34835247,encoded,,9837,False
B,1001,34853136,encoded,,12588,False
A,1000,34868576,encoded,,8277,False
B,1002,34886470,encoded,,12153,False
A,1001,34901912,encoded,,19772,False
B,1003,34919820,encoded,,16811,False
A,1002,34935255,encoded,,21426,False
B,1004,34953139,encoded,,11717,False
A,1003,34968596,encoded,,13848,False
B,1005,34986489,encoded,,15482,False
A,1004,35001934,encoded,,11532,False
B,1006,35019829,encoded,,15123,False
A,1005,35035257,encoded,,10429,False
B,1007,35053159,encoded,,10747,False
B,1008,35086497,encoded,,9868,False
A,1006,35068588,encoded,,9594,False
A,1007,35101927,encoded,,9413,False
B,1009,35119808,encoded,,9439,False
B,1010,35153143,encoded,,8831,False
A,1008,35135256,encoded,,8957,False
B,1011,35186480,encoded,,9589,False
A,1009,35168588,encoded,,9150,False
A,1010,35201919,encoded,,8423,False
B,1012,35219814,encoded,,9930,False
A,1011,35235249,encoded,,10541,False
B,1013,35253142,encoded,,9751,False
A,1012,35268594,encoded,,8711,False
B,1014,35286477,encoded,,9536,False
B,1015,35319821,encoded,,10071,False
A,1013,35301932,encoded,,8261,False
B,1016,35353154,encoded,,9499,False
A,1014,35335272,encoded,,8258,False
A,1015,35368613,encoded,,7578,False
B,1017,35386479,encoded,,9298,False
A,1016,35401938,encoded,,7414,False
B,1018,35419813,encoded,,9295,False
A,1017,35435258,encoded,,13484,False
B,1019,35453146,encoded,,28777,False
A,1018,35468589,encoded,,16667,False
B,1020,35486481,encoded,,16731,False
A,1019,35501929,encoded,,16667,False
B,1021,35519818,encoded,,112664,True
A,1020,35535261,encoded,,16666,False
B,1022,35553156,encoded,,17206,False
A,1021,35568593,encoded,,125058,True
B,1023,35586491,encoded,,9735,False
A,1022,35601926,encoded,,15177,False
B,1024,35619822,encoded,,16301,False
A,1023,35635266,encoded,,12867,False
B,1025,35653153,encoded,,16876,False
A,1024,35668597,encoded,,19645,False
B,1026,35686494,encoded,,13801,False
A,1025,35701936,encoded,,18188,False
B,1027,35719818,encoded,,15627,False
A,1026,35735266,encoded,,24136,False
B,1028,35753159,encoded,,13610,False
A,1027,35768616,encoded,,19722,False
B,1029,35786490,encoded,,17516,False
A,1028,35801958,encoded,,11251,False
B,1030,35853175,encoded,,15725,False
A,1029,35868607,encoded,,9076,False
B,1031,35886498,encoded,,12800,False
A,1030,35901939,encoded,,8262,False
B,1032,35919846,encoded,,7573,False
A,1031,35935272,encoded,,7793,False
B,1033,35953165,encoded,,6922,False
A,1032,35968606,encoded,,21934,False
B,1034,35986502,encoded,,20993,False
A,1033,36001946,encoded,,4336,False
B,1035,36019840,encoded,,4818,False
A,1034,36035288,encoded,,20804,False
B,1036,36053178,encoded,,23491,False
A,1035,36068605,encoded,,12714,False
B,1037,36086498,encoded,,3024,False
A,1036,36101937,encoded,,11553,False
B,1038,36119835,encoded,,15452,False
A,1037,36135284,encoded,,10274,False
B,1039,36153179,encoded,,10399,False
A,1038,36168624,encoded,,9719,False
B,1040,36186514,encoded,,8955,False
A,1039,36201942,encoded,,8849,False
B,1041,36219840,encoded,,8071,False
A,1040,36235284,encoded,,8642,False
B,1042,36253202,encoded,,7841,False
A,1041,36268619,encoded,,8781,False
B,1043,36286509,encoded,,7751,False
A,1042,36301951,encoded,,7887,False
B,1044,36319857,encoded,,7150,False
A,1043,36335280,encoded,,7925,False
B,1045,36353180,encoded,,6473,False
A,1044,36368621,encoded,,7601,False
B,1046,36386514,encoded,,11984,False
A,1045,36401950,encoded,,7695,False
B,1047,36419841,encoded,,16666,False
A,1046,36435280,encoded,,13445,False
B,1048,36453176,encoded,,16667,False
A,1047,36468625,encoded,,16666,False
B,1049,36486504,encoded,,16667,False
A,1048,36501949,encoded,,18447,False
B,1050,36519840,encoded,,16666,False
A,1049,36535284,encoded,,14887,False
B,1051,36553175,encoded,,123719,True
A,1050,36568626,encoded,,16666,False
B,1052,36586516,encoded,,19914,False
A,1051,36601965,encoded,,125091,True
B,1053,36619863,encoded,,11441,False
A,1052,36635297,encoded,,8460,False
B,1054,36653199,encoded,,16242,False
A,1053,36668637,encoded,,21960,False
B,1055,36686533,encoded,,11948,False
A,1054,36701976,encoded,,17396,False
B,1056,36719848,encoded,,13325,False
A,1055,36735291,encoded,,18714,False
B,1057,36753202,encoded,,12895,False
A,1056,36768640,encoded,,24437,False
B,1058,36786530,encoded,,10254,False
A,1057,36801958,encoded,,19606,False
B,1059,36819856,encoded,,22172,False
A,1058,36868630,encoded,,11216,False
B,1060,36853196,encoded,,21902,False
A,1059,36901981,encoded,,8991,False
B,1061,36919852,encoded,,5365,False
A,1060,36935291,encoded,,8281,False
B,1062,36953188,encoded,,23721,False
A,1061,36968626,encoded,,21020,False
B,1063,36986521,encoded,,11906,False
A,1062,37001961,encoded,,20741,False
B,1064,37019854,encoded,,10411,False
A,1063,37035300,encoded,,3005,False
B,1065,37053195,encoded,,9193,False
A,1064,37068628,encoded,,18294,False
B,1066,37086520,encoded,,8054,False
A,1065,37101992,encoded,,11686,False
B,1067,37119854,encoded,,7077,False
A,1066,37135316,encoded,,10419,False
B,1068,37153187,encoded,,7035,False
A,1067,37168635,encoded,,9614,False
B,1069,37186528,encoded,,6684,False
A,1068,37201972,encoded,,9609,False
B,1070,37219880,encoded,,6355,False
A,1069,37235315,encoded,,8566,False
B,1071,37253203,encoded,,5735,False
A,1070,37268651,encoded,,8336,False
B,1072,37286533,encoded,,5916,False
A,1071,37301981,encoded,,8388,False
B,1073,37319867,encoded,,12070,False
A,1072,37335302,encoded,,8162,False
B,1074,37353209,encoded,,16666,False
A,1073,37368633,encoded,,7887,False
B,1075,37386539,encoded,,16667,False
A,1074,37401972,encoded,,7479,False
B,1076,37419864,encoded,,16667,False
A,1075,37435303,encoded,,7004,False
B,1077,37453201,encoded,,16666,False
A,1076,37468636,encoded,,8972,False
B,1078,37486534,encoded,,16667,False
A,1077,37501978,encoded,,16666,False
B,1079,37519867,encoded,,16667,False
A,1078,37535308,encoded,,37493,False
B,1080,37553197,encoded,,16666,False
A,1079,37568647,encoded,,3810,False
B,1081,37586541,encoded,,123582,True
A,1080,37601980,encoded,,8697,False
B,1082,37619871,encoded,,19851,False
A,1081,37635321,encoded,,125281,True
B,1083,37653223,encoded,,12581,False
A,1082,37668673,encoded,,17817,False
B,1084,37686537,encoded,,19623,False
A,1083,37701975,encoded,,6815,False
B,1085,37719874,encoded,,17249,False
A,1084,37735314,encoded,,23657,False
B,1086,37753200,encoded,,23128,False
A,1085,37768666,encoded,,17958,False
B,1087,37786555,encoded,,20038,False
A,1086,37801987,encoded,,23550,False
A,1087,37835320,encoded,,20821,False
B,1088,37819881,encoded,,12810,False
B,1089,37853224,encoded,,11117,False
A,1088,37868668,encoded,,11293,False
B,1090,37886541,encoded,,10154,False
A,1089,37901998,encoded,,9597,False
B,1091,37919873,encoded,,9137,False
A,1090,37935315,encoded,,8644,False
B,1092,37953221,encoded,,21354,False
A,1091,37968668,encoded,,20368,False
B,1093,37986549,encoded,,7205,False
A,1092,38002003,encoded,,15000,False
B,1094,38019891,encoded,,7550,False
A,1093,38035322,encoded,,17638,False
B,1095,38086548,encoded,,9238,False
A,1094,38101986,encoded,,12277,False
B,1096,38119876,encoded,,15532,False
A,1095,38135324,encoded,,11170,False
B,1097,38153215,encoded,,21650,False
A,1096,38168660,encoded,,10138,False
B,1098,38186550,encoded,,13760,False
A,1097,38201988,encoded,,9287,False
B,1099,38219887,encoded,,11684,False
A,1098,38235327,encoded,,8808,False
B,1100,38253230,encoded,,10143,False
A,1099,38268657,encoded,,8698,False
B,1101,38286560,encoded,,9408,False
B,1102,38319899,encoded,,8704,False
A,1100,38302022,encoded,,8477,False
B,1103,38353227,encoded,,8440,False
A,1101,38335360,encoded,,8026,False
B,1104,38386560,encoded,,7895,False
A,1102,38368680,encoded,,7891,False
B,1105,38419884,encoded,,7517,False
A,1103,38402009,encoded,,7964,False
B,1106,38453219,encoded,,7634,False
A,1104,38435343,encoded,,7263,False
A,1105,38468680,encoded,,8171,False
B,1107,38486559,encoded,,8021,False
A,1106,38502010,encoded,,7669,False
B,1108,38519895,encoded,,11662,False
A,1107,38535351,encoded,,15722,False
B,1109,38553225,encoded,,16667,False
A,1108,38568667,encoded,,25109,False
B,1110,38586555,encoded,,16666,False
A,1109,38602020,encoded,,8225,False
B,1111,38619908,encoded,,123246,True
A,1110,38635349,encoded,,16666,False
B,1112,38653229,encoded,,17746,False
A,1111,38668680,encoded,,125260,True
B,1113,38686565,encoded,,13790,False
A,1112,38702024,encoded,,7280,False
B,1114,38719899,encoded,,16908,False
A,1113,38735340,encoded,,15989,False
B,1115,38753229,encoded,,14305,False
A,1114,38768673,encoded,,24449,False
B,1116,38786573,encoded,,17332,False
A,1115,38802012,encoded,,18106,False
B,1117,38819898,encoded,,16377,False
A,1116,38835346,encoded,,24208,False
B,1118,38853244,encoded,,21824,False
A,1117,38868685,encoded,,20505,False
B,1119,38886582,encoded,,14404,False
A,1118,38902028,encoded,,11178,False
B,1120,38919897,encoded,,17091,False
A,1119,38935349,encoded,,9716,False
B,1121,38953238,encoded,,11241,False
A,1120,38968682,encoded,,8128,False
B,1122,38986578,encoded,,10667,False
A,1121,39002030,encoded,,20377,False
B,1123,39019904,encoded,,16916,False
A,1122,39035348,encoded,,4439,False
B,1124,39053243,encoded,,11385,False
A,1123,39068695,encoded,,22421,False
B,1125,39086567,encoded,,10000,False
A,1124,39102012,encoded,,13526,False
B,1126,39153235,encoded,,11247,False
A,1125,39168685,encoded,,11817,False
B,1127,39186570,encoded,,10138,False
A,1126,39202013,encoded,,10129,False
B,1128,39219908,encoded,,10496,False
A,1127,39235344,encoded,,9619,False
B,1129,39253246,encoded,,10783,False
A,1128,39268690,encoded,,10267,False
B,1130,39286585,encoded,,10747,False
A,1129,39302024,encoded,,9028,False
B,1131,39319938,encoded,,10520,False
A,1130,39335354,encoded,,8493,False
B,1132,39353266,encoded,,10860,False
A,1131,39368692,encoded,,8263,False
B,1133,39386584,encoded,,11368,False
A,1132,39402030,encoded,,8037,False
B,1134,39419928,encoded,,12459,False
A,1133,39435357,encoded,,7645,False
B,1135,39453260,encoded,,12795,False
A,1134,39468691,encoded,,7790,False
B,1136,39486582,encoded,,12093,False
A,1135,39502031,encoded,,7464,False
B,1137,39519935,encoded,,11364,False
A,1136,39535361,encoded,,9200,False
B,1138,39553256,encoded,,10561,False
B,1139,39586580,encoded,,9812,False
A,1137,39568693,encoded,,16666,False
A,1138,39602030,encoded,,37770,False
B,1140,39619916,encoded,,11525,False
A,1139,39635364,encoded,,3817,False
B,1141,39653248,encoded,,121472,True
A,1140,39668689,encoded,,8413,False
B,1142,39686620,encoded,,15182,False
A,1141,39702030,encoded,,125242,True
B,1143,39719920,encoded,,12417,False
A,1142,39735369,encoded,,18033,False
B,1144,39753257,encoded,,20493,False
A,1143,39768697,encoded,,6819,False
B,1145,39786590,encoded,,17212,False
A,1144,39802030,encoded,,23649,False
B,1146,39819931,encoded,,17522,False
A,1145,39835364,encoded,,17920,False
B,1147,39853262,encoded,,12445,False
A,1146,39868699,encoded,,21307,False
B,1148,39886598,encoded,,15111,False
A,1147,39902041,encoded,,15931,False
B,1149,39919936,encoded,,16298,False
A,1148,39935373,encoded,,17221,False
B,1150,39953270,encoded,,11008,False
A,1149,39968718,encoded,,10960,False
B,1151,39986605,encoded,,10516,False
A,1150,40002051,encoded,,8854,False
B,1152,40019950,encoded,,10197,False
A,1151,40035368,encoded,,7354,False
B,1153,40053276,encoded,,22372,False
A,1152,40102033,encoded,,21467,False
B,1154,40086606,encoded,,7853,False
A,1153,40135368,encoded,,19634,False
B,1155,40119942,encoded,,15711,False
A,1154,40168703,encoded,,13124,False
B,1156,40186595,encoded,,10005,False
A,1155,40202034,encoded,,11932,False
B,1157,40219931,encoded,,8042,False
A,1156,40235376,encoded,,11416,False
B,1158,40253262,encoded,,14817,False
A,1157,40268706,encoded,,9959,False
B,1159,40286597,encoded,,21278,False
A,1158,40302037,encoded,,9309,False
B,1160,40319933,encoded,,14164,False
A,1159,40335375,encoded,,8807,False
B,1161,40353273,encoded,,13189,False
A,1160,40368714,encoded,,8884,False
B,1162,40386602,encoded,,12802,False
A,1161,40402048,encoded,,8201,False
B,1163,40419933,encoded,,12194,False
A,1162,40435377,encoded,,8800,False
B,1164,40453270,encoded,,12846,False
A,1163,40468708,encoded,,7746,False
B,1165,40486608,encoded,,11945,False
A,1164,40502054,encoded,,7604,False
B,1166,40519938,encoded,,11633,False
A,1165,40535377,encoded,,7370,False
B,1167,40553269,encoded,,11328,False
A,1166,40568716,encoded,,7311,False
B,1168,40586608,encoded,,11237,False
A,1167,40602050,encoded,,15146,False
B,1169,40619942,encoded,,11485,False
A,1168,40635382,encoded,,16667,False
B,1170,40653277,encoded,,11653,False
A,1169,40668719,encoded,,16667,False
B,1171,40686611,encoded,,122625,True
A,1170,40702052,encoded,,16666,False
B,1172,40719947,encoded,,14040,False
B,1173,40753279,encoded,,13209,False
A,1171,40735392,encoded,,125073,True
A,1172,40768722,encoded,,18575,False
B,1174,40786615,encoded,,17175,False
A,1173,40802061,encoded,,12861,False
B,1175,40819948,encoded,,18698,False
A,1174,40835383,encoded,,16981,False
B,1176,40853278,encoded,,12572,False
A,1175,40868716,encoded,,17431,False
B,1177,40886616,encoded,,17466,False
A,1176,40902049,encoded,,22833,False
B,1178,40919953,encoded,,18040,False
A,1177,40935386,encoded,,20142,False
B,1179,40953294,encoded,,13394,False
A,1178,40968729,encoded,,11086,False
B,1180,40986619,encoded,,12392,False
A,1179,41002053,encoded,,10437,False
B,1181,41019950,encoded,,11010,False
A,1180,41035402,encoded,,8451,False
B,1182,41053300,encoded,,10522,False
A,1181,41068735,encoded,,7243,False
B,1183,41086619,encoded,,15225,False
A,1182,41102063,encoded,,18955,False
B,1184,41119966,encoded,,17192,False
A,1183,41135397,encoded,,20500,False
B,1185,41153287,encoded,,11808,False
A,1184,41168732,encoded,,13200,False
B,1186,41219957,encoded,,13001,False
A,1185,41235402,encoded,,12293,False
B,1187,41253291,encoded,,10284,False
A,1186,41268727,encoded,,11451,False
B,1188,41286627,encoded,,9862,False
A,1187,41302068,encoded,,10053,False
B,1189,41319956,encoded,,9445,False
A,1188,41335394,encoded,,9934,False
A,1189,41368735,encoded,,9454,False
B,1190,41353291,encoded,,19845,False
B,1191,41386632,encoded,,13616,False
A,1190,41402066,encoded,,9132,False
A,1191,41435406,encoded,,8031,False
B,1192,41419960,encoded,,12991,False
B,1193,41453302,encoded,,19133,False
A,1192,41468764,encoded,,8323,False
B,1194,41486630,encoded,,13568,False
A,1193,41502069,encoded,,7852,False
B,1195,41519961,encoded,,12628,False
A,1194,41535404,encoded,,7309,False
B,1196,41553315,encoded,,11711,False
A,1195,41568738,encoded,,7365,False
B,1197,41586634,encoded,,11497,False
A,1196,41602072,encoded,,9556,False
B,1198,41619970,encoded,,10764,False
A,1197,41635401,encoded,,15479,False
B,1199,41653302,encoded,,10689,False
A,1198,41668736,encoded,,18906,False
B,1200,41686633,encoded,,10335,False
A,1199,41702080,encoded,,14428,False
B,1201,41719980,encoded,,112721,True
A,1200,41735405,encoded,,16666,False
B,1202,41753300,encoded,,16101,False
A,1201,41768746,encoded,,125241,True
B,1203,41786643,encoded,,9117,False
A,1202,41802080,encoded,,14108,False
B,1204,41819967,encoded,,15797,False
A,1203,41835408,encoded,,12928,False
B,1205,41853303,encoded,,20802,False
A,1204,41868746,encoded,,19879,False
B,1206,41886636,encoded,,23843,False
A,1205,41902081,encoded,,17922,False
B,1207,41919971,encoded,,19606,False
A,1206,41935411,encoded,,23306,False
B,1208,41953308,encoded,,15336,False
A,1207,41968742,encoded,,20578,False
B,1209,41986638,encoded,,12348,False
A,1208,42002076,encoded,,11566,False
B,1210,42019980,encoded,,15265,False
A,1209,42035413,encoded,,9266,False
B,1211,42053306,encoded,,9182,False
A,1210,42068747,encoded,,8046,False
B,1212,42086651,encoded,,8033,False
A,1211,42102109,encoded,,21583,False
B,1213,42119981,encoded,,7580,False
A,1212,42135421,encoded,,4619,False
B,1214,42153308,encoded,,7249,False
A,1213,42168758,encoded,,21913,False
B,1215,42186646,encoded,,7478,False
A,1214,42202084,encoded,,13243,False
B,1216,42219994,encoded,,7304,False
A,1215,42235439,encoded,,11310,False
B,1217,42253335,encoded,,19426,False
A,1216,42302090,encoded,,10449,False
B,1218,42286654,encoded,,13520,False
A,1217,42335429,encoded,,9720,False
B,1219,42353319,encoded,,6675,False
A,1218,42368758,encoded,,9362,False
B,1220,42386652,encoded,,20447,False
A,1219,42402091,encoded,,8985,False
B,1221,42419987,encoded,,13262,False
A,1220,42435426,encoded,,8279,False
B,1222,42453319,encoded,,12092,False
A,1221,42468760,encoded,,7923,False
B,1223,42486656,encoded,,9814,False
A,1222,42502092,encoded,,7976,False
B,1224,42520001,encoded,,8538,False
A,1223,42535425,encoded,,7866,False
B,1225,42553336,encoded,,8088,False
A,1224,42568765,encoded,,7945,False
B,1226,42586654,encoded,,7140,False
A,1225,42602097,encoded,,7752,False
B,1227,42619993,encoded,,6666,False
A,1226,42635427,encoded,,11569,False
B,1228,42653328,encoded,,7181,False
A,1227,42668767,encoded,,16666,False
B,1229,42686670,encoded,,13559,False
A,1228,42702103,encoded,,19859,False
B,1230,42719991,encoded,,16666,False
A,1229,42735428,encoded,,13475,False
B,1231,42753343,encoded,,123350,True
A,1230,42768761,encoded,,16666,False
B,1232,42786669,encoded,,11439,False
A,1231,42802097,encoded,,125218,True
B,1233,42820005,encoded,,18753,False
A,1232,42835432,encoded,,8695,False
B,1234,42853332,encoded,,19084,False
A,1233,42868777,encoded,,15079,False
B,1235,42886663,encoded,,17583,False
A,1234,42902103,encoded,,23580,False
B,1236,42920000,encoded,,17914,False
A,1235,42935438,encoded,,17684,False
B,1237,42953332,encoded,,13316,False
A,1236,42968768,encoded,,24184,False
B,1238,42986662,encoded,,14045,False
A,1237,43002107,encoded,,19468,False
B,1239,43019998,encoded,,13231,False
A,1238,43035435,encoded,,11152,False
B,1240,43053334,encoded,,8681,False
A,1239,43068775,encoded,,9926,False
B,1241,43086709,encoded,,20830,False
A,1240,43102103,encoded,,8406,False
B,1242,43119999,encoded,,12899,False
A,1241,43135459,encoded,,7580,False
B,1243,43153338,encoded,,20862,False
A,1242,43168789,encoded,,19905,False
B,1244,43186675,encoded,,11471,False
A,1243,43202141,encoded,,19724,False
A,1244,43235467,encoded,,12593,False
B,1245,43220003,encoded,,9866,False
B,1246,43253363,encoded,,8769,False
A,1245,43268778,encoded,,11532,False
A,1246,43302131,encoded,,10472,False
B,1247,43286682,encoded,,7940,False
A,1247,43335442,encoded,,10305,False
B,1248,43320008,encoded,,7512,False
A,1248,43368792,encoded,,10189,False
B,1249,43353338,encoded,,7053,False
A,1249,43402127,encoded,,9096,False
B,1250,43386677,encoded,,6852,False
A,1250,43435469,encoded,,8324,False
B,1251,43420008,encoded,,6583,False
A,1251,43468793,encoded,,9839,False
B,1252,43453344,encoded,,6342,False
A,1252,43502131,encoded,,8287,False
B,1253,43486677,encoded,,6179,False
B,1254,43520016,encoded,,9446,False
A,1253,43535456,encoded,,7781,False
B,1255,43553344,encoded,,16667,False
A,1254,43568789,encoded,,7853,False
B,1256,43586679,encoded,,33705,False
A,1255,43602122,encoded,,7818,False
B,1257,43653344,encoded,,2904,False
A,1256,43668789,encoded,,8644,False
B,1258,43686680,encoded,,13391,False
A,1257,43702140,encoded,,16666,False
B,1259,43720012,encoded,,16667,False
A,1258,43735470,encoded,,26047,False
B,1260,43753348,encoded,,16666,False
A,1259,43768789,encoded,,7287,False
B,1261,43786698,encoded,,123279,True
A,1260,43802131,encoded,,16666,False
B,1262,43820021,encoded,,16720,False
A,1261,43835454,encoded,,125414,True
B,1263,43853362,encoded,,14208,False
A,1262,43868805,encoded,,9202,False
B,1264,43886692,encoded,,16544,False
A,1263,43902129,encoded,,14284,False
B,1265,43920020,encoded,,14162,False
A,1264,43935458,encoded,,23853,False
B,1266,43953355,encoded,,16515,False
A,1265,43968795,encoded,,18208,False
B,1267,43986689,encoded,,16445,False
A,1266,44002135,encoded,,21349,False
B,1268,44020022,encoded,,24450,False
A,1267,44035467,encoded,,22147,False
B,1269,44053365,encoded,,17800,False
A,1268,44068797,encoded,,10826,False
B,1270,44086689,encoded,,11574,False
A,1269,44102129,encoded,,9511,False
B,1271,44120030,encoded,,10975,False
A,1270,44135470,encoded,,8172,False
B,1272,44153361,encoded,,17069,False
A,1271,44168795,encoded,,7573,False
B,1273,44186694,encoded,,9784,False
A,1272,44202128,encoded,,20524,False
B,1274,44220047,encoded,,8578,False
A,1273,44235489,encoded,,19578,False
B,1275,44253364,encoded,,7734,False
A,1274,44268808,encoded,,12937,False
B,1276,44286707,encoded,,6795,False
A,1275,44302141,encoded,,11874,False
B,1277,44320033,encoded,,5804,False
A,1276,44335470,encoded,,10983,False
B,1278,44353391,encoded,,5455,False
A,1277,44402138,encoded,,9764,False
B,1279,44386710,encoded,,5579,False
A,1278,44435468,encoded,,9764,False
B,1280,44420047,encoded,,5762,False
A,1279,44468807,encoded,,8847,False
B,1281,44453382,encoded,,5490,False
A,1280,44502140,encoded,,8802,False
B,1282,44520042,encoded,,12124,False
A,1281,44535475,encoded,,9138,False
B,1283,44553375,encoded,,10488,False
A,1282,44568805,encoded,,7853,False
B,1284,44586700,encoded,,16666,False
A,1283,44602136,encoded,,8159,False
B,1285,44620034,encoded,,38599,False
A,1284,44635475,encoded,,7407,False
B,1286,44653370,encoded,,4743,False
A,1285,44668812,encoded,,7373,False
B,1287,44686708,encoded,,6658,False
A,1286,44702144,encoded,,9792,False
B,1288,44720044,encoded,,16667,False
A,1287,44735493,encoded,,16666,False
B,1289,44753373,encoded,,16667,False
B,1290,44786710,encoded,,16666,False
A,1288,44768813,encoded,,38372,False
B,1291,44820047,encoded,,123163,True
A,1289,44802142,encoded,,3980,False
B,1292,44853383,encoded,,16787,False
A,1290,44835491,encoded,,7648,False
B,1293,44886721,encoded,,10888,False
A,1291,44868823,encoded,,125219,True
B,1294,44920041,encoded,,13751,False
A,1292,44902170,encoded,,17793,False
A,1293,44935498,encoded,,6945,False
B,1295,44953375,encoded,,15364,False
A,1294,44968825,encoded,,23333,False
B,1296,44986712,encoded,,12368,False
A,1295,45002174,encoded,,17696,False
B,1297,45020045,encoded,,22718,False
A,1296,45035489,encoded,,20117,False
B,1298,45053390,encoded,,14627,False
B,1299,45086717,encoded,,13412,False
A,1297,45068819,encoded,,15914,False
B,1300,45120072,encoded,,13429,False
A,1298,45102155,encoded,,17232,False
B,1301,45153391,encoded,,13209,False
A,1299,45135490,encoded,,10378,False
B,1302,45186718,encoded,,13314,False
A,1300,45168826,encoded,,9046,False
A,1301,45202150,encoded,,8054,False
B,1303,45220054,encoded,,15777,False
A,1302,45235505,encoded,,18993,False
B,1304,45253389,encoded,,8286,False
A,1303,45268848,encoded,,21154,False
B,1305,45286722,encoded,,7046,False
A,1304,45302158,encoded,,13090,False
B,1306,45320063,encoded,,6712,False
A,1305,45335497,encoded,,11679,False
B,1307,45353389,encoded,,6033,False
A,1306,45368844,encoded,,10659,False
B,1308,45386720,encoded,,13439,False
A,1307,45402157,encoded,,10628,False
B,1309,45420053,encoded,,9381,False
A,1308,45435512,encoded,,9840,False
B,1310,45453391,encoded,,8087,False
A,1309,45468826,encoded,,8908,False
B,1311,45486733,encoded,,7387,False
A,1310,45502189,encoded,,8521,False
B,1312,45520077,encoded,,6472,False
A,1311,45535494,encoded,,7886,False
B,1313,45553412,encoded,,11684,False
A,1312,45568843,encoded,,8274,False
B,1314,45586743,encoded,,16666,False
A,1313,45635499,encoded,,8035,False
B,1315,45620075,encoded,,24506,False
A,1314,45668828,encoded,,7979,False
B,1316,45686738,encoded,,8828,False
A,1315,45702174,encoded,,7871,False
B,1317,45720072,encoded,,16666,False
A,1316,45735508,encoded,,8090,False
B,1318,45753396,encoded,,16667,False
A,1317,45768834,encoded,,16666,False
B,1319,45786731,encoded,,16667,False
A,1318,45802172,encoded,,24635,False
B,1320,45820070,encoded,,16666,False
A,1319,45835507,encoded,,8699,False
B,1321,45853400,encoded,,123263,True
A,1320,45868842,encoded,,16666,False
B,1322,45886744,encoded,,19705,False
A,1321,45902168,encoded,,125202,True
B,1323,45920074,encoded,,16457,False
A,1322,45935519,encoded,,20714,False
B,1324,45953404,encoded,,14726,False
A,1323,45968845,encoded,,10863,False
B,1325,45986737,encoded,,14761,False
A,1324,46002195,encoded,,16800,False
B,1326,46020085,encoded,,15837,False
A,1325,46035523,encoded,,17458,False
B,1327,46053424,encoded,,15945,False
A,1326,46068850,encoded,,22441,False
B,1328,46086755,encoded,,10119,False
A,1327,46102173,encoded,,20142,False
B,1329,46120081,encoded,,10338,False
A,1328,46135522,encoded,,11281,False
B,1330,46153435,encoded,,12463,False
A,1329,46168868,encoded,,9025,False
B,1331,46186763,encoded,,13411,False
A,1330,46202177,encoded,,7732,False
B,1332,46220076,encoded,,11483,False
A,1331,46235511,encoded,,21770,False
B,1333,46253410,encoded,,18602,False
A,1332,46268849,encoded,,4205,False
B,1334,46286745,encoded,,7933,False
A,1333,46302179,encoded,,21956,False
B,1335,46320083,encoded,,6802,False
A,1334,46335517,encoded,,12993,False
B,1336,46353410,encoded,,6348,False
A,1335,46368847,encoded,,11685,False
A,1336,46402181,encoded,,11621,False
B,1337,46386749,encoded,,14081,False
B,1338,46420077,encoded,,9591,False
A,1337,46435519,encoded,,10568,False
B,1339,46453420,encoded,,8123,False
A,1338,46468851,encoded,,8999,False
B,1340,46486755,encoded,,7780,False
A,1339,46502185,encoded,,9091,False
B,1341,46520080,encoded,,7232,False
A,1340,46535527,encoded,,9126,False
B,1342,46553422,encoded,,6639,False
A,1341,46568861,encoded,,8471,False
B,1343,46586754,encoded,,11695,False
A,1342,46602193,encoded,,8317,False
B,1344,46620093,encoded,,16666,False
A,1343,46635538,encoded,,7822,False
B,1345,46653434,encoded,,22066,False
A,1344,46668858,encoded,,7568,False
B,1346,46686751,encoded,,11268,False
A,1345,46702194,encoded,,7682,False
B,1347,46720101,encoded,,16666,False
A,1346,46735519,encoded,,9802,False
B,1348,46753438,encoded,,16667,False
A,1347,46768860,encoded,,16666,False
B,1349,46786812,encoded,,16667,False
A,1348,46802191,encoded,,37552,False
B,1350,46820087,encoded,,16666,False
A,1349,46835524,encoded,,4081,False
B,1351,46853428,encoded,,123316,True
A,1350,46868869,encoded,,8367,False
B,1352,46920094,encoded,,17495,False
A,1351,46935534,encoded,,125274,True
B,1353,46953426,encoded,,13139,False
A,1352,46968866,encoded,,17934,False
B,1354,46986766,encoded,,16804,False
A,1353,47002212,encoded,,6557,False
B,1355,47020097,encoded,,15677,False
A,1354,47035531,encoded,,23393,False
A,1355,47068866,encoded,,17558,False
B,1356,47053428,encoded,,25003,False
A,1356,47102221,encoded,,23887,False
B,1357,47086763,encoded,,14258,False
A,1357,47135535,encoded,,21240,False
B,1358,47120098,encoded,,12468,False
A,1358,47168884,encoded,,11593,False
B,1359,47153431,encoded,,12349,False
A,1359,47202210,encoded,,9537,False
B,1360,47186770,encoded,,12132,False
A,1360,47235531,encoded,,8365,False
B,1361,47220105,encoded,,12947,False
A,1361,47268890,encoded,,7758,False
B,1362,47253454,encoded,,8974,False
B,1363,47286779,encoded,,18868,False
A,1362,47302227,encoded,,22358,False
B,1364,47320105,encoded,,8060,False
A,1363,47335539,encoded,,5294,False
B,1365,47353436,encoded,,16071,False
A,1364,47368886,encoded,,5083,False
B,1366,47386800,encoded,,4937,False
A,1365,47402206,encoded,,21401,False
B,1367,47420133,encoded,,11928,False
A,1366,47435566,encoded,,12952,False
B,1368,47453449,encoded,,9103,False
A,1367,47468875,encoded,,10795,False
B,1369,47486782,encoded,,8380,False
A,1368,47502209,encoded,,9844,False
B,1370,47520118,encoded,,7546,False
A,1369,47535541,encoded,,9340,False
B,1371,47553449,encoded,,6883,False
A,1370,47568880,encoded,,8596,False
B,1372,47586776,encoded,,6318,False
A,1371,47602214,encoded,,8293,False
B,1373,47620116,encoded,,6085,False
A,1372,47635548,encoded,,8061,False
B,1374,47653450,encoded,,11259,False
A,1373,47668906,encoded,,8004,False
B,1375,47686777,encoded,,16667,False
A,1374,47702216,encoded,,7750,False
B,1376,47720111,encoded,,31059,False
A,1375,47735566,encoded,,7521,False
B,1377,47753468,encoded,,3566,False
A,1376,47768894,encoded,,14946,False
B,1378,47786782,encoded,,15375,False
A,1377,47802227,encoded,,18776,False
B,1379,47820115,encoded,,16667,False
A,1378,47835563,encoded,,14557,False
B,1380,47853459,encoded,,16666,False
A,1379,47868900,encoded,,16667,False
B,1381,47886783,encoded,,137546,True
A,1380,47902238,encoded,,16666,False
B,1382,47953459,encoded,,15559,False
A,1381,47935550,encoded,,116093,True
B,1383,47986793,encoded,,15020,False
A,1382,47968885,encoded,,24372,False
B,1384,48020127,encoded,,17829,False
A,1383,48035558,encoded,,12051,False
B,1385,48053454,encoded,,15112,False
A,1384,48068897,encoded,,22900,False
B,1386,48086791,encoded,,20565,False
A,1385,48102226,encoded,,20111,False
B,1387,48120120,encoded,,17219,False
A,1386,48135556,encoded,,23984,False
B,1388,48153457,encoded,,11815,False
A,1387,48168892,encoded,,19691,False
B,1389,48186793,encoded,,18558,False
A,1388,48202229,encoded,,11128,False
B,1390,48220128,encoded,,9928,False
A,1389,48235563,encoded,,9110,False
B,1391,48253457,encoded,,8207,False
A,1390,48268898,encoded,,8046,False
B,1392,48286810,encoded,,7607,False
A,1391,48302237,encoded,,7726,False
B,1393,48320138,encoded,,15901,False
A,1392,48335562,encoded,,19841,False
B,1394,48353481,encoded,,10100,False
A,1393,48368897,encoded,,20563,False
B,1395,48386797,encoded,,9285,False
A,1394,48402249,encoded,,13292,False
B,1396,48420146,encoded,,8888,False
B,1397,48453476,encoded,,8547,False
A,1395,48435581,encoded,,11637,False
B,1398,48486799,encoded,,8613,False
A,1396,48468914,encoded,,10695,False
B,1399,48520148,encoded,,8768,False
A,1397,48502241,encoded,,9613,False
B,1400,48553466,encoded,,8104,False
A,1398,48535562,encoded,,9114,False
A,1399,48568915,encoded,,8719,False
B,1401,48586797,encoded,,7787,False
A,1400,48602263,encoded,,8242,False
B,1402,48620130,encoded,,6988,False
A,1401,48635567,encoded,,8012,False
B,1403,48653466,encoded,,6582,False
A,1402,48668900,encoded,,7843,False
B,1404,48686803,encoded,,6701,False
A,1403,48702251,encoded,,8119,False
B,1405,48720145,encoded,,15438,False
A,1404,48735569,encoded,,7521,False
B,1406,48753474,encoded,,32582,False
A,1405,48768920,encoded,,7459,False
B,1407,48786809,encoded,,4828,False
A,1406,48802276,encoded,,7452,False
A,1407,48835575,encoded,,16666,False
B,1408,48820141,encoded,,12590,False
A,1408,48868917,encoded,,29698,False
B,1409,48853473,encoded,,16667,False
A,1409,48902266,encoded,,4438,False
B,1410,48886809,encoded,,16666,False
A,1410,48935665,encoded,,15864,False
B,1411,48920173,encoded,,123143,True
A,1411,48968921,encoded,,125143,True
B,1412,48986836,encoded,,20953,False
A,1412,49002244,encoded,,17979,False
B,1413,49020170,encoded,,17052,False
B,1414,49053501,encoded,,13964,False
A,1413,49035583,encoded,,12349,False
A,1414,49068916,encoded,,18833,False
B,1415,49086829,encoded,,15780,False
A,1415,49102247,encoded,,17279,False
B,1416,49120147,encoded,,24517,False
A,1416,49135578,encoded,,22501,False
B,1417,49153479,encoded,,13330,False
A,1417,49168937,encoded,,20216,False
B,1418,49186815,encoded,,15960,False
A,1418,49202254,encoded,,11591,False
A,1419,49235597,encoded,,9093,False
B,1419,49220149,encoded,,15743,False
A,1420,49268925,encoded,,8025,False
B,1420,49253481,encoded,,16285,False
B,1421,49286816,encoded,,14910,False
A,1421,49302250,encoded,,20257,False
B,1422,49320158,encoded,,14404,False
A,1422,49335631,encoded,,21307,False
B,1423,49353496,encoded,,9165,False
A,1423,49368931,encoded,,13472,False
B,1424,49386818,encoded,,9088,False
A,1424,49402261,encoded,,11830,False
B,1425,49420160,encoded,,7906,False
A,1425,49435590,encoded,,10479,False
B,1426,49453520,encoded,,14923,False
A,1426,49468941,encoded,,9787,False
B,1427,49486829,encoded,,10429,False
A,1427,49502271,encoded,,9457,False
B,1428,49520180,encoded,,9344,False
A,1428,49535598,encoded,,8720,False
B,1429,49553514,encoded,,8303,False
A,1429,49568954,encoded,,8515,False
B,1430,49586830,encoded,,7480,False
A,1430,49602258,encoded,,9471,False
B,1431,49620171,encoded,,6698,False
A,1431,49635610,encoded,,8046,False
B,1432,49653505,encoded,,6387,False
A,1432,49702269,encoded,,7890,False
B,1433,49686830,encoded,,5483,False
A,1433,49735598,encoded,,7671,False
B,1434,49720158,encoded,,5243,False
A,1434,49768932,encoded,,8055,False
B,1435,49753514,encoded,,10177,False
A,1435,49802260,encoded,,7284,False
B,1436,49820162,encoded,,16667,False
A,1436,49835594,encoded,,8084,False
B,1437,49853503,encoded,,39123,False
A,1437,49868935,encoded,,16666,False
B,1438,49886831,encoded,,3225,False
A,1438,49902264,encoded,,36911,False
B,1439,49920182,encoded,,7652,False
A,1439,49935599,encoded,,3996,False
B,1440,49953506,encoded,,16666,False
A,1440,49968938,encoded,,9093,False
B,1441,49986833,encoded,,123097,True
A,1441,50002281,encoded,,125344,True
B,1442,50020182,encoded,,12969,False
A,1442,50035602,encoded,,17973,False
B,1443,50053504,encoded,,19871,False
A,1443,50068949,encoded,,6968,False
B,1444,50086853,encoded,,14609,False
A,1444,50102282,encoded,,23016,False
B,1445,50120172,encoded,,16460,False
A,1445,50135601,encoded,,18090,False
B,1446,50153516,encoded,,23178,False
A,1446,50168950,encoded,,24023,False
B,1447,50186837,encoded,,24702,False
A,1447,50202270,encoded,,20629,False
B,1448,50220181,encoded,,18837,False
A,1448,50235620,encoded,,11669,False
A,1449,50268961,encoded,,9698,False
B,1449,50253530,encoded,,18377,False
A,1450,50302272,encoded,,8270,False
B,1450,50286849,encoded,,14394,False
A,1451,50335630,encoded,,21359,False
B,1451,50320193,encoded,,9137,False
A,1452,50368949,encoded,,14416,False
B,1452,50353521,encoded,,7938,False
A,1453,50402279,encoded,,18308,False
B,1453,50386851,encoded,,7424,False
A,1454,50435618,encoded,,11977,False
B,1454,50420184,encoded,,15454,False
A,1455,50468945,encoded,,11027,False
B,1455,50453516,encoded,,10382,False
B,1456,50486850,encoded,,9007,False
A,1456,50502281,encoded,,10537,False
B,1457,50520209,encoded,,7902,False
A,1457,50535620,encoded,,10895,False
B,1458,50553535,encoded,,7104,False
A,1458,50568949,encoded,,9071,False
B,1459,50586844,encoded,,6692,False
A,1459,50602280,encoded,,8778,False
B,1460,50620200,encoded,,6438,False
A,1460,50635628,encoded,,8558,False
A,1461,50668958,encoded,,8112,False
B,1461,50653527,encoded,,5949,False
A,1462,50702297,encoded,,8042,False
B,1462,50686849,encoded,,5789,False
B,1463,50720186,encoded,,5499,False
A,1463,50735633,encoded,,7796,False
B,1464,50753526,encoded,,8791,False
A,1464,50768953,encoded,,7459,False
B,1465,50786853,encoded,,16667,False
A,1465,50802284,encoded,,7366,False
B,1466,50820190,encoded,,36930,False
A,1466,50835631,encoded,,7107,False
B,1467,50853521,encoded,,1828,False
A,1467,50868972,encoded,,13512,False
B,1468,50886873,encoded,,11242,False
A,1468,50935622,encoded,,16667,False
B,1469,50920204,encoded,,16667,False
A,1469,50968959,encoded,,16667,False
B,1470,50953537,encoded,,16666,False
A,1470,51002334,encoded,,16666,False
B,1471,51020190,encoded,,123070,True
A,1471,51035622,encoded,,125389,True
B,1472,51053524,encoded,,12204,False
A,1472,51068963,encoded,,20426,False
A,1473,51102290,encoded,,10586,False
B,1473,51086866,encoded,,19816,False
B,1474,51120200,encoded,,14137,False
A,1474,51135624,encoded,,17921,False
B,1475,51153525,encoded,,16213,False
A,1475,51168964,encoded,,20105,False
B,1476,51186863,encoded,,17374,False
A,1476,51202310,encoded,,18555,False
B,1477,51220194,encoded,,16683,False
A,1477,51235635,encoded,,15911,False
B,1478,51253535,encoded,,10230,False
A,1478,51268977,encoded,,15392,False
B,1479,51286870,encoded,,11899,False
A,1479,51302309,encoded,,9568,False
B,1480,51320202,encoded,,19210,False
A,1480,51335646,encoded,,21265,False
B,1481,51353541,encoded,,16222,False
A,1481,51368964,encoded,,22461,False
B,1482,51386878,encoded,,15751,False
A,1482,51402321,encoded,,2877,False
B,1483,51420213,encoded,,19553,False
A,1483,51435651,encoded,,16512,False
B,1484,51453557,encoded,,6136,False
A,1484,51468984,encoded,,12542,False
B,1485,51486871,encoded,,12814,False
A,1485,51502329,encoded,,10699,False
B,1486,51520215,encoded,,8797,False
A,1486,51535637,encoded,,9500,False
B,1487,51553541,encoded,,7796,False
A,1487,51568983,encoded,,9569,False
B,1488,51586878,encoded,,7256,False
A,1488,51602326,encoded,,8763,False
B,1489,51620209,encoded,,7176,False
A,1489,51635637,encoded,,8574,False
B,1490,51653539,encoded,,6841,False
A,1490,51668972,encoded,,8292,False
B,1491,51686878,encoded,,6610,False
A,1491,51702306,encoded,,7828,False
B,1492,51720208,encoded,,6370,False
A,1492,51735642,encoded,,7920,False
B,1493,51753542,encoded,,5907,False
A,1493,51768983,encoded,,7590,False
B,1494,51786877,encoded,,11935,False
A,1494,51802321,encoded,,7306,False
A,1495,51835649,encoded,,8010,False
B,1495,51820217,encoded,,23689,False
A,1496,51868988,encoded,,9773,False
B,1496,51853543,encoded,,29393,False
A,1497,51902312,encoded,,16666,False
B,1497,51886890,encoded,,2294,False
A,1498,51935654,encoded,,28395,False
B,1498,51920225,encoded,,11291,False
A,1499,51969006,encoded,,4939,False
B,1499,51986892,encoded,,16667,False
A,1500,52002343,encoded,,16666,False
B,1500,52020227,encoded,,16666,False
A,1501,52035648,encoded,,125258,True
B,1501,52053563,encoded,,123145,True
A,1502,52068992,encoded,,14990,False
B,1502,52086888,encoded,,19757,False
A,1503,52102319,encoded,,21196,False
B,1503,52120225,encoded,,15928,False
A,1504,52135657,encoded,,22611,False
B,1504,52153562,encoded,,12120,False
A,1505,52168983,encoded,,13119,False
B,1505,52186902,encoded,,14701,False
A,1506,52202319,encoded,,19869,False
B,1506,52220221,encoded,,22895,False
A,1507,52235661,encoded,,19075,False
B,1507,52253558,encoded,,24553,False
A,1508,52268985,encoded,,11249,False
B,1508,52286889,encoded,,16027,False
A,1509,52302331,encoded,,9656,False
B,1509,52320221,encoded,,14710,False
A,1510,52335673,encoded,,8075,False
B,1510,52353556,encoded,,13294,False
A,1511,52369009,encoded,,20016,False
B,1511,52386901,encoded,,14513,False
A,1512,52402331,encoded,,21324,False
B,1512,52420227,encoded,,8969,False
A,1513,52435667,encoded,,13969,False
A,1514,52469004,encoded,,11753,False
B,1513,52453566,encoded,,7844,False
B,1514,52486895,encoded,,15990,False
A,1515,52502329,encoded,,10471,False
B,1515,52520237,encoded,,10416,False
A,1516,52535670,encoded,,10254,False
B,1516,52553560,encoded,,8495,False
A,1517,52569012,encoded,,9966,False
B,1517,52586897,encoded,,7824,False
A,1518,52602346,encoded,,9054,False
B,1518,52653563,encoded,,7351,False
A,1519,52635673,encoded,,8474,False
B,1519,52686903,encoded,,6681,False
A,1520,52668997,encoded,,9607,False
B,1520,52720244,encoded,,6031,False
A,1521,52735670,encoded,,8786,False
B,1521,52753564,encoded,,5790,False
A,1522,52768999,encoded,,8133,False
B,1522,52786914,encoded,,6254,False
A,1523,52802332,encoded,,7942,False
B,1523,52820243,encoded,,5795,False
A,1524,52835665,encoded,,7461,False
B,1524,52853567,encoded,,10917,False
A,1525,52869046,encoded,,7431,False
B,1525,52886903,encoded,,16667,False
A,1526,52902339,encoded,,7750,False
B,1526,52920238,encoded,,30310,False
A,1527,52935681,encoded,,12511,False
B,1527,52953576,encoded,,3227,False
A,1528,52969016,encoded,,16667,False
B,1528,52986905,encoded,,16463,False
A,1529,53002343,encoded,,17745,False
B,1529,53020266,encoded,,16667,False
A,1530,53035682,encoded,,15588,False
B,1530,53053598,encoded,,16666,False
A,1531,53069008,encoded,,125262,True
B,1531,53086916,encoded,,123133,True
A,1532,53102345,encoded,,22133,False
B,1532,53120254,encoded,,15985,False
A,1533,53135691,encoded,,9547,False
B,1533,53153575,encoded,,17400,False
A,1534,53169026,encoded,,14804,False
B,1534,53186914,encoded,,15014,False
A,1535,53202345,encoded,,21331,False
B,1535,53220244,encoded,,16572,False
A,1536,53235693,encoded,,19315,False
B,1536,53253589,encoded,,16382,False
A,1537,53269008,encoded,,22782,False
B,1537,53286923,encoded,,16344,False
A,1538,53302345,encoded,,10818,False
A,1539,53335677,encoded,,9643,False
B,1538,53320253,encoded,,17517,False
A,1540,53369017,encoded,,8808,False
B,1539,53353596,encoded,,18229,False
A,1541,53402358,encoded,,7316,False
B,1540,53386920,encoded,,15993,False
A,1542,53435688,encoded,,18687,False
B,1541,53420246,encoded,,13251,False
A,1543,53469016,encoded,,20451,False
B,1542,53453585,encoded,,11730,False
A,1544,53502349,encoded,,12929,False
B,1543,53486916,encoded,,18014,False
A,1545,53535689,encoded,,11802,False
A,1546,53569017,encoded,,10131,False
B,1544,53520258,encoded,,11255,False
B,1545,53553590,encoded,,9726,False
A,1547,53602356,encoded,,9528,False
B,1546,53586922,encoded,,8641,False
A,1548,53635686,encoded,,8934,False
B,1547,53620263,encoded,,7208,False
A,1549,53669025,encoded,,8555,False
B,1548,53653600,encoded,,6692,False
A,1550,53702368,encoded,,8676,False
B,1549,53686941,encoded,,6773,False
A,1551,53735695,encoded,,8145,False
B,1550,53720270,encoded,,6244,False
B,1551,53753596,encoded,,5718,False
A,1552,53769029,encoded,,7768,False
B,1552,53786926,encoded,,5813,False
A,1553,53802357,encoded,,7849,False
B,1553,53820266,encoded,,5285,False
A,1554,53835706,encoded,,7817,False
B,1554,53853601,encoded,,11081,False
A,1555,53869036,encoded,,7442,False
B,1555,53920276,encoded,,16667,False
A,1556,53902360,encoded,,12861,False
B,1556,53953596,encoded,,36357,False
A,1557,53969035,encoded,,16666,False
B,1557,53986947,encoded,,2091,False
A,1558,54002362,encoded,,18432,False
B,1558,54020284,encoded,,11552,False
A,1559,54035699,encoded,,14902,False
B,1559,54053605,encoded,,16667,False
A,1560,54069061,encoded,,16666,False
B,1560,54086955,encoded,,16666,False
A,1561,54102371,encoded,,125261,True
B,1561,54120288,encoded,,123162,True
A,1562,54135708,encoded,,9998,False
B,1562,54153602,encoded,,12759,False
A,1563,54169030,encoded,,21726,False
B,1563,54186942,encoded,,19404,False
A,1564,54202362,encoded,,17635,False
B,1564,54220279,encoded,,17946,False
A,1565,54235708,encoded,,18131,False
B,1565,54253611,encoded,,11923,False
A,1566,54269049,encoded,,21161,False
B,1566,54286936,encoded,,23016,False
A,1567,54302368,encoded,,21702,False
B,1567,54320272,encoded,,11170,False
A,1568,54335702,encoded,,10660,False
B,1568,54353605,encoded,,11635,False
A,1569,54369044,encoded,,9217,False
B,1569,54386939,encoded,,15046,False
A,1570,54402372,encoded,,21677,False
B,1570,54420279,encoded,,14824,False
A,1571,54435701,encoded,,22276,False
B,1571,54453608,encoded,,15152,False
A,1572,54469036,encoded,,2737,False
B,1572,54486958,encoded,,12447,False
A,1573,54502383,encoded,,17245,False
B,1573,54520276,encoded,,14094,False
A,1574,54535710,encoded,,11845,False
B,1574,54553612,encoded,,19646,False
A,1575,54569041,encoded,,10535,False
B,1575,54586946,encoded,,8781,False
A,1576,54602380,encoded,,9740,False
B,1576,54620295,encoded,,8010,False
A,1577,54635713,encoded,,9090,False
B,1577,54653641,encoded,,7274,False
A,1578,54669052,encoded,,8706,False
B,1578,54686961,encoded,,6631,False
A,1579,54702378,encoded,,9157,False
B,1579,54720299,encoded,,6317,False
A,1580,54735711,encoded,,9438,False
B,1580,54786953,encoded,,6829,False
A,1581,54769046,encoded,,8248,False
B,1581,54820284,encoded,,5973,False
A,1582,54835713,encoded,,8324,False
B,1582,54853624,encoded,,5669,False
A,1583,54869045,encoded,,7712,False
B,1583,54886951,encoded,,5734,False
A,1584,54902380,encoded,,7910,False
B,1584,54920289,encoded,,16558,False
A,1585,54935715,encoded,,7466,False
B,1585,54953625,encoded,,30180,False
A,1586,54969065,encoded,,7051,False
B,1586,54986956,encoded,,3576,False
A,1587,55002382,encoded,,15352,False
B,1587,55020288,encoded,,16244,False
A,1588,55035728,encoded,,16667,False
B,1588,55053625,encoded,,16667,False
A,1589,55069051,encoded,,16667,False
B,1589,55086963,encoded,,16667,False
A,1590,55102391,encoded,,16666,False
B,1590,55120292,encoded,,16666,False
A,1591,55135735,encoded,,125369,True
B,1591,55153636,encoded,,123101,True
A,1592,55169070,encoded,,10022,False
B,1592,55186976,encoded,,9336,False
A,1593,55202400,encoded,,25439,False
B,1593,55220298,encoded,,18715,False
A,1594,55235742,encoded,,23240,False
B,1594,55253647,encoded,,22392,False
A,1595,55269060,encoded,,13895,False
B,1595,55286992,encoded,,21022,False
A,1596,55302405,encoded,,21454,False
B,1596,55320326,encoded,,26205,False
A,1597,55335726,encoded,,17855,False
B,1597,55353653,encoded,,18376,False
A,1598,55369061,encoded,,10926,False
B,1598,55386974,encoded,,17329,False
A,1599,55402394,encoded,,8852,False
B,1599,55420317,encoded,,16770,False
A,1600,55435744,encoded,,8068,False
B,1600,55453632,encoded,,13529,False
A,1601,55469060,encoded,,20611,False
B,1601,55486968,encoded,,8656,False
A,1602,55502401,encoded,,21238,False
B,1602,55520306,encoded,,7295,False
A,1603,55535733,encoded,,13438,False
B,1603,55553632,encoded,,15709,False
A,1604,55569063,encoded,,11440,False
B,1604,55586967,encoded,,10255,False
A,1605,55602403,encoded,,10130,False
B,1605,55620300,encoded,,8395,False
A,1606,55635731,encoded,,10193,False
B,1606,55653635,encoded,,8124,False
A,1607,55669073,encoded,,8957,False
B,1607,55686971,encoded,,7542,False
A,1608,55702404,encoded,,8841,False
B,1608,55720316,encoded,,6751,False
A,1609,55735756,encoded,,8623,False
B,1609,55753666,encoded,,6001,False
A,1610,55769088,encoded,,8126,False
B,1610,55786981,encoded,,6297,False
A,1611,55802402,encoded,,8067,False
B,1611,55820318,encoded,,5670,False
A,1612,55835755,encoded,,7452,False
B,1612,55853662,encoded,,5091,False
A,1613,55869095,encoded,,7766,False
B,1613,55886978,encoded,,5139,False
A,1614,55935739,encoded,,7563,False
B,1614,55920320,encoded,,12300,False
A,1615,55969081,encoded,,7357,False
B,1615,55986979,encoded,,23976,False
A,1616,56002413,encoded,,8412,False
B,1616,56020310,encoded,,29968,False
A,1617,56035739,encoded,,16666,False
B,1617,56053651,encoded,,2770,False
A,1618,56069083,encoded,,29591,False
B,1618,56086988,encoded,,9953,False
A,1619,56102408,encoded,,5140,False
B,1619,56120330,encoded,,16667,False
A,1620,56135748,encoded,,15269,False
B,1620,56153647,encoded,,16666,False
A,1621,56169089,encoded,,125463,True
B,1621,56186985,encoded,,137588,True
A,1622,56202416,encoded,,23341,False
B,1622,56220333,encoded,,6979,False
A,1623,56235754,encoded,,9403,False
B,1623,56253656,encoded,,16978,False
A,1624,56269079,encoded,,13855,False
B,1624,56286991,encoded,,18901,False
A,1625,56302417,encoded,,21041,False
B,1625,56320321,encoded,,19091,False
A,1626,56335749,encoded,,17810,False
B,1626,56353653,encoded,,24024,False
A,1627,56369083,encoded,,15232,False
B,1627,56386996,encoded,,18281,False
A,1628,56402420,encoded,,17269,False
B,1628,56420329,encoded,,17644,False
A,1629,56435797,encoded,,10013,False
B,1629,56453656,encoded,,15427,False
A,1630,56469108,encoded,,21461,False
B,1630,56486996,encoded,,9812,False
A,1631,56502422,encoded,,5467,False
B,1631,56520332,encoded,,8650,False
A,1632,56535754,encoded,,16427,False
B,1632,56553658,encoded,,7915,False
A,1633,56569090,encoded,,18525,False
B,1633,56586993,encoded,,15972,False
A,1634,56602421,encoded,,12807,False
B,1634,56620332,encoded,,10227,False
A,1635,56635760,encoded,,11424,False
B,1635,56653662,encoded,,8604,False
A,1636,56669091,encoded,,9847,False
B,1636,56686996,encoded,,7573,False
A,1637,56702422,encoded,,9379,False
B,1637,56720334,encoded,,7423,False
A,1638,56735761,encoded,,8580,False
B,1638,56753663,encoded,,7001,False
A,1639,56769099,encoded,,8777,False
B,1639,56787009,encoded,,6827,False
A,1640,56802433,encoded,,7879,False
B,1640,56820340,encoded,,6502,False
A,1641,56835764,encoded,,7923,False
B,1641,56853671,encoded,,7019,False
A,1642,56869111,encoded,,7891,False
B,1642,56886997,encoded,,6473,False
A,1643,56902447,encoded,,8191,False
B,1643,56920336,encoded,,5735,False
A,1644,56935772,encoded,,7449,False
B,1644,56953669,encoded,,9354,False
A,1645,56969103,encoded,,8000,False
B,1645,56987019,encoded,,16667,False
A,1646,57002432,encoded,,9880,False
B,1646,57020343,encoded,,36642,False
A,1647,57035765,encoded,,16666,False
B,1647,57053690,encoded,,2537,False
A,1648,57102438,encoded,,38122,False
A,1649,57135768,encoded,,5001,False
B,1648,57087023,encoded,,10821,False
B,1649,57120344,encoded,,16667,False
A,1650,57169100,encoded,,6877,False
B,1650,57187017,encoded,,16666,False
A,1651,57202439,encoded,,125509,True
B,1651,57220346,encoded,,123129,True
A,1652,57235789,encoded,,17777,False
B,1652,57253685,encoded,,17571,False
A,1653,57269119,encoded,,6869,False
B,1653,57287012,encoded,,18506,False
A,1654,57302449,encoded,,21083,False
B,1654,57320345,encoded,,18765,False
A,1655,57335798,encoded,,22906,False
B,1655,57353692,encoded,,23842,False
A,1656,57369117,encoded,,11046,False
B,1656,57387012,encoded,,21467,False
A,1657,57402447,encoded,,9242,False
B,1657,57420347,encoded,,19381,False
A,1658,57435771,encoded,,8844,False
B,1658,57453679,encoded,,15743,False
A,1659,57469120,encoded,,21496,False
B,1659,57487033,encoded,,11928,False
A,1660,57502440,encoded,,14537,False
B,1660,57520347,encoded,,10922,False
A,1661,57535780,encoded,,23645,False
B,1661,57553689,encoded,,14023,False
A,1662,57569117,encoded,,23060,False
B,1662,57587031,encoded,,19195,False
A,1663,57602445,encoded,,3061,False
B,1663,57620355,encoded,,4639,False
A,1664,57635783,encoded,,16454,False
B,1664,57653687,encoded,,11917,False
A,1665,57669128,encoded,,11657,False
B,1665,57687019,encoded,,8960,False
A,1666,57702461,encoded,,10229,False
B,1666,57720369,encoded,,7931,False
A,1667,57735780,encoded,,9304,False
B,1667,57753688,encoded,,6933,False
A,1668,57769135,encoded,,9105,False
B,1668,57787025,encoded,,5987,False
A,1669,57802452,encoded,,8579,False
B,1669,57820360,encoded,,5825,False
A,1670,57835786,encoded,,9659,False
B,1670,57853704,encoded,,5463,False
A,1671,57869118,encoded,,8379,False
B,1671,57887031,encoded,,5304,False
A,1672,57902452,encoded,,7887,False
B,1672,57920367,encoded,,4816,False
A,1673,57935788,encoded,,7707,False
B,1673,57953696,encoded,,4706,False
A,1674,57969131,encoded,,7392,False
B,1674,57987031,encoded,,13047,False
A,1675,58002467,encoded,,7235,False
B,1675,58020368,encoded,,39102,False
A,1676,58035791,encoded,,10672,False
B,1676,58053696,encoded,,31316,False
A,1677,58069129,encoded,,16666,False
B,1677,58087032,encoded,,1802,False
A,1678,58102461,encoded,,36573,False
B,1678,58120368,encoded,,2069,False
A,1679,58135808,encoded,,3745,False
B,1679,58153721,encoded,,9045,False
A,1680,58169131,encoded,,9682,False
B,1680,58187051,encoded,,16666,False
A,1681,58202470,encoded,,125342,True
B,1681,58220365,encoded,,123158,True
A,1682,58235797,encoded,,18299,False
B,1682,58253718,encoded,,9453,False
A,1683,58302465,encoded,,6739,False
B,1683,58320370,encoded,,19990,False
A,1684,58335794,encoded,,23186,False
B,1684,58353700,encoded,,12870,False
A,1685,58369147,encoded,,17606,False
B,1685,58387036,encoded,,13980,False
A,1686,58402466,encoded,,24476,False
B,1686,58420368,encoded,,24661,False
A,1687,58435805,encoded,,21713,False
B,1687,58453703,encoded,,11517,False
A,1688,58469134,encoded,,11542,False
B,1688,58487041,encoded,,13173,False
A,1689,58502466,encoded,,9611,False
B,1689,58520372,encoded,,13238,False
A,1690,58535804,encoded,,8358,False
B,1690,58553723,encoded,,17707,False
A,1691,58569139,encoded,,22067,False
B,1691,58587049,encoded,,18692,False
A,1692,58602478,encoded,,20973,False
B,1692,58620391,encoded,,15081,False
A,1693,58635819,encoded,,2540,False
B,1693,58653711,encoded,,17207,False
A,1694,58669138,encoded,,16245,False
B,1694,58687054,encoded,,6278,False
A,1695,58702479,encoded,,11996,False
B,1695,58720384,encoded,,12559,False
A,1696,58735829,encoded,,11653,False
B,1696,58753710,encoded,,9006,False
A,1697,58769168,encoded,,9765,False
B,1697,58787068,encoded,,7820,False
A,1698,58802485,encoded,,9735,False
B,1698,58820383,encoded,,6654,False
A,1699,58835812,encoded,,9280,False
B,1699,58853725,encoded,,6383,False
A,1700,58869150,encoded,,8570,False
B,1700,58887068,encoded,,5538,False
A,1701,58902479,encoded,,8334,False
B,1701,58920405,encoded,,5393,False
A,1702,58935813,encoded,,9134,False
B,1702,58953718,encoded,,5096,False
A,1703,58969151,encoded,,7876,False
B,1703,58987056,encoded,,7880,False
A,1704,59002478,encoded,,7856,False
B,1704,59020390,encoded,,16666,False
A,1705,59035809,encoded,,7585,False
B,1705,59053718,encoded,,38725,False
A,1706,59069148,encoded,,7155,False
B,1706,59087051,encoded,,3289,False
A,1707,59102480,encoded,,12364,False
B,1707,59120390,encoded,,7986,False
A,1708,59135818,encoded,,16667,False
B,1708,59153723,encoded,,16667,False
A,1709,59169152,encoded,,16667,False
B,1709,59187067,encoded,,16667,False
A,1710,59202503,encoded,,16666,False
B,1710,59220415,encoded,,16666,False
A,1711,59235831,encoded,,125367,True
B,1711,59253740,encoded,,123118,True
A,1712,59269165,encoded,,14789,False
B,1712,59287061,encoded,,13298,False
A,1713,59302485,encoded,,12511,False
B,1713,59320409,encoded,,14396,False
A,1714,59335831,encoded,,19500,False
B,1714,59353729,encoded,,19060,False
A,1715,59402502,encoded,,17993,False
B,1715,59387062,encoded,,17045,False
B,1716,59420409,encoded,,17834,False
A,1716,59435820,encoded,,23106,False
B,1717,59487064,encoded,,16231,False
A,1717,59469163,encoded,,20494,False
B,1718,59520406,encoded,,11431,False
A,1718,59502497,encoded,,11835,False
B,1719,59553732,encoded,,10331,False
A,1719,59535822,encoded,,9736,False
B,1720,59587077,encoded,,20627,False
A,1720,59569166,encoded,,8336,False
B,1721,59620421,encoded,,22266,False
A,1721,59602493,encoded,,20428,False
B,1722,59653736,encoded,,12583,False
A,1722,59635838,encoded,,5523,False
B,1723,59687078,encoded,,8082,False
A,1723,59669160,encoded,,22717,False
B,1724,59720408,encoded,,7421,False
A,1724,59702494,encoded,,13400,False
B,1725,59753739,encoded,,13918,False
A,1725,59735828,encoded,,11760,False
B,1726,59787069,encoded,,9688,False
A,1726,59769163,encoded,,11282,False
B,1727,59820420,encoded,,8244,False
A,1727,59802524,encoded,,10061,False
A,1728,59835861,encoded,,9451,False
B,1728,59853755,encoded,,7783,False
A,1729,59869180,encoded,,9104,False
B,1729,59887079,encoded,,7554,False
A,1730,59902513,encoded,,8386,False
B,1730,59920404,encoded,,7262,False
A,1731,59935854,encoded,,8705,False
B,1731,59953739,encoded,,6604,False
A,1732,59969204,encoded,,8150,False
B,1732,59987076,encoded,,6170,False
A,1733,60002518,encoded,,8091,False
B,1733,60020413,encoded,,6063,False
A,1734,60035837,encoded,,7367,False
B,1734,60053746,encoded,,12991,False
A,1735,60069195,encoded,,7093,False
B,1735,60087080,encoded,,23742,False
A,1736,60102508,encoded,,8149,False
B,1736,60120422,encoded,,12179,False
A,1737,60135851,encoded,,16666,False
B,1737,60153764,encoded,,14079,False
A,1738,60169171,encoded,,24359,False
B,1738,60187079,encoded,,16667,False
B,1739,60220413,encoded,,16667,False
A,1739,60202512,encoded,,8975,False
A,1740,60235843,encoded,,16666,False
B,1740,60253769,encoded,,16666,False
A,1741,60269179,encoded,,125401,True
B,1741,60287099,encoded,,123019,True
A,1742,60302515,encoded,,8884,False
B,1742,60320415,encoded,,14204,False
A,1743,60335843,encoded,,21408,False
B,1743,60353779,encoded,,19581,False
A,1744,60369176,encoded,,17210,False
B,1744,60387105,encoded,,22727,False
A,1745,60402513,encoded,,18549,False
B,1745,60420430,encoded,,18313,False
A,1746,60435844,encoded,,24291,False
B,1746,60453785,encoded,,25030,False
A,1747,60469178,encoded,,19542,False
B,1747,60487088,encoded,,16900,False
