camera,sequence,pts_us,status,drop_reason,encoded_bytes,keyframe
A,0,299170,dropped,camera_frame_error,,
B,0,549863,dropped,camera_frame_error,,
A,1,332507,encoded,,66258,True
A,2,565852,encoded,,72,False
B,1,583204,encoded,,77431,True
A,3,599180,encoded,,901,False
B,2,616533,encoded,,779,False
A,4,632515,encoded,,49318,False
B,3,649870,encoded,,770,False
A,5,665847,encoded,,1890,False
B,4,683212,encoded,,49901,False
A,6,699179,encoded,,13354,False
B,5,716535,encoded,,723,False
A,7,732518,encoded,,18701,False
B,6,749875,encoded,,11217,False
A,8,765859,encoded,,3714,False
B,7,783225,encoded,,22888,False
A,9,799202,encoded,,26158,False
B,8,816552,encoded,,12495,False
A,10,832527,encoded,,976,False
B,9,849884,encoded,,3871,False
A,11,865851,encoded,,5099,False
B,10,883210,encoded,,14529,False
A,12,899192,encoded,,12427,False
B,11,916564,encoded,,24602,False
A,13,932524,encoded,,4171,False
B,12,949893,encoded,,5434,False
A,14,965869,encoded,,19251,False
B,13,983227,encoded,,4110,False
A,15,999187,encoded,,5722,False
B,14,1016556,encoded,,13075,False
A,16,1032529,encoded,,14348,False
B,15,1049889,encoded,,6010,False
A,17,1065857,encoded,,16667,False
B,16,1083231,encoded,,4261,False
A,18,1099202,encoded,,16666,False
B,17,1116563,encoded,,16962,False
A,19,1132524,encoded,,16667,False
B,18,1149898,encoded,,6635,False
A,20,1165859,encoded,,16667,False
B,19,1183226,encoded,,16667,False
A,21,1199202,encoded,,16666,False
B,20,1216551,encoded,,21038,False
A,22,1232543,encoded,,16667,False
B,21,1249888,encoded,,12295,False
A,23,1265859,encoded,,16667,False
B,22,1283233,encoded,,16667,False
A,24,1299196,encoded,,16666,False
B,23,1316554,encoded,,16667,False
A,25,1332527,encoded,,16667,False
B,24,1349889,encoded,,16666,False
A,26,1365869,encoded,,16667,False
B,25,1383227,encoded,,16667,False
A,27,1399205,encoded,,16666,False
B,26,1416558,encoded,,16667,False
A,28,1432539,encoded,,16667,False
B,27,1449893,encoded,,16666,False
A,29,1465865,encoded,,16667,False
B,28,1483220,encoded,,16667,False
A,30,1499201,encoded,,16666,False
B,29,1516569,encoded,,16667,False
A,31,1532543,encoded,,115714,True
B,30,1549907,encoded,,16666,False
A,32,1565873,encoded,,20220,False
B,31,1583241,encoded,,123527,True
A,33,1599216,encoded,,675,False
B,32,1616586,encoded,,19851,False
A,34,1632544,encoded,,3769,False
B,33,1649903,encoded,,676,False
A,35,1665870,encoded,,8580,False
B,34,1683245,encoded,,4558,False
A,36,1699209,encoded,,11915,False
B,35,1716584,encoded,,8704,False
A,37,1732539,encoded,,5587,False
B,36,1749895,encoded,,17629,False
A,38,1765878,encoded,,4111,False
B,37,1783233,encoded,,6276,False
A,39,1799209,encoded,,21325,False
B,38,1816565,encoded,,5050,False
A,40,1832540,encoded,,8822,False
B,39,1849902,encoded,,17756,False
A,41,1865875,encoded,,6747,False
B,40,1883236,encoded,,7949,False
A,42,1899229,encoded,,5924,False
B,41,1916571,encoded,,6417,False
A,43,1932550,encoded,,5181,False
B,42,1949906,encoded,,5386,False
A,44,1965880,encoded,,14764,False
B,43,1983233,encoded,,4596,False
A,45,1999219,encoded,,21413,False
B,44,2016568,encoded,,4959,False
A,46,2032546,encoded,,11920,False
B,45,2049910,encoded,,17391,False
A,47,2065897,encoded,,16667,False
B,46,2083234,encoded,,28962,False
A,48,2099219,encoded,,16666,False
B,47,2116569,encoded,,3647,False
A,49,2132579,encoded,,16667,False
B,48,2149910,encoded,,16666,False
A,50,2165893,encoded,,16667,False
B,49,2183243,encoded,,16667,False
A,51,2199226,encoded,,16666,False
B,50,2216585,encoded,,16667,False
A,52,2232557,encoded,,16667,False
B,51,2249926,encoded,,16666,False
A,53,2265887,encoded,,16667,False
B,52,2283246,encoded,,16667,False
A,54,2299218,encoded,,16666,False
B,53,2316575,encoded,,16667,False
A,55,2332553,encoded,,16667,False
B,54,2349927,encoded,,16666,False
A,56,2365894,encoded,,16667,False
B,55,2383247,encoded,,16667,False
A,57,2399222,encoded,,16666,False
B,56,2416579,encoded,,16667,False
A,58,2432566,encoded,,16667,False
B,57,2449911,encoded,,16666,False
A,59,2465890,encoded,,16667,False
B,58,2483247,encoded,,16667,False
A,60,2499228,encoded,,16666,False
B,59,2516582,encoded,,16667,False
A,61,2532561,encoded,,115741,True
B,60,2549915,encoded,,16666,False
A,62,2565897,encoded,,26342,False
B,61,2583262,encoded,,123566,True
A,63,2599229,encoded,,8845,False
B,62,2616585,encoded,,11066,False
A,64,2632564,encoded,,9997,False
B,63,2649920,encoded,,12688,False
A,65,2665898,encoded,,14075,False
B,64,2683268,encoded,,14927,False
A,66,2699232,encoded,,14833,False
B,65,2716586,encoded,,23435,False
A,67,2732568,encoded,,15824,False
B,66,2749938,encoded,,15397,False
A,68,2765900,encoded,,9171,False
B,67,2783264,encoded,,7803,False
A,69,2799231,encoded,,7397,False
B,68,2816604,encoded,,20454,False
A,70,2832565,encoded,,6364,False
B,69,2849921,encoded,,9516,False
A,71,2865905,encoded,,5812,False
B,70,2883258,encoded,,7697,False
A,72,2899241,encoded,,5212,False
B,71,2916594,encoded,,6330,False
A,73,2932570,encoded,,19426,False
B,72,2949923,encoded,,5390,False
A,74,2965909,encoded,,2025,False
B,73,2983260,encoded,,5002,False
A,75,2999239,encoded,,11854,False
B,74,3016612,encoded,,4936,False
A,76,3032576,encoded,,8243,False
B,75,3049937,encoded,,19293,False
A,77,3065905,encoded,,7084,False
B,76,3083261,encoded,,3179,False
A,78,3099250,encoded,,11755,False
B,77,3116599,encoded,,19737,False
A,79,3132575,encoded,,16667,False
B,78,3149941,encoded,,2126,False
A,80,3165906,encoded,,23501,False
B,79,3183264,encoded,,13783,False
A,81,3199250,encoded,,9832,False
B,80,3216599,encoded,,8843,False
A,82,3232583,encoded,,16667,False
B,81,3249934,encoded,,14832,False
A,83,3265912,encoded,,16667,False
B,82,3283281,encoded,,16667,False
A,84,3299257,encoded,,16666,False
B,83,3316603,encoded,,16667,False
A,85,3332586,encoded,,16667,False
B,84,3349937,encoded,,16666,False
A,86,3365912,encoded,,16667,False
B,85,3383272,encoded,,16667,False
A,87,3399246,encoded,,16666,False
B,86,3416603,encoded,,16667,False
A,88,3432586,encoded,,16667,False
B,87,3449942,encoded,,16666,False
A,89,3465916,encoded,,16667,False
B,88,3483284,encoded,,16667,False
A,90,3499250,encoded,,16666,False
B,89,3516614,encoded,,16667,False
A,91,3532587,encoded,,124748,True
B,90,3549947,encoded,,16666,False
A,92,3565924,encoded,,23231,False
B,91,3583278,encoded,,123303,True
A,93,3599259,encoded,,2825,False
B,92,3616610,encoded,,9027,False
A,94,3632591,encoded,,12132,False
B,93,3649946,encoded,,14327,False
A,95,3665918,encoded,,14762,False
B,94,3683282,encoded,,14549,False
A,96,3699251,encoded,,17705,False
B,95,3716612,encoded,,15963,False
A,97,3732591,encoded,,11944,False
B,96,3749945,encoded,,17227,False
A,98,3765928,encoded,,19961,False
B,97,3783286,encoded,,15103,False
A,99,3799272,encoded,,16244,False
B,98,3816621,encoded,,21875,False
A,100,3832592,encoded,,10198,False
B,99,3849972,encoded,,8642,False
A,101,3865950,encoded,,8511,False
B,100,3883292,encoded,,7745,False
A,102,3899277,encoded,,7627,False
B,101,3916631,encoded,,6731,False
A,103,3932598,encoded,,6815,False
B,102,3949965,encoded,,19699,False
A,104,3965962,encoded,,6657,False
B,103,3983313,encoded,,21462,False
A,105,3999276,encoded,,5875,False
B,104,4016627,encoded,,2292,False
A,106,4032610,encoded,,5803,False
B,105,4049964,encoded,,14470,False
A,107,4065936,encoded,,5339,False
B,106,4083298,encoded,,9157,False
A,108,4099281,encoded,,24348,False
B,107,4116640,encoded,,7905,False
A,109,4132616,encoded,,2387,False
B,108,4149956,encoded,,7235,False
A,110,4165944,encoded,,15793,False
B,109,4183298,encoded,,6440,False
A,111,4199274,encoded,,11300,False
B,110,4216624,encoded,,6025,False
A,112,4232611,encoded,,12462,False
B,111,4249966,encoded,,5799,False
A,113,4265951,encoded,,16667,False
B,112,4283298,encoded,,11691,False
A,114,4299283,encoded,,16666,False
B,113,4316627,encoded,,16667,False
A,115,4332604,encoded,,16667,False
B,114,4349961,encoded,,34948,False
A,116,4365942,encoded,,16667,False
B,115,4383306,encoded,,2446,False
A,117,4399274,encoded,,16666,False
B,116,4416658,encoded,,12606,False
A,118,4432605,encoded,,16667,False
B,117,4449972,encoded,,16666,False
A,119,4465938,encoded,,16667,False
B,118,4483296,encoded,,16667,False
A,120,4499273,encoded,,16666,False
B,119,4516628,encoded,,16667,False
A,121,4532612,encoded,,124845,True
B,120,4549969,encoded,,16666,False
A,122,4565959,encoded,,19531,False
B,121,4583299,encoded,,123660,True
A,123,4599282,encoded,,11000,False
B,122,4616646,encoded,,10230,False
A,124,4632609,encoded,,22132,False
B,123,4649973,encoded,,15239,False
A,125,4665947,encoded,,16976,False
B,124,4683302,encoded,,13368,False
A,126,4699289,encoded,,9347,False
B,125,4716635,encoded,,17298,False
A,127,4732614,encoded,,25836,False
B,126,4749974,encoded,,12924,False
A,128,4765945,encoded,,12409,False
B,127,4783302,encoded,,15523,False
A,129,4799287,encoded,,9757,False
B,128,4816643,encoded,,22133,False
A,130,4832619,encoded,,8529,False
B,129,4849973,encoded,,18825,False
A,131,4865955,encoded,,7865,False
B,130,4883308,encoded,,13287,False
A,132,4899283,encoded,,6985,False
B,131,4916648,encoded,,14441,False
A,133,4932624,encoded,,6198,False
B,132,4949973,encoded,,17405,False
A,134,4965951,encoded,,6255,False
B,133,4983310,encoded,,8981,False
A,135,4999286,encoded,,25535,False
B,134,5016644,encoded,,7857,False
A,136,5032619,encoded,,2842,False
B,135,5049980,encoded,,7172,False
A,137,5065960,encoded,,16213,False
B,136,5083316,encoded,,6948,False
A,138,5099287,encoded,,11292,False
B,137,5116644,encoded,,6516,False
A,139,5132622,encoded,,10205,False
B,138,5149981,encoded,,6513,False
A,140,5165958,encoded,,9305,False
B,139,5183313,encoded,,6419,False
A,141,5199291,encoded,,8993,False
B,140,5216648,encoded,,5544,False
A,142,5232631,encoded,,8279,False
B,141,5249985,encoded,,5518,False
A,143,5265958,encoded,,8278,False
B,142,5283327,encoded,,10866,False
A,144,5299292,encoded,,11393,False
B,143,5316654,encoded,,16667,False
A,145,5332635,encoded,,16667,False
B,144,5349986,encoded,,32132,False
A,146,5365978,encoded,,20160,False
B,145,5383322,encoded,,5323,False
A,147,5399310,encoded,,13173,False
B,146,5416660,encoded,,12545,False
A,148,5432632,encoded,,16667,False
B,147,5449995,encoded,,16666,False
A,149,5465978,encoded,,16667,False
B,148,5483324,encoded,,16667,False
A,150,5499320,encoded,,16666,False
B,149,5516663,encoded,,16667,False
A,151,5532632,encoded,,124757,True
B,150,5549989,encoded,,16666,False
A,152,5565971,encoded,,16829,False
B,151,5583329,encoded,,123358,True
A,153,5599301,encoded,,11551,False
B,152,5616674,encoded,,13495,False
A,154,5632648,encoded,,15456,False
B,153,5650013,encoded,,20141,False
A,155,5665981,encoded,,20807,False
B,154,5683329,encoded,,15273,False
A,156,5699307,encoded,,23904,False
B,155,5716673,encoded,,16467,False
A,157,5732643,encoded,,20582,False
B,156,5750018,encoded,,14713,False
A,158,5765977,encoded,,11389,False
B,157,5783339,encoded,,24368,False
A,159,5799306,encoded,,9738,False
B,158,5816662,encoded,,17983,False
A,160,5832658,encoded,,8241,False
B,159,5849998,encoded,,15090,False
A,161,5865974,encoded,,7415,False
B,160,5883341,encoded,,12324,False
A,162,5899323,encoded,,6953,False
B,161,5916666,encoded,,10936,False
A,163,5932670,encoded,,6220,False
B,162,5949998,encoded,,16278,False
A,164,5965979,encoded,,26360,False
B,163,5983340,encoded,,9296,False
A,165,5999324,encoded,,14093,False
B,164,6016670,encoded,,7995,False
A,166,6032659,encoded,,2716,False
B,165,6050034,encoded,,6894,False
A,167,6065994,encoded,,14720,False
B,166,6083343,encoded,,6107,False
A,168,6099328,encoded,,10754,False
B,167,6116674,encoded,,5867,False
A,169,6132673,encoded,,10135,False
B,168,6150007,encoded,,6261,False
A,170,6166002,encoded,,9134,False
B,169,6183349,encoded,,5929,False
A,171,6199320,encoded,,9760,False
B,170,6216678,encoded,,5540,False
A,172,6232669,encoded,,8583,False
B,171,6250019,encoded,,11843,False
A,173,6266014,encoded,,8390,False
B,172,6283348,encoded,,8498,False
A,174,6299333,encoded,,7984,False
B,173,6316674,encoded,,8678,False
A,175,6332666,encoded,,10196,False
B,174,6350039,encoded,,16666,False
A,176,6366007,encoded,,16667,False
B,175,6383352,encoded,,36308,False
A,177,6399340,encoded,,19452,False
B,176,6416690,encoded,,4866,False
A,178,6432683,encoded,,13881,False
B,177,6450023,encoded,,8826,False
A,179,6466008,encoded,,16667,False
B,178,6483352,encoded,,16667,False
A,180,6499351,encoded,,16666,False
B,179,6516692,encoded,,16667,False
A,181,6532663,encoded,,125092,True
B,180,6550032,encoded,,16666,False
A,182,6565990,encoded,,17727,False
B,181,6583370,encoded,,123239,True
A,183,6599329,encoded,,12266,False
B,182,6616698,encoded,,16244,False
A,184,6632661,encoded,,22368,False
B,183,6650018,encoded,,9922,False
A,185,6666005,encoded,,16383,False
B,184,6683368,encoded,,13185,False
A,186,6699325,encoded,,21900,False
B,185,6716721,encoded,,17467,False
A,187,6732661,encoded,,18388,False
B,186,6750039,encoded,,12919,False
A,188,6765997,encoded,,10816,False
B,187,6783353,encoded,,22896,False
A,189,6799330,encoded,,9221,False
B,188,6816692,encoded,,12993,False
A,190,6832667,encoded,,8003,False
B,189,6850032,encoded,,13863,False
A,191,6865996,encoded,,7218,False
B,190,6883355,encoded,,19368,False
A,192,6899336,encoded,,7346,False
B,191,6916693,encoded,,15475,False
A,193,6932670,encoded,,19817,False
B,192,6950025,encoded,,18288,False
A,194,6965998,encoded,,18197,False
B,193,6983359,encoded,,8804,False
A,195,6999330,encoded,,12852,False
B,194,7016703,encoded,,7355,False
A,196,7032666,encoded,,11638,False
B,195,7050026,encoded,,6491,False
A,197,7066008,encoded,,10173,False
B,196,7083360,encoded,,6254,False
A,198,7099334,encoded,,9841,False
B,197,7116692,encoded,,5787,False
A,199,7132670,encoded,,9539,False
B,198,7150035,encoded,,13458,False
A,200,7166004,encoded,,8652,False
B,199,7183368,encoded,,9109,False
A,201,7199338,encoded,,8482,False
B,200,7216702,encoded,,8109,False
A,202,7232675,encoded,,7889,False
B,201,7250033,encoded,,7477,False
A,203,7266007,encoded,,7767,False
B,202,7283363,encoded,,6966,False
A,204,7299346,encoded,,7958,False
B,203,7316700,encoded,,7665,False
A,205,7332679,encoded,,7484,False
B,204,7350039,encoded,,16666,False
A,206,7366015,encoded,,16317,False
B,205,7383370,encoded,,34210,False
A,207,7399345,encoded,,25520,False
B,206,7416706,encoded,,4573,False
A,208,7432676,encoded,,7813,False
B,207,7450051,encoded,,11217,False
A,209,7466019,encoded,,16667,False
B,208,7483375,encoded,,16667,False
A,210,7499346,encoded,,16666,False
B,209,7516710,encoded,,16667,False
A,211,7532695,encoded,,124850,True
B,210,7550052,encoded,,16666,False
A,212,7566068,encoded,,7574,False
B,211,7583377,encoded,,123275,True
A,213,7599368,encoded,,15273,False
B,212,7616709,encoded,,15573,False
A,214,7632693,encoded,,24365,False
B,213,7650057,encoded,,11835,False
A,215,7666026,encoded,,17925,False
B,214,7683381,encoded,,14166,False
A,216,7699351,encoded,,23957,False
B,215,7716713,encoded,,16290,False
A,217,7732704,encoded,,19862,False
B,216,7750051,encoded,,16452,False
A,218,7766043,encoded,,11191,False
B,217,7783403,encoded,,16914,False
A,219,7799353,encoded,,9768,False
B,218,7816720,encoded,,11857,False
A,220,7832692,encoded,,8342,False
B,219,7850068,encoded,,12949,False
A,221,7866033,encoded,,7353,False
B,220,7883391,encoded,,17166,False
A,222,7899368,encoded,,7393,False
B,221,7916721,encoded,,14700,False
A,223,7932696,encoded,,20383,False
B,222,7950052,encoded,,14549,False
A,224,7966048,encoded,,18524,False
B,223,7983389,encoded,,16227,False
A,225,7999361,encoded,,13198,False
B,224,8016726,encoded,,8639,False
A,226,8032697,encoded,,10593,False
B,225,8050060,encoded,,7275,False
A,227,8066038,encoded,,10369,False
B,226,8083388,encoded,,7227,False
A,228,8099382,encoded,,9837,False
B,227,8116727,encoded,,6848,False
A,229,8132700,encoded,,8998,False
B,228,8150053,encoded,,14578,False
A,230,8166054,encoded,,8607,False
B,229,8183392,encoded,,9221,False
A,231,8199361,encoded,,8353,False
B,230,8216735,encoded,,8021,False
A,232,8232709,encoded,,7785,False
B,231,8250082,encoded,,7968,False
A,233,8266056,encoded,,7539,False
B,232,8283398,encoded,,7696,False
A,234,8299366,encoded,,7510,False
B,233,8316729,encoded,,7351,False
A,235,8332698,encoded,,7491,False
B,234,8350060,encoded,,13223,False
A,236,8366032,encoded,,16294,False
B,235,8383403,encoded,,16667,False
A,237,8399367,encoded,,26127,False
B,236,8416767,encoded,,23749,False
A,238,8432709,encoded,,7206,False
B,237,8450072,encoded,,9584,False
A,239,8466039,encoded,,16667,False
B,238,8483395,encoded,,16667,False
A,240,8499370,encoded,,16666,False
B,239,8516735,encoded,,16667,False
A,241,8532708,encoded,,124789,True
B,240,8550068,encoded,,16666,False
A,242,8566046,encoded,,6713,False
B,241,8583403,encoded,,123464,True
A,243,8599373,encoded,,15602,False
B,242,8616732,encoded,,19785,False
A,244,8632705,encoded,,24674,False
B,243,8650065,encoded,,8650,False
A,245,8666045,encoded,,18122,False
B,244,8683401,encoded,,10751,False
A,246,8699399,encoded,,24865,False
B,245,8716741,encoded,,16191,False
A,247,8732716,encoded,,19280,False
B,246,8750074,encoded,,24698,False
A,248,8766054,encoded,,10715,False
B,247,8783404,encoded,,11457,False
A,249,8799377,encoded,,9218,False
B,248,8816738,encoded,,13797,False
A,250,8832718,encoded,,8181,False
B,249,8850078,encoded,,15644,False
A,251,8866050,encoded,,7295,False
B,250,8883406,encoded,,13415,False
A,252,8899387,encoded,,22849,False
B,251,8916743,encoded,,12714,False
A,253,8932720,encoded,,18025,False
B,252,8950077,encoded,,14519,False
A,254,8966049,encoded,,12427,False
B,253,8983411,encoded,,15762,False
A,255,8999380,encoded,,11156,False
B,254,9016747,encoded,,8543,False
A,256,9032717,encoded,,10091,False
B,255,9050077,encoded,,7152,False
A,257,9066054,encoded,,9359,False
B,256,9083408,encoded,,6760,False
A,258,9099384,encoded,,9215,False
B,257,9116752,encoded,,14905,False
A,259,9132720,encoded,,8724,False
B,258,9150083,encoded,,9925,False
A,260,9166052,encoded,,8176,False
B,259,9183430,encoded,,8869,False
A,261,9199390,encoded,,8273,False
B,260,9216777,encoded,,8226,False
A,262,9232722,encoded,,7723,False
B,261,9250079,encoded,,7582,False
A,263,9266065,encoded,,7548,False
B,262,9283417,encoded,,6971,False
A,264,9299410,encoded,,7605,False
B,263,9316767,encoded,,7194,False
A,265,9332735,encoded,,7522,False
B,264,9350095,encoded,,13026,False
A,266,9366060,encoded,,15187,False
B,265,9383434,encoded,,16667,False
A,267,9399401,encoded,,25197,False
B,266,9416761,encoded,,16667,False
A,268,9432728,encoded,,8136,False
B,267,9450086,encoded,,16666,False
A,269,9466064,encoded,,16667,False
B,268,9483434,encoded,,16667,False
A,270,9499403,encoded,,16666,False
B,269,9516766,encoded,,16667,False
A,271,9532748,encoded,,124840,True
B,270,9550095,encoded,,16666,False
A,272,9566079,encoded,,9279,False
B,271,9583433,encoded,,123470,True
A,273,9599405,encoded,,13863,False
B,272,9616768,encoded,,16074,False
A,274,9632746,encoded,,24230,False
B,273,9650098,encoded,,9988,False
A,275,9666081,encoded,,17703,False
B,274,9683425,encoded,,12834,False
A,276,9699410,encoded,,21283,False
B,275,9716771,encoded,,17280,False
A,277,9732740,encoded,,15816,False
B,276,9750108,encoded,,17310,False
A,278,9766072,encoded,,16670,False
B,277,9783440,encoded,,17375,False
A,279,9799412,encoded,,10292,False
B,278,9816767,encoded,,15070,False
A,280,9832744,encoded,,8629,False
B,279,9850103,encoded,,16172,False
A,281,9866078,encoded,,7486,False
B,280,9883433,encoded,,16196,False
A,282,9899426,encoded,,20552,False
B,281,9916786,encoded,,15959,False
A,283,9932757,encoded,,20202,False
B,282,9950098,encoded,,17801,False
A,284,9966093,encoded,,3019,False
B,283,9983434,encoded,,8432,False
A,285,9999429,encoded,,16096,False
B,284,10016783,encoded,,7904,False
A,286,10032757,encoded,,11403,False
B,285,10050100,encoded,,7835,False
A,287,10066074,encoded,,10660,False
B,286,10083450,encoded,,7399,False
A,288,10099409,encoded,,9483,False
B,287,10116790,encoded,,14839,False
A,289,10132743,encoded,,8814,False
B,288,10150110,encoded,,10843,False
A,290,10166081,encoded,,8588,False
B,289,10183460,encoded,,9902,False
A,291,10199409,encoded,,8283,False
B,290,10216790,encoded,,9236,False
A,292,10232753,encoded,,8333,False
B,291,10250134,encoded,,8898,False
A,293,10266087,encoded,,8011,False
B,292,10283449,encoded,,8638,False
A,294,10299429,encoded,,8663,False
B,293,10316779,encoded,,8108,False
A,295,10332748,encoded,,7652,False
B,294,10350110,encoded,,8061,False
A,296,10366090,encoded,,13484,False
B,295,10383451,encoded,,11043,False
A,297,10399424,encoded,,16666,False
B,296,10416777,encoded,,16667,False
A,298,10432755,encoded,,19494,False
B,297,10450114,encoded,,16666,False
A,299,10466084,encoded,,13840,False
B,298,10483447,encoded,,16667,False
A,300,10499417,encoded,,16666,False
B,299,10516782,encoded,,16667,False
A,301,10532773,encoded,,124787,True
B,300,10550119,encoded,,16666,False
A,302,10566092,encoded,,14143,False
B,301,10583449,encoded,,123183,True
A,303,10599418,encoded,,13270,False
B,302,10616786,encoded,,16077,False
A,304,10632756,encoded,,19667,False
B,303,10650115,encoded,,13398,False
A,305,10666096,encoded,,17971,False
B,304,10683452,encoded,,19846,False
A,306,10699425,encoded,,23603,False
B,305,10716784,encoded,,25253,False
A,307,10732767,encoded,,20230,False
B,306,10750129,encoded,,18751,False
A,308,10766089,encoded,,11063,False
B,307,10783452,encoded,,26071,False
A,309,10799424,encoded,,9462,False
B,308,10816784,encoded,,19610,False
A,310,10832763,encoded,,8119,False
B,309,10850121,encoded,,7187,False
A,311,10866092,encoded,,19697,False
B,310,10883455,encoded,,14038,False
A,312,10899424,encoded,,21427,False
B,311,10916787,encoded,,11244,False
A,313,10932762,encoded,,2778,False
B,312,10950121,encoded,,19434,False
A,314,10966095,encoded,,16768,False
B,313,10983458,encoded,,12305,False
A,315,10999428,encoded,,11730,False
B,314,11016798,encoded,,10207,False
A,316,11032762,encoded,,10502,False
B,315,11050129,encoded,,9594,False
A,317,11066097,encoded,,9975,False
B,316,11083459,encoded,,8337,False
A,318,11099438,encoded,,9686,False
B,317,11116796,encoded,,8264,False
A,319,11132765,encoded,,9051,False
B,318,11150133,encoded,,8036,False
A,320,11166105,encoded,,8114,False
B,319,11183465,encoded,,7910,False
A,321,11199436,encoded,,8345,False
B,320,11216814,encoded,,7482,False
A,322,11232779,encoded,,7433,False
B,321,11250130,encoded,,14040,False
A,323,11266103,encoded,,7542,False
B,322,11283477,encoded,,10537,False
A,324,11299453,encoded,,7639,False
B,323,11316815,encoded,,8907,False
A,325,11332784,encoded,,7108,False
A,326,11366124,encoded,,13224,False
B,324,11350140,encoded,,7721,False
B,325,11383468,encoded,,7007,False
A,327,11399462,encoded,,16666,False
B,326,11416820,encoded,,6236,False
A,328,11432795,encoded,,18062,False
B,327,11450160,encoded,,9325,False
A,329,11466106,encoded,,15272,False
B,328,11483475,encoded,,16667,False
A,330,11499445,encoded,,16666,False
B,329,11516813,encoded,,42673,False
A,331,11532796,encoded,,125091,True
B,330,11550151,encoded,,2201,False
A,332,11566114,encoded,,18111,False
B,331,11583491,encoded,,123730,True
A,333,11599445,encoded,,11086,False
B,332,11616825,encoded,,17010,False
A,334,11632781,encoded,,18971,False
B,333,11650159,encoded,,10891,False
A,335,11666115,encoded,,17570,False
B,334,11683493,encoded,,18783,False
A,336,11699445,encoded,,23163,False
B,335,11716819,encoded,,17603,False
A,337,11732796,encoded,,20274,False
B,336,11750169,encoded,,11462,False
A,338,11766127,encoded,,11635,False
B,337,11783476,encoded,,15294,False
A,339,11799468,encoded,,9399,False
B,338,11816814,encoded,,15757,False
A,340,11832787,encoded,,8313,False
B,339,11850144,encoded,,16559,False
A,341,11866144,encoded,,20030,False
B,340,11883499,encoded,,16945,False
A,342,11899454,encoded,,5434,False
B,341,11916836,encoded,,12713,False
A,343,11932786,encoded,,15807,False
B,342,11950149,encoded,,15107,False
A,344,11966122,encoded,,17198,False
A,345,11999458,encoded,,11582,False
B,343,11983486,encoded,,18364,False
B,344,12016816,encoded,,10906,False
A,346,12032791,encoded,,10549,False
B,345,12050157,encoded,,10325,False
A,347,12066120,encoded,,9643,False
B,346,12083492,encoded,,9666,False
A,348,12099456,encoded,,9317,False
B,347,12116817,encoded,,8779,False
A,349,12132791,encoded,,8506,False
B,348,12150159,encoded,,8448,False
A,350,12166129,encoded,,8310,False
B,349,12183487,encoded,,7864,False
A,351,12199463,encoded,,7927,False
B,350,12216830,encoded,,7677,False
A,352,12232791,encoded,,7861,False
B,351,12250159,encoded,,7659,False
A,353,12266127,encoded,,7911,False
B,352,12283491,encoded,,7009,False
A,354,12299462,encoded,,7626,False
B,353,12316822,encoded,,13858,False
A,355,12332792,encoded,,7172,False
B,354,12350157,encoded,,10359,False
A,356,12366129,encoded,,14848,False
B,355,12383496,encoded,,9564,False
A,357,12399467,encoded,,19710,False
B,356,12416827,encoded,,8337,False
A,358,12432796,encoded,,13623,False
B,357,12450158,encoded,,8111,False
A,359,12466137,encoded,,16667,False
B,358,12483496,encoded,,16346,False
A,360,12499469,encoded,,16666,False
B,359,12516828,encoded,,17724,False
A,361,12532809,encoded,,124909,True
B,360,12550169,encoded,,15609,False
A,362,12566133,encoded,,17221,False
B,361,12583503,encoded,,123418,True
A,363,12599477,encoded,,10957,False
B,362,12616862,encoded,,17727,False
A,364,12632808,encoded,,20011,False
B,363,12650169,encoded,,17337,False
A,365,12666133,encoded,,17358,False
B,364,12683501,encoded,,12216,False
A,366,12699491,encoded,,23864,False
B,365,12716850,encoded,,15782,False
A,367,12732819,encoded,,19672,False
B,366,12750175,encoded,,16052,False
A,368,12766167,encoded,,10939,False
B,367,12783516,encoded,,23049,False
A,369,12799472,encoded,,9098,False
B,368,12816838,encoded,,12861,False
A,370,12832813,encoded,,7617,False
B,369,12850181,encoded,,13783,False
A,371,12866162,encoded,,21075,False
B,370,12883504,encoded,,13165,False
A,372,12899489,encoded,,21075,False
B,371,12916837,encoded,,11942,False
A,373,12932808,encoded,,13526,False
B,372,12950175,encoded,,13911,False
A,374,12966164,encoded,,11878,False
B,373,12983508,encoded,,20051,False
A,375,12999496,encoded,,10292,False
B,374,13016869,encoded,,11366,False
A,376,13032822,encoded,,10107,False
B,375,13050186,encoded,,9660,False
A,377,13066165,encoded,,9405,False
B,376,13083512,encoded,,8298,False
A,378,13099491,encoded,,8745,False
B,377,13116850,encoded,,7795,False
A,379,13132832,encoded,,8820,False
B,378,13150182,encoded,,7219,False
A,380,13166169,encoded,,8257,False
B,379,13183520,encoded,,6792,False
A,381,13232822,encoded,,8199,False
B,380,13250179,encoded,,14643,False
A,382,13266154,encoded,,7661,False
B,381,13283530,encoded,,10453,False
A,383,13299483,encoded,,8017,False
B,382,13316853,encoded,,10085,False
A,384,13332824,encoded,,7580,False
B,383,13350187,encoded,,9604,False
A,385,13366152,encoded,,7219,False
B,384,13383515,encoded,,9099,False
A,386,13399489,encoded,,9832,False
B,385,13416851,encoded,,8801,False
A,387,13432830,encoded,,16666,False
B,386,13450190,encoded,,8225,False
A,388,13466198,encoded,,23518,False
B,387,13483527,encoded,,16666,False
A,389,13499495,encoded,,9816,False
B,388,13516850,encoded,,17555,False
A,390,13532822,encoded,,16666,False
B,389,13550186,encoded,,15779,False
A,391,13566165,encoded,,124769,True
B,390,13583520,encoded,,16666,False
A,392,13599493,encoded,,8766,False
B,391,13616856,encoded,,123229,True
A,393,13632830,encoded,,26517,False
B,392,13650190,encoded,,16345,False
A,394,13666173,encoded,,13912,False
B,393,13683524,encoded,,10177,False
A,395,13699498,encoded,,17923,False
B,394,13716871,encoded,,13679,False
A,396,13732840,encoded,,23940,False
B,395,13750205,encoded,,16252,False
A,397,13766170,encoded,,20131,False
B,396,13783534,encoded,,10743,False
A,398,13799495,encoded,,11500,False
B,397,13816860,encoded,,17592,False
A,399,13832838,encoded,,9457,False
B,398,13850199,encoded,,16914,False
A,400,13866168,encoded,,7877,False
B,399,13883529,encoded,,15529,False
A,401,13899511,encoded,,22181,False
B,400,13916862,encoded,,12659,False
A,402,13932845,encoded,,20034,False
B,401,13950214,encoded,,22286,False
A,403,13966190,encoded,,13115,False
B,402,13983537,encoded,,16663,False
A,404,13999518,encoded,,11537,False
B,403,14016863,encoded,,18745,False
A,405,14032835,encoded,,10383,False
B,404,14050199,encoded,,10878,False
A,406,14066187,encoded,,10112,False
B,405,14083545,encoded,,9870,False
A,407,14099507,encoded,,9663,False
B,406,14116873,encoded,,8301,False
A,408,14132843,encoded,,8918,False
B,407,14150207,encoded,,7630,False
A,409,14166170,encoded,,8356,False
B,408,14183552,encoded,,6856,False
A,410,14199518,encoded,,8078,False
B,409,14216869,encoded,,6658,False
A,411,14232854,encoded,,7856,False
B,410,14250231,encoded,,13981,False
A,412,14266199,encoded,,7557,False
B,411,14283550,encoded,,9538,False
A,413,14299525,encoded,,7695,False
B,412,14316878,encoded,,8507,False
A,414,14332851,encoded,,7320,False
B,413,14350223,encoded,,7828,False
A,415,14366182,encoded,,7394,False
B,414,14383554,encoded,,6738,False
A,416,14399528,encoded,,8343,False
B,415,14416890,encoded,,9069,False
A,417,14432867,encoded,,16666,False
B,416,14450227,encoded,,16667,False
A,418,14466197,encoded,,24407,False
B,417,14483555,encoded,,35265,False
A,419,14499517,encoded,,8927,False
B,418,14516891,encoded,,3459,False
A,420,14532859,encoded,,16666,False
B,419,14550227,encoded,,11276,False
A,421,14566189,encoded,,125044,True
B,420,14583549,encoded,,16666,False
A,422,14599535,encoded,,6857,False
B,421,14616911,encoded,,123384,True
A,423,14632855,encoded,,21169,False
B,422,14650232,encoded,,13116,False
A,424,14666204,encoded,,18754,False
B,423,14683563,encoded,,13904,False
A,425,14699531,encoded,,18617,False
B,424,14716881,encoded,,13314,False
A,426,14732860,encoded,,21467,False
B,425,14750228,encoded,,16292,False
A,427,14766195,encoded,,21322,False
B,426,14783559,encoded,,16967,False
A,428,14799538,encoded,,10817,False
B,427,14816977,encoded,,17527,False
A,429,14832875,encoded,,9760,False
B,428,14850236,encoded,,13410,False
A,430,14866209,encoded,,8217,False
B,429,14883569,encoded,,17813,False
A,431,14899541,encoded,,22032,False
B,430,14916892,encoded,,13616,False
A,432,14932860,encoded,,20290,False
B,431,14950234,encoded,,13748,False
A,433,14966189,encoded,,2914,False
B,432,14983560,encoded,,13411,False
A,434,14999524,encoded,,16233,False
B,433,15016895,encoded,,15173,False
A,435,15032874,encoded,,11796,False
B,434,15050226,encoded,,8787,False
A,436,15066197,encoded,,10725,False
B,435,15083565,encoded,,7570,False
A,437,15099543,encoded,,9955,False
B,436,15116892,encoded,,6923,False
A,438,15132860,encoded,,9550,False
B,437,15150229,encoded,,14331,False
A,439,15166217,encoded,,9061,False
B,438,15183560,encoded,,9755,False
A,440,15199528,encoded,,8430,False
B,439,15216893,encoded,,8519,False
A,441,15232866,encoded,,8074,False
B,440,15250228,encoded,,9073,False
A,442,15266204,encoded,,7868,False
B,441,15283563,encoded,,8496,False
A,443,15299532,encoded,,8243,False
B,442,15316896,encoded,,7123,False
A,444,15332875,encoded,,7670,False
B,443,15350234,encoded,,6681,False
A,445,15366203,encoded,,6938,False
B,444,15383572,encoded,,11067,False
A,446,15399535,encoded,,11531,False
B,445,15416903,encoded,,16667,False
A,447,15432876,encoded,,16666,False
B,446,15450239,encoded,,32377,False
A,448,15466211,encoded,,24056,False
B,447,15483572,encoded,,3753,False
A,449,15499540,encoded,,9278,False
B,448,15516901,encoded,,13870,False
A,450,15532876,encoded,,16666,False
B,449,15550239,encoded,,16667,False
A,451,15566204,encoded,,125038,True
B,450,15583579,encoded,,16666,False
A,452,15599548,encoded,,15390,False
B,451,15616905,encoded,,137995,True
A,453,15632878,encoded,,12200,False
B,452,15650240,encoded,,12738,False
A,454,15666210,encoded,,19469,False
B,453,15683570,encoded,,14659,False
A,455,15699543,encoded,,17993,False
B,454,15716908,encoded,,19023,False
A,456,15732875,encoded,,21176,False
B,455,15750253,encoded,,16553,False
A,457,15766213,encoded,,22399,False
B,456,15783573,encoded,,17271,False
A,458,15799541,encoded,,10827,False
B,457,15816912,encoded,,15456,False
A,459,15832879,encoded,,11099,False
B,458,15850243,encoded,,10587,False
A,460,15866214,encoded,,8354,False
B,459,15883576,encoded,,12901,False
A,461,15899545,encoded,,7221,False
B,460,15916924,encoded,,10602,False
A,462,15932880,encoded,,19713,False
B,461,15950244,encoded,,16148,False
A,463,15966229,encoded,,19729,False
B,462,15983592,encoded,,8715,False
A,464,15999558,encoded,,13421,False
B,463,16016939,encoded,,7377,False
A,465,16032905,encoded,,11510,False
B,464,16050252,encoded,,15811,False
A,466,16066223,encoded,,11388,False
B,465,16083602,encoded,,10455,False
A,467,16099552,encoded,,10006,False
B,466,16116935,encoded,,8946,False
A,468,16132898,encoded,,9263,False
B,467,16150257,encoded,,7637,False
A,469,16166236,encoded,,8561,False
B,468,16183600,encoded,,7348,False
A,470,16199563,encoded,,8372,False
B,469,16216917,encoded,,6886,False
A,471,16232898,encoded,,8206,False
B,470,16250252,encoded,,6027,False
A,472,16266225,encoded,,7989,False
B,471,16283600,encoded,,5603,False
A,473,16299570,encoded,,7837,False
B,472,16316924,encoded,,5336,False
A,474,16332896,encoded,,7865,False
B,473,16350275,encoded,,9260,False
A,475,16366239,encoded,,7628,False
B,474,16383599,encoded,,16666,False
A,476,16432893,encoded,,10680,False
B,475,16416946,encoded,,31258,False
A,477,16466226,encoded,,16666,False
B,476,16483598,encoded,,2806,False
A,478,16499560,encoded,,24786,False
B,477,16516924,encoded,,15936,False
A,479,16532917,encoded,,8548,False
B,478,16550270,encoded,,16667,False
A,480,16566227,encoded,,16666,False
B,479,16583609,encoded,,16667,False
A,481,16599563,encoded,,124932,True
B,480,16616950,encoded,,16666,False
A,482,16632896,encoded,,9720,False
B,481,16650268,encoded,,123532,True
A,483,16666245,encoded,,13859,False
B,482,16683596,encoded,,12126,False
A,484,16699565,encoded,,23882,False
B,483,16716932,encoded,,14929,False
A,485,16732918,encoded,,18427,False
B,484,16750278,encoded,,14250,False
A,486,16766241,encoded,,23639,False
B,485,16783601,encoded,,16180,False
B,486,16816941,encoded,,17394,False
A,487,16799567,encoded,,20416,False
A,488,16832906,encoded,,11609,False
B,487,16850274,encoded,,20266,False
A,489,16866233,encoded,,9555,False
B,488,16883601,encoded,,14643,False
A,490,16899573,encoded,,8030,False
B,489,16916942,encoded,,13643,False
A,491,16932912,encoded,,20714,False
B,490,16950272,encoded,,15665,False
A,492,16966240,encoded,,4729,False
B,491,16983607,encoded,,14218,False
A,493,16999586,encoded,,22304,False
B,492,17016938,encoded,,13427,False
A,494,17032928,encoded,,13451,False
B,493,17050272,encoded,,14173,False
A,495,17066242,encoded,,11727,False
B,494,17083634,encoded,,8149,False
A,496,17099580,encoded,,10177,False
B,495,17116942,encoded,,16485,False
A,497,17132919,encoded,,9417,False
B,496,17150274,encoded,,10756,False
A,498,17166250,encoded,,9057,False
B,497,17183608,encoded,,9241,False
A,499,17199576,encoded,,8632,False
B,498,17216945,encoded,,8405,False
A,500,17232919,encoded,,8470,False
B,499,17250283,encoded,,8198,False
A,501,17266249,encoded,,8115,False
B,500,17283617,encoded,,7581,False
A,502,17299579,encoded,,7983,False
B,501,17316945,encoded,,6689,False
A,503,17332918,encoded,,8059,False
B,502,17350280,encoded,,5844,False
A,504,17366253,encoded,,7369,False
B,503,17383614,encoded,,6195,False
A,505,17399579,encoded,,7226,False
B,504,17416949,encoded,,8011,False
A,506,17432915,encoded,,11835,False
B,505,17450287,encoded,,16667,False
A,507,17466253,encoded,,16666,False
B,506,17483616,encoded,,30411,False
A,508,17499583,encoded,,16667,False
B,507,17516955,encoded,,3210,False
A,509,17532919,encoded,,16667,False
B,508,17550285,encoded,,16379,False
A,510,17566250,encoded,,16666,False
B,509,17583628,encoded,,16667,False
A,511,17599595,encoded,,124900,True
B,510,17616953,encoded,,16666,False
A,512,17632925,encoded,,21167,False
B,511,17650286,encoded,,123670,True
A,513,17666257,encoded,,8611,False
B,512,17683628,encoded,,8952,False
A,514,17699593,encoded,,18538,False
B,513,17716971,encoded,,19545,False
A,515,17732927,encoded,,17561,False
B,514,17750298,encoded,,14854,False
A,516,17766268,encoded,,23481,False
B,515,17783634,encoded,,20997,False
A,517,17799594,encoded,,19636,False
B,516,17816962,encoded,,31583,False
A,518,17832931,encoded,,11325,False
A,519,17866275,encoded,,9399,False
B,517,17850296,encoded,,17921,False
B,518,17883638,encoded,,16608,False
A,520,17899608,encoded,,22422,False
B,519,17916965,encoded,,15388,False
A,521,17932928,encoded,,5067,False
B,520,17950305,encoded,,15771,False
A,522,17966262,encoded,,23313,False
B,521,17983641,encoded,,8896,False
A,523,17999594,encoded,,13590,False
B,522,18016978,encoded,,7644,False
A,524,18032928,encoded,,12065,False
B,523,18050299,encoded,,7348,False
A,525,18066272,encoded,,10943,False
B,524,18083631,encoded,,6042,False
A,526,18099615,encoded,,9601,False
B,525,18116969,encoded,,13675,False
A,527,18132957,encoded,,9185,False
B,526,18150312,encoded,,9355,False
A,528,18166271,encoded,,8915,False
B,527,18183635,encoded,,8092,False
A,529,18199612,encoded,,8779,False
B,528,18216968,encoded,,7131,False
A,530,18232939,encoded,,8429,False
B,529,18250315,encoded,,6843,False
A,531,18266278,encoded,,8207,False
B,530,18283636,encoded,,6136,False
A,532,18299607,encoded,,7792,False
B,531,18316973,encoded,,5917,False
A,533,18332936,encoded,,8183,False
B,532,18350315,encoded,,5464,False
A,534,18366279,encoded,,7192,False
B,533,18383638,encoded,,5502,False
A,535,18399609,encoded,,7243,False
B,534,18416972,encoded,,16666,False
A,536,18432937,encoded,,7790,False
B,535,18450310,encoded,,30606,False
A,537,18466275,encoded,,16666,False
B,536,18483639,encoded,,3214,False
B,537,18516974,encoded,,16180,False
A,538,18499606,encoded,,28659,False
B,538,18550314,encoded,,16667,False
A,539,18532942,encoded,,4675,False
B,539,18583642,encoded,,16667,False
A,540,18566283,encoded,,16666,False
A,541,18599612,encoded,,124914,True
B,540,18616986,encoded,,16666,False
A,542,18632943,encoded,,17529,False
B,541,18650316,encoded,,123370,True
B,542,18683650,encoded,,17278,False
A,543,18666281,encoded,,10765,False
A,544,18699615,encoded,,19504,False
B,543,18716981,encoded,,13605,False
A,545,18732953,encoded,,18290,False
B,544,18750326,encoded,,15393,False
A,546,18766354,encoded,,23781,False
B,545,18783653,encoded,,15190,False
A,547,18799652,encoded,,20244,False
B,546,18816996,encoded,,16272,False
A,548,18832954,encoded,,10970,False
B,547,18850321,encoded,,16625,False
A,549,18866284,encoded,,9185,False
B,548,18883668,encoded,,9948,False
A,550,18899620,encoded,,8491,False
B,549,18916981,encoded,,10307,False
A,551,18932973,encoded,,20604,False
B,550,18950318,encoded,,20240,False
A,552,18966293,encoded,,21636,False
B,551,18983665,encoded,,17227,False
A,553,18999635,encoded,,2905,False
B,552,19017000,encoded,,22564,False
A,554,19032971,encoded,,16115,False
B,553,19050339,encoded,,6677,False
A,555,19066322,encoded,,11801,False
B,554,19083669,encoded,,13798,False
A,556,19099626,encoded,,10060,False
B,555,19116994,encoded,,9367,False
A,557,19132957,encoded,,9926,False
B,556,19150342,encoded,,8086,False
A,558,19166299,encoded,,9062,False
B,557,19183669,encoded,,7283,False
A,559,19199630,encoded,,8743,False
B,558,19217031,encoded,,6219,False
A,560,19232978,encoded,,8256,False
B,559,19250353,encoded,,5936,False
A,561,19266305,encoded,,8101,False
B,560,19283663,encoded,,6088,False
A,562,19299633,encoded,,8081,False
B,561,19316995,encoded,,5829,False
B,562,19350334,encoded,,5782,False
A,563,19332962,encoded,,7901,False
A,564,19366301,encoded,,8113,False
B,563,19383663,encoded,,10250,False
A,565,19399629,encoded,,7302,False
B,564,19417005,encoded,,16666,False
A,566,19432970,encoded,,11055,False
B,565,19450338,encoded,,29084,False
A,567,19499634,encoded,,16666,False
B,566,19483667,encoded,,4250,False
A,568,19532969,encoded,,23712,False
B,567,19517003,encoded,,16666,False
A,569,19566303,encoded,,9622,False
B,568,19583667,encoded,,16667,False
A,570,19599634,encoded,,16666,False
B,569,19617020,encoded,,16667,False
A,571,19632973,encoded,,125049,True
B,570,19650337,encoded,,16666,False
A,572,19666303,encoded,,6617,False
B,571,19683674,encoded,,123379,True
A,573,19699642,encoded,,23681,False
B,572,19717007,encoded,,12753,False
A,574,19732971,encoded,,17104,False
B,573,19750336,encoded,,13894,False
A,575,19766303,encoded,,18235,False
B,574,19783673,encoded,,12957,False
A,576,19799650,encoded,,23416,False
B,575,19817012,encoded,,16168,False
A,577,19832971,encoded,,19767,False
B,576,19850343,encoded,,17249,False
A,578,19866307,encoded,,12027,False
B,577,19883673,encoded,,16186,False
A,579,19899640,encoded,,9121,False
B,578,19917014,encoded,,13990,False
A,580,19932975,encoded,,8084,False
B,579,19950350,encoded,,13872,False
A,581,19966307,encoded,,8073,False
B,580,19983676,encoded,,12632,False
A,582,19999647,encoded,,19634,False
B,581,20017009,encoded,,12423,False
A,583,20032977,encoded,,20246,False
B,582,20050351,encoded,,14347,False
A,584,20066311,encoded,,3748,False
B,583,20083678,encoded,,14355,False
A,585,20099668,encoded,,17135,False
B,584,20117016,encoded,,20218,False
A,586,20132993,encoded,,11546,False
B,585,20150345,encoded,,12096,False
A,587,20166313,encoded,,10876,False
B,586,20183694,encoded,,9291,False
A,588,20199662,encoded,,9361,False
B,587,20217014,encoded,,8169,False
A,589,20232983,encoded,,8941,False
B,588,20250353,encoded,,7138,False
A,590,20266336,encoded,,8334,False
B,589,20283704,encoded,,6948,False
A,591,20299670,encoded,,8326,False
B,590,20317024,encoded,,6261,False
A,592,20332984,encoded,,8068,False
B,591,20350376,encoded,,5805,False
A,593,20366342,encoded,,8048,False
B,592,20383697,encoded,,5697,False
A,594,20399671,encoded,,7654,False
B,593,20417042,encoded,,7506,False
A,595,20433011,encoded,,7845,False
B,594,20450374,encoded,,17558,False
A,596,20466339,encoded,,12398,False
B,595,20483695,encoded,,28530,False
A,597,20499667,encoded,,16666,False
B,596,20517040,encoded,,3912,False
A,598,20533003,encoded,,16667,False
B,597,20550364,encoded,,16666,False
A,599,20566342,encoded,,16667,False
B,598,20583701,encoded,,16667,False
A,600,20599663,encoded,,16666,False
B,599,20617026,encoded,,16667,False
A,601,20633000,encoded,,125084,True
B,600,20650383,encoded,,16666,False
A,602,20666329,encoded,,9415,False
B,601,20683704,encoded,,123363,True
A,603,20699665,encoded,,25432,False
B,602,20717037,encoded,,14364,False
A,604,20733008,encoded,,15671,False
B,603,20750377,encoded,,13598,False
A,605,20766337,encoded,,20632,False
B,604,20783713,encoded,,13042,False
A,606,20799670,encoded,,20809,False
B,605,20817033,encoded,,16007,False
A,607,20833016,encoded,,18092,False
B,606,20850384,encoded,,23972,False
A,608,20866331,encoded,,11189,False
B,607,20883698,encoded,,10670,False
A,609,20899663,encoded,,9064,False
B,608,20917031,encoded,,10584,False
A,610,20932997,encoded,,9108,False
B,609,20950372,encoded,,12620,False
A,611,20966334,encoded,,8606,False
B,610,20983703,encoded,,16685,False
A,612,20999674,encoded,,19890,False
B,611,21017041,encoded,,12505,False
A,613,21033000,encoded,,20531,False
B,612,21050366,encoded,,13834,False
A,614,21066335,encoded,,13148,False
B,613,21083707,encoded,,21058,False
A,615,21099669,encoded,,11320,False
B,614,21117041,encoded,,9363,False
A,616,21133002,encoded,,10658,False
B,615,21150370,encoded,,9043,False
A,617,21166337,encoded,,9462,False
B,616,21183705,encoded,,9106,False
A,618,21199671,encoded,,9204,False
B,617,21217041,encoded,,9153,False
A,619,21233021,encoded,,8413,False
B,618,21250378,encoded,,8540,False
A,620,21266351,encoded,,8501,False
B,619,21283708,encoded,,15464,False
A,621,21299685,encoded,,8147,False
B,620,21317047,encoded,,11487,False
A,622,21333016,encoded,,7736,False
B,621,21350390,encoded,,10147,False
A,623,21366363,encoded,,7706,False
B,622,21383719,encoded,,10157,False
A,624,21399694,encoded,,7489,False
B,623,21417054,encoded,,9817,False
A,625,21433027,encoded,,7378,False
A,626,21466343,encoded,,10649,False
B,624,21450411,encoded,,9354,False
A,627,21499687,encoded,,16666,False
B,625,21483733,encoded,,8825,False
A,628,21533077,encoded,,19681,False
B,626,21517050,encoded,,10576,False
A,629,21566365,encoded,,13653,False
B,627,21550394,encoded,,16666,False
A,630,21599678,encoded,,16666,False
B,628,21617053,encoded,,16667,False
A,631,21633030,encoded,,124858,True
B,629,21650392,encoded,,16667,False
A,632,21666349,encoded,,8457,False
B,630,21683731,encoded,,16666,False
A,633,21699684,encoded,,15009,False
B,631,21717057,encoded,,123152,True
A,634,21733040,encoded,,25090,False
B,632,21750401,encoded,,16056,False
A,635,21766364,encoded,,17836,False
B,633,21783737,encoded,,18052,False
A,636,21799701,encoded,,23662,False
B,634,21817068,encoded,,16792,False
A,637,21833040,encoded,,20320,False
B,635,21850411,encoded,,16475,False
A,638,21866375,encoded,,11655,False
B,636,21883801,encoded,,17242,False
A,639,21899710,encoded,,9171,False
B,637,21917089,encoded,,16403,False
A,640,21933039,encoded,,8437,False
B,638,21950402,encoded,,15355,False
A,641,21966370,encoded,,21393,False
B,639,21983732,encoded,,16838,False
A,642,21999700,encoded,,4790,False
B,640,22017080,encoded,,15960,False
A,643,22033028,encoded,,21781,False
B,641,22050422,encoded,,21308,False
A,644,22066370,encoded,,13265,False
B,642,22083741,encoded,,9967,False
A,645,22099705,encoded,,11211,False
B,643,22117065,encoded,,8827,False
A,646,22133032,encoded,,10225,False
B,644,22150402,encoded,,8034,False
A,647,22166369,encoded,,10107,False
B,645,22183730,encoded,,6756,False
A,648,22199699,encoded,,8951,False
B,646,22217070,encoded,,14548,False
A,649,22233028,encoded,,8743,False
B,647,22250407,encoded,,10007,False
A,650,22266372,encoded,,8314,False
B,648,22283732,encoded,,8591,False
A,651,22299697,encoded,,7835,False
B,649,22317066,encoded,,8021,False
A,652,22333037,encoded,,7969,False
B,650,22350410,encoded,,7404,False
A,653,22366364,encoded,,7675,False
B,651,22383734,encoded,,6689,False
A,654,22399707,encoded,,7499,False
B,652,22417068,encoded,,6833,False
A,655,22433034,encoded,,7095,False
B,653,22450403,encoded,,6199,False
A,656,22466372,encoded,,11986,False
B,654,22483739,encoded,,6129,False
A,657,22499706,encoded,,16666,False
B,655,22517068,encoded,,15029,False
A,658,22533037,encoded,,25043,False
B,656,22550404,encoded,,34937,False
A,659,22566368,encoded,,8291,False
B,657,22583738,encoded,,3769,False
A,660,22599718,encoded,,16666,False
B,658,22617077,encoded,,11294,False
A,661,22633040,encoded,,124832,True
B,659,22650416,encoded,,16667,False
A,662,22666380,encoded,,8105,False
B,660,22683743,encoded,,16666,False
A,663,22699709,encoded,,23391,False
B,661,22717081,encoded,,123408,True
A,664,22733055,encoded,,17561,False
B,662,22750410,encoded,,12504,False
A,665,22766385,encoded,,18338,False
B,663,22783745,encoded,,13788,False
A,666,22799721,encoded,,23713,False
B,664,22817080,encoded,,13515,False
A,667,22833042,encoded,,20521,False
B,665,22850422,encoded,,15869,False
A,668,22866395,encoded,,11734,False
B,666,22883746,encoded,,17082,False
A,669,22899725,encoded,,9497,False
B,667,22917084,encoded,,16709,False
A,670,22933061,encoded,,8016,False
B,668,22950420,encoded,,14661,False
A,671,22966405,encoded,,7370,False
B,669,22983749,encoded,,17110,False
A,672,22999721,encoded,,20401,False
B,670,23017083,encoded,,15411,False
A,673,23033051,encoded,,19476,False
B,671,23050425,encoded,,14250,False
A,674,23066385,encoded,,13220,False
B,672,23083751,encoded,,18839,False
A,675,23099728,encoded,,11563,False
B,673,23117105,encoded,,8349,False
A,676,23133061,encoded,,10191,False
B,674,23150424,encoded,,16552,False
A,677,23166399,encoded,,9479,False
B,675,23183753,encoded,,4839,False
A,678,23199725,encoded,,9345,False
B,676,23217091,encoded,,12634,False
A,679,23233071,encoded,,9094,False
B,677,23250434,encoded,,9567,False
A,680,23266395,encoded,,8848,False
B,678,23283766,encoded,,8264,False
A,681,23299733,encoded,,8328,False
B,679,23317099,encoded,,8115,False
A,682,23333069,encoded,,8236,False
B,680,23350434,encoded,,7418,False
A,683,23366414,encoded,,7575,False
B,681,23383776,encoded,,6999,False
A,684,23399727,encoded,,7628,False
B,682,23417117,encoded,,6782,False
A,685,23433081,encoded,,7297,False
B,683,23450456,encoded,,6958,False
A,686,23466407,encoded,,9575,False
B,684,23483776,encoded,,10377,False
A,687,23499738,encoded,,16666,False
B,685,23517115,encoded,,16667,False
A,688,23533074,encoded,,23951,False
B,686,23550457,encoded,,35068,False
A,689,23566397,encoded,,9383,False
B,687,23583777,encoded,,3971,False
A,690,23599729,encoded,,16666,False
B,688,23617117,encoded,,10961,False
A,691,23633068,encoded,,125100,True
A,692,23666397,encoded,,6735,False
B,689,23650454,encoded,,16667,False
B,690,23683787,encoded,,16666,False
A,693,23699743,encoded,,20918,False
B,691,23717117,encoded,,123203,True
A,694,23733073,encoded,,19111,False
B,692,23750440,encoded,,10802,False
A,695,23766411,encoded,,18686,False
B,693,23783767,encoded,,13988,False
A,696,23799741,encoded,,23677,False
B,694,23817102,encoded,,16164,False
A,697,23833080,encoded,,19701,False
B,695,23850454,encoded,,16671,False
A,698,23866416,encoded,,10685,False
B,696,23883781,encoded,,17152,False
A,699,23899743,encoded,,8848,False
B,697,23917109,encoded,,16580,False
A,700,23933072,encoded,,7896,False
B,698,23950449,encoded,,11660,False
A,701,23966413,encoded,,19679,False
B,699,23983776,encoded,,10684,False
A,702,23999750,encoded,,21165,False
B,700,24017125,encoded,,13052,False
A,703,24033078,encoded,,2592,False
B,701,24083790,encoded,,16825,False
A,704,24066422,encoded,,16142,False
B,702,24117132,encoded,,21437,False
A,705,24099742,encoded,,11507,False
B,703,24150447,encoded,,18408,False
A,706,24166418,encoded,,11156,False
B,704,24183796,encoded,,10354,False
A,707,24199757,encoded,,9704,False
B,705,24217122,encoded,,8891,False
A,708,24233098,encoded,,9183,False
B,706,24250466,encoded,,7729,False
A,709,24266432,encoded,,8765,False
B,707,24283789,encoded,,7808,False
A,710,24299753,encoded,,8411,False
A,711,24333095,encoded,,8213,False
B,708,24317117,encoded,,7917,False
B,709,24350454,encoded,,15037,False
A,712,24366413,encoded,,8014,False
B,710,24383781,encoded,,10166,False
A,713,24399752,encoded,,7991,False
B,711,24417117,encoded,,8910,False
A,714,24433081,encoded,,7508,False
B,712,24450456,encoded,,8325,False
A,715,24466431,encoded,,7703,False
B,713,24483795,encoded,,7737,False
A,716,24499755,encoded,,14244,False
B,714,24517120,encoded,,7001,False
A,717,24533089,encoded,,18768,False
B,715,24550458,encoded,,10166,False
A,718,24566425,encoded,,14565,False
B,716,24583788,encoded,,16667,False
A,719,24599764,encoded,,16667,False
B,717,24617127,encoded,,33452,False
A,720,24633098,encoded,,16666,False
B,718,24650473,encoded,,5394,False
A,721,24666429,encoded,,124788,True
B,719,24683795,encoded,,11154,False
A,722,24699765,encoded,,18378,False
B,720,24717140,encoded,,16666,False
A,723,24733089,encoded,,12511,False
B,721,24750473,encoded,,137808,True
A,724,24766422,encoded,,19151,False
B,722,24783805,encoded,,13615,False
A,725,24799761,encoded,,20259,False
B,723,24817130,encoded,,13855,False
A,726,24833107,encoded,,20068,False
B,724,24850466,encoded,,14915,False
A,727,24866439,encoded,,17834,False
B,725,24883811,encoded,,16902,False
A,728,24899773,encoded,,10798,False
B,726,24917145,encoded,,17752,False
A,729,24933101,encoded,,8902,False
B,727,24950486,encoded,,20548,False
A,730,24966441,encoded,,8442,False
B,728,24983816,encoded,,13045,False
A,731,24999784,encoded,,20115,False
B,729,25017140,encoded,,10768,False
A,732,25033106,encoded,,20990,False
B,730,25050488,encoded,,13625,False
A,733,25066445,encoded,,13396,False
B,731,25083834,encoded,,11199,False
A,734,25099779,encoded,,11056,False
B,732,25117143,encoded,,15904,False
A,735,25133132,encoded,,10787,False
B,733,25150471,encoded,,9031,False
A,736,25166459,encoded,,9969,False
B,734,25183804,encoded,,7850,False
A,737,25199784,encoded,,9535,False
B,735,25217143,encoded,,15883,False
A,738,25233105,encoded,,8949,False
B,736,25250486,encoded,,10707,False
A,739,25266450,encoded,,8704,False
B,737,25283809,encoded,,8964,False
A,740,25299773,encoded,,8185,False
B,738,25317162,encoded,,8910,False
A,741,25333105,encoded,,7789,False
B,739,25350488,encoded,,8482,False
A,742,25366439,encoded,,7732,False
B,740,25383812,encoded,,8148,False
A,743,25399774,encoded,,7464,False
B,741,25417142,encoded,,7636,False
A,744,25433118,encoded,,7273,False
B,742,25450480,encoded,,7310,False
A,745,25466440,encoded,,7352,False
B,743,25483818,encoded,,7478,False
A,746,25499773,encoded,,12907,False
B,744,25517148,encoded,,7110,False
A,747,25533107,encoded,,16666,False
B,745,25550479,encoded,,9222,False
A,748,25566450,encoded,,16667,False
B,746,25583814,encoded,,16667,False
A,749,25599777,encoded,,16667,False
B,747,25617147,encoded,,25267,False
A,750,25633118,encoded,,16666,False
B,748,25650484,encoded,,8066,False
A,751,25666453,encoded,,124919,True
B,749,25683821,encoded,,16667,False
A,752,25699785,encoded,,23447,False
B,750,25717153,encoded,,16666,False
A,753,25733111,encoded,,8575,False
B,751,25750490,encoded,,123224,True
A,754,25766449,encoded,,16769,False
B,752,25783823,encoded,,19847,False
A,755,25799781,encoded,,18983,False
B,753,25817165,encoded,,16577,False
A,756,25833122,encoded,,18133,False
B,754,25850483,encoded,,13468,False
A,757,25866451,encoded,,15357,False
B,755,25883822,encoded,,22255,False
A,758,25899785,encoded,,17869,False
B,756,25917157,encoded,,18113,False
A,759,25933121,encoded,,10927,False
B,757,25950485,encoded,,18130,False
A,760,25966449,encoded,,8441,False
B,758,25983829,encoded,,16187,False
A,761,25999792,encoded,,19788,False
B,759,26017158,encoded,,12504,False
A,762,26033121,encoded,,5349,False
B,760,26050494,encoded,,10194,False
A,763,26066461,encoded,,22484,False
B,761,26083829,encoded,,9323,False
A,764,26099795,encoded,,13018,False
B,762,26117162,encoded,,11724,False
A,765,26133135,encoded,,11603,False
B,763,26150498,encoded,,17586,False
A,766,26166473,encoded,,10449,False
B,764,26183831,encoded,,8416,False
A,767,26199789,encoded,,9471,False
B,765,26217159,encoded,,7554,False
A,768,26233130,encoded,,9053,False
B,766,26250496,encoded,,15837,False
A,769,26266469,encoded,,8761,False
B,767,26283834,encoded,,10664,False
A,770,26299792,encoded,,8355,False
B,768,26317168,encoded,,9074,False
A,771,26333147,encoded,,8133,False
B,769,26350521,encoded,,8106,False
A,772,26366470,encoded,,9281,False
B,770,26383835,encoded,,7454,False
A,773,26399796,encoded,,8048,False
B,771,26417188,encoded,,7226,False
A,774,26433132,encoded,,7562,False
B,772,26450515,encoded,,6578,False
A,775,26466471,encoded,,7528,False
B,773,26483855,encoded,,5972,False
B,774,26517182,encoded,,5863,False
A,776,26499809,encoded,,11031,False
A,777,26533132,encoded,,16666,False
B,775,26550527,encoded,,14791,False
A,778,26566475,encoded,,23956,False
B,776,26583848,encoded,,33369,False
B,777,26617184,encoded,,13706,False
A,779,26599816,encoded,,9378,False
A,780,26633138,encoded,,16666,False
B,778,26650527,encoded,,2925,False
A,781,26699809,encoded,,125132,True
B,779,26683866,encoded,,16667,False
A,782,26733135,encoded,,21606,False
B,780,26717177,encoded,,16666,False
A,783,26766471,encoded,,8749,False
B,781,26750516,encoded,,123424,True
A,784,26799802,encoded,,18586,False
B,782,26783852,encoded,,16783,False
A,785,26833156,encoded,,17849,False
B,783,26817182,encoded,,13395,False
A,786,26866474,encoded,,23412,False
B,784,26850511,encoded,,16501,False
A,787,26899824,encoded,,19738,False
B,785,26917195,encoded,,23209,False
A,788,26933144,encoded,,11845,False
B,786,26950516,encoded,,23722,False
A,789,26966480,encoded,,9507,False
B,787,26983855,encoded,,21916,False
A,790,26999817,encoded,,7998,False
B,788,27017182,encoded,,13957,False
A,791,27033140,encoded,,19831,False
B,789,27050514,encoded,,10356,False
A,792,27066485,encoded,,21082,False
B,790,27083850,encoded,,10943,False
A,793,27099815,encoded,,13804,False
B,791,27117194,encoded,,16642,False
A,794,27133144,encoded,,12081,False
B,792,27150525,encoded,,8725,False
A,795,27166481,encoded,,10535,False
B,793,27183848,encoded,,7090,False
A,796,27199818,encoded,,9672,False
B,794,27217185,encoded,,6564,False
A,797,27233152,encoded,,9204,False
B,795,27250524,encoded,,14078,False
A,798,27266488,encoded,,9121,False
B,796,27283867,encoded,,9788,False
A,799,27299822,encoded,,8356,False
B,797,27317193,encoded,,8443,False
A,800,27333154,encoded,,7911,False
B,798,27350521,encoded,,7454,False
A,801,27366490,encoded,,7925,False
B,799,27383861,encoded,,6716,False
A,802,27399818,encoded,,7498,False
B,800,27417194,encoded,,6539,False
A,803,27433155,encoded,,7480,False
B,801,27450524,encoded,,6192,False
A,804,27466487,encoded,,7598,False
B,802,27483857,encoded,,6113,False
A,805,27499819,encoded,,7714,False
B,803,27517195,encoded,,5762,False
A,806,27533151,encoded,,9100,False
B,804,27550540,encoded,,15688,False
A,807,27566494,encoded,,16666,False
B,805,27583859,encoded,,31913,False
A,808,27599838,encoded,,23859,False
B,806,27617196,encoded,,3459,False
A,809,27633162,encoded,,9475,False
B,807,27650527,encoded,,14628,False
A,810,27666490,encoded,,16666,False
B,808,27683864,encoded,,16667,False
A,811,27699834,encoded,,124938,True
B,809,27717215,encoded,,16667,False
A,812,27733163,encoded,,7971,False
B,810,27750547,encoded,,16666,False
A,813,27766501,encoded,,27326,False
B,811,27783864,encoded,,123040,True
A,814,27799835,encoded,,22816,False
B,812,27817212,encoded,,19112,False
A,815,27833166,encoded,,13934,False
B,813,27850547,encoded,,16134,False
A,816,27866500,encoded,,20252,False
B,814,27883885,encoded,,13139,False
A,817,27899832,encoded,,18999,False
B,815,27917207,encoded,,15703,False
A,818,27933171,encoded,,11168,False
B,816,27950555,encoded,,23245,False
A,819,27966506,encoded,,9316,False
B,817,27983874,encoded,,15618,False
A,820,27999836,encoded,,8217,False
B,818,28017215,encoded,,11821,False
A,821,28033171,encoded,,20435,False
B,819,28050553,encoded,,11214,False
A,822,28066501,encoded,,4996,False
B,820,28083891,encoded,,10247,False
A,823,28099850,encoded,,22772,False
B,821,28117219,encoded,,13455,False
A,824,28133173,encoded,,13764,False
B,822,28150564,encoded,,10306,False
A,825,28166506,encoded,,3033,False
B,823,28183886,encoded,,12454,False
A,826,28199855,encoded,,14836,False
B,824,28217233,encoded,,15347,False
A,827,28233170,encoded,,10590,False
B,825,28250550,encoded,,8242,False
A,828,28266519,encoded,,9447,False
B,826,28283885,encoded,,16117,False
A,829,28299837,encoded,,8799,False
B,827,28317226,encoded,,11036,False
A,830,28333178,encoded,,8238,False
B,828,28350563,encoded,,9878,False
B,829,28383913,encoded,,9144,False
A,831,28366506,encoded,,8042,False
A,832,28399854,encoded,,7956,False
B,830,28417234,encoded,,7930,False
A,833,28433176,encoded,,7976,False
B,831,28450547,encoded,,7104,False
A,834,28466528,encoded,,8245,False
B,832,28483880,encoded,,6659,False
A,835,28499851,encoded,,8313,False
B,833,28517218,encoded,,6572,False
A,836,28533201,encoded,,10955,False
B,834,28550550,encoded,,6483,False
A,837,28566512,encoded,,16666,False
B,835,28583893,encoded,,16667,False
A,838,28599847,encoded,,19393,False
B,836,28617219,encoded,,31686,False
A,839,28633190,encoded,,13941,False
B,837,28650557,encoded,,3877,False
A,840,28666522,encoded,,16666,False
B,838,28683892,encoded,,14437,False
A,841,28699848,encoded,,125083,True
B,839,28717227,encoded,,16667,False
A,842,28733182,encoded,,8305,False
B,840,28750554,encoded,,16666,False
A,843,28766521,encoded,,26806,False
B,841,28783890,encoded,,123197,True
A,844,28799858,encoded,,16129,False
B,842,28817224,encoded,,20414,False
A,845,28833183,encoded,,20010,False
B,843,28850560,encoded,,10402,False
A,846,28866523,encoded,,21923,False
B,844,28883909,encoded,,11599,False
A,847,28899855,encoded,,17384,False
B,845,28917229,encoded,,14701,False
A,848,28933200,encoded,,11504,False
B,846,28950566,encoded,,23634,False
B,847,28983894,encoded,,11005,False
A,849,28966523,encoded,,8624,False
A,850,28999854,encoded,,8524,False
B,848,29017229,encoded,,10469,False
A,851,29033189,encoded,,20739,False
B,849,29050564,encoded,,9971,False
A,852,29066522,encoded,,21126,False
B,850,29083895,encoded,,12622,False
A,853,29099868,encoded,,2861,False
B,851,29117232,encoded,,14692,False
A,854,29133197,encoded,,16658,False
B,852,29150565,encoded,,14960,False
A,855,29166528,encoded,,11848,False
B,853,29183898,encoded,,22415,False
A,856,29199865,encoded,,10108,False
B,854,29217233,encoded,,8662,False
A,857,29233192,encoded,,9585,False
B,855,29250568,encoded,,16952,False
A,858,29266545,encoded,,9353,False
B,856,29283901,encoded,,11633,False
A,859,29299880,encoded,,8920,False
B,857,29317241,encoded,,10277,False
A,860,29333209,encoded,,8241,False
B,858,29350585,encoded,,9309,False
A,861,29366546,encoded,,7902,False
B,859,29383925,encoded,,8669,False
A,862,29399867,encoded,,8911,False
B,860,29417255,encoded,,8062,False
A,863,29433208,encoded,,8281,False
B,861,29450592,encoded,,7337,False
A,864,29466549,encoded,,8282,False
B,862,29483924,encoded,,7066,False
A,865,29499883,encoded,,7620,False
B,863,29517259,encoded,,6479,False
A,866,29533224,encoded,,8607,False
B,864,29550602,encoded,,6624,False
A,867,29566542,encoded,,16666,False
B,865,29583923,encoded,,15516,False
A,868,29599888,encoded,,37628,False
B,866,29617272,encoded,,34073,False
A,869,29633220,encoded,,3753,False
B,867,29650583,encoded,,4840,False
A,870,29666555,encoded,,8619,False
B,868,29683924,encoded,,11087,False
A,871,29699891,encoded,,125161,True
B,869,29717252,encoded,,16667,False
A,872,29733226,encoded,,17435,False
B,870,29750587,encoded,,16666,False
A,873,29766569,encoded,,7015,False
B,871,29783914,encoded,,123103,True
A,874,29799898,encoded,,22719,False
B,872,29817265,encoded,,19507,False
A,875,29833229,encoded,,9359,False
B,873,29850592,encoded,,8619,False
A,876,29866567,encoded,,26065,False
B,874,29883929,encoded,,12817,False
A,877,29899881,encoded,,17048,False
B,875,29917270,encoded,,14957,False
A,878,29933209,encoded,,18360,False
B,876,29950604,encoded,,23960,False
A,879,29966551,encoded,,10257,False
B,877,29983949,encoded,,11280,False
A,880,29999887,encoded,,21944,False
B,878,30017267,encoded,,11075,False
A,881,30033221,encoded,,6736,False
B,879,30050620,encoded,,12518,False
A,882,30066558,encoded,,6428,False
B,880,30083929,encoded,,10932,False
A,883,30099887,encoded,,17217,False
B,881,30117275,encoded,,19224,False
A,884,30133216,encoded,,17799,False
B,882,30150607,encoded,,21993,False
A,885,30166550,encoded,,12457,False
B,883,30183942,encoded,,8290,False
B,884,30217271,encoded,,16644,False
A,886,30199884,encoded,,10875,False
A,887,30233225,encoded,,10410,False
B,885,30250614,encoded,,10633,False
A,888,30266551,encoded,,9716,False
B,886,30283932,encoded,,8870,False
A,889,30299885,encoded,,10289,False
B,887,30317288,encoded,,8066,False
A,890,30333227,encoded,,8930,False
B,888,30350641,encoded,,7620,False
A,891,30399892,encoded,,8276,False
B,889,30383934,encoded,,6716,False
A,892,30433234,encoded,,8152,False
B,890,30417279,encoded,,6378,False
A,893,30466574,encoded,,7593,False
B,891,30450614,encoded,,5788,False
A,894,30499896,encoded,,7628,False
B,892,30517269,encoded,,5744,False
A,895,30533228,encoded,,7284,False
B,893,30550620,encoded,,8600,False
A,896,30566566,encoded,,8181,False
B,894,30583935,encoded,,16666,False
A,897,30599898,encoded,,16666,False
B,895,30617273,encoded,,29789,False
A,898,30633234,encoded,,29571,False
B,896,30650603,encoded,,3545,False
A,899,30666571,encoded,,4410,False
B,897,30683940,encoded,,16666,False
A,900,30699895,encoded,,16019,False
B,898,30717269,encoded,,16667,False
A,901,30733234,encoded,,125158,True
B,899,30750610,encoded,,16667,False
A,902,30766563,encoded,,21069,False
B,900,30783937,encoded,,16666,False
A,903,30799898,encoded,,10667,False
B,901,30817278,encoded,,123174,True
A,904,30833237,encoded,,17767,False
B,902,30850605,encoded,,13298,False
A,905,30866570,encoded,,17235,False
B,903,30883948,encoded,,13734,False
A,906,30899899,encoded,,22999,False
B,904,30917275,encoded,,12542,False
A,907,30933241,encoded,,20177,False
B,905,30950619,encoded,,16337,False
A,908,30966576,encoded,,11193,False
B,906,30983943,encoded,,25492,False
A,909,30999905,encoded,,9512,False
B,907,31017281,encoded,,11828,False
A,910,31033245,encoded,,8119,False
B,908,31050612,encoded,,10171,False
A,911,31066571,encoded,,20968,False
B,909,31083945,encoded,,12759,False
A,912,31099915,encoded,,20956,False
B,910,31117281,encoded,,15300,False
A,913,31133243,encoded,,2982,False
B,911,31150625,encoded,,14900,False
A,914,31166572,encoded,,16586,False
B,912,31183949,encoded,,24175,False
A,915,31199917,encoded,,11529,False
B,913,31217286,encoded,,9736,False
A,916,31233246,encoded,,10554,False
B,914,31250619,encoded,,8745,False
A,917,31266582,encoded,,9753,False
B,915,31283952,encoded,,7280,False
A,918,31299911,encoded,,9381,False
B,916,31317283,encoded,,15584,False
A,919,31333244,encoded,,9082,False
B,917,31350618,encoded,,6235,False
A,920,31366580,encoded,,8357,False
B,918,31383952,encoded,,12970,False
A,921,31399928,encoded,,9769,False
B,919,31417287,encoded,,10508,False
A,922,31433265,encoded,,8545,False
B,920,31450621,encoded,,9228,False
A,923,31466599,encoded,,8071,False
B,921,31483958,encoded,,7732,False
A,924,31499916,encoded,,7544,False
B,922,31517308,encoded,,7307,False
A,925,31533261,encoded,,7067,False
B,923,31550635,encoded,,6597,False
A,926,31566607,encoded,,8294,False
B,924,31583966,encoded,,6675,False
A,927,31599918,encoded,,16666,False
B,925,31617306,encoded,,14360,False
A,928,31633269,encoded,,24554,False
B,926,31650644,encoded,,35885,False
A,929,31666603,encoded,,8780,False
B,927,31683977,encoded,,13495,False
A,930,31699925,encoded,,16666,False
B,928,31717301,encoded,,3206,False
A,931,31733263,encoded,,125228,True
B,929,31750630,encoded,,14081,False
A,932,31766600,encoded,,9278,False
B,930,31783971,encoded,,16666,False
A,933,31799935,encoded,,13702,False
B,931,31817317,encoded,,123081,True
A,934,31833255,encoded,,24712,False
B,932,31850631,encoded,,10388,False
A,935,31866590,encoded,,18702,False
B,933,31883974,encoded,,21943,False
A,936,31899931,encoded,,23797,False
B,934,31917315,encoded,,8941,False
A,937,31933266,encoded,,20039,False
B,935,31950644,encoded,,15070,False
A,938,31966597,encoded,,11099,False
B,936,31983966,encoded,,24093,False
A,939,31999937,encoded,,9378,False
B,937,32017310,encoded,,11091,False
A,940,32033290,encoded,,8267,False
B,938,32050642,encoded,,11686,False
A,941,32066607,encoded,,21851,False
B,939,32083973,encoded,,11800,False
A,942,32099955,encoded,,20086,False
B,940,32117315,encoded,,13645,False
A,943,32133271,encoded,,2524,False
B,941,32150641,encoded,,19827,False
A,944,32166602,encoded,,16177,False
B,942,32183972,encoded,,17822,False
A,945,32199941,encoded,,12905,False
B,943,32217308,encoded,,8422,False
A,946,32233265,encoded,,10732,False
B,944,32250639,encoded,,16597,False
A,947,32266603,encoded,,9655,False
B,945,32283981,encoded,,10210,False
A,948,32299941,encoded,,9502,False
B,946,32317309,encoded,,8981,False
A,949,32333266,encoded,,8725,False
B,947,32350642,encoded,,8404,False
A,950,32366599,encoded,,8265,False
B,948,32383978,encoded,,8317,False
A,951,32399940,encoded,,8343,False
B,949,32417316,encoded,,7818,False
A,952,32433276,encoded,,8502,False
B,950,32450644,encoded,,7242,False
A,953,32466608,encoded,,8036,False
B,951,32483980,encoded,,6356,False
A,954,32499937,encoded,,8768,False
B,952,32517311,encoded,,6452,False
A,955,32533272,encoded,,7693,False
B,953,32550647,encoded,,6656,False
A,956,32566607,encoded,,7954,False
B,954,32583989,encoded,,15158,False
A,957,32599939,encoded,,16080,False
B,955,32617316,encoded,,34377,False
A,958,32633283,encoded,,24725,False
B,956,32650660,encoded,,13531,False
A,959,32666607,encoded,,8609,False
B,957,32683985,encoded,,2628,False
A,960,32699950,encoded,,16666,False
B,958,32717317,encoded,,16131,False
A,961,32733276,encoded,,125175,True
B,959,32750651,encoded,,16667,False
A,962,32766614,encoded,,11787,False
B,960,32783987,encoded,,16666,False
A,963,32799948,encoded,,12250,False
B,961,32817328,encoded,,137422,True
A,964,32833318,encoded,,23661,False
B,962,32850668,encoded,,11757,False
A,965,32866620,encoded,,18019,False
B,963,32883991,encoded,,13942,False
A,966,32899954,encoded,,24093,False
B,964,32917326,encoded,,20516,False
A,967,32933295,encoded,,20120,False
B,965,32950658,encoded,,17307,False
A,968,32966632,encoded,,11339,False
B,966,32983995,encoded,,17485,False
A,969,32999964,encoded,,9226,False
B,967,33017326,encoded,,15556,False
A,970,33033293,encoded,,8241,False
B,968,33050664,encoded,,9858,False
A,971,33066622,encoded,,20242,False
B,969,33084007,encoded,,13906,False
A,972,33099960,encoded,,20996,False
B,970,33117328,encoded,,9963,False
A,973,33133287,encoded,,2762,False
B,971,33150683,encoded,,9894,False
A,974,33166620,encoded,,16614,False
A,975,33199962,encoded,,12591,False
B,972,33184010,encoded,,17225,False
A,976,33233293,encoded,,10429,False
B,973,33217340,encoded,,9477,False
B,974,33250678,encoded,,8443,False
A,977,33266634,encoded,,9462,False
B,975,33284010,encoded,,7518,False
A,978,33299961,encoded,,8903,False
B,976,33317336,encoded,,15281,False
A,979,33333300,encoded,,8279,False
B,977,33350666,encoded,,10378,False
A,980,33366632,encoded,,8299,False
B,978,33383999,encoded,,9074,False
A,981,33399963,encoded,,8030,False
B,979,33417355,encoded,,8198,False
A,982,33433304,encoded,,7821,False
B,980,33450698,encoded,,8185,False
A,983,33466637,encoded,,7935,False
B,981,33484007,encoded,,8254,False
A,984,33499967,encoded,,7546,False
B,982,33517345,encoded,,8448,False
A,985,33533316,encoded,,7528,False
B,983,33550695,encoded,,8292,False
A,986,33566646,encoded,,11986,False
B,984,33584015,encoded,,7780,False
A,987,33599987,encoded,,16666,False
B,985,33617360,encoded,,12508,False
A,988,33633318,encoded,,16667,False
B,986,33650693,encoded,,16667,False
A,989,33666632,encoded,,16667,False
B,987,33684040,encoded,,16666,False
A,990,33699977,encoded,,16666,False
B,988,33717361,encoded,,16667,False
A,991,33733315,encoded,,116032,True
B,989,33750681,encoded,,16667,False
A,992,33799968,encoded,,13596,False
B,990,33784026,encoded,,16666,False
A,993,33833308,encoded,,22944,False
B,991,33817397,encoded,,122915,True
A,994,33866647,encoded,,23447,False
B,992,33850677,encoded,,16375,False
A,995,33899975,encoded,,19647,False
B,993,33884023,encoded,,11891,False
A,996,33933306,encoded,,21465,False
B,994,33950688,encoded,,15026,False
A,997,33966654,encoded,,22077,False
B,995,33984032,encoded,,16036,False
A,998,33999983,encoded,,11074,False
B,996,34017354,encoded,,24148,False
A,999,34033317,encoded,,9277,False
B,997,34050690,encoded,,11689,False
A,1000,34066669,encoded,,7920,False
B,998,34084035,encoded,,13997,False
A,1001,34099993,encoded,,7531,False
B,999,34117379,encoded,,13495,False
A,1002,34133309,encoded,,19024,False
B,1000,34150685,encoded,,13790,False
A,1003,34166651,encoded,,20602,False
B,1001,34184034,encoded,,11945,False
A,1004,34199982,encoded,,2791,False
B,1002,34217353,encoded,,11141,False
A,1005,34233310,encoded,,16156,False
B,1003,34250694,encoded,,9403,False
A,1006,34266645,encoded,,11373,False
B,1004,34284022,encoded,,20238,False
A,1007,34299978,encoded,,9989,False
B,1005,34317355,encoded,,9481,False
A,1008,34333313,encoded,,10034,False
A,1009,34366652,encoded,,9125,False
B,1006,34350707,encoded,,8585,False
B,1007,34384036,encoded,,7886,False
A,1010,34399987,encoded,,9044,False
B,1008,34417367,encoded,,14957,False
A,1011,34433320,encoded,,8607,False
B,1009,34450692,encoded,,9924,False
A,1012,34466664,encoded,,8191,False
B,1010,34484038,encoded,,8561,False
A,1013,34499987,encoded,,7828,False
B,1011,34517362,encoded,,7393,False
A,1014,34533320,encoded,,8384,False
B,1012,34550696,encoded,,7222,False
A,1015,34566653,encoded,,7722,False
B,1013,34584030,encoded,,6757,False
A,1016,34599987,encoded,,9454,False
B,1014,34617365,encoded,,7145,False
A,1017,34633321,encoded,,16666,False
B,1015,34650708,encoded,,16667,False
A,1018,34666656,encoded,,25180,False
B,1016,34684038,encoded,,32309,False
A,1019,34699994,encoded,,8154,False
B,1017,34717365,encoded,,3726,False
A,1020,34733329,encoded,,16666,False
B,1018,34750699,encoded,,13965,False
A,1021,34766664,encoded,,125022,True
B,1019,34784034,encoded,,16667,False
A,1022,34799998,encoded,,23672,False
B,1020,34817374,encoded,,16666,False
A,1023,34833327,encoded,,9036,False
B,1021,34850713,encoded,,123164,True
A,1024,34866677,encoded,,17787,False
B,1022,34884044,encoded,,10648,False
A,1025,34899995,encoded,,17446,False
B,1023,34917378,encoded,,18136,False
A,1026,34933328,encoded,,21995,False
B,1024,34950737,encoded,,19239,False
A,1027,34966664,encoded,,20120,False
B,1025,34984053,encoded,,24197,False
A,1028,35000007,encoded,,11077,False
B,1026,35017390,encoded,,25976,False
A,1029,35033337,encoded,,9186,False
B,1027,35050738,encoded,,24799,False
A,1030,35066672,encoded,,8027,False
B,1028,35084041,encoded,,12381,False
A,1031,35100007,encoded,,20060,False
B,1029,35117398,encoded,,16209,False
A,1032,35133335,encoded,,4848,False
B,1030,35150726,encoded,,13170,False
A,1033,35166669,encoded,,21957,False
B,1031,35184072,encoded,,8863,False
A,1034,35200007,encoded,,13572,False
B,1032,35217397,encoded,,7954,False
A,1035,35233343,encoded,,11704,False
B,1033,35250745,encoded,,7133,False
A,1036,35266671,encoded,,10665,False
B,1034,35284065,encoded,,6652,False
A,1037,35300004,encoded,,9539,False
B,1035,35317384,encoded,,14299,False
A,1038,35333348,encoded,,9022,False
B,1036,35350738,encoded,,10034,False
A,1039,35366672,encoded,,8543,False
B,1037,35384054,encoded,,8508,False
A,1040,35400015,encoded,,7989,False
B,1038,35417382,encoded,,7141,False
A,1041,35433341,encoded,,8035,False
B,1039,35450718,encoded,,6464,False
A,1042,35466674,encoded,,8409,False
B,1040,35484056,encoded,,6264,False
A,1043,35500014,encoded,,7874,False
B,1041,35517386,encoded,,6872,False
A,1044,35533350,encoded,,7770,False
B,1042,35550721,encoded,,7716,False
A,1045,35566680,encoded,,7896,False
B,1043,35584054,encoded,,7901,False
A,1046,35600011,encoded,,12083,False
B,1044,35617388,encoded,,6957,False
A,1047,35633351,encoded,,16666,False
B,1045,35650728,encoded,,15990,False
A,1048,35666692,encoded,,16667,False
B,1046,35684055,encoded,,31079,False
A,1049,35700019,encoded,,16667,False
B,1047,35717390,encoded,,5231,False
A,1050,35733345,encoded,,16666,False
B,1048,35750729,encoded,,13690,False
A,1051,35766694,encoded,,125077,True
B,1049,35784060,encoded,,16667,False
A,1052,35800014,encoded,,23573,False
B,1050,35817391,encoded,,16666,False
A,1053,35833354,encoded,,8672,False
B,1051,35850728,encoded,,123041,True
A,1054,35866683,encoded,,17162,False
B,1052,35884066,encoded,,16662,False
A,1055,35900017,encoded,,18709,False
B,1053,35917395,encoded,,15138,False
A,1056,35933351,encoded,,18475,False
B,1054,35950742,encoded,,17767,False
A,1057,35966688,encoded,,15547,False
B,1055,35984067,encoded,,15192,False
A,1058,36000020,encoded,,17006,False
B,1056,36017402,encoded,,14800,False
A,1059,36033354,encoded,,10204,False
B,1057,36050732,encoded,,22508,False
A,1060,36066689,encoded,,20964,False
B,1058,36084066,encoded,,13279,False
A,1061,36100032,encoded,,5546,False
B,1059,36117399,encoded,,14190,False
A,1062,36133363,encoded,,16153,False
B,1060,36150737,encoded,,16305,False
A,1063,36166699,encoded,,17772,False
B,1061,36184075,encoded,,16359,False
A,1064,36200027,encoded,,12285,False
B,1062,36217419,encoded,,19068,False
A,1065,36233369,encoded,,11088,False
B,1063,36250751,encoded,,10556,False
A,1066,36266700,encoded,,10331,False
B,1064,36284079,encoded,,8213,False
A,1067,36300029,encoded,,9612,False
B,1065,36317405,encoded,,7540,False
A,1068,36333373,encoded,,9288,False
B,1066,36350748,encoded,,14805,False
A,1069,36366711,encoded,,8758,False
B,1067,36384102,encoded,,10056,False
A,1070,36400053,encoded,,8419,False
B,1068,36417416,encoded,,9247,False
A,1071,36433389,encoded,,7886,False
B,1069,36450760,encoded,,8224,False
A,1072,36466709,encoded,,7456,False
B,1070,36484078,encoded,,8245,False
A,1073,36500047,encoded,,7501,False
B,1071,36517419,encoded,,8214,False
A,1074,36533385,encoded,,7345,False
B,1072,36550758,encoded,,8247,False
B,1073,36584094,encoded,,8059,False
A,1075,36566715,encoded,,7225,False
A,1076,36600042,encoded,,11280,False
B,1074,36650765,encoded,,7946,False
A,1077,36666702,encoded,,16666,False
B,1075,36684089,encoded,,7333,False
A,1078,36700040,encoded,,19039,False
B,1076,36717424,encoded,,12340,False
A,1079,36733372,encoded,,14295,False
B,1077,36750749,encoded,,16666,False
A,1080,36766709,encoded,,16666,False
B,1078,36784084,encoded,,16667,False
A,1081,36800038,encoded,,125097,True
B,1079,36817432,encoded,,16667,False
A,1082,36833372,encoded,,21364,False
B,1080,36850751,encoded,,16666,False
A,1083,36866712,encoded,,12338,False
B,1081,36884085,encoded,,122859,True
A,1084,36900045,encoded,,15118,False
B,1082,36917425,encoded,,15005,False
A,1085,36933384,encoded,,20301,False
B,1083,36950761,encoded,,12273,False
A,1086,36966715,encoded,,11889,False
B,1084,36984091,encoded,,13854,False
A,1087,37000043,encoded,,16751,False
B,1085,37017421,encoded,,15699,False
A,1088,37033376,encoded,,21125,False
B,1086,37050759,encoded,,17744,False
A,1089,37066722,encoded,,9861,False
B,1087,37084094,encoded,,16398,False
A,1090,37100046,encoded,,21454,False
B,1088,37117428,encoded,,11110,False
A,1091,37133388,encoded,,5730,False
B,1089,37150781,encoded,,13183,False
A,1092,37166716,encoded,,23525,False
B,1090,37184091,encoded,,15742,False
A,1093,37200053,encoded,,14089,False
B,1091,37217437,encoded,,15457,False
A,1094,37233383,encoded,,11665,False
B,1092,37250795,encoded,,23844,False
A,1095,37266719,encoded,,10568,False
B,1093,37284100,encoded,,8723,False
A,1096,37300050,encoded,,10282,False
B,1094,37317426,encoded,,8261,False
A,1097,37333384,encoded,,9631,False
B,1095,37350783,encoded,,8002,False
A,1098,37366718,encoded,,9304,False
B,1096,37384113,encoded,,7271,False
A,1099,37400058,encoded,,8759,False
B,1097,37417449,encoded,,14328,False
A,1100,37433415,encoded,,8189,False
B,1098,37450782,encoded,,10447,False
A,1101,37466732,encoded,,7861,False
B,1099,37484111,encoded,,9721,False
A,1102,37500065,encoded,,7742,False
B,1100,37517450,encoded,,8267,False
A,1103,37533406,encoded,,7658,False
B,1101,37550820,encoded,,8130,False
A,1104,37566747,encoded,,7777,False
B,1102,37584113,encoded,,8354,False
A,1105,37600069,encoded,,7245,False
B,1103,37617452,encoded,,8227,False
A,1106,37633406,encoded,,8011,False
B,1104,37650797,encoded,,8448,False
A,1107,37666742,encoded,,16666,False
B,1105,37684114,encoded,,15320,False
A,1108,37700076,encoded,,24060,False
B,1106,37717459,encoded,,16667,False
A,1109,37733411,encoded,,9274,False
B,1107,37750786,encoded,,16666,False
A,1110,37766750,encoded,,16666,False
B,1108,37784109,encoded,,16667,False
A,1111,37800064,encoded,,125071,True
B,1109,37817463,encoded,,16667,False
A,1112,37833401,encoded,,20180,False
B,1110,37850799,encoded,,16666,False
A,1113,37866748,encoded,,9025,False
B,1111,37884122,encoded,,123174,True
A,1114,37900072,encoded,,18781,False
B,1112,37917463,encoded,,11977,False
A,1115,37933420,encoded,,20048,False
B,1113,37950783,encoded,,16663,False
A,1116,37966744,encoded,,18818,False
B,1114,37984114,encoded,,20524,False
A,1117,38000081,encoded,,13294,False
B,1115,38017446,encoded,,17709,False
A,1118,38033432,encoded,,19046,False
B,1116,38050784,encoded,,24749,False
A,1119,38066753,encoded,,10497,False
B,1117,38084121,encoded,,20942,False
A,1120,38100088,encoded,,8579,False
B,1118,38117452,encoded,,17169,False
A,1121,38133419,encoded,,20111,False
B,1119,38150808,encoded,,11429,False
B,1120,38184141,encoded,,14681,False
A,1122,38166744,encoded,,14725,False
B,1121,38217453,encoded,,9441,False
A,1123,38200087,encoded,,17609,False
B,1122,38250794,encoded,,18738,False
A,1124,38233413,encoded,,12692,False
B,1123,38284120,encoded,,9889,False
A,1125,38266750,encoded,,11155,False
B,1124,38317453,encoded,,8368,False
A,1126,38300073,encoded,,10350,False
A,1127,38333427,encoded,,9549,False
B,1125,38350821,encoded,,8108,False
A,1128,38366767,encoded,,8941,False
B,1126,38384126,encoded,,7846,False
A,1129,38400100,encoded,,8829,False
B,1127,38417459,encoded,,7803,False
A,1130,38433434,encoded,,8509,False
B,1128,38450808,encoded,,7403,False
A,1131,38466755,encoded,,10057,False
B,1129,38484131,encoded,,13888,False
A,1132,38500094,encoded,,9089,False
B,1130,38517471,encoded,,7721,False
A,1133,38533413,encoded,,8200,False
B,1131,38550811,encoded,,6900,False
A,1134,38566754,encoded,,10295,False
B,1132,38584125,encoded,,13208,False
A,1135,38600083,encoded,,8572,False
B,1133,38617466,encoded,,10127,False
A,1136,38633420,encoded,,7614,False
B,1134,38650792,encoded,,9786,False
A,1137,38666758,encoded,,10364,False
B,1135,38684127,encoded,,9105,False
A,1138,38700088,encoded,,16667,False
B,1136,38717467,encoded,,8833,False
A,1139,38733425,encoded,,31683,False
A,1140,38766760,encoded,,4385,False
B,1137,38750797,encoded,,13819,False
B,1138,38784134,encoded,,16667,False
A,1141,38800092,encoded,,125048,True
B,1139,38817472,encoded,,16667,False
A,1142,38833435,encoded,,17623,False
B,1140,38850801,encoded,,16666,False
A,1143,38866762,encoded,,6978,False
B,1141,38884133,encoded,,123067,True
A,1144,38900096,encoded,,23781,False
B,1142,38917468,encoded,,19948,False
A,1145,38933425,encoded,,17953,False
B,1143,38950810,encoded,,11957,False
A,1146,38966777,encoded,,23584,False
B,1144,38984136,encoded,,17259,False
A,1147,39000093,encoded,,22165,False
B,1145,39017477,encoded,,16843,False
A,1148,39033431,encoded,,11399,False
B,1146,39050838,encoded,,17606,False
A,1149,39066804,encoded,,9632,False
B,1147,39084149,encoded,,18412,False
A,1150,39100105,encoded,,8479,False
B,1148,39117474,encoded,,12339,False
A,1151,39133454,encoded,,8490,False
B,1149,39150819,encoded,,15905,False
A,1152,39166796,encoded,,19614,False
B,1150,39184170,encoded,,12110,False
A,1153,39200107,encoded,,20515,False
B,1151,39217477,encoded,,14476,False
A,1154,39233448,encoded,,13504,False
B,1152,39250815,encoded,,22346,False
A,1155,39266814,encoded,,11882,False
B,1153,39284154,encoded,,9121,False
A,1156,39300102,encoded,,11249,False
B,1154,39317478,encoded,,8676,False
A,1157,39333452,encoded,,10294,False
B,1155,39350821,encoded,,8506,False
A,1158,39366785,encoded,,9263,False
B,1156,39384170,encoded,,8532,False
A,1159,39400124,encoded,,9216,False
B,1157,39417518,encoded,,7796,False
A,1160,39466794,encoded,,9201,False
B,1158,39484169,encoded,,7541,False
A,1161,39500115,encoded,,8543,False
B,1159,39517499,encoded,,14155,False
A,1162,39533451,encoded,,8043,False
B,1160,39550829,encoded,,10128,False
A,1163,39566799,encoded,,7723,False
B,1161,39584151,encoded,,9443,False
A,1164,39600111,encoded,,7628,False
B,1162,39617490,encoded,,7844,False
A,1165,39633439,encoded,,7962,False
B,1163,39650837,encoded,,7410,False
A,1166,39666774,encoded,,7809,False
B,1164,39684158,encoded,,6963,False
A,1167,39700113,encoded,,9687,False
B,1165,39717487,encoded,,8284,False
A,1168,39733449,encoded,,16667,False
B,1166,39750829,encoded,,16667,False
A,1169,39766781,encoded,,29211,False
B,1167,39784159,encoded,,34601,False
A,1170,39800110,encoded,,4361,False
B,1168,39817498,encoded,,4621,False
A,1171,39833456,encoded,,125046,True
B,1169,39850823,encoded,,10778,False
A,1172,39866782,encoded,,17957,False
B,1170,39884162,encoded,,16666,False
A,1173,39900118,encoded,,6750,False
B,1171,39917492,encoded,,122855,True
A,1174,39933452,encoded,,23351,False
B,1172,39950832,encoded,,17774,False
A,1175,39966782,encoded,,17943,False
B,1173,39984162,encoded,,12381,False
A,1176,40000115,encoded,,24198,False
B,1174,40017495,encoded,,11208,False
A,1177,40033448,encoded,,21281,False
B,1175,40050826,encoded,,14689,False
A,1178,40066798,encoded,,11435,False
B,1176,40084164,encoded,,24795,False
A,1179,40100130,encoded,,9380,False
B,1177,40117501,encoded,,11332,False
A,1180,40133473,encoded,,8104,False
B,1178,40150832,encoded,,10444,False
A,1181,40166797,encoded,,19963,False
B,1179,40184181,encoded,,10423,False
A,1182,40200124,encoded,,5089,False
B,1180,40217509,encoded,,11733,False
A,1183,40233460,encoded,,22555,False
B,1181,40250845,encoded,,14413,False
A,1184,40266794,encoded,,13739,False
B,1182,40284184,encoded,,13993,False
A,1185,40300124,encoded,,11555,False
B,1183,40317514,encoded,,22095,False
A,1186,40333456,encoded,,9932,False
B,1184,40350843,encoded,,9025,False
A,1187,40366796,encoded,,10287,False
B,1185,40384176,encoded,,8276,False
A,1188,40400125,encoded,,9440,False
B,1186,40417513,encoded,,7886,False
A,1189,40433467,encoded,,9077,False
B,1187,40450855,encoded,,15158,False
A,1190,40466804,encoded,,8418,False
B,1188,40484180,encoded,,11090,False
A,1191,40500148,encoded,,8651,False
B,1189,40517522,encoded,,10189,False
A,1192,40533464,encoded,,8034,False
A,1193,40566801,encoded,,7835,False
B,1190,40550853,encoded,,10290,False
B,1191,40584178,encoded,,10147,False
A,1194,40600137,encoded,,8436,False
B,1192,40617531,encoded,,9951,False
A,1195,40633492,encoded,,8254,False
B,1193,40650849,encoded,,8648,False
A,1196,40666804,encoded,,7684,False
B,1194,40684178,encoded,,7519,False
A,1197,40700131,encoded,,15367,False
B,1195,40717518,encoded,,10353,False
A,1198,40733499,encoded,,19858,False
B,1196,40750852,encoded,,16667,False
A,1199,40766827,encoded,,13476,False
B,1197,40784180,encoded,,17191,False
A,1200,40800136,encoded,,16666,False
B,1198,40817525,encoded,,16142,False
A,1201,40833476,encoded,,125108,True
B,1199,40850851,encoded,,16667,False
A,1202,40866807,encoded,,8866,False
B,1200,40884187,encoded,,16666,False
A,1203,40900147,encoded,,26456,False
B,1201,40917536,encoded,,137707,True
A,1204,40933469,encoded,,14568,False
B,1202,40950859,encoded,,13464,False
A,1205,40966829,encoded,,16811,False
B,1203,40984207,encoded,,9168,False
A,1206,41000139,encoded,,22454,False
B,1204,41017530,encoded,,12547,False
A,1207,41033490,encoded,,20084,False
B,1205,41050861,encoded,,19817,False
A,1208,41066812,encoded,,11246,False
B,1206,41084190,encoded,,23652,False
A,1209,41100142,encoded,,8962,False
B,1207,41117528,encoded,,16024,False
A,1210,41133476,encoded,,7934,False
B,1208,41150868,encoded,,18816,False
A,1211,41166809,encoded,,21616,False
B,1209,41184189,encoded,,11913,False
A,1212,41200146,encoded,,19854,False
B,1210,41217530,encoded,,11053,False
A,1213,41233478,encoded,,13430,False
B,1211,41250867,encoded,,17040,False
A,1214,41266810,encoded,,11389,False
B,1212,41284197,encoded,,9996,False
A,1215,41300148,encoded,,10963,False
B,1213,41317531,encoded,,8486,False
A,1216,41333486,encoded,,10003,False
B,1214,41350866,encoded,,7965,False
A,1217,41366815,encoded,,9647,False
B,1215,41384196,encoded,,7101,False
A,1218,41400150,encoded,,9049,False
B,1216,41417532,encoded,,14769,False
A,1219,41433482,encoded,,8350,False
B,1217,41450863,encoded,,10510,False
A,1220,41466816,encoded,,8471,False
B,1218,41484196,encoded,,9621,False
A,1221,41500150,encoded,,8075,False
B,1219,41517550,encoded,,8788,False
A,1222,41533502,encoded,,7547,False
B,1220,41550868,encoded,,8194,False
A,1223,41566825,encoded,,7537,False
B,1221,41584212,encoded,,7721,False
A,1224,41600157,encoded,,8024,False
B,1222,41617544,encoded,,7307,False
A,1225,41633489,encoded,,7541,False
B,1223,41650874,encoded,,6653,False
A,1226,41666823,encoded,,9349,False
B,1224,41684203,encoded,,5549,False
A,1227,41700171,encoded,,16666,False
B,1225,41717555,encoded,,12806,False
A,1228,41733496,encoded,,24316,False
B,1226,41750882,encoded,,23491,False
A,1229,41766835,encoded,,9018,False
B,1227,41784212,encoded,,13240,False
A,1230,41800168,encoded,,16666,False
B,1228,41817557,encoded,,13269,False
A,1231,41833506,encoded,,125235,True
B,1229,41850880,encoded,,16667,False
A,1232,41866845,encoded,,7448,False
B,1230,41884209,encoded,,16666,False
A,1233,41900172,encoded,,20847,False
B,1231,41917546,encoded,,123066,True
A,1234,41933513,encoded,,18535,False
B,1232,41950876,encoded,,16912,False
A,1235,41966836,encoded,,18716,False
B,1233,41984214,encoded,,13503,False
A,1236,42000163,encoded,,23616,False
B,1234,42017544,encoded,,16479,False
A,1237,42033495,encoded,,20259,False
B,1235,42050890,encoded,,23382,False
A,1238,42066842,encoded,,11420,False
B,1236,42084222,encoded,,26980,False
A,1239,42100173,encoded,,8918,False
B,1237,42117555,encoded,,16131,False
A,1240,42133510,encoded,,7975,False
B,1238,42150888,encoded,,14508,False
A,1241,42166843,encoded,,20237,False
B,1239,42184249,encoded,,13456,False
A,1242,42200175,encoded,,20886,False
B,1240,42217566,encoded,,9819,False
A,1243,42233515,encoded,,13053,False
B,1241,42250889,encoded,,9972,False
A,1244,42266864,encoded,,11659,False
B,1242,42284223,encoded,,15571,False
A,1245,42300191,encoded,,10150,False
B,1243,42317557,encoded,,9068,False
A,1246,42333527,encoded,,9893,False
B,1244,42350887,encoded,,7745,False
B,1245,42384221,encoded,,15615,False
A,1247,42366858,encoded,,9185,False
B,1246,42417587,encoded,,10983,False
A,1248,42400175,encoded,,8639,False
A,1249,42433509,encoded,,8485,False
B,1247,42450894,encoded,,9611,False
A,1250,42466847,encoded,,8451,False
B,1248,42484228,encoded,,8758,False
A,1251,42500182,encoded,,8040,False
B,1249,42517577,encoded,,7995,False
A,1252,42566844,encoded,,8657,False
B,1250,42550907,encoded,,7426,False
A,1253,42600175,encoded,,8029,False
B,1251,42584244,encoded,,6832,False
A,1254,42633511,encoded,,7641,False
B,1252,42617576,encoded,,6279,False
A,1255,42666856,encoded,,7258,False
B,1253,42650901,encoded,,6240,False
A,1256,42700182,encoded,,10102,False
B,1254,42684225,encoded,,6594,False
A,1257,42733518,encoded,,16666,False
B,1255,42750894,encoded,,13948,False
A,1258,42766853,encoded,,37580,False
B,1256,42784240,encoded,,33725,False
A,1259,42800181,encoded,,4113,False
B,1257,42817563,encoded,,4154,False
A,1260,42833515,encoded,,8307,False
B,1258,42850903,encoded,,11915,False
A,1261,42866857,encoded,,125051,True
B,1259,42884232,encoded,,16667,False
A,1262,42900185,encoded,,18066,False
B,1260,42917579,encoded,,16666,False
A,1263,42933520,encoded,,7213,False
B,1261,42950898,encoded,,122994,True
A,1264,42966858,encoded,,23925,False
B,1262,42984237,encoded,,16967,False
A,1265,43000186,encoded,,18153,False
B,1263,43017568,encoded,,11230,False
A,1266,43033520,encoded,,23756,False
B,1264,43050908,encoded,,19168,False
A,1267,43066862,encoded,,20731,False
B,1265,43084241,encoded,,16649,False
A,1268,43100193,encoded,,11483,False
B,1266,43117577,encoded,,23185,False
A,1269,43133523,encoded,,9484,False
B,1267,43150913,encoded,,18331,False
A,1270,43166869,encoded,,8064,False
B,1268,43184238,encoded,,13164,False
A,1271,43200191,encoded,,21323,False
B,1269,43217570,encoded,,13526,False
A,1272,43233522,encoded,,20715,False
B,1270,43250910,encoded,,12752,False
A,1273,43266865,encoded,,13084,False
B,1271,43284242,encoded,,13644,False
A,1274,43300208,encoded,,11435,False
B,1272,43317585,encoded,,18174,False
A,1275,43333552,encoded,,10221,False
B,1273,43350912,encoded,,8914,False
A,1276,43366863,encoded,,9666,False
B,1274,43384248,encoded,,8088,False
A,1277,43400199,encoded,,9241,False
B,1275,43417578,encoded,,6521,False
A,1278,43433543,encoded,,8691,False
B,1276,43450914,encoded,,14762,False
A,1279,43466871,encoded,,8214,False
B,1277,43484254,encoded,,10025,False
A,1280,43500207,encoded,,9231,False
B,1278,43517583,encoded,,8650,False
A,1281,43533540,encoded,,8280,False
B,1279,43550922,encoded,,8041,False
A,1282,43566872,encoded,,7853,False
B,1280,43584262,encoded,,7471,False
A,1283,43600228,encoded,,7643,False
B,1281,43617604,encoded,,7194,False
A,1284,43633564,encoded,,7477,False
B,1282,43650919,encoded,,6465,False
A,1285,43666897,encoded,,7138,False
B,1283,43684258,encoded,,5907,False
A,1286,43700210,encoded,,7580,False
B,1284,43717591,encoded,,8178,False
A,1287,43733537,encoded,,16282,False
B,1285,43750934,encoded,,16667,False
A,1288,43766895,encoded,,24648,False
B,1286,43784274,encoded,,34309,False
A,1289,43800210,encoded,,8686,False
B,1287,43817587,encoded,,3912,False
A,1290,43833538,encoded,,16666,False
B,1288,43850926,encoded,,11779,False
A,1291,43866886,encoded,,124941,True
B,1289,43884263,encoded,,16667,False
A,1292,43900210,encoded,,18682,False
B,1290,43917636,encoded,,16666,False
A,1293,43933541,encoded,,12476,False
B,1291,43950922,encoded,,122991,True
A,1294,43966879,encoded,,18809,False
B,1292,43984258,encoded,,20364,False
A,1295,44000223,encoded,,16643,False
B,1293,44017595,encoded,,10471,False
A,1296,44033560,encoded,,22825,False
B,1294,44050931,encoded,,11546,False
A,1297,44066890,encoded,,19621,False
B,1295,44084278,encoded,,14818,False
A,1298,44100217,encoded,,11088,False
B,1296,44117619,encoded,,16062,False
A,1299,44133552,encoded,,9209,False
B,1297,44150946,encoded,,17384,False
A,1300,44166887,encoded,,8029,False
B,1298,44184269,encoded,,13841,False
A,1301,44200224,encoded,,20337,False
B,1299,44217618,encoded,,16549,False
A,1302,44233553,encoded,,20894,False
B,1300,44250946,encoded,,15997,False
A,1303,44266891,encoded,,13456,False
B,1301,44284266,encoded,,19815,False
A,1304,44300217,encoded,,11468,False
B,1302,44317601,encoded,,14979,False
A,1305,44333552,encoded,,10305,False
B,1303,44350931,encoded,,8452,False
A,1306,44366894,encoded,,9792,False
B,1304,44384270,encoded,,16268,False
A,1307,44400221,encoded,,9378,False
B,1305,44417602,encoded,,10683,False
A,1308,44433556,encoded,,9643,False
B,1306,44450942,encoded,,8665,False
A,1309,44466886,encoded,,8703,False
B,1307,44484272,encoded,,8230,False
A,1310,44500219,encoded,,8245,False
B,1308,44517603,encoded,,7653,False
A,1311,44533563,encoded,,10066,False
B,1309,44550936,encoded,,7383,False
A,1312,44566890,encoded,,8026,False
B,1310,44584272,encoded,,6887,False
A,1313,44600226,encoded,,8108,False
B,1311,44617606,encoded,,6016,False
A,1314,44633559,encoded,,7482,False
B,1312,44650947,encoded,,5585,False
A,1315,44666893,encoded,,7835,False
B,1313,44684277,encoded,,5858,False
A,1316,44700226,encoded,,7510,False
B,1314,44717608,encoded,,13503,False
A,1317,44733566,encoded,,16429,False
B,1315,44750954,encoded,,35856,False
A,1318,44766905,encoded,,37138,False
B,1316,44784294,encoded,,11539,False
A,1319,44800244,encoded,,3800,False
B,1317,44817615,encoded,,3039,False
A,1320,44833578,encoded,,9062,False
B,1318,44850959,encoded,,16233,False
A,1321,44866904,encoded,,125313,True
B,1319,44884290,encoded,,16667,False
A,1322,44900251,encoded,,18276,False
B,1320,44917616,encoded,,16666,False
A,1323,44933575,encoded,,6793,False
B,1321,44950953,encoded,,122934,True
A,1324,44966900,encoded,,23586,False
B,1322,44984298,encoded,,10320,False
A,1325,45000250,encoded,,18395,False
B,1323,45017621,encoded,,16477,False
A,1326,45033575,encoded,,21346,False
B,1324,45050956,encoded,,13801,False
A,1327,45066920,encoded,,14935,False
B,1325,45084303,encoded,,16220,False
A,1328,45100236,encoded,,16433,False
B,1326,45117626,encoded,,16452,False
A,1329,45133569,encoded,,10313,False
B,1327,45150960,encoded,,15993,False
A,1330,45166919,encoded,,21911,False
B,1328,45184296,encoded,,12055,False
A,1331,45200252,encoded,,5486,False
B,1329,45217655,encoded,,20539,False
A,1332,45233581,encoded,,16107,False
B,1330,45250962,encoded,,16005,False
A,1333,45266919,encoded,,18637,False
B,1331,45284304,encoded,,16091,False
A,1334,45300256,encoded,,12414,False
B,1332,45317625,encoded,,19263,False
A,1335,45366922,encoded,,10803,False
B,1333,45350964,encoded,,9620,False
A,1336,45400243,encoded,,9989,False
B,1334,45384301,encoded,,8461,False
A,1337,45433576,encoded,,9444,False
B,1335,45417634,encoded,,8247,False
A,1338,45466919,encoded,,9225,False
B,1336,45450985,encoded,,15567,False
A,1339,45500246,encoded,,8943,False
B,1337,45484294,encoded,,10623,False
A,1340,45533580,encoded,,8397,False
B,1338,45550961,encoded,,8833,False
A,1341,45566915,encoded,,7941,False
B,1339,45584302,encoded,,7442,False
A,1342,45600251,encoded,,7686,False
A,1343,45633585,encoded,,7757,False
B,1340,45617629,encoded,,7010,False
B,1341,45650966,encoded,,6391,False
A,1344,45666920,encoded,,7668,False
B,1342,45684299,encoded,,6030,False
A,1345,45700253,encoded,,7577,False
B,1343,45717634,encoded,,5906,False
A,1346,45733598,encoded,,7959,False
B,1344,45750966,encoded,,9720,False
A,1347,45766921,encoded,,17568,False
B,1345,45784301,encoded,,16667,False
A,1348,45800249,encoded,,34712,False
B,1346,45817642,encoded,,34483,False
A,1349,45833587,encoded,,4753,False
B,1347,45850971,encoded,,3735,False
A,1350,45866923,encoded,,9633,False
B,1348,45884302,encoded,,11782,False
A,1351,45900261,encoded,,125065,True
B,1349,45917639,encoded,,16667,False
A,1352,45933590,encoded,,18085,False
B,1350,45950979,encoded,,16666,False
A,1353,45966929,encoded,,6544,False
B,1351,45984311,encoded,,122815,True
A,1354,46000263,encoded,,24477,False
B,1352,46017644,encoded,,13042,False
A,1355,46033595,encoded,,18746,False
B,1353,46050980,encoded,,13715,False
A,1356,46066925,encoded,,23484,False
B,1354,46084318,encoded,,12915,False
A,1357,46100277,encoded,,20893,False
B,1355,46117650,encoded,,15854,False
A,1358,46133614,encoded,,12099,False
B,1356,46150978,encoded,,24261,False
A,1359,46166933,encoded,,9294,False
B,1357,46184314,encoded,,11385,False
A,1360,46200285,encoded,,8134,False
B,1358,46217653,encoded,,13498,False
A,1361,46233618,encoded,,20876,False
B,1359,46250992,encoded,,14014,False
A,1362,46266941,encoded,,14668,False
B,1360,46284331,encoded,,16031,False
A,1363,46300279,encoded,,17414,False
B,1361,46317653,encoded,,18294,False
A,1364,46333604,encoded,,13031,False
B,1362,46350996,encoded,,17147,False
A,1365,46366951,encoded,,11261,False
B,1363,46384325,encoded,,8892,False
A,1366,46400287,encoded,,10580,False
B,1364,46417665,encoded,,8169,False
A,1367,46433600,encoded,,9847,False
B,1365,46450991,encoded,,7713,False
A,1368,46466937,encoded,,9223,False
B,1366,46484330,encoded,,15302,False
A,1369,46500274,encoded,,8490,False
B,1367,46517652,encoded,,10351,False
A,1370,46533610,encoded,,8266,False
B,1368,46551001,encoded,,9189,False
A,1371,46566936,encoded,,8017,False
B,1369,46584334,encoded,,8000,False
A,1372,46600277,encoded,,7622,False
B,1370,46617666,encoded,,8048,False
A,1373,46633626,encoded,,7882,False
B,1371,46650989,encoded,,7485,False
A,1374,46666938,encoded,,7576,False
B,1372,46684340,encoded,,6782,False
A,1375,46700283,encoded,,7455,False
B,1373,46717664,encoded,,6028,False
A,1376,46733614,encoded,,6932,False
B,1374,46751020,encoded,,11070,False
A,1377,46766948,encoded,,14039,False
B,1375,46784336,encoded,,16667,False
A,1378,46800283,encoded,,18451,False
B,1376,46817678,encoded,,30184,False
A,1379,46833630,encoded,,14883,False
B,1377,46851011,encoded,,3198,False
A,1380,46866965,encoded,,16666,False
B,1378,46884347,encoded,,16618,False
A,1381,46900304,encoded,,124805,True
B,1379,46917684,encoded,,16667,False
A,1382,46933625,encoded,,17385,False
B,1380,46951009,encoded,,16666,False
A,1383,46966962,encoded,,12521,False
B,1381,46984329,encoded,,122818,True
A,1384,47000288,encoded,,27283,False
B,1382,47017705,encoded,,13459,False
A,1385,47033636,encoded,,13927,False
B,1383,47051015,encoded,,19604,False
A,1386,47066948,encoded,,20926,False
B,1384,47084347,encoded,,22369,False
A,1387,47100287,encoded,,17737,False
B,1385,47117687,encoded,,17360,False
A,1388,47133632,encoded,,11124,False
B,1386,47151009,encoded,,26177,False
A,1389,47166974,encoded,,8846,False
B,1387,47184349,encoded,,16892,False
A,1390,47200312,encoded,,7892,False
B,1388,47217674,encoded,,15052,False
A,1391,47233619,encoded,,21405,False
B,1389,47251014,encoded,,13499,False
A,1392,47266955,encoded,,20196,False
B,1390,47284355,encoded,,13656,False
A,1393,47300287,encoded,,13529,False
B,1391,47317678,encoded,,13087,False
A,1394,47333632,encoded,,12108,False
B,1392,47351011,encoded,,8514,False
A,1395,47366955,encoded,,10461,False
B,1393,47384346,encoded,,7135,False
A,1396,47400295,encoded,,9704,False
B,1394,47417682,encoded,,15902,False
A,1397,47433631,encoded,,9042,False
B,1395,47451010,encoded,,5125,False
A,1398,47466966,encoded,,8833,False
B,1396,47484342,encoded,,12293,False
A,1399,47500296,encoded,,8128,False
B,1397,47517675,encoded,,9897,False
A,1400,47533627,encoded,,8368,False
B,1398,47551029,encoded,,8773,False
A,1401,47566969,encoded,,8033,False
B,1399,47584344,encoded,,8261,False
A,1402,47600295,encoded,,7525,False
B,1400,47617689,encoded,,7342,False
A,1403,47633627,encoded,,7713,False
B,1401,47651013,encoded,,6980,False
A,1404,47666961,encoded,,8449,False
B,1402,47684347,encoded,,6425,False
A,1405,47700297,encoded,,7589,False
B,1403,47717682,encoded,,6336,False
A,1406,47733634,encoded,,9805,False
B,1404,47751017,encoded,,6055,False
A,1407,47766963,encoded,,16666,False
B,1405,47784354,encoded,,13656,False
A,1408,47800299,encoded,,37417,False
B,1406,47817692,encoded,,33657,False
A,1409,47833641,encoded,,3946,False
B,1407,47851016,encoded,,12972,False
A,1410,47866967,encoded,,8637,False
B,1408,47884352,encoded,,3692,False
A,1411,47900315,encoded,,125138,True
B,1409,47917719,encoded,,16346,False
A,1412,47933641,encoded,,18062,False
B,1410,47951022,encoded,,16666,False
A,1413,47966968,encoded,,6815,False
B,1411,47984360,encoded,,137259,True
A,1414,48000306,encoded,,23534,False
B,1412,48017696,encoded,,8778,False
A,1415,48033652,encoded,,17812,False
B,1413,48051031,encoded,,15786,False
A,1416,48066976,encoded,,21667,False
B,1414,48084355,encoded,,15094,False
A,1417,48100330,encoded,,15736,False
B,1415,48117695,encoded,,21564,False
A,1418,48133656,encoded,,16256,False
B,1416,48151041,encoded,,18664,False
A,1419,48166978,encoded,,10362,False
B,1417,48184361,encoded,,23024,False
A,1420,48200324,encoded,,8544,False
B,1418,48217696,encoded,,17984,False
A,1421,48233665,encoded,,20906,False
B,1419,48251037,encoded,,16581,False
A,1422,48266979,encoded,,22257,False
B,1420,48284378,encoded,,10075,False
A,1423,48300324,encoded,,3071,False
B,1421,48317701,encoded,,8591,False
A,1424,48333675,encoded,,17087,False
B,1422,48351055,encoded,,8283,False
A,1425,48366992,encoded,,11718,False
B,1423,48384384,encoded,,8015,False
A,1426,48400335,encoded,,11928,False
B,1424,48417721,encoded,,15575,False
A,1427,48433660,encoded,,10132,False
B,1425,48451047,encoded,,10440,False
A,1428,48466984,encoded,,9676,False
B,1426,48484388,encoded,,9277,False
A,1429,48500317,encoded,,9727,False
A,1430,48533664,encoded,,9093,False
B,1427,48517721,encoded,,8294,False
A,1431,48566995,encoded,,8083,False
B,1428,48551041,encoded,,7751,False
A,1432,48633669,encoded,,9538,False
B,1429,48584378,encoded,,7689,False
A,1433,48667012,encoded,,8579,False
B,1430,48617712,encoded,,7600,False
B,1431,48651036,encoded,,7142,False
A,1434,48700324,encoded,,7764,False
B,1432,48684377,encoded,,6774,False
A,1435,48733667,encoded,,7460,False
B,1433,48717705,encoded,,6736,False
A,1436,48767021,encoded,,8314,False
B,1434,48751040,encoded,,6861,False
A,1437,48800328,encoded,,10741,False
B,1435,48817715,encoded,,12830,False
A,1438,48833658,encoded,,16667,False
B,1436,48851053,encoded,,22910,False
A,1439,48866991,encoded,,24748,False
B,1437,48884375,encoded,,12659,False
A,1440,48900325,encoded,,8585,False
B,1438,48917721,encoded,,14431,False
A,1441,48933669,encoded,,125339,True
B,1439,48951044,encoded,,16667,False
A,1442,48966997,encoded,,17918,False
B,1440,48984379,encoded,,16666,False
A,1443,49000330,encoded,,6704,False
B,1441,49017713,encoded,,122915,True
A,1444,49033661,encoded,,23180,False
B,1442,49051045,encoded,,11500,False
A,1445,49067003,encoded,,17685,False
B,1443,49084387,encoded,,13376,False
A,1446,49100334,encoded,,23627,False
B,1444,49117724,encoded,,14139,False
A,1447,49133666,encoded,,21163,False
B,1445,49151053,encoded,,17698,False
A,1448,49167007,encoded,,12010,False
B,1446,49184388,encoded,,18761,False
A,1449,49200377,encoded,,9449,False
B,1447,49217719,encoded,,17609,False
A,1450,49233683,encoded,,8365,False
B,1448,49251051,encoded,,11470,False
A,1451,49267011,encoded,,19977,False
B,1449,49284390,encoded,,13060,False
A,1452,49300333,encoded,,21794,False
B,1450,49317721,encoded,,15947,False
A,1453,49333666,encoded,,13457,False
B,1451,49351060,encoded,,20911,False
A,1454,49367010,encoded,,11325,False
B,1452,49384402,encoded,,18326,False
A,1455,49400344,encoded,,10356,False
B,1453,49417730,encoded,,9123,False
A,1456,49433675,encoded,,9656,False
B,1454,49451076,encoded,,7731,False
A,1457,49467028,encoded,,9430,False
B,1455,49484412,encoded,,16490,False
A,1458,49500350,encoded,,9002,False
B,1456,49517742,encoded,,10894,False
A,1459,49533689,encoded,,8774,False
B,1457,49551060,encoded,,9779,False
A,1460,49567018,encoded,,8094,False
B,1458,49584395,encoded,,8527,False
A,1461,49600341,encoded,,8343,False
B,1459,49617734,encoded,,7705,False
A,1462,49633688,encoded,,7940,False
B,1460,49651087,encoded,,6860,False
A,1463,49667019,encoded,,7562,False
B,1461,49684408,encoded,,6521,False
A,1464,49700358,encoded,,7880,False
B,1462,49717744,encoded,,6151,False
A,1465,49733701,encoded,,8346,False
B,1463,49751066,encoded,,5818,False
A,1466,49767020,encoded,,7380,False
B,1464,49784399,encoded,,8689,False
A,1467,49800358,encoded,,15244,False
B,1465,49817756,encoded,,16667,False
A,1468,49833698,encoded,,19458,False
B,1466,49851077,encoded,,34254,False
A,1469,49867026,encoded,,13876,False
B,1467,49884412,encoded,,3891,False
A,1470,49900347,encoded,,16666,False
B,1468,49917742,encoded,,11855,False
A,1471,49933696,encoded,,125210,True
B,1469,49951079,encoded,,16667,False
A,1472,49967023,encoded,,20478,False
B,1470,49984411,encoded,,16666,False
A,1473,50000366,encoded,,10668,False
B,1471,50017738,encoded,,122808,True
A,1474,50033704,encoded,,18919,False
B,1472,50051070,encoded,,15558,False
A,1475,50067028,encoded,,17358,False
B,1473,50084418,encoded,,11629,False
A,1476,50100354,encoded,,21992,False
B,1474,50117746,encoded,,14229,False
A,1477,50133696,encoded,,19840,False
B,1475,50151074,encoded,,16299,False
A,1478,50167032,encoded,,11294,False
B,1476,50184406,encoded,,16885,False
A,1479,50200365,encoded,,9190,False
B,1477,50217743,encoded,,16405,False
A,1480,50233691,encoded,,21603,False
B,1478,50251087,encoded,,14157,False
A,1481,50267024,encoded,,5324,False
B,1479,50284410,encoded,,16856,False
A,1482,50300357,encoded,,22731,False
B,1480,50317753,encoded,,14551,False
A,1483,50333691,encoded,,13688,False
B,1481,50351081,encoded,,17709,False
A,1484,50367026,encoded,,12264,False
B,1482,50384411,encoded,,12507,False
A,1485,50400359,encoded,,10229,False
B,1483,50417754,encoded,,13353,False
A,1486,50433694,encoded,,10166,False
B,1484,50451081,encoded,,18413,False
A,1487,50467030,encoded,,9216,False
B,1485,50484438,encoded,,4524,False
A,1488,50500373,encoded,,8805,False
B,1486,50517755,encoded,,11591,False
A,1489,50533703,encoded,,8263,False
B,1487,50551084,encoded,,8850,False
A,1490,50567030,encoded,,8314,False
B,1488,50584426,encoded,,7972,False
A,1491,50600365,encoded,,8577,False
B,1489,50617755,encoded,,7646,False
A,1492,50633704,encoded,,8172,False
B,1490,50651091,encoded,,6690,False
A,1493,50667038,encoded,,7785,False
B,1491,50684424,encoded,,6035,False
A,1494,50700368,encoded,,7982,False
B,1492,50717762,encoded,,5654,False
A,1495,50733701,encoded,,7629,False
B,1493,50751092,encoded,,5748,False
A,1496,50767036,encoded,,7637,False
B,1494,50784429,encoded,,13931,False
A,1497,50800373,encoded,,16666,False
B,1495,50817761,encoded,,41381,False
B,1496,50851097,encoded,,8283,False
A,1498,50833708,encoded,,38136,False
A,1499,50867040,encoded,,5225,False
B,1497,50884427,encoded,,2061,False
A,1500,50900379,encoded,,6639,False
B,1498,50917760,encoded,,14942,False
A,1501,50933706,encoded,,125165,True
B,1499,50951104,encoded,,16667,False
A,1502,50967041,encoded,,17883,False
B,1500,50984427,encoded,,16666,False
A,1503,51000383,encoded,,6782,False
B,1501,51017765,encoded,,123016,True
A,1504,51033715,encoded,,23635,False
B,1502,51051097,encoded,,13238,False
A,1505,51067046,encoded,,18079,False
B,1503,51084443,encoded,,19881,False
A,1506,51100377,encoded,,24765,False
B,1504,51117780,encoded,,14508,False
A,1507,51133739,encoded,,20768,False
B,1505,51151108,encoded,,16469,False
A,1508,51167049,encoded,,11469,False
A,1509,51200400,encoded,,9461,False
B,1506,51184435,encoded,,24892,False
B,1507,51217767,encoded,,24308,False
A,1510,51233753,encoded,,8276,False
B,1508,51251106,encoded,,19700,False
A,1511,51267066,encoded,,20848,False
B,1509,51284438,encoded,,15174,False
A,1512,51300393,encoded,,21293,False
B,1510,51317779,encoded,,13875,False
A,1513,51333724,encoded,,13721,False
B,1511,51351114,encoded,,14183,False
A,1514,51367056,encoded,,12009,False
B,1512,51384438,encoded,,9432,False
A,1515,51400389,encoded,,10770,False
B,1513,51417777,encoded,,8793,False
A,1516,51433722,encoded,,10946,False
B,1514,51451120,encoded,,7740,False
A,1517,51467059,encoded,,10522,False
B,1515,51484444,encoded,,7557,False
A,1518,51500402,encoded,,9738,False
B,1516,51517787,encoded,,14877,False
A,1519,51533735,encoded,,8795,False
B,1517,51551121,encoded,,10252,False
A,1520,51567064,encoded,,8376,False
B,1518,51584455,encoded,,9393,False
A,1521,51600410,encoded,,8113,False
B,1519,51617796,encoded,,9038,False
A,1522,51633747,encoded,,8459,False
B,1520,51651126,encoded,,13355,False
A,1523,51667074,encoded,,12320,False
B,1521,51684459,encoded,,17340,False
A,1524,51700400,encoded,,9050,False
B,1522,51717794,encoded,,13731,False
A,1525,51733736,encoded,,9013,False
B,1523,51751125,encoded,,9733,False
A,1526,51767072,encoded,,8250,False
B,1524,51784453,encoded,,9650,False
A,1527,51800414,encoded,,7447,False
B,1525,51817800,encoded,,7038,False
A,1528,51833730,encoded,,10714,False
B,1526,51884450,encoded,,14145,False
A,1529,51867071,encoded,,16667,False
B,1527,51917838,encoded,,10507,False
A,1530,51933736,encoded,,30009,False
B,1528,51951124,encoded,,10219,False
A,1531,51967073,encoded,,116088,True
B,1529,51984452,encoded,,9548,False
A,1532,52000403,encoded,,10644,False
B,1530,52017785,encoded,,9565,False
A,1533,52033737,encoded,,19653,False
B,1531,52051126,encoded,,122622,True
A,1534,52067067,encoded,,27222,False
B,1532,52084468,encoded,,15741,False
A,1535,52100414,encoded,,21931,False
B,1533,52117794,encoded,,12422,False
A,1536,52133734,encoded,,25165,False
B,1534,52151134,encoded,,15723,False
A,1537,52167081,encoded,,6378,False
B,1535,52184457,encoded,,17782,False
A,1538,52200421,encoded,,19896,False
B,1536,52217792,encoded,,12357,False
A,1539,52233739,encoded,,11562,False
B,1537,52251140,encoded,,23590,False
A,1540,52267074,encoded,,9413,False
B,1538,52284463,encoded,,13516,False
A,1541,52300411,encoded,,8479,False
B,1539,52317797,encoded,,13235,False
A,1542,52333741,encoded,,7573,False
B,1540,52351127,encoded,,18470,False
A,1543,52367073,encoded,,6806,False
B,1541,52384467,encoded,,15973,False
A,1544,52400413,encoded,,18014,False
B,1542,52417803,encoded,,17539,False
A,1545,52433744,encoded,,19505,False
B,1543,52451141,encoded,,20956,False
A,1546,52467084,encoded,,2588,False
B,1544,52484470,encoded,,11825,False
A,1547,52500421,encoded,,15766,False
B,1545,52517799,encoded,,10300,False
A,1548,52533758,encoded,,11182,False
B,1546,52551139,encoded,,9371,False
A,1549,52567106,encoded,,10078,False
B,1547,52584471,encoded,,7567,False
A,1550,52600432,encoded,,9981,False
B,1548,52617812,encoded,,7919,False
A,1551,52633760,encoded,,8892,False
B,1549,52651136,encoded,,7151,False
A,1552,52667089,encoded,,8624,False
B,1550,52684470,encoded,,7131,False
A,1553,52700421,encoded,,8064,False
B,1551,52717804,encoded,,6782,False
A,1554,52733751,encoded,,8034,False
B,1552,52751144,encoded,,13647,False
A,1555,52767090,encoded,,8351,False
B,1553,52784479,encoded,,10519,False
A,1556,52800425,encoded,,8250,False
B,1554,52817824,encoded,,9289,False
A,1557,52833766,encoded,,8518,False
B,1555,52851152,encoded,,8218,False
A,1558,52867089,encoded,,16667,False
B,1556,52884472,encoded,,7548,False
A,1559,52900428,encoded,,33244,False
B,1557,52917812,encoded,,11650,False
A,1560,52933762,encoded,,4823,False
B,1558,52951155,encoded,,16667,False
A,1561,52967099,encoded,,125095,True
B,1559,52984483,encoded,,16667,False
A,1562,53000428,encoded,,18159,False
B,1560,53017829,encoded,,16666,False
A,1563,53033764,encoded,,6667,False
B,1561,53051145,encoded,,122575,True
A,1564,53067097,encoded,,23818,False
B,1562,53084497,encoded,,13026,False
A,1565,53100434,encoded,,17220,False
B,1563,53117824,encoded,,13883,False
A,1566,53133767,encoded,,23877,False
B,1564,53151154,encoded,,18002,False
A,1567,53167106,encoded,,21025,False
B,1565,53184489,encoded,,16317,False
A,1568,53200434,encoded,,11527,False
B,1566,53217833,encoded,,23798,False
A,1569,53233778,encoded,,9633,False
B,1567,53251149,encoded,,11248,False
A,1570,53267096,encoded,,8820,False
B,1568,53284491,encoded,,9961,False
A,1571,53300435,encoded,,7983,False
B,1569,53317836,encoded,,10491,False
A,1572,53333763,encoded,,6947,False
B,1570,53351162,encoded,,9599,False
A,1573,53367103,encoded,,21528,False
B,1571,53384489,encoded,,12236,False
A,1574,53400440,encoded,,18020,False
B,1572,53417832,encoded,,18725,False
A,1575,53433774,encoded,,12457,False
B,1573,53451161,encoded,,16830,False
A,1576,53467103,encoded,,11168,False
B,1574,53484502,encoded,,8831,False
A,1577,53500449,encoded,,10320,False
B,1575,53517827,encoded,,7266,False
A,1578,53533787,encoded,,9955,False
B,1576,53551156,encoded,,6647,False
A,1579,53567110,encoded,,8836,False
B,1577,53584506,encoded,,14100,False
A,1580,53600439,encoded,,8861,False
B,1578,53617828,encoded,,9409,False
A,1581,53633780,encoded,,8214,False
B,1579,53651161,encoded,,8328,False
A,1582,53667103,encoded,,8387,False
B,1580,53684494,encoded,,7343,False
A,1583,53700444,encoded,,8451,False
B,1581,53717832,encoded,,6934,False
A,1584,53733773,encoded,,8010,False
B,1582,53751167,encoded,,6498,False
A,1585,53767110,encoded,,7536,False
B,1583,53784497,encoded,,11287,False
A,1586,53800441,encoded,,7470,False
B,1584,53817836,encoded,,16666,False
A,1587,53833779,encoded,,15282,False
B,1585,53851169,encoded,,16667,False
A,1588,53867117,encoded,,19591,False
B,1586,53884502,encoded,,16667,False
A,1589,53900456,encoded,,13743,False
B,1587,53917840,encoded,,16666,False
A,1590,53933792,encoded,,16666,False
B,1588,53951166,encoded,,16667,False
A,1591,53967113,encoded,,125205,True
B,1589,53984502,encoded,,16667,False
A,1592,54000446,encoded,,7686,False
B,1590,54017836,encoded,,16666,False
A,1593,54033785,encoded,,15681,False
B,1591,54051168,encoded,,122580,True
A,1594,54067113,encoded,,24547,False
B,1592,54084506,encoded,,20580,False
A,1595,54100453,encoded,,17250,False
B,1593,54117836,encoded,,8325,False
A,1596,54133782,encoded,,24112,False
B,1594,54151173,encoded,,12315,False
A,1597,54167120,encoded,,19719,False
B,1595,54184515,encoded,,14523,False
A,1598,54200475,encoded,,11234,False
B,1596,54217844,encoded,,16302,False
A,1599,54233796,encoded,,9261,False
B,1597,54251178,encoded,,16766,False
A,1600,54267146,encoded,,8206,False
B,1598,54284513,encoded,,21679,False
A,1601,54300472,encoded,,7422,False
B,1599,54317848,encoded,,15289,False
A,1602,54333793,encoded,,20199,False
B,1600,54351175,encoded,,15541,False
A,1603,54367122,encoded,,20397,False
B,1601,54384510,encoded,,13150,False
A,1604,54400463,encoded,,3213,False
B,1602,54417849,encoded,,15696,False
A,1605,54433802,encoded,,16269,False
B,1603,54451176,encoded,,8218,False
A,1606,54467140,encoded,,11593,False
B,1604,54484514,encoded,,7357,False
A,1607,54500473,encoded,,9975,False
B,1605,54517859,encoded,,15941,False
A,1608,54533804,encoded,,9258,False
B,1606,54551181,encoded,,10453,False
A,1609,54567133,encoded,,8969,False
B,1607,54584532,encoded,,8833,False
A,1610,54600473,encoded,,8525,False
B,1608,54617864,encoded,,8129,False
A,1611,54633792,encoded,,9106,False
B,1609,54651192,encoded,,7519,False
A,1612,54667192,encoded,,8463,False
B,1610,54684533,encoded,,6754,False
A,1613,54700489,encoded,,7681,False
B,1611,54717859,encoded,,6280,False
A,1614,54733816,encoded,,7615,False
B,1612,54751205,encoded,,6021,False
A,1615,54767130,encoded,,7778,False
B,1613,54784533,encoded,,5626,False
A,1616,54800480,encoded,,13970,False
B,1614,54817869,encoded,,16123,False
A,1617,54833817,encoded,,16666,False
B,1615,54851197,encoded,,31849,False
A,1618,54867148,encoded,,16667,False
B,1616,54884537,encoded,,3337,False
A,1619,54900498,encoded,,16667,False
B,1617,54917857,encoded,,14814,False
A,1620,54933818,encoded,,16666,False
B,1618,54951206,encoded,,16667,False
A,1621,54967139,encoded,,125246,True
B,1619,54984538,encoded,,16667,False
A,1622,55000468,encoded,,21943,False
B,1620,55017865,encoded,,16666,False
A,1623,55033803,encoded,,10316,False
B,1621,55051192,encoded,,137243,True
A,1624,55067140,encoded,,17181,False
B,1622,55084535,encoded,,14180,False
A,1625,55100478,encoded,,16991,False
B,1623,55117871,encoded,,13947,False
A,1626,55133834,encoded,,22043,False
B,1624,55151224,encoded,,13342,False
A,1627,55167153,encoded,,19749,False
B,1625,55184546,encoded,,20863,False
A,1628,55200477,encoded,,11137,False
B,1626,55217886,encoded,,18480,False
A,1629,55267142,encoded,,9812,False
B,1627,55251215,encoded,,15668,False
A,1630,55300482,encoded,,8125,False
B,1628,55284538,encoded,,11178,False
A,1631,55333810,encoded,,22559,False
B,1629,55351202,encoded,,11593,False
A,1632,55367145,encoded,,4380,False
B,1630,55384535,encoded,,11543,False
A,1633,55400480,encoded,,21555,False
B,1631,55417878,encoded,,10117,False
A,1634,55433815,encoded,,13978,False
B,1632,55451203,encoded,,16846,False
A,1635,55467147,encoded,,11434,False
B,1633,55484539,encoded,,8832,False
A,1636,55500481,encoded,,10575,False
B,1634,55517871,encoded,,17148,False
A,1637,55533828,encoded,,9554,False
B,1635,55551205,encoded,,10318,False
A,1638,55567150,encoded,,9620,False
B,1636,55584541,encoded,,8951,False
A,1639,55600484,encoded,,8818,False
B,1637,55617875,encoded,,7887,False
A,1640,55633816,encoded,,9107,False
B,1638,55651208,encoded,,7296,False
A,1641,55667153,encoded,,8376,False
B,1639,55684546,encoded,,7002,False
A,1642,55700498,encoded,,8056,False
B,1640,55717877,encoded,,6277,False
A,1643,55733833,encoded,,7599,False
B,1641,55751215,encoded,,6531,False
A,1644,55767174,encoded,,7673,False
B,1642,55784552,encoded,,6510,False
A,1645,55800488,encoded,,7239,False
B,1643,55817891,encoded,,6048,False
A,1646,55833824,encoded,,10268,False
B,1644,55851218,encoded,,12200,False
A,1647,55867162,encoded,,16666,False
B,1645,55884553,encoded,,23873,False
A,1648,55900493,encoded,,29298,False
B,1646,55917894,encoded,,29291,False
A,1649,55933837,encoded,,4362,False
B,1647,55951218,encoded,,2475,False
A,1650,55967165,encoded,,16340,False
B,1648,55984575,encoded,,11028,False
A,1651,56000514,encoded,,125241,True
B,1649,56017900,encoded,,16667,False
A,1652,56033828,encoded,,19995,False
B,1650,56051216,encoded,,16666,False
A,1653,56067171,encoded,,10364,False
B,1651,56084582,encoded,,122596,True
A,1654,56100507,encoded,,17120,False
B,1652,56117902,encoded,,9307,False
A,1655,56133829,encoded,,18009,False
B,1653,56151222,encoded,,18349,False
A,1656,56167181,encoded,,22836,False
B,1654,56184577,encoded,,18776,False
A,1657,56200516,encoded,,20136,False
B,1655,56217934,encoded,,16377,False
A,1658,56233861,encoded,,11120,False
B,1656,56251242,encoded,,23892,False
A,1659,56267191,encoded,,9416,False
B,1657,56284557,encoded,,11503,False
A,1660,56300499,encoded,,8300,False
B,1658,56317905,encoded,,10711,False
A,1661,56333847,encoded,,20079,False
B,1659,56351250,encoded,,14561,False
A,1662,56367178,encoded,,21368,False
B,1660,56384574,encoded,,11589,False
A,1663,56400520,encoded,,13591,False
B,1661,56417915,encoded,,14786,False
A,1664,56433851,encoded,,11494,False
B,1662,56451232,encoded,,19843,False
A,1665,56467178,encoded,,10314,False
B,1663,56484569,encoded,,23176,False
A,1666,56500525,encoded,,10172,False
B,1664,56517893,encoded,,6205,False
A,1667,56533857,encoded,,9365,False
B,1665,56551245,encoded,,6346,False
A,1668,56567177,encoded,,9070,False
B,1666,56584594,encoded,,7238,False
A,1669,56600508,encoded,,9302,False
B,1667,56617897,encoded,,13637,False
A,1670,56633840,encoded,,8558,False
B,1668,56651238,encoded,,9791,False
A,1671,56667186,encoded,,8948,False
A,1672,56700514,encoded,,8309,False
B,1669,56684572,encoded,,8402,False
B,1670,56717902,encoded,,7894,False
A,1673,56733862,encoded,,7587,False
B,1671,56751235,encoded,,7588,False
A,1674,56767186,encoded,,7247,False
B,1672,56784568,encoded,,7234,False
A,1675,56800518,encoded,,7242,False
B,1673,56817901,encoded,,6381,False
A,1676,56833845,encoded,,8151,False
B,1674,56851236,encoded,,6418,False
A,1677,56867191,encoded,,16666,False
B,1675,56884578,encoded,,14067,False
A,1678,56900518,encoded,,28967,False
B,1676,56917913,encoded,,24407,False
A,1679,56933850,encoded,,4385,False
B,1677,56951250,encoded,,8926,False
A,1680,56967182,encoded,,16648,False
B,1678,56984573,encoded,,16667,False
A,1681,57000523,encoded,,125311,True
B,1679,57017913,encoded,,16667,False
A,1682,57033855,encoded,,12666,False
B,1680,57051247,encoded,,16666,False
A,1683,57067191,encoded,,13487,False
B,1681,57084584,encoded,,122525,True
A,1684,57100528,encoded,,22883,False
B,1682,57117914,encoded,,19369,False
A,1685,57133858,encoded,,17763,False
B,1683,57151260,encoded,,8845,False
A,1686,57167188,encoded,,24010,False
B,1684,57184598,encoded,,12393,False
A,1687,57200526,encoded,,19418,False
A,1688,57233855,encoded,,10856,False
B,1685,57217912,encoded,,14761,False
B,1686,57251255,encoded,,23687,False
A,1689,57267195,encoded,,9212,False
B,1687,57284592,encoded,,15241,False
A,1690,57300525,encoded,,8057,False
B,1688,57317934,encoded,,18488,False
A,1691,57333877,encoded,,21840,False
B,1689,57351250,encoded,,18147,False
A,1692,57367195,encoded,,19855,False
B,1690,57384589,encoded,,14898,False
A,1693,57400529,encoded,,13283,False
B,1691,57417925,encoded,,20441,False
A,1694,57433873,encoded,,11480,False
B,1692,57451254,encoded,,9551,False
A,1695,57467202,encoded,,10557,False
B,1693,57484597,encoded,,8389,False
A,1696,57500545,encoded,,9940,False
B,1694,57517922,encoded,,6979,False
A,1697,57533892,encoded,,9872,False
B,1695,57551260,encoded,,15085,False
A,1698,57567205,encoded,,8707,False
B,1696,57584596,encoded,,10046,False
A,1699,57600555,encoded,,9328,False
B,1697,57617944,encoded,,9623,False
A,1700,57633877,encoded,,9228,False
B,1698,57651269,encoded,,7521,False
A,1701,57667224,encoded,,8438,False
B,1699,57684603,encoded,,7576,False
A,1702,57700551,encoded,,7868,False
B,1700,57717950,encoded,,6790,False
A,1703,57733893,encoded,,7541,False
B,1701,57751262,encoded,,6373,False
A,1704,57767205,encoded,,7355,False
B,1702,57784623,encoded,,6468,False
A,1705,57800563,encoded,,7309,False
B,1703,57817950,encoded,,5913,False
A,1706,57833870,encoded,,7806,False
B,1704,57851266,encoded,,10891,False
A,1707,57900550,encoded,,15930,False
B,1705,57884617,encoded,,16667,False
A,1708,57933899,encoded,,25453,False
B,1706,57917939,encoded,,39198,False
A,1709,57967205,encoded,,7881,False
B,1707,57951275,encoded,,2671,False
A,1710,58000551,encoded,,16666,False
B,1708,57984605,encoded,,8131,False
A,1711,58033885,encoded,,125392,True
B,1709,58051281,encoded,,16667,False
A,1712,58067212,encoded,,21037,False
B,1710,58084601,encoded,,16666,False
A,1713,58100546,encoded,,10390,False
B,1711,58117934,encoded,,122600,True
A,1714,58133879,encoded,,18810,False
B,1712,58151284,encoded,,16948,False
A,1715,58167216,encoded,,17235,False
B,1713,58184609,encoded,,12574,False
A,1716,58200548,encoded,,23561,False
B,1714,58217944,encoded,,15616,False
A,1717,58233927,encoded,,18754,False
B,1715,58251280,encoded,,15404,False
A,1718,58267221,encoded,,11172,False
B,1716,58284623,encoded,,23300,False
A,1719,58300546,encoded,,9204,False
B,1717,58317940,encoded,,11877,False
A,1720,58333880,encoded,,7993,False
B,1718,58351283,encoded,,11001,False
A,1721,58367224,encoded,,19977,False
B,1719,58384615,encoded,,14459,False
A,1722,58400554,encoded,,20975,False
B,1720,58417942,encoded,,15139,False
A,1723,58433884,encoded,,13386,False
B,1721,58451277,encoded,,15418,False
A,1724,58467226,encoded,,11946,False
B,1722,58484616,encoded,,23834,False
A,1725,58500559,encoded,,10507,False
B,1723,58517945,encoded,,6459,False
A,1726,58533889,encoded,,9634,False
B,1724,58551285,encoded,,14140,False
A,1727,58567224,encoded,,8991,False
B,1725,58584622,encoded,,9521,False
A,1728,58600557,encoded,,8733,False
B,1726,58617953,encoded,,8827,False
A,1729,58633896,encoded,,8519,False
B,1727,58651281,encoded,,7592,False
A,1730,58667222,encoded,,8376,False
B,1728,58684621,encoded,,7020,False
A,1731,58700556,encoded,,7752,False
B,1729,58717950,encoded,,6414,False
A,1732,58733897,encoded,,8169,False
B,1730,58751284,encoded,,6138,False
A,1733,58767232,encoded,,7594,False
B,1731,58784616,encoded,,5883,False
A,1734,58800567,encoded,,7688,False
B,1732,58817955,encoded,,5373,False
A,1735,58833915,encoded,,7720,False
B,1733,58851292,encoded,,7797,False
A,1736,58867236,encoded,,9819,False
B,1734,58884624,encoded,,16666,False
A,1737,58900585,encoded,,16666,False
B,1735,58917953,encoded,,31501,False
A,1738,58933893,encoded,,36905,False
B,1736,58951289,encoded,,4003,False
A,1739,58967231,encoded,,3836,False
B,1737,58984622,encoded,,14496,False
A,1740,59000563,encoded,,9259,False
B,1738,59017980,encoded,,16667,False
A,1741,59033900,encoded,,125443,True
B,1739,59051299,encoded,,16667,False
A,1742,59067240,encoded,,18051,False
B,1740,59084632,encoded,,16666,False
A,1743,59100572,encoded,,6490,False
B,1741,59117978,encoded,,122560,True
A,1744,59133924,encoded,,23386,False
B,1742,59151321,encoded,,15931,False
B,1743,59184631,encoded,,16505,False
A,1745,59167243,encoded,,19498,False
A,1746,59200589,encoded,,18398,False
B,1744,59217975,encoded,,15466,False
A,1747,59233940,encoded,,15394,False
B,1745,59251297,encoded,,22818,False
A,1748,59267260,encoded,,18055,False
B,1746,59284632,encoded,,25187,False
A,1749,59300577,encoded,,10390,False
B,1747,59317971,encoded,,21115,False
A,1750,59333917,encoded,,8830,False
B,1748,59351303,encoded,,16641,False
A,1751,59367257,encoded,,20339,False
B,1749,59384657,encoded,,14350,False
A,1752,59400583,encoded,,22612,False
B,1750,59417990,encoded,,11184,False
A,1753,59433907,encoded,,2779,False
B,1751,59451300,encoded,,10076,False
A,1754,59467245,encoded,,16630,False
B,1752,59484650,encoded,,12561,False
A,1755,59500576,encoded,,11894,False
B,1753,59517972,encoded,,7819,False
A,1756,59533915,encoded,,10837,False
B,1754,59551325,encoded,,16070,False
A,1757,59567247,encoded,,9832,False
B,1755,59584641,encoded,,9994,False
A,1758,59600577,encoded,,8916,False
B,1756,59617969,encoded,,8997,False
A,1759,59633913,encoded,,8811,False
B,1757,59651315,encoded,,7363,False
A,1760,59667246,encoded,,8726,False
B,1758,59684646,encoded,,6768,False
A,1761,59700591,encoded,,8225,False
B,1759,59717973,encoded,,6434,False
A,1762,59733920,encoded,,8126,False
B,1760,59751309,encoded,,6104,False
A,1763,59767248,encoded,,7649,False
B,1761,59784647,encoded,,6033,False
A,1764,59800584,encoded,,8002,False
B,1762,59817976,encoded,,6038,False
A,1765,59833918,encoded,,7210,False
B,1763,59851315,encoded,,6074,False
A,1766,59867258,encoded,,8811,False
B,1764,59884644,encoded,,7912,False
A,1767,59900590,encoded,,16666,False
B,1765,59917983,encoded,,16667,False
B,1766,59951316,encoded,,33943,False
A,1768,59933919,encoded,,38644,False
A,1769,59967252,encoded,,4290,False
B,1767,59984650,encoded,,3761,False
A,1770,60000605,encoded,,7066,False
B,1768,60017982,encoded,,12296,False
A,1771,60033925,encoded,,125263,True
B,1769,60051315,encoded,,16667,False
A,1772,60067256,encoded,,17691,False
B,1770,60084651,encoded,,16666,False
A,1773,60100597,encoded,,7206,False
B,1771,60117985,encoded,,122443,True
A,1774,60133926,encoded,,23203,False
B,1772,60151317,encoded,,16127,False
A,1775,60167260,encoded,,18025,False
B,1773,60184656,encoded,,17408,False
A,1776,60200595,encoded,,24326,False
B,1774,60217991,encoded,,15306,False
A,1777,60233929,encoded,,21064,False
B,1775,60251321,encoded,,23443,False
B,1776,60284663,encoded,,25868,False
A,1778,60267273,encoded,,11354,False
B,1777,60318001,encoded,,18760,False
A,1779,60300599,encoded,,9078,False
A,1780,60333929,encoded,,8330,False
B,1778,60351333,encoded,,18706,False
A,1781,60367277,encoded,,20410,False
B,1779,60384674,encoded,,14663,False
A,1782,60400602,encoded,,21467,False
B,1780,60417997,encoded,,14939,False
A,1783,60433934,encoded,,13597,False
B,1781,60451332,encoded,,12846,False
